timestamp,action,pb,pg,gt,soe_now,soe_new,solver_ok,solver_status,solver_error,import_price,export_price,c_bat_deg
2020-07-20 00:00:00+00:00,0.1764280084877916,0.1764280084877916,1.0251438878339236e-07,0.1764281110021804,4.0,3.954992854977604,True,ok,,0.2,0.07,0.084
2020-07-20 00:15:00+00:00,0.1963472306731292,0.1963472306731292,1.0251439866437728e-07,0.19634733318752787,3.954992854977604,3.9049042757242547,True,ok,,0.2,0.07,0.084
2020-07-20 00:30:00+00:00,0.17149200922148938,0.17149200922148938,1.0251438459230044e-07,0.17149211173587398,3.9049042757242547,3.8611563141881606,True,ok,,0.2,0.07,0.084
2020-07-20 00:45:00+00:00,0.20165407449194223,0.20165407449194223,3.719010202574147e-08,0.20165411168204425,3.8611563141881606,3.8097139482463387,True,ok,,0.2,0.07,0.084
2020-07-20 01:00:00+00:00,0.15974234290144557,0.15974234290144557,1.0251447496445465e-07,0.15974244541592053,3.8097139482463387,3.7689633505673985,True,ok,,0.2,0.07,0.084
2020-07-20 01:15:00+00:00,0.296333564255136,0.296333564255136,1.0251452697840335e-07,0.296333666769663,3.7689633505673985,3.693368053563537,True,ok,,0.2,0.07,0.084
2020-07-20 01:30:00+00:00,0.15450367518023322,0.15450367518023322,1.0251446966313971e-07,0.1545037776947029,3.693368053563537,3.653953850711437,True,ok,,0.2,0.07,0.084
2020-07-20 01:45:00+00:00,0.19400134261998872,0.19400134261998872,1.0251449270026747e-07,0.19400144513448142,3.653953850711437,3.6044637122879704,True,ok,,0.2,0.07,0.084
2020-07-20 02:00:00+00:00,0.23766323082683505,0.23766323082683505,1.0251497531421627e-07,0.23766333334181036,3.6044637122879704,3.5438353370770432,True,ok,,0.2,0.07,0.084
2020-07-20 02:15:00+00:00,0.28488867509070526,0.28488867509070526,1.0251498755442512e-07,0.2848887776056928,3.5438353370770432,3.471159654655945,True,ok,,0.2,0.07,0.084
2020-07-20 02:30:00+00:00,0.2617426758922223,0.2617426758922223,1.0251498078206467e-07,0.26174277840720306,3.471159654655945,3.404388563867113,True,ok,,0.2,0.07,0.084
2020-07-20 02:45:00+00:00,0.28138645222422515,0.28138645222422515,1.0251498516744562e-07,0.2813865547392103,3.404388563867113,3.3326063056466473,True,ok,,0.2,0.07,0.084
2020-07-20 03:00:00+00:00,0.24214369615822506,0.24214369615822506,8.186920338881798e-08,0.24214377802742845,3.3326063056466473,3.2708349545858755,True,ok,,0.2,0.07,0.084
2020-07-20 03:15:00+00:00,0.2879375866344473,0.2879375866344473,8.186920807951026e-08,0.2879376685036554,3.2708349545858755,3.1973814886077,True,ok,,0.2,0.07,0.084
2020-07-20 03:30:00+00:00,0.24760714046534105,0.24760714046534105,8.186920327779568e-08,0.24760722233454432,3.1973814886077,3.134216401754297,True,ok,,0.2,0.07,0.084
2020-07-20 03:45:00+00:00,0.23065939132372693,0.23065939132372693,2.256680250445342e-07,0.23065961699175197,3.134216401754297,3.0753747202941626,True,ok,,0.2,0.07,0.084
2020-07-20 04:00:00+00:00,0.17807837284848746,0.17807837284848746,-5.14641276816441e-09,0.1780783677020747,3.0753747202941626,3.0299465639552627,True,ok,,0.3,0.1,0.084
2020-07-20 04:15:00+00:00,0.03467583705701202,0.03467583705701202,-5.146443687875646e-09,0.03467583191056833,3.0299465639552627,3.0211006871550046,True,ok,,0.3,0.1,0.084
2020-07-20 04:30:00+00:00,0.13735115499555797,0.13735115499555797,-5.146415210655064e-09,0.13735114984914276,3.0211006871550046,2.986062127207158,True,ok,,0.3,0.1,0.084
2020-07-20 04:45:00+00:00,-0.018237635279082964,-0.018237635279082964,-0.03991714187689882,-0.05815477715598179,2.986062127207158,2.9905303478505334,True,ok,,0.3,0.1,0.084
2020-07-20 05:00:00+00:00,-0.022877491016235207,-0.022877491016235207,-0.06328627182285206,-0.08616376283908726,2.9905303478505334,2.996135333149511,True,ok,,0.3,0.1,0.084
2020-07-20 05:15:00+00:00,-0.030553796571395144,-0.030553796571395144,-0.2118424286281765,-0.24239622519957166,2.996135333149511,3.0036210133095027,True,ok,,0.3,0.1,0.084
2020-07-20 05:30:00+00:00,0.07724472469338506,0.07724472469338506,-5.146420511970007e-09,0.07724471954696455,3.0036210133095027,2.983915726397925,True,ok,,0.3,0.1,0.084
2020-07-20 05:45:00+00:00,-0.003278358520070381,-0.003278358520070381,-0.003609990308898971,-0.006888348828969352,2.983915726397925,2.9847189242353425,True,ok,,0.3,0.1,0.084
2020-07-20 06:00:00+00:00,1.5838045771546176,1.5838045771546176,-5.14640308146852e-09,1.5838045720082146,2.9847189242353425,2.5806871443489605,True,ok,,0.3,0.1,0.084
2020-07-20 06:15:00+00:00,0.4930687985670855,0.4930687985670855,-5.146405690492628e-09,0.49306879342067983,2.5806871443489605,2.454904287571643,True,ok,,0.3,0.1,0.084
2020-07-20 06:30:00+00:00,-0.03135644038784829,-0.03135644038784829,-0.28123496388720853,-0.31259140427505683,2.454904287571643,2.4625866154666656,True,ok,,0.3,0.1,0.084
2020-07-20 06:45:00+00:00,0.3072365317299367,0.3072365317299367,-5.146407522360619e-09,0.3072365265835292,2.4625866154666656,2.3842099492090285,True,ok,,0.3,0.1,0.084
2020-07-20 07:00:00+00:00,0.24687253163202738,0.24687253163202738,-5.14640871585037e-09,0.24687252648561867,2.3842099492090285,2.321232262568205,True,ok,,0.3,0.1,0.084
2020-07-20 07:15:00+00:00,-0.030355115881407674,-0.030355115881407674,-0.21237690090124184,-0.24273201678264952,2.321232262568205,2.32866926595915,True,ok,,0.3,0.1,0.084
2020-07-20 07:30:00+00:00,-0.03158431094612331,-0.03158431094612331,-0.3339764564669746,-0.3655607674130979,2.32866926595915,2.33640742214095,True,ok,,0.3,0.1,0.084
2020-07-20 07:45:00+00:00,-0.03219747310047932,-0.03219747310047932,-0.370578438716304,-0.40277591181678335,2.33640742214095,2.3442958030505676,True,ok,,0.3,0.1,0.084
2020-07-20 08:00:00+00:00,-0.032508488737063565,-0.032508488737063565,-0.5137009872369502,-0.5462094759740138,2.3442958030505676,2.3522603827911484,True,ok,,0.3,0.1,0.084
2020-07-20 08:15:00+00:00,0.3717429887240322,0.3717429887240322,-5.146407522360619e-09,0.3717429835776247,2.3522603827911484,2.2574279877084873,True,ok,,0.3,0.1,0.084
2020-07-20 08:30:00+00:00,0.15047920416419755,0.15047920416419755,-5.1464132400091955e-09,0.1504791990177843,2.2574279877084873,2.219040435625784,True,ok,,0.3,0.1,0.084
2020-07-20 08:45:00+00:00,0.3746973660083922,0.3746973660083922,-5.146407688894072e-09,0.3746973608619845,2.219040435625784,2.123454372868541,True,ok,,0.3,0.1,0.084
2020-07-20 09:00:00+00:00,-0.032890504806050436,-0.032890504806050436,-0.7784493951515405,-0.8113398999575909,2.123454372868541,2.1315125465460234,True,ok,,0.3,0.1,0.084
2020-07-20 09:15:00+00:00,-0.031167897975992672,-0.031167897975992672,-0.3579641731971518,-0.38913207117314447,2.1315125465460234,2.1391486815501417,True,ok,,0.3,0.1,0.084
2020-07-20 09:30:00+00:00,-0.033341810635061336,-0.033341810635061336,-1.3642146757015112,-1.3975564863365726,2.1391486815501417,2.1473174251557317,True,ok,,0.3,0.1,0.084
2020-07-20 09:45:00+00:00,-0.03338315501263664,-0.03338315501263664,-1.6383658208277454,-1.671748975840382,2.1473174251557317,2.1554962981338277,True,ok,,0.3,0.1,0.084
2020-07-20 10:00:00+00:00,-0.03330459895086941,-0.03330459895086941,-1.695735805714555,-1.7290404046654244,2.1554962981338277,2.1636559248767906,True,ok,,0.3,0.1,0.084
2020-07-20 10:15:00+00:00,-0.03300157136781641,-0.03300157136781641,-1.3101943443732087,-1.3431959157410251,2.1636559248767906,2.171741309861906,True,ok,,0.3,0.1,0.084
2020-07-20 10:30:00+00:00,-0.03299830749396344,-0.03299830749396344,-1.4699377537633664,-1.50293606125733,2.171741309861906,2.179825895197927,True,ok,,0.3,0.1,0.084
2020-07-20 10:45:00+00:00,-0.03290243952900969,-0.03290243952900969,-1.4754506291987253,-1.508353068727735,2.179825895197927,2.187886992882534,True,ok,,0.3,0.1,0.084
2020-07-20 11:00:00+00:00,-0.03291151014521215,-0.03291151014521215,-1.7129707070804145,-1.7458822172256268,2.187886992882534,2.1959503128681113,True,ok,,0.3,0.1,0.084
2020-07-20 11:15:00+00:00,-0.03225870771922889,-0.03225870771922889,-0.9326829592017508,-0.9649416669209797,2.1959503128681113,2.2038536962593223,True,ok,,0.3,0.1,0.084
2020-07-20 11:30:00+00:00,-0.03251795610276126,-0.03251795610276126,-1.3137546606567168,-1.346272616759478,2.2038536962593223,2.211820595504499,True,ok,,0.3,0.1,0.084
2020-07-20 11:45:00+00:00,-0.03277150605886586,-0.03277150605886586,-2.2280984887177757,-2.2608699947766415,2.211820595504499,2.219849614488921,True,ok,,0.3,0.1,0.084
2020-07-20 12:00:00+00:00,-0.032299909027498686,-0.032299909027498686,-1.268149290152812,-1.3004491991803107,2.219849614488921,2.227763092200658,True,ok,,0.3,0.1,0.084
2020-07-20 12:15:00+00:00,-0.03269516322692652,-0.03269516322692652,-2.909247431347677,-2.9419425945746034,2.227763092200658,2.235773407191255,True,ok,,0.3,0.1,0.084
2020-07-20 12:30:00+00:00,-0.03278511948434962,-0.03278511948434962,-5.887575225173694,-5.920360344658044,2.235773407191255,2.2438057614649205,True,ok,,0.3,0.1,0.084
2020-07-20 12:45:00+00:00,-0.03263357823033322,-0.03263357823033322,-4.449845356689821,-4.482478934920154,2.2438057614649205,2.251800988131352,True,ok,,0.3,0.1,0.084
2020-07-20 13:00:00+00:00,-0.032532371101653544,-0.032532371101653544,-4.293890242148962,-4.326422613250616,2.251800988131352,2.259771419051257,True,ok,,0.3,0.1,0.084
2020-07-20 13:15:00+00:00,-0.03249959902620695,-0.03249959902620695,-5.679817554030439,-5.712317153056646,2.259771419051257,2.2677338208126776,True,ok,,0.3,0.1,0.084
2020-07-20 13:30:00+00:00,-0.032315588852698564,-0.032315588852698564,-3.7578591746302266,-3.7901747634829253,2.2677338208126776,2.275651140081589,True,ok,,0.3,0.1,0.084
2020-07-20 13:45:00+00:00,-0.031476322206230097,-0.031476322206230097,-1.0283870958752073,-1.0598634180814375,2.275651140081589,2.2833628390221152,True,ok,,0.3,0.1,0.084
2020-07-20 14:00:00+00:00,-0.032108090646753885,-0.032108090646753885,-3.395776412082758,-3.4278845027295115,2.2833628390221152,2.29122932123057,True,ok,,0.3,0.1,0.084
2020-07-20 14:15:00+00:00,-0.032070730616970355,-0.032070730616970355,-4.065638717499522,-4.097709448116492,2.29122932123057,2.299086650231728,True,ok,,0.3,0.1,0.084
2020-07-20 14:30:00+00:00,-0.032001946575563954,-0.032001946575563954,-4.383559474958365,-4.415561421533929,2.299086650231728,2.306927127142741,True,ok,,0.3,0.1,0.084
2020-07-20 14:45:00+00:00,-0.031853956047489,-0.031853956047489,-3.503200327033215,-3.535054283080704,2.306927127142741,2.314731346374376,True,ok,,0.3,0.1,0.084
2020-07-20 15:00:00+00:00,2.2308436223022803e-07,2.2308436223022803e-07,-3.2196203345286234,-3.2196201114442613,2.314731346374376,2.3147312894651,True,ok,,0.4,0.18,0.084
2020-07-20 15:15:00+00:00,2.231016303468431e-07,2.231016303468431e-07,-3.5097245104138715,-3.509724287312241,2.3147312894651,2.3147312325514187,True,ok,,0.4,0.18,0.084
2020-07-20 15:30:00+00:00,2.2312103250194456e-07,2.2312103250194456e-07,-3.1128058857833487,-3.1128056626623164,2.3147312325514187,2.314731175632788,True,ok,,0.4,0.18,0.084
2020-07-20 15:45:00+00:00,2.2314592954502379e-07,2.2314592954502379e-07,-2.766045196869389,-2.766044973723459,2.314731175632788,2.314731118707806,True,ok,,0.4,0.18,0.084
2020-07-20 16:00:00+00:00,2.0324023432245148e-07,2.0324023432245148e-07,-1.2315204212508415,-1.231520218010607,2.314731118707806,2.314731066860807,True,ok,,0.4,0.18,0.084
2020-07-20 16:15:00+00:00,2.0327110752797174e-07,2.0327110752797174e-07,-1.165051801634743,-1.1650515983636356,2.314731066860807,2.314731015005933,True,ok,,0.4,0.18,0.084
2020-07-20 16:30:00+00:00,2.0337652706285123e-07,2.0337652706285123e-07,-1.1890199770808663,-1.1890197737043393,2.314731015005933,2.3147309631241657,True,ok,,0.4,0.18,0.084
2020-07-20 16:45:00+00:00,2.0337346926402502e-07,2.0337346926402502e-07,-0.6535248009813707,-0.6535245976079014,2.3147309631241657,2.3147309112431786,True,ok,,0.4,0.18,0.084
2020-07-20 17:00:00+00:00,2.0260162624907133e-07,2.0260162624907133e-07,-0.740860781920919,-0.7408605793192927,2.3147309112431786,2.3147308595590905,True,ok,,0.4,0.18,0.084
2020-07-20 17:15:00+00:00,2.0256312941589384e-07,2.0256312941589384e-07,-0.303433347728482,-0.3034331451653526,2.3147308595590905,2.314730807884823,True,ok,,0.4,0.18,0.084
2020-07-20 17:30:00+00:00,2.024906419116768e-07,2.024906419116768e-07,-0.047474930886389446,-0.04747472839574753,2.314730807884823,2.314730756229047,True,ok,,0.4,0.18,0.084
2020-07-20 17:45:00+00:00,0.074521227613753,0.074521227613753,-2.2201358737539145e-07,0.07452100560016563,2.314730756229047,2.2957202389806404,True,ok,,0.4,0.18,0.084
2020-07-20 18:00:00+00:00,0.05439827262272887,0.05439827262272887,-2.130525332058597e-07,0.05439805957019567,2.2957202389806404,2.2818431286176994,True,ok,,0.4,0.18,0.084
2020-07-20 18:15:00+00:00,0.10853310233924471,0.10853310233924471,-2.1305786550296357e-07,0.1085328892813792,2.2818431286176994,2.254156112714831,True,ok,,0.4,0.18,0.084
2020-07-20 18:30:00+00:00,0.15922466097256463,0.15922466097256463,-2.130637608288577e-07,0.1592244479088038,2.254156112714831,2.213537576752442,True,ok,,0.4,0.18,0.084
2020-07-20 18:45:00+00:00,0.26986317999664045,0.26986317999664045,-2.13069656862519e-07,0.2698629669269836,2.213537576752442,2.1446949287941153,True,ok,,0.4,0.18,0.084
2020-07-20 19:00:00+00:00,0.22473450110625032,0.22473450110625032,2.619485799382204e-07,0.22473476305483026,2.1446949287941153,2.087364698920072,True,ok,,0.2,0.07,0.084
2020-07-20 19:15:00+00:00,0.2647022799676906,0.2647022799676906,2.6193938995611177e-07,0.26470254190708054,2.087364698920072,2.0198386070915797,True,ok,,0.2,0.07,0.084
2020-07-20 19:30:00+00:00,0.20433517570364823,0.20433517570364823,2.619303340889445e-07,0.20433543763398232,2.0198386070915797,1.9677122867590164,True,ok,,0.2,0.07,0.084
2020-07-20 19:45:00+00:00,0.2559808501461462,0.2559808501461462,2.6192075813780136e-07,0.2559811120669043,1.9677122867590164,1.9024110494768363,True,ok,,0.2,0.07,0.084
2020-07-20 20:00:00+00:00,0.2709534041607204,0.2709534041607204,2.619117013824557e-07,0.2709536660724218,1.9024110494768363,1.8332902831093056,True,ok,,0.2,0.07,0.084
2020-07-20 20:15:00+00:00,0.3076750706649061,0.3076750706649061,2.6190252028213123e-07,0.3076753325674264,1.8332902831093056,1.7548017446743807,True,ok,,0.2,0.07,0.084
2020-07-20 20:30:00+00:00,0.2950835159685287,0.2950835159685287,2.6189359603190354e-07,0.29508377786212475,1.7548017446743807,1.6795253375395518,True,ok,,0.2,0.07,0.084
2020-07-20 20:45:00+00:00,0.20968607147531917,0.20968607147531917,2.6188429264051294e-07,0.20968633335961182,1.6795253375395518,1.6260339927754397,True,ok,,0.2,0.07,0.084
2020-07-20 21:00:00+00:00,0.17522224729378064,0.17522224729378064,1.97505430399314e-07,0.17522244479921104,1.6260339927754397,1.5813344398943732,True,ok,,0.2,0.07,0.084
2020-07-20 21:15:00+00:00,0.1650593578040859,0.1650593578040859,1.975039387314137e-07,0.16505955530802463,1.5813344398943732,1.5392274608627186,True,ok,,0.2,0.07,0.084
2020-07-20 21:30:00+00:00,0.2861159569990024,0.2861159569990024,2.636765720209766e-07,0.2861162206755744,1.5392274608627186,1.4662386963221568,True,ok,,0.2,0.07,0.084
2020-07-20 21:45:00+00:00,0.25064984729920214,0.25064984729920214,2.6366610267336554e-07,0.2506501109653048,1.4662386963221568,1.4022974087458298,True,ok,,0.2,0.07,0.084
2020-07-20 22:00:00+00:00,0.2864942920195114,0.2864942920195114,2.636551474921589e-07,0.28649455567465887,1.4022974087458298,1.3292121301694237,True,ok,,0.2,0.07,0.084
2020-07-20 22:15:00+00:00,0.2622091801473196,0.2622091801473196,2.636443877102046e-07,0.2622094437917073,1.3292121301694237,1.2623220331930667,True,ok,,0.2,0.07,0.084
2020-07-20 22:30:00+00:00,0.28374818042596983,0.28374818042596983,2.636331907224232e-07,0.28374844405916055,1.2623220331930667,1.1899372932884826,True,ok,,0.2,0.07,0.084
2020-07-20 22:45:00+00:00,0.24471851404511205,0.24471851404511205,2.636220396146083e-07,0.24471877766715167,1.1899372932884826,1.1275091009300358,True,ok,,0.2,0.07,0.084
2020-07-20 23:00:00+00:00,0.28408506942971207,0.28408506942971207,2.636103141329116e-07,0.2840853330400262,1.1275091009300358,1.0550384199530685,True,ok,,0.2,0.07,0.084
2020-07-20 23:15:00+00:00,0.2565959581872434,0.2565959581872434,2.635988319843463e-07,0.2565962217860754,1.0550384199530685,0.9895802673542818,True,ok,,0.2,0.07,0.084
2020-07-20 23:30:00+00:00,0.24272840319559638,0.24272840319559638,2.6358678237303756e-07,0.24272866678237875,0.9895802673542818,0.9276597563349971,True,ok,,0.2,0.07,0.084
2020-07-20 23:45:00+00:00,0.29470107019208464,0.29470107019208464,2.635744284495978e-07,0.2947013337665131,0.9276597563349971,0.8524809118982408,True,ok,,0.2,0.07,0.084
2020-07-21 00:00:00+00:00,0.24076051450431496,0.24076051450431496,2.635625316049772e-07,0.24076077806684656,0.8524809118982408,0.7910624133002013,True,ok,,0.2,0.07,0.084
2020-07-21 00:15:00+00:00,0.2803296252285479,0.2803296252285479,2.63549714663025e-07,0.28032988877826254,0.7910624133002013,0.7195497538031228,True,ok,,0.2,0.07,0.084
2020-07-21 00:30:00+00:00,0.2553998466969665,0.2553998466969665,2.6353718790561587e-07,0.25540011023415443,0.7195497538031228,0.6543967316865498,True,ok,,0.2,0.07,0.084
2020-07-21 00:45:00+00:00,0.0,0.0,0.259738333331214,0.259738333331214,0.6543967316865498,0.6543967316865498,False,error1,fallback_decision,0.2,0.07,0.084
2020-07-21 01:00:00+00:00,0.25923632993214696,0.25923632993214696,2.2567596646982935e-07,0.25923655560811343,0.6543967316865498,0.5882650148671246,True,ok,,0.2,0.07,0.084
2020-07-21 01:15:00+00:00,0.25166121915761047,0.25166121915761047,2.25675932941094e-07,0.2516614448335434,0.5882650148671246,0.5240657242656933,True,ok,,0.2,0.07,0.084
2020-07-21 01:30:00+00:00,0.25939232974104187,0.25939232974104187,2.256759126795238e-07,0.25939255541695455,0.5240657242656933,0.457894211576652,True,ok,,0.2,0.07,0.084
2020-07-21 01:45:00+00:00,0.15350388523281053,0.15350388523281053,2.256756974350349e-07,0.15350411090850796,0.457894211576652,0.41873505718052684,True,ok,,0.2,0.07,0.084
2020-07-21 02:00:00+00:00,0.18954633028838036,0.18954633028838036,2.2567577151466622e-07,0.18954655596415187,0.41873505718052684,0.37038140149471555,True,ok,,0.2,0.07,0.084
2020-07-21 02:15:00+00:00,0.17883788496195624,0.17883788496195624,2.2567570884257648e-07,0.17883811063766508,0.37038140149471555,0.3247594920656451,True,ok,,0.2,0.07,0.084
2020-07-21 02:30:00+00:00,0.15400955185973098,0.15400955185973098,2.2567560140074328e-07,0.15400977753533238,0.3247594920656451,0.28547134108101985,True,ok,,0.2,0.07,0.084
2020-07-21 02:45:00+00:00,0.20835510806584345,0.20835510806584345,2.2567566276832096e-07,0.20835533374150622,0.28547134108101985,0.23231952779891693,True,ok,,0.2,0.07,0.084
2020-07-21 03:00:00+00:00,0.1980092195042372,0.1980092195042372,2.2567559640473966e-07,0.1980094451798336,0.23231952779891693,0.18180697180293806,True,ok,,0.2,0.07,0.084
2020-07-21 03:15:00+00:00,0.15459988516273274,0.15459988516273274,2.2567541557716453e-07,0.1546001108381483,0.18180697180293806,0.14236822558795523,True,ok,,0.2,0.07,0.084
2020-07-21 03:30:00+00:00,0.15941783579520866,0.15941783579520866,2.256753199869621e-07,0.15941806147052864,0.14236822558795523,0.10170041033407547,True,ok,,0.2,0.07,0.084
2020-07-21 03:45:00+00:00,0.08310981613976696,0.08310981613976696,2.2567479615598351e-07,0.08311004181456312,0.10170041033407547,0.08049892662495124,True,ok,,0.2,0.07,0.084
2020-07-21 04:00:00+00:00,0.055816342383594036,0.055816342383594036,-5.146363474262117e-09,0.05581633723723056,0.08049892662495124,0.06626006377199357,True,ok,,0.3,0.1,0.084
2020-07-21 04:15:00+00:00,-0.009826451709680977,-0.009826451709680977,-0.008526655773039734,-0.01835310748272071,0.06626006377199357,0.06866754444086541,True,ok,,0.3,0.1,0.084
2020-07-21 04:30:00+00:00,-0.033250858239395525,-0.033250858239395525,-0.023828903683740257,-0.05707976192313578,0.06866754444086541,0.07681400470951731,True,ok,,0.3,0.1,0.084
2020-07-21 04:45:00+00:00,-0.038962951943648565,-0.038962951943648565,-0.02909951504679615,-0.06806246699044471,0.07681400470951731,0.0863599279357112,True,ok,,0.3,0.1,0.084
2020-07-21 05:00:00+00:00,-0.09289024312744801,-0.09289024312744801,-0.0607860974342688,-0.1536763405617168,0.0863599279357112,0.10911803750193597,True,ok,,0.3,0.1,0.084
2020-07-21 05:15:00+00:00,-0.16548487559253183,-0.16548487559253183,-0.10864602897128423,-0.27413090456381606,0.10911803750193597,0.14966183202210626,True,ok,,0.3,0.1,0.084
2020-07-21 05:30:00+00:00,-0.28040812538465215,-0.28040812538465215,-0.19882212358543838,-0.47923024897009053,0.14966183202210626,0.21836182274134602,True,ok,,0.3,0.1,0.084
2020-07-21 05:45:00+00:00,-0.4897607042612249,-0.4897607042612249,-0.41074791690526774,-0.9005086211664927,0.21836182274134602,0.33835319528534613,True,ok,,0.3,0.1,0.084
2020-07-21 06:00:00+00:00,-0.4354397953586182,-0.4354397953586182,-0.659201449612631,-1.0946412449712493,0.33835319528534613,0.4450359451482076,True,ok,,0.3,0.1,0.084
2020-07-21 06:15:00+00:00,-0.4496279676413724,-0.4496279676413724,-1.0468109471976907,-1.496438914839063,0.4450359451482076,0.5551947972203438,True,ok,,0.3,0.1,0.084
2020-07-21 06:30:00+00:00,-0.4604495797831886,-0.4604495797831886,-1.229509305969828,-1.6899588857530168,0.5551947972203438,0.668004944267225,True,ok,,0.3,0.1,0.084
2020-07-21 06:45:00+00:00,-0.3814051702239311,-0.3814051702239311,-1.6588277295613867,-2.040232899785318,0.668004944267225,0.7614492109720882,True,ok,,0.3,0.1,0.084
2020-07-21 07:00:00+00:00,-0.36068509135266447,-0.36068509135266447,-2.0999111147237253,-2.46059620607639,0.7614492109720882,0.849817058353491,True,ok,,0.3,0.1,0.084
2020-07-21 07:15:00+00:00,-0.3427069192433624,-0.3427069192433624,-2.6672230607518395,-3.009929979995202,0.849817058353491,0.9337802535681148,True,ok,,0.3,0.1,0.084
2020-07-21 07:30:00+00:00,-0.32475166924261123,-0.32475166924261123,-3.156157324265009,-3.48090899350762,0.9337802535681148,1.0133444125325546,True,ok,,0.3,0.1,0.084
2020-07-21 07:45:00+00:00,-0.30427972625294974,-0.30427972625294974,-3.008536828219232,-3.3128165544721817,1.0133444125325546,1.0878929454645272,True,ok,,0.3,0.1,0.084
2020-07-21 08:00:00+00:00,-0.2888700523243618,-0.2888700523243618,-3.0465425458989777,-3.3354125982233396,1.0878929454645272,1.1586661082839957,True,ok,,0.3,0.1,0.084
2020-07-21 08:15:00+00:00,-0.2390791551939236,-0.2390791551939236,-1.0729220139161517,-1.3120011691100752,1.1586661082839957,1.217240501306507,True,ok,,0.3,0.1,0.084
2020-07-21 08:30:00+00:00,-0.2836280877295061,-0.2836280877295061,-4.9062707859752805,-5.189898873704786,1.217240501306507,1.286729382800236,True,ok,,0.3,0.1,0.084
2020-07-21 08:45:00+00:00,-0.25603999338425243,-0.25603999338425243,-3.5985313083822126,-3.854571301766465,1.286729382800236,1.349459181179378,True,ok,,0.3,0.1,0.084
2020-07-21 09:00:00+00:00,-0.24442572888834946,-0.24442572888834946,-3.041892476367035,-3.2863182052553843,1.349459181179378,1.4093434847570234,True,ok,,0.3,0.1,0.084
2020-07-21 09:15:00+00:00,-0.24271482993802332,-0.24271482993802332,-4.834174391242787,-5.07688922118081,1.4093434847570234,1.4688086180918392,True,ok,,0.3,0.1,0.084
2020-07-21 09:30:00+00:00,-0.23483614615166334,-0.23483614615166334,-4.588108489948434,-4.822944636100098,1.4688086180918392,1.5263434738989967,True,ok,,0.3,0.1,0.084
2020-07-21 09:45:00+00:00,-0.23313650625746932,-0.23313650625746932,-4.384311018840022,-4.617447525097492,1.5263434738989967,1.5834619179320768,True,ok,,0.3,0.1,0.084
2020-07-21 10:00:00+00:00,-0.2241200958740326,-0.2241200958740326,-6.084797133336248,-6.30891722921028,1.5834619179320768,1.6383713414212149,True,ok,,0.3,0.1,0.084
2020-07-21 10:15:00+00:00,-0.2102277259429787,-0.2102277259429787,-2.701087714339441,-2.91131544028242,1.6383713414212149,1.6898771342772447,True,ok,,0.3,0.1,0.084
2020-07-21 10:30:00+00:00,-0.20953541256587285,-0.20953541256587285,-3.7989522618428913,-4.008487674408764,1.6898771342772447,1.7412133103558836,True,ok,,0.3,0.1,0.084
2020-07-21 10:45:00+00:00,-0.20734437435221917,-0.20734437435221917,-5.023673672319916,-5.231018046672135,1.7412133103558836,1.7920126820721773,True,ok,,0.3,0.1,0.084
2020-07-21 11:00:00+00:00,-0.20162236432722988,-0.20162236432722988,-4.212951976496005,-4.414574340823235,1.7920126820721773,1.8414101613323486,True,ok,,0.3,0.1,0.084
2020-07-21 11:15:00+00:00,-0.18881906893282488,-0.18881906893282488,-2.003413217799582,-2.192232286732407,1.8414101613323486,1.8876708332208907,True,ok,,0.3,0.1,0.084
2020-07-21 11:30:00+00:00,-0.19150763468831017,-0.19150763468831017,-3.2281773734378,-3.41968500812611,1.8876708332208907,1.9345902037195266,True,ok,,0.3,0.1,0.084
2020-07-21 11:45:00+00:00,-0.1901276198822915,-0.1901276198822915,-4.068731319116812,-4.258858938999103,1.9345902037195266,1.981171470590688,True,ok,,0.3,0.1,0.084
2020-07-21 12:00:00+00:00,-0.18096284976399665,-0.18096284976399665,-2.279641480477547,-2.4606043302415435,1.981171470590688,2.025507368782867,True,ok,,0.3,0.1,0.084
2020-07-21 12:15:00+00:00,-0.1845679455562004,-0.1845679455562004,-4.56424691216933,-4.748814857725531,2.025507368782867,2.0707265154441363,True,ok,,0.3,0.1,0.084
2020-07-21 12:30:00+00:00,-0.1719161937849915,-0.1719161937849915,-1.7886598293255846,-1.9605760231105762,2.0707265154441363,2.1128459829214594,True,ok,,0.3,0.1,0.084
2020-07-21 12:45:00+00:00,-0.17515665765475222,-0.17515665765475222,-2.8545146098828424,-3.0296712675375947,2.1128459829214594,2.1557593640468737,True,ok,,0.3,0.1,0.084
2020-07-21 13:00:00+00:00,-0.17781481765067447,-0.17781481765067447,-6.178833089571328,-6.356647907222003,2.1557593640468737,2.199323994371289,True,ok,,0.3,0.1,0.084
2020-07-21 13:15:00+00:00,-0.17492547005856293,-0.17492547005856293,-5.629545442205388,-5.804470912263951,2.199323994371289,2.242180734535637,True,ok,,0.3,0.1,0.084
2020-07-21 13:30:00+00:00,-0.17112171885419672,-0.17112171885419672,-4.405001601574065,-4.576123320428262,2.242180734535637,2.2841055556549152,True,ok,,0.3,0.1,0.084
2020-07-21 13:45:00+00:00,-0.1617513425037015,-0.1617513425037015,-2.0399907374101454,-2.201742079913847,2.2841055556549152,2.3237346345683223,True,ok,,0.3,0.1,0.084
2020-07-21 14:00:00+00:00,-0.14490749315972842,-0.14490749315972842,-0.85910578112772,-1.0040132742874484,2.3237346345683223,2.359236970392456,True,ok,,0.3,0.1,0.084
2020-07-21 14:15:00+00:00,-0.16334063176605607,-0.16334063176605607,-3.4874394714482513,-3.6507801032143075,2.359236970392456,2.3992554251751397,True,ok,,0.3,0.1,0.084
2020-07-21 14:30:00+00:00,-0.1621511908427514,-0.1621511908427514,-3.9193361513603233,-4.081487342203075,2.3992554251751397,2.4389824669316136,True,ok,,0.3,0.1,0.084
2020-07-21 14:45:00+00:00,-0.15990833490663284,-0.15990833490663284,-3.6887923091750388,-3.8487006440816716,2.4389824669316136,2.4781600089837386,True,ok,,0.3,0.1,0.084
2020-07-21 15:00:00+00:00,2.230539905714185e-07,2.230539905714185e-07,-2.537102766573183,-2.5371025435191927,2.4781600089837386,2.47815995208221,True,ok,,0.4,0.18,0.084
2020-07-21 15:15:00+00:00,2.2304057957125382e-07,2.2304057957125382e-07,-2.147711353147713,-2.147711130107133,2.47815995208221,2.478159895184103,True,ok,,0.4,0.18,0.084
2020-07-21 15:30:00+00:00,2.2301289195217132e-07,2.2301289195217132e-07,-2.823595313956445,-2.8235950909435528,2.478159895184103,2.478159838293059,True,ok,,0.4,0.18,0.084
2020-07-21 15:45:00+00:00,2.229700621955851e-07,2.229700621955851e-07,-2.5585549767840434,-2.558554753813981,2.478159838293059,2.4781597814129412,True,ok,,0.4,0.18,0.084
2020-07-21 16:00:00+00:00,2.033829548828875e-07,2.033829548828875e-07,-2.172513589811905,-2.17251338642895,2.4781597814129412,2.4781597295295343,True,ok,,0.4,0.18,0.084
2020-07-21 16:15:00+00:00,2.0338538984797776e-07,2.0338538984797776e-07,-1.7574737093402062,-1.7574735059548163,2.4781597295295343,2.478159677645506,True,ok,,0.4,0.18,0.084
2020-07-21 16:30:00+00:00,2.0338496255950995e-07,2.0338496255950995e-07,-1.2752734277402134,-1.2752732243552507,2.478159677645506,2.478159625761587,True,ok,,0.4,0.18,0.084
2020-07-21 16:45:00+00:00,2.033847515627455e-07,2.033847515627455e-07,-0.22341069030031271,-0.22341048691556115,2.478159625761587,2.478159573877722,True,ok,,0.4,0.18,0.084
2020-07-21 17:00:00+00:00,1.9340740986375767e-07,1.9340740986375767e-07,-0.4187308038514899,-0.41873061044408005,2.478159573877722,2.478159524539097,True,ok,,0.4,0.18,0.084
2020-07-21 17:15:00+00:00,1.934152180571463e-07,1.934152180571463e-07,-0.03271059368234051,-0.03271040026712245,2.478159524539097,2.47815947519848,True,ok,,0.4,0.18,0.084
2020-07-21 17:30:00+00:00,0.002763900982411109,0.002763900982411109,-2.1325704953984934e-07,0.0027636877253615693,2.47815947519848,2.477454398417253,True,ok,,0.4,0.18,0.084
2020-07-21 17:45:00+00:00,0.25023998258331576,0.25023998258331576,-2.1324402865730008e-07,0.2502397693392871,2.477454398417253,2.413617668166407,True,ok,,0.4,0.18,0.084
2020-07-21 18:00:00+00:00,0.12141093055429837,0.12141093055429837,-2.1324929412591676e-07,0.12141071730500425,2.413617668166407,2.3826454920045963,True,ok,,0.4,0.18,0.084
2020-07-21 18:15:00+00:00,0.15081732365590966,0.15081732365590966,-2.1325518026471535e-07,0.1508171104007294,2.3826454920045963,2.3441716849495173,True,ok,,0.4,0.18,0.084
2020-07-21 18:30:00+00:00,0.48287974235596065,0.48287974235596065,-2.132608978855366e-07,0.48287952909506276,2.3441716849495173,2.2209880772056496,True,ok,,0.4,0.18,0.084
2020-07-21 18:45:00+00:00,0.2952186043663184,0.2952186043663184,-2.1326502286367344e-07,0.29521839110129555,2.2209880772056496,2.145677208744854,True,ok,,0.4,0.18,0.084
2020-07-21 19:00:00+00:00,0.19187611323656065,0.19187611323656065,2.6163879701668336e-07,0.19187637487535766,2.145677208744854,2.0967292206743027,True,ok,,0.2,0.07,0.084
2020-07-21 19:15:00+00:00,0.25845078678488015,0.25845078678488015,2.6162948896235605e-07,0.2584510484143691,2.0967292206743027,2.0307978975148946,True,ok,,0.2,0.07,0.084
2020-07-21 19:30:00+00:00,0.23558644340057558,0.23558644340057558,2.6162053362588367e-07,0.2355867050211092,2.0307978975148946,1.9706993150147478,True,ok,,0.2,0.07,0.084
2020-07-21 19:45:00+00:00,0.22318684880219916,0.22318684880219916,2.6161124619394904e-07,0.22318711041344536,1.9706993150147478,1.913763894401942,True,ok,,0.2,0.07,0.084
2020-07-21 20:00:00+00:00,0.30096473767119986,0.30096473767119986,2.616018884293858e-07,0.3009649992730883,1.913763894401942,1.8369871756082685,True,ok,,0.2,0.07,0.084
2020-07-21 20:15:00+00:00,0.3628690719707441,0.3628690719707441,2.6159316562912593e-07,0.3628693335639097,1.8369871756082685,1.7444185347994052,True,ok,,0.2,0.07,0.084
2020-07-21 20:30:00+00:00,0.1610057387539777,0.1610057387539777,2.6158468233172805e-07,0.16100600033866003,1.7444185347994052,1.7033456422601252,True,ok,,0.2,0.07,0.084
2020-07-21 20:45:00+00:00,0.21262384986599156,0.21262384986599156,2.6157445454089157e-07,0.2126241114404461,1.7033456422601252,1.6491048642330866,True,ok,,0.2,0.07,0.084
2020-07-21 21:00:00+00:00,0.1964014053629907,0.1964014053629907,2.6156434720925326e-07,0.1964016669273379,1.6491048642330866,1.599002464905793,True,ok,,0.2,0.07,0.084
2020-07-21 21:15:00+00:00,0.158765294612046,0.158765294612046,2.615538613748303e-07,0.15876555616590737,1.599002464905793,1.5585011142394547,True,ok,,0.2,0.07,0.084
2020-07-21 21:30:00+00:00,0.21165951674445913,0.21165951674445913,2.6154321630667e-07,0.21165977828767543,1.5585011142394547,1.5045063395597458,True,ok,,0.2,0.07,0.084
2020-07-21 21:45:00+00:00,0.1858228500650527,0.1858228500650527,2.6153264423567357e-07,0.18582311159769693,1.5045063395597458,1.4571025512778446,True,ok,,0.2,0.07,0.084
2020-07-21 22:00:00+00:00,0.16569162655633873,0.16569162655633873,2.6152171522797474e-07,0.16569188807805396,1.4571025512778446,1.414834279197146,True,ok,,0.2,0.07,0.084
2020-07-21 22:15:00+00:00,0.2127399605831485,0.2127399605831485,2.6151064538848523e-07,0.2127402220937939,1.414834279197146,1.3605638810892,True,ok,,0.2,0.07,0.084
2020-07-21 22:30:00+00:00,0.23700551534003808,0.23700551534003808,2.614997481331649e-07,0.23700577683978621,1.3605638810892,1.300103290441231,True,ok,,0.2,0.07,0.084
2020-07-21 22:45:00+00:00,0.2752902930132988,0.2752902930132988,2.614889773044915e-07,0.27529055450227613,1.300103290441231,1.229876174876614,True,ok,,0.2,0.07,0.084
2020-07-21 23:00:00+00:00,0.30067462879594664,0.30067462879594664,2.61478525054315e-07,0.3006748902744717,1.229876174876614,1.1531734634490767,True,ok,,0.2,0.07,0.084
2020-07-21 23:15:00+00:00,0.2621611826024387,0.2621611826024387,2.614681660628726e-07,0.26216144407060477,1.1531734634490767,1.0862956107443729,True,ok,,0.2,0.07,0.084
2020-07-21 23:30:00+00:00,0.281830626941283,0.281830626941283,2.6145720555259544e-07,0.2818308883984886,1.0862956107443729,1.0144000426471067,True,ok,,0.2,0.07,0.084
2020-07-21 23:45:00+00:00,0.2971057379916299,0.2971057379916299,2.6144633830105235e-07,0.2971059994379682,1.0144000426471067,0.9386077625472011,True,ok,,0.2,0.07,0.084
2020-07-22 00:00:00+00:00,0.2558294057300747,0.2558294057300747,2.614354695507082e-07,0.25582966716554423,0.9386077625472011,0.8733451590446311,True,ok,,0.2,0.07,0.084
2020-07-22 00:15:00+00:00,0.2789061835812878,0.2789061835812878,2.6142391679195853e-07,0.2789064450052046,0.8733451590446311,0.8021956224167515,True,ok,,0.2,0.07,0.084
2020-07-22 00:30:00+00:00,0.24442440499229495,0.24442440499229495,2.6141242953636734e-07,0.2444246664047245,0.8021956224167515,0.7398424578779007,True,ok,,0.2,0.07,0.084
2020-07-22 00:45:00+00:00,0.29325895946465624,0.29325895946465624,2.614003816181487e-07,0.29325922086503786,0.7398424578779007,0.6650314988307945,True,ok,,0.2,0.07,0.084
2020-07-22 01:00:00+00:00,0.25527773886005467,0.25527773886005467,2.6138874875680784e-07,0.2552780002488034,0.6650314988307945,0.5999096266726173,True,ok,,0.2,0.07,0.084
2020-07-22 01:15:00+00:00,0.26268596066822614,0.26268596066822614,2.613764008008168e-07,0.26268622204462694,0.5999096266726173,0.5328979020123555,True,ok,,0.2,0.07,0.084
2020-07-22 01:30:00+00:00,0.28823607224995024,0.28823607224995024,2.6136397435205794e-07,0.2882363336139246,0.5328979020123555,0.4593682917445111,True,ok,,0.2,0.07,0.084
2020-07-22 01:45:00+00:00,0.24471918347427543,0.24471918347427543,2.613516382199421e-07,0.24471944482591365,0.4593682917445111,0.3969399286133184,True,ok,,0.2,0.07,0.084
2020-07-22 02:00:00+00:00,0.275095850902162,0.275095850902162,2.6133852321086337e-07,0.2750961122406852,0.3969399286133184,0.32676241562807296,True,ok,,0.2,0.07,0.084
2020-07-22 02:15:00+00:00,0.23400218307949683,0.23400218307949683,2.6132552871649395e-07,0.23400244440502554,0.32676241562807296,0.26706798116901764,True,ok,,0.2,0.07,0.084
2020-07-22 02:30:00+00:00,0.19612718337949409,0.19612718337949409,2.6131163416431846e-07,0.19612744469112825,0.26706798116901764,0.21703553642935078,True,ok,,0.2,0.07,0.084
2020-07-22 02:45:00+00:00,0.1526029610414563,0.1526029610414563,2.612969018378486e-07,0.15260322233835813,0.21703553642935078,0.1781062096330609,True,ok,,0.2,0.07,0.084
2020-07-22 03:00:00+00:00,0.19481273920655331,0.19481273920655331,2.612817275593482e-07,0.19481300048828087,0.1781062096330609,0.12840908228445036,True,ok,,0.2,0.07,0.084
2020-07-22 03:15:00+00:00,0.16780284974634802,0.16780284974634802,2.612664281864685e-07,0.1678031110127762,0.12840908228445036,0.08560223285936158,True,ok,,0.2,0.07,0.084
2020-07-22 03:30:00+00:00,0.17256336741897976,0.17256336741897976,2.612505545784849e-07,0.17256362866953434,0.08560223285936158,0.041580965660642254,True,ok,,0.2,0.07,0.084
2020-07-22 03:45:00+00:00,0.07833398848504736,0.07833398848504736,2.6123357145524384e-07,0.07833424971861881,0.041580965660642254,0.02159780533282405,True,ok,,0.2,0.07,0.084
2020-07-22 04:00:00+00:00,0.08223374373542165,0.08223374373542165,-4.4905296980868314e-09,0.08223373924489195,0.02159780533282405,0.0006198094819511793,True,ok,,0.3,0.1,0.084
2020-07-22 04:15:00+00:00,0.002427720734235727,0.002427720734235727,-4.491836126142845e-09,0.0024277162423996007,0.0006198094819511793,4.929681155347275e-07,True,ok,,0.3,0.1,0.084
2020-07-22 04:30:00+00:00,-0.007394699499463977,-0.007394699499463977,-0.003544928822085138,-0.010939628321549115,4.929681155347275e-07,0.0018121943454842092,True,ok,,0.3,0.1,0.084
2020-07-22 04:45:00+00:00,-0.24753773031734488,-0.24753773031734488,-0.06722938069797485,-0.31476711101531973,0.0018121943454842092,0.062458938273233705,True,ok,,0.3,0.1,0.084
2020-07-22 05:00:00+00:00,-0.057752705102129646,-0.057752705102129646,-0.040067747421376275,-0.09782045252350592,0.062458938273233705,0.07660835102325547,True,ok,,0.3,0.1,0.084
2020-07-22 05:15:00+00:00,-0.3165121697417775,-0.3165121697417775,-0.14710588249638012,-0.4636180522381576,0.07660835102325547,0.15415383260999094,True,ok,,0.3,0.1,0.084
2020-07-22 05:30:00+00:00,-0.2222844941906141,-0.2222844941906141,-0.14789152400177877,-0.3701760181923929,0.15415383260999094,0.2086135336866914,True,ok,,0.3,0.1,0.084
2020-07-22 05:45:00+00:00,-0.4567874358575824,-0.4567874358575824,-0.33542684699635894,-0.7922142828539414,0.2086135336866914,0.3205264554717991,True,ok,,0.3,0.1,0.084
2020-07-22 06:00:00+00:00,-0.6518380177359516,-0.6518380177359516,-0.50715869068382,-1.1589967084197716,0.3205264554717991,0.4802267698171072,True,ok,,0.3,0.1,0.084
2020-07-22 06:15:00+00:00,-0.6778853732978714,-0.6778853732978714,-0.9534656717135976,-1.631351045011469,0.4802267698171072,0.6463086862750858,True,ok,,0.3,0.1,0.084
2020-07-22 06:30:00+00:00,-0.6400499917292907,-0.6400499917292907,-1.251955318903335,-1.8920053106326258,0.6463086862750858,0.803120934248762,True,ok,,0.3,0.1,0.084
2020-07-22 06:45:00+00:00,-0.5532972265448196,-0.5532972265448196,-1.2996123480241377,-1.8529095745689574,0.803120934248762,0.9386787547522428,True,ok,,0.3,0.1,0.084
2020-07-22 07:00:00+00:00,-0.553525131911922,-0.553525131911922,-1.850523037034121,-2.404048168946043,0.9386787547522428,1.0742924120706636,True,ok,,0.3,0.1,0.084
2020-07-22 07:15:00+00:00,-0.5360604954086012,-0.5360604954086012,-2.512931420452799,-3.0489919158614,1.0742924120706636,1.205627233445771,True,ok,,0.3,0.1,0.084
2020-07-22 07:30:00+00:00,-0.5075111557123633,-0.5075111557123633,-3.0564455793738956,-3.5639567350862587,1.205627233445771,1.3299674665952999,True,ok,,0.3,0.1,0.084
2020-07-22 07:45:00+00:00,-0.4790930678881868,-0.4790930678881868,-3.455907124699947,-3.935000192588134,1.3299674665952999,1.4473452682279055,True,ok,,0.3,0.1,0.084
2020-07-22 08:00:00+00:00,-0.4147935058958148,-0.4147935058958148,-2.019007332534451,-2.433800838430266,1.4473452682279055,1.5489696771723802,True,ok,,0.3,0.1,0.084
2020-07-22 08:15:00+00:00,-0.3962778374558892,-0.3962778374558892,-2.0657526532673516,-2.4620304907232406,1.5489696771723802,1.6460577473490732,True,ok,,0.3,0.1,0.084
2020-07-22 08:30:00+00:00,-0.4030980021075128,-0.4030980021075128,-3.2284137921263576,-3.6315117942338704,1.6460577473490732,1.744816757865414,True,ok,,0.3,0.1,0.084
2020-07-22 08:45:00+00:00,-0.3972002411998284,-0.3972002411998284,-4.336167934373996,-4.733368175573824,1.744816757865414,1.8421308169593718,True,ok,,0.3,0.1,0.084
2020-07-22 09:00:00+00:00,-0.3585820476213151,-0.3585820476213151,-2.351700172709052,-2.710282220330367,1.8421308169593718,1.929983418626594,True,ok,,0.3,0.1,0.084
2020-07-22 09:15:00+00:00,-0.2800808363415786,-0.2800808363415786,-0.8588637845680576,-1.138944620909636,1.929983418626594,1.9986032235302809,True,ok,,0.3,0.1,0.084
2020-07-22 09:30:00+00:00,-0.35477854738945913,-0.35477854738945913,-3.9700315074100563,-4.324810054799515,1.9986032235302809,2.0855239676406985,True,ok,,0.3,0.1,0.084
2020-07-22 09:45:00+00:00,-0.2799354819132951,-0.2799354819132951,-1.0154110274728188,-1.2953465093861138,2.0855239676406985,2.154108160709456,True,ok,,0.3,0.1,0.084
2020-07-22 10:00:00+00:00,-0.2382715537436343,-0.2382715537436343,-0.6421320170625694,-0.8804035708062037,2.154108160709456,2.2124846913766465,True,ok,,0.3,0.1,0.084
2020-07-22 10:15:00+00:00,-0.26946225947013147,-0.26946225947013147,-1.0372262499130156,-1.306688509383147,2.2124846913766465,2.278502944946829,True,ok,,0.3,0.1,0.084
2020-07-22 10:30:00+00:00,-0.2533478193858142,-0.2533478193858142,-0.8824882308892791,-1.1358360502750933,2.278502944946829,2.340573160696353,True,ok,,0.3,0.1,0.084
2020-07-22 10:45:00+00:00,-0.3172583525015204,-0.3172583525015204,-5.413949290776098,-5.731207643277618,2.340573160696353,2.4183014570592256,True,ok,,0.3,0.1,0.084
2020-07-22 11:00:00+00:00,-0.2984182311772947,-0.2984182311772947,-2.985752592424906,-3.284170823602201,2.4183014570592256,2.491413923697663,True,ok,,0.3,0.1,0.084
2020-07-22 11:15:00+00:00,-0.24239940891980086,-0.24239940891980086,-0.9085928097426955,-1.1509922186624963,2.491413923697663,2.550801778883014,True,ok,,0.3,0.1,0.084
2020-07-22 11:30:00+00:00,-0.2944316263893791,-0.2944316263893791,-4.241587602877274,-4.536019229266653,2.550801778883014,2.622937527348412,True,ok,,0.3,0.1,0.084
2020-07-22 11:45:00+00:00,-0.29169115057526823,-0.29169115057526823,-4.9856154997077855,-5.2773066502830535,2.622937527348412,2.6944018592393526,True,ok,,0.3,0.1,0.084
2020-07-22 12:00:00+00:00,-0.27013049895774244,-0.27013049895774244,-2.242101942635662,-2.5122324415934045,2.6944018592393526,2.7605838314839994,True,ok,,0.3,0.1,0.084
2020-07-22 12:15:00+00:00,-0.25509749896023,-0.25509749896023,-1.6051909037718006,-1.8602884027320306,2.7605838314839994,2.823082718729256,True,ok,,0.3,0.1,0.084
2020-07-22 12:30:00+00:00,-0.27717130168920967,-0.27717130168920967,-4.820168970088824,-5.097340271778034,2.823082718729256,2.8909896876431125,True,ok,,0.3,0.1,0.084
2020-07-22 12:45:00+00:00,-0.27130646694964455,-0.27130646694964455,-4.251628176426731,-4.5229346433763755,2.8909896876431125,2.9574597720457754,True,ok,,0.3,0.1,0.084
2020-07-22 13:00:00+00:00,-0.25139561336916566,-0.25139561336916566,-1.9708515437982181,-2.222247157167384,2.9574597720457754,3.019051697321221,True,ok,,0.3,0.1,0.084
2020-07-22 13:15:00+00:00,-0.24974246386009477,-0.24974246386009477,-2.0832519271051444,-2.332994390965239,3.019051697321221,3.0802386009669442,True,ok,,0.3,0.1,0.084
2020-07-22 13:30:00+00:00,-0.23717609926518224,-0.23717609926518224,-1.5201278317858313,-1.7573039310510135,3.0802386009669442,3.138346745286914,True,ok,,0.3,0.1,0.084
2020-07-22 13:45:00+00:00,-0.2574121210896993,-0.2574121210896993,-4.286675783888648,-4.544087904978348,3.138346745286914,3.2014127149538902,True,ok,,0.3,0.1,0.084
2020-07-22 14:00:00+00:00,-0.2502448645895805,-0.2502448645895805,-3.247429598859365,-3.4976744634489454,3.2014127149538902,3.2627227067783373,True,ok,,0.3,0.1,0.084
2020-07-22 14:15:00+00:00,-0.24809839242639173,-0.24809839242639173,-3.382170929826796,-3.6302693222531874,3.2627227067783373,3.3235068129228034,True,ok,,0.3,0.1,0.084
2020-07-22 14:30:00+00:00,-0.24903158984842338,-0.24903158984842338,-4.395299699213493,-4.644331289061916,3.3235068129228034,3.384519552435667,True,ok,,0.3,0.1,0.084
2020-07-22 14:45:00+00:00,-0.23507736276683047,-0.23507736276683047,-2.2212475950540913,-2.4563249578209216,3.384519552435667,3.4421135063135404,True,ok,,0.3,0.1,0.084
2020-07-22 15:00:00+00:00,2.2340452264242337e-07,2.2340452264242337e-07,-2.2259357587645447,-2.2259355353600223,3.4421135063135404,3.4421134493225907,True,ok,,0.4,0.18,0.084
2020-07-22 15:15:00+00:00,8.104652771031343e-08,8.104652771031343e-08,-2.9973964199346743,-2.9973963388881466,3.4421134493225907,3.442113428647456,True,ok,,0.4,0.18,0.084
2020-07-22 15:30:00+00:00,8.104652804633064e-08,8.104652804633064e-08,-3.1257947886349298,-3.1257947075884016,3.442113428647456,3.4421134079723217,True,ok,,0.4,0.18,0.084
2020-07-22 15:45:00+00:00,8.104652884284595e-08,8.104652884284595e-08,-2.6517575667490147,-2.6517574857024857,3.4421134079723217,3.4421133872971867,True,ok,,0.4,0.18,0.084
2020-07-22 16:00:00+00:00,8.104653012906057e-08,8.104653012906057e-08,-1.6333723606488884,-1.6333722796023582,3.4421133872971867,3.4421133666220514,True,ok,,0.4,0.18,0.084
2020-07-22 16:15:00+00:00,8.104653136475664e-08,8.104653136475664e-08,-1.1373019090790575,-1.1373018280325262,3.4421133666220514,3.442113345946916,True,ok,,0.4,0.18,0.084
2020-07-22 16:30:00+00:00,8.104653311388861e-08,8.104653311388861e-08,-0.8299508881210107,-0.8299508070744775,3.442113345946916,3.44211332527178,True,ok,,0.4,0.18,0.084
2020-07-22 16:45:00+00:00,0.5574528724002639,0.5574528724002639,-8.808451612551949e-08,0.5574527843157477,3.44211332527178,3.2999059598635494,True,ok,,0.4,0.18,0.084
2020-07-22 17:00:00+00:00,0.6318042527446684,0.6318042527446684,-2.428046921298943e-07,0.6318040099399763,3.2999059598635494,3.13873140559195,True,ok,,0.4,0.18,0.084
2020-07-22 17:15:00+00:00,2.234048990000503e-07,2.234048990000503e-07,-0.180434905334929,-0.18043468193003,3.13873140559195,3.1387313486009045,True,ok,,0.4,0.18,0.084
2020-07-22 17:30:00+00:00,0.9225459099154926,0.9225459099154926,-2.4280466748294316e-07,0.9225456671108251,3.1387313486009045,2.9033880042347073,True,ok,,0.4,0.18,0.084
2020-07-22 17:45:00+00:00,1.1708401554733316,1.1708401554733316,-8.808451168462739e-08,1.17084006738882,2.9033880042347073,2.6047042911037552,True,ok,,0.4,0.18,0.084
2020-07-22 18:00:00+00:00,2.233968157973971e-07,2.233968157973971e-07,-0.09725146398605979,-0.09725124058924399,2.6047042911037552,2.6047042341147715,True,ok,,0.4,0.18,0.084
2020-07-22 18:15:00+00:00,0.11349341602749373,0.11349341602749373,-2.42796930963185e-07,0.11349317323056277,2.6047042341147715,2.5757518320669415,True,ok,,0.4,0.18,0.084
2020-07-22 18:30:00+00:00,0.22547207382091322,0.22547207382091322,-2.427966259155312e-07,0.2254718310242873,2.5757518320669415,2.518233445888137,True,ok,,0.4,0.18,0.084
2020-07-22 18:45:00+00:00,0.27738704315807083,0.27738704315807083,-2.4279656951620154e-07,0.2773868003615013,2.518233445888137,2.4474714450825066,True,ok,,0.4,0.18,0.084
2020-07-22 19:00:00+00:00,0.26347220607560307,0.26347220607560307,2.2568567459302358e-07,0.26347243176127766,2.4474714450825066,2.3802591476142405,True,ok,,0.2,0.07,0.084
2020-07-22 19:15:00+00:00,0.24781954835777067,0.24781954835777067,2.2568565280489672e-07,0.24781977404342348,2.3802591476142405,2.317039875073993,True,ok,,0.2,0.07,0.084
2020-07-22 19:30:00+00:00,0.23962488859779646,0.23962488859779646,2.2568563770586358e-07,0.23962511428343417,2.317039875073993,2.2559110769623105,True,ok,,0.2,0.07,0.084
2020-07-22 19:45:00+00:00,0.2264043300907689,0.2264043300907689,2.256856150295583e-07,0.22640455577638394,2.2559110769623105,2.198154870306502,True,ok,,0.2,0.07,0.084
2020-07-22 20:00:00+00:00,0.20996621911366523,0.20996621911366523,2.2568597002337043e-07,0.20996644479963525,2.198154870306502,2.1445920593081182,True,ok,,0.2,0.07,0.084
2020-07-22 20:15:00+00:00,0.22987399717540308,0.22987399717540308,2.256859925886534e-07,0.22987422286139567,2.1445920593081182,2.0859507334980663,True,ok,,0.2,0.07,0.084
2020-07-22 20:30:00+00:00,0.2246495528814408,0.2246495528814408,2.2568597957128844e-07,0.22464977856742038,2.0859507334980663,2.0286421740895353,True,ok,,0.2,0.07,0.084
2020-07-22 20:45:00+00:00,0.21380432949702977,0.21380432949702977,2.2568595756111698e-07,0.21380455518298733,2.0286421740895353,1.9741002532994767,True,ok,,0.2,0.07,0.084
2020-07-22 21:00:00+00:00,0.231532441940204,0.231532441940204,2.256860708038655e-07,0.2315326676262748,1.9741002532994767,1.915035854845343,True,ok,,0.2,0.07,0.084
2020-07-22 21:15:00+00:00,0.21933788536487658,0.21933788536487658,2.2568604710060391e-07,0.21933811105092368,1.915035854845343,1.8590823126604255,True,ok,,0.2,0.07,0.084
2020-07-22 21:30:00+00:00,0.22176244056058264,0.22176244056058264,2.2568604368666811e-07,0.22176266624662633,1.8590823126604255,1.8025102614970114,True,ok,,0.2,0.07,0.084
2020-07-22 21:45:00+00:00,0.24434244123660942,0.24434244123660942,2.2568606519723922e-07,0.24434266692267462,1.8025102614970114,1.7401780060795091,True,ok,,0.2,0.07,0.084
2020-07-22 22:00:00+00:00,0.20827910707888375,0.20827910707888375,2.2568605956285737e-07,0.20827933276494331,1.7401780060795091,1.6870455808042837,True,ok,,0.2,0.07,0.084
2020-07-22 22:15:00+00:00,0.23200944126541137,0.23200944126541137,2.2568608584738747e-07,0.23200966695149722,1.6870455808042837,1.6278594988488215,True,ok,,0.2,0.07,0.084
2020-07-22 22:30:00+00:00,0.28423325035973224,0.28423325035973224,8.187157735095596e-08,0.2842333322313096,1.6278594988488215,1.555351016614196,True,ok,,0.2,0.07,0.084
2020-07-22 22:45:00+00:00,0.3118332178919379,0.3118332178919379,2.2568614621576444e-07,0.3118334435780841,1.555351016614196,1.4758017263356404,True,ok,,0.2,0.07,0.084
2020-07-22 23:00:00+00:00,0.3228863303669837,0.3228863303669837,2.256861784677433e-07,0.3228865560531622,1.4758017263356404,1.3934327645073283,True,ok,,0.2,0.07,0.084
2020-07-22 23:15:00+00:00,0.285418551779681,0.285418551779681,2.2568613972095974e-07,0.2854187774658207,1.3934327645073283,1.3206219094614913,True,ok,,0.2,0.07,0.084
2020-07-22 23:30:00+00:00,0.3299478841101496,0.3299478841101496,2.256861625360429e-07,0.3299481097963121,1.3206219094614913,1.2364515308619632,True,ok,,0.2,0.07,0.084
2020-07-22 23:45:00+00:00,0.30523121872567405,0.30523121872567405,2.2568613389228886e-07,0.30523144441180794,1.2364515308619632,1.1585864240441892,True,ok,,0.2,0.07,0.084
2020-07-23 00:00:00+00:00,0.2888442190444056,0.2888442190444056,2.2568614110873852e-07,0.2888444447305467,1.1585864240441892,1.0849016742879634,True,ok,,0.2,0.07,0.084
2020-07-23 00:15:00+00:00,0.3294409974583728,0.3294409974583728,2.2568615826168426e-07,0.32944122314453106,1.0849016742879634,1.0008606035077663,True,ok,,0.2,0.07,0.084
2020-07-23 00:30:00+00:00,0.27596969682512396,0.27596969682512396,8.187157224393005e-08,0.2759697786966962,1.0008606035077663,0.9304601706442143,True,ok,,0.2,0.07,0.084
2020-07-23 00:45:00+00:00,0.3162228866003425,0.3162228866003425,2.256861192928561e-07,0.31622311228646177,0.9304601706442143,0.8497910669196371,True,ok,,0.2,0.07,0.084
2020-07-23 01:00:00+00:00,0.2897076641356888,0.2897076641356888,2.2568610513751253e-07,0.28970788982179396,0.8497910669196371,0.775886050558492,True,ok,,0.2,0.07,0.084
2020-07-23 01:15:00+00:00,0.32501366245043345,0.32501366245043345,2.256861126870291e-07,0.32501388813654614,0.775886050558492,0.6929744019741978,True,ok,,0.2,0.07,0.084
2020-07-23 01:30:00+00:00,0.2690991080240941,0.2690991080240941,2.2568604629569222e-07,0.2690993337101404,0.6929744019741978,0.6243266703353982,True,ok,,0.2,0.07,0.084
2020-07-23 01:45:00+00:00,0.3290275522930388,0.3290275522930388,2.2568607005446495e-07,0.32902777797910887,0.6243266703353982,0.5403910702606435,True,ok,,0.2,0.07,0.084
2020-07-23 02:00:00+00:00,0.26897033006451854,0.26897033006451854,2.2568601082406659e-07,0.26897055575052936,0.5403910702606435,0.47177619014214384,True,ok,,0.2,0.07,0.084
2020-07-23 02:15:00+00:00,0.3068677720238992,0.3068677720238992,2.2568601143468925e-07,0.30686799770991063,0.47177619014214384,0.3934935952380879,True,ok,,0.2,0.07,0.084
2020-07-23 02:30:00+00:00,0.18875699694541162,0.18875699694541162,2.2568583066262526e-07,0.18875722263124228,0.3934935952380879,0.3453413000989523,True,ok,,0.2,0.07,0.084
2020-07-23 02:45:00+00:00,0.24117277505248946,0.24117277505248946,2.2568586630078435e-07,0.24117300073835576,0.3453413000989523,0.2838176329937254,True,ok,,0.2,0.07,0.084
2020-07-23 03:00:00+00:00,0.18656221878922138,0.18656221878922138,2.256857409288493e-07,0.1865624444749623,0.2838176329937254,0.23622523024137304,True,ok,,0.2,0.07,0.084
2020-07-23 03:15:00+00:00,0.22308577474617203,0.22308577474617203,2.2568573640469047e-07,0.22308600043190843,0.23622523024137304,0.17931559382653323,True,ok,,0.2,0.07,0.084
2020-07-23 03:30:00+00:00,0.25963469702262004,0.25963469702262004,2.2568569463254917e-07,0.2596349227083147,0.17931559382653323,0.11308225274933423,True,ok,,0.2,0.07,0.084
2020-07-23 03:45:00+00:00,0.15294298165749753,0.15294298165749753,2.2568537344502815e-07,0.15294320734287098,0.11308225274933423,0.07406618599997261,True,ok,,0.2,0.07,0.084
2020-07-23 04:00:00+00:00,0.1208415499254138,0.1208415499254138,-1.866966151120586e-09,0.12084154805844764,0.07406618599997261,0.043239259998591545,True,ok,,0.3,0.1,0.084
2020-07-23 04:15:00+00:00,0.07646371054868135,0.07646371054868135,-1.866967955233001e-09,0.0764637086817134,0.043239259998591545,0.023733211389234055,True,ok,,0.3,0.1,0.084
2020-07-23 04:30:00+00:00,0.07900440438241012,0.07900440438241012,-1.8669697038342647e-09,0.07900440251544041,0.023733211389234055,0.0035790265978029034,True,ok,,0.3,0.1,0.084
2020-07-23 04:45:00+00:00,-0.025426106491598894,-0.025426106491598894,-0.007490509378208245,-0.03291661586980714,0.0035790265978029034,0.009808422688244632,True,ok,,0.3,0.1,0.084
2020-07-23 05:00:00+00:00,0.020773703424373402,0.020773703424373402,-5.146334212946524e-09,0.02077369827803919,0.009808422688244632,0.004509008549373866,True,ok,,0.3,0.1,0.084
2020-07-23 05:15:00+00:00,-0.12166226184061521,-0.12166226184061521,-0.04255331999995815,-0.16421558184057336,0.004509008549373866,0.03431626270032459,True,ok,,0.3,0.1,0.084
2020-07-23 05:30:00+00:00,-0.035956498128836965,-0.035956498128836965,-0.0275406772489765,-0.06349717537781346,0.03431626270032459,0.043125604741889645,True,ok,,0.3,0.1,0.084
2020-07-23 05:45:00+00:00,-0.37921237629504095,-0.37921237629504095,-0.20784033962946674,-0.5870527159245077,0.043125604741889645,0.13603263693417467,True,ok,,0.3,0.1,0.084
2020-07-23 06:00:00+00:00,-0.5888123206179781,-0.5888123206179781,-0.5902190781694658,-1.179031398787444,0.13603263693417467,0.2802916554855793,True,ok,,0.3,0.1,0.084
2020-07-23 06:15:00+00:00,-0.6294091784581075,-0.6294091784581075,-0.876868128077767,-1.5062773065358745,0.2802916554855793,0.43449690420781567,True,ok,,0.3,0.1,0.084
2020-07-23 06:30:00+00:00,-0.48370978254518215,-0.48370978254518215,-1.4987723284213945,-1.9824821109665767,0.43449690420781567,0.5530058009313853,True,ok,,0.3,0.1,0.084
2020-07-23 06:45:00+00:00,-0.4270889286051547,-0.4270889286051547,-1.8146437039657333,-2.241732632570888,0.5530058009313853,0.6576425884396482,True,ok,,0.3,0.1,0.084
2020-07-23 07:00:00+00:00,-0.39091507054940045,-0.39091507054940045,-2.252564860386748,-2.6434799309361483,0.6576425884396482,0.7534167807242513,True,ok,,0.3,0.1,0.084
2020-07-23 07:15:00+00:00,-0.36193145601905363,-0.36193145601905363,-2.6942771869741584,-3.056208642993212,0.7534167807242513,0.8420899874489195,True,ok,,0.3,0.1,0.084
2020-07-23 07:30:00+00:00,-0.3594452952969907,-0.3594452952969907,-3.0092978400368926,-3.3687431353338835,0.8420899874489195,0.9301540847966823,True,ok,,0.3,0.1,0.084
2020-07-23 07:45:00+00:00,-0.31584863946476416,-0.31584863946476416,-3.427316219362791,-3.743164858827555,0.9301540847966823,1.0075370014655496,True,ok,,0.3,0.1,0.084
2020-07-23 08:00:00+00:00,-0.2990943881346,-0.2990943881346,-3.680906688486971,-3.980001076621571,1.0075370014655496,1.0808151265585266,True,ok,,0.3,0.1,0.084
2020-07-23 08:15:00+00:00,-0.2854767058955498,-0.2854767058955498,-4.0382439689188425,-4.323720674814393,1.0808151265585266,1.1507569195029363,True,ok,,0.3,0.1,0.084
2020-07-23 08:30:00+00:00,-0.2736294748915005,-0.2736294748915005,-4.378304345425208,-4.651933820316709,1.1507569195029363,1.217796140851354,True,ok,,0.3,0.1,0.084
2020-07-23 08:45:00+00:00,-0.26281228511685567,-0.26281228511685567,-4.5564492128250205,-4.819261497941876,1.217796140851354,1.2821851507049837,True,ok,,0.3,0.1,0.084
2020-07-23 09:00:00+00:00,-0.2535221230134022,-0.2535221230134022,-4.811732004579657,-5.065254127593059,1.2821851507049837,1.3442980708432672,True,ok,,0.3,0.1,0.084
2020-07-23 09:15:00+00:00,-0.2450545993595779,-0.2450545993595779,-4.968266730179638,-5.213321329539216,1.3442980708432672,1.4043364476863638,True,ok,,0.3,0.1,0.084
2020-07-23 09:30:00+00:00,-0.2375724932670082,-0.2375724932670082,-5.17107422369637,-5.408646716963378,1.4043364476863638,1.462541708536781,True,ok,,0.3,0.1,0.084
2020-07-23 09:45:00+00:00,-0.23104365276425137,-0.23104365276425137,-5.517952646669549,-5.7489962994338,1.462541708536781,1.5191474034640224,True,ok,,0.3,0.1,0.084
2020-07-23 10:00:00+00:00,-0.224539975305421,-0.224539975305421,-5.476743685963259,-5.70128366126868,1.5191474034640224,1.5741596974138505,True,ok,,0.3,0.1,0.084
2020-07-23 10:15:00+00:00,-0.21884078391671613,-0.21884078391671613,-5.598699733239894,-5.817540517156609,1.5741596974138505,1.627775689473446,True,ok,,0.3,0.1,0.084
2020-07-23 10:30:00+00:00,-0.21342353628748903,-0.21342353628748903,-5.567480489881394,-5.780904026168883,1.627775689473446,1.6800644558638809,True,ok,,0.3,0.1,0.084
2020-07-23 10:45:00+00:00,-0.20865487855179435,-0.20865487855179435,-5.716363600490698,-5.9250184790424925,1.6800644558638809,1.7311849011090705,True,ok,,0.3,0.1,0.084
2020-07-23 11:00:00+00:00,-0.20348708458356307,-0.20348708458356307,-5.231674046624136,-5.435161131207699,1.7311849011090705,1.7810392368320436,True,ok,,0.3,0.1,0.084
2020-07-23 11:15:00+00:00,-0.19975495377021446,-0.19975495377021446,-5.649019774477184,-5.848774728247398,1.7810392368320436,1.829979200505746,True,ok,,0.3,0.1,0.084
2020-07-23 11:30:00+00:00,-0.19598329759830826,-0.19598329759830826,-5.825790044028556,-6.021773341626865,1.829979200505746,1.8779951084173316,True,ok,,0.3,0.1,0.084
2020-07-23 11:45:00+00:00,-0.19221594826585423,-0.19221594826585423,-5.7549295687720745,-5.947145517037929,1.8779951084173316,1.925088015742466,True,ok,,0.3,0.1,0.084
2020-07-23 12:00:00+00:00,-0.18874319999532357,-0.18874319999532357,-5.743970992277463,-5.932714192272787,1.925088015742466,1.9713300997413201,True,ok,,0.3,0.1,0.084
2020-07-23 12:15:00+00:00,-0.18536572883661995,-0.18536572883661995,-5.610723486672203,-5.7960892155088235,1.9713300997413201,2.016744703306292,True,ok,,0.3,0.1,0.084
2020-07-23 12:30:00+00:00,-0.18227853208689523,-0.18227853208689523,-5.579552024316371,-5.761830556403266,2.016744703306292,2.061402943667581,True,ok,,0.3,0.1,0.084
2020-07-23 12:45:00+00:00,-0.17892676149937306,-0.17892676149937306,-5.112650457423794,-5.291577218923168,2.061402943667581,2.1052400002349274,True,ok,,0.3,0.1,0.084
2020-07-23 13:00:00+00:00,-0.17546923862151687,-0.17546923862151687,-4.494062183200633,-4.66953142182215,2.1052400002349274,2.148229963697199,True,ok,,0.3,0.1,0.084
2020-07-23 13:15:00+00:00,-0.1739429981411154,-0.1739429981411154,-5.426059813854935,-5.600002811996051,2.148229963697199,2.1908459982417723,True,ok,,0.3,0.1,0.084
2020-07-23 13:30:00+00:00,-0.1719059182947136,-0.1719059182947136,-5.173139890127624,-5.345045808422338,2.1908459982417723,2.2329629482239772,True,ok,,0.3,0.1,0.084
2020-07-23 13:45:00+00:00,-0.16581733703809776,-0.16581733703809776,-3.214024272089488,-3.379841609127586,2.2329629482239772,2.273588195798311,True,ok,,0.3,0.1,0.084
2020-07-23 14:00:00+00:00,-0.16461317275237522,-0.16461317275237522,-3.663743241045391,-3.828356413797766,2.273588195798311,2.313918423122643,True,ok,,0.3,0.1,0.084
2020-07-23 14:15:00+00:00,-0.16371330423362768,-0.16371330423362768,-4.452396329347307,-4.616109633580935,2.313918423122643,2.3540281826598815,True,ok,,0.3,0.1,0.084
2020-07-23 14:30:00+00:00,-0.15328058287861934,-0.15328058287861934,-1.6946150190578821,-1.8478956019365014,2.3540281826598815,2.391581925465143,True,ok,,0.3,0.1,0.084
2020-07-23 14:45:00+00:00,-0.15801198623701346,-0.15801198623701346,-3.3023168920023664,-3.46032887823938,2.391581925465143,2.4302948620932114,True,ok,,0.3,0.1,0.084
2020-07-23 15:00:00+00:00,2.2454591143797787e-07,2.2454591143797787e-07,-4.017307757970845,-4.017307533424933,2.4302948620932114,2.430294804811091,True,ok,,0.4,0.18,0.084
2020-07-23 15:15:00+00:00,2.2336827334727734e-07,2.2336827334727734e-07,-3.395299610917897,-3.3952993875496236,2.430294804811091,2.4302947478293886,True,ok,,0.4,0.18,0.084
2020-07-23 15:30:00+00:00,5.6235595509400587e-08,5.6235595509400587e-08,-3.06705787724997,-3.067057821014375,2.4302947478293886,2.4302947334835734,True,ok,,0.4,0.18,0.084
2020-07-23 15:45:00+00:00,2.2652475736343554e-07,2.2652475736343554e-07,-2.7095277271337204,-2.709527500608963,2.4302947334835734,2.4302946756966457,True,ok,,0.4,0.18,0.084
2020-07-23 16:00:00+00:00,2.0524662408662013e-07,2.0524662408662013e-07,-2.1183665458549656,-2.1183663406083415,2.4302946756966457,2.430294623337813,True,ok,,0.4,0.18,0.084
2020-07-23 16:15:00+00:00,2.0528029629440743e-07,2.0528029629440743e-07,-1.7238973613986384,-1.723897156118342,2.430294623337813,2.4302945709703905,True,ok,,0.4,0.18,0.084
2020-07-23 16:30:00+00:00,4.9852959958986205e-08,4.9852959958986205e-08,-1.1508656343970711,-1.1508655845441111,2.4302945709703905,2.4302945582527986,True,ok,,0.4,0.18,0.084
2020-07-23 16:45:00+00:00,2.0724925414793436e-07,2.0724925414793436e-07,-0.9306682685926263,-0.9306680613433721,2.4302945582527986,2.430294505383091,True,ok,,0.4,0.18,0.084
2020-07-23 17:00:00+00:00,2.062107133428894e-07,2.062107133428894e-07,-0.27277453047509403,-0.2727743242643807,2.430294505383091,2.430294452778317,True,ok,,0.4,0.18,0.084
2020-07-23 17:15:00+00:00,2.0622013088209074e-07,2.0622013088209074e-07,-0.09413705342458088,-0.09413684720445,2.430294452778317,2.4302944001711406,True,ok,,0.4,0.18,0.084
2020-07-23 17:30:00+00:00,0.026354670723169243,0.026354670723169243,-2.2584851132323447e-07,0.02635444487465792,2.4302944001711406,2.4235712698846177,True,ok,,0.4,0.18,0.084
2020-07-23 17:45:00+00:00,0.08655317604917705,0.08655317604917705,-2.2585548721532067e-07,0.08655295019368983,2.4235712698846177,2.4014913780353377,True,ok,,0.4,0.18,0.084
2020-07-23 18:00:00+00:00,0.1594630789409285,0.1594630789409285,-2.2491838702620726e-07,0.15946285402254148,2.4014913780353377,2.3608120211626518,True,ok,,0.4,0.18,0.084
2020-07-23 18:15:00+00:00,0.1782093347996443,0.1782093347996443,-2.248893149758846e-07,0.17820910991032932,2.3608120211626518,2.3153504561627427,True,ok,,0.4,0.18,0.084
2020-07-23 18:30:00+00:00,0.2394452553809932,0.2394452553809932,-2.2484960318647218e-07,0.23944503053139002,2.3153504561627427,2.2542674828512648,True,ok,,0.4,0.18,0.084
2020-07-23 18:45:00+00:00,0.2551898719124278,0.2551898719124278,-2.2479618733139972e-07,0.2551896471162405,2.2542674828512648,2.1891680257307473,True,ok,,0.4,0.18,0.084
2020-07-23 19:00:00+00:00,0.33445322421065915,0.33445322421065915,2.5924920799003104e-07,0.33445348345986714,2.1891680257307473,2.1038483256770077,True,ok,,0.2,0.07,0.084
2020-07-23 19:15:00+00:00,0.22662015780255954,0.22662015780255954,2.5924170335422936e-07,0.2266204170442629,2.1038483256770077,2.046037060931457,True,ok,,0.2,0.07,0.084
2020-07-23 19:30:00+00:00,0.25111117748057177,0.25111117748057177,2.592332207229653e-07,0.2511114367137925,2.046037060931457,1.9819780870843722,True,ok,,0.2,0.07,0.084
2020-07-23 19:45:00+00:00,0.2442425188326999,0.2442425188326999,2.5922482238538436e-07,0.2442427780575223,1.9819780870843722,1.9196713220760304,True,ok,,0.2,0.07,0.084
2020-07-23 20:00:00+00:00,0.26004629636457816,0.26004629636457816,2.592181045923958e-07,0.26004655558268275,1.9196713220760304,1.8533329811666992,True,ok,,0.2,0.07,0.084
2020-07-23 20:15:00+00:00,0.16732129620371472,0.16732129620371472,2.592094255349231e-07,0.16732155541314025,1.8533329811666992,1.8106489770330985,True,ok,,0.2,0.07,0.084
2020-07-23 20:30:00+00:00,0.2041046297052616,0.2041046297052616,2.59200157753936e-07,0.20410488890541936,1.8106489770330985,1.7585814694552255,True,ok,,0.2,0.07,0.084
2020-07-23 20:45:00+00:00,0.1590028519279199,0.1590028519279199,2.5919082086156564e-07,0.15900311111874077,1.7585814694552255,1.718019517432797,True,ok,,0.2,0.07,0.084
2020-07-23 21:00:00+00:00,0.21341085209905716,0.21341085209905716,2.5918159565763155e-07,0.21341111128065282,1.718019517432797,1.6635779735299763,True,ok,,0.2,0.07,0.084
2020-07-23 21:15:00+00:00,0.15918951890152755,0.15918951890152755,2.591721016409476e-07,0.1591897780736292,1.6635779735299763,1.6229684023816273,True,ok,,0.2,0.07,0.084
2020-07-23 21:30:00+00:00,0.1964416296468542,0.1964416296468542,2.591623494418993e-07,0.19644188880920363,1.6229684023816273,1.5728557417574298,True,ok,,0.2,0.07,0.084
2020-07-23 21:45:00+00:00,0.1759429630204865,0.1759429630204865,2.591525688766527e-07,0.17594322217305539,1.5728557417574298,1.5279723328236323,True,ok,,0.2,0.07,0.084
2020-07-23 22:00:00+00:00,0.19903037614314717,0.19903037614314717,1.786282757265667e-07,0.1990305547714229,1.5279723328236323,1.4771992776850744,True,ok,,0.2,0.07,0.084
2020-07-23 22:15:00+00:00,0.16161248798058558,0.16161248798058558,1.7862631776499605e-07,0.16161266660690335,1.4771992776850744,1.435971602179823,True,ok,,0.2,0.07,0.084
2020-07-23 22:30:00+00:00,0.20416107195975441,0.20416107195975441,2.61315086569347e-07,0.20416133327484098,1.435971602179823,1.3838896960676408,True,ok,,0.2,0.07,0.084
2020-07-23 22:45:00+00:00,0.16955462718827816,0.16955462718827816,2.61303882753694e-07,0.1695548884921609,1.3838896960676408,1.3406359646420596,True,ok,,0.2,0.07,0.084
2020-07-23 23:00:00+00:00,0.21032784961433995,0.21032784961433995,2.612924726863586e-07,0.21032811090681264,1.3406359646420596,1.286980900964932,True,ok,,0.2,0.07,0.084
2020-07-23 23:15:00+00:00,0.28661329388523915,0.28661329388523915,2.612812168290013e-07,0.286613555166456,1.286980900964932,1.213865264769718,True,ok,,0.2,0.07,0.084
2020-07-23 23:30:00+00:00,0.26409173837674993,0.26409173837674993,2.612706023752409e-07,0.2640919996473523,1.213865264769718,1.1464949233470776,True,ok,,0.2,0.07,0.084
2020-07-23 23:45:00+00:00,0.28060662781877876,0.28060662781877876,2.6125957358624774e-07,0.28060688907835235,1.1464949233470776,1.0749115999239198,True,ok,,0.2,0.07,0.084
2020-07-24 00:00:00+00:00,0.26166896163610626,0.26166896163610626,2.612486018072069e-07,0.26166922288470806,1.0749115999239198,1.00815931379226,True,ok,,0.2,0.07,0.084
2020-07-24 00:15:00+00:00,0.28367862770890223,0.28367862770890223,2.6123720736626055e-07,0.2836788889461096,1.00815931379226,0.9357923169277441,True,ok,,0.2,0.07,0.084
2020-07-24 00:30:00+00:00,0.2506798492074925,0.2506798492074925,2.612258742651363e-07,0.25068011043336674,0.9357923169277441,0.8718433758033838,True,ok,,0.2,0.07,0.084
2020-07-24 00:45:00+00:00,0.2945547393031115,0.2945547393031115,2.6121399215872643e-07,0.29455500051710365,0.8718433758033838,0.796701860675039,True,ok,,0.2,0.07,0.084
2020-07-24 01:00:00+00:00,0.24459099071960494,0.24459099071960494,1.2032580909426827e-07,0.24459111104541403,0.796701860675039,0.7343061997771806,True,ok,,0.2,0.07,0.084
2020-07-24 01:15:00+00:00,0.2836425467909548,0.2836425467909548,1.2032245511051087e-07,0.2836426671134099,0.7343061997771806,0.6619484072284676,True,ok,,0.2,0.07,0.084
2020-07-24 01:30:00+00:00,0.253197658298624,0.253197658298624,1.203183871978375e-07,0.2531977786170112,0.6619484072284676,0.5973571678665737,True,ok,,0.2,0.07,0.084
2020-07-24 01:45:00+00:00,0.25387521299472815,0.25387521299472815,1.2031444479587705e-07,0.25387533330917295,0.5973571678665737,0.5325930829189389,True,ok,,0.2,0.07,0.084
2020-07-24 02:00:00+00:00,0.2665339919843104,0.2665339919843104,1.2031020502067946e-07,0.2665341122945154,0.5325930829189389,0.46459971761681895,True,ok,,0.2,0.07,0.084
2020-07-24 02:15:00+00:00,0.248798547189035,0.248798547189035,1.2030542106966635e-07,0.24879866749445606,0.46459971761681895,0.40113070047675903,True,ok,,0.2,0.07,0.084
2020-07-24 02:30:00+00:00,0.2785488797825457,0.2785488797825457,1.2030052987110906e-07,0.2785490000830756,0.40113070047675903,0.33007231277713,True,ok,,0.2,0.07,0.084
2020-07-24 02:45:00+00:00,0.24087754597744493,0.24087754597744493,1.202946127432103e-07,0.24087766627205767,0.33007231277713,0.26862395921145527,True,ok,,0.2,0.07,0.084
2020-07-24 03:00:00+00:00,0.2865637679960383,0.2865637679960383,1.2028885709725046e-07,0.2865638882848954,0.26862395921145527,0.19552095717164958,True,ok,,0.2,0.07,0.084
2020-07-24 03:15:00+00:00,0.2328984352941108,0.2328984352941108,1.2028136556208047e-07,0.23289855557547637,0.19552095717164958,0.13610809102519272,True,ok,,0.2,0.07,0.084
2020-07-24 03:30:00+00:00,0.18570643595057987,0.18570643595057987,1.2027424306504386e-07,0.18570655622482293,0.13610809102519272,0.08873400022147337,True,ok,,0.2,0.07,0.084
2020-07-24 03:45:00+00:00,0.17195553282686604,0.17195553282686604,4.0896605688067744e-07,0.17195594179292292,0.08873400022147337,0.044867792867681014,True,ok,,0.2,0.07,0.084
2020-07-24 04:00:00+00:00,0.06682710089661871,0.06682710089661871,-1.5777300854669107e-09,0.06682709931888862,0.044867792867681014,0.027820063047115016,True,ok,,0.3,0.1,0.084
2020-07-24 04:15:00+00:00,0.08276326265624932,0.08276326265624932,-1.5777401884964348e-09,0.08276326107850913,0.027820063047115016,0.0067069858388881486,True,ok,,0.3,0.1,0.084
2020-07-24 04:30:00+00:00,0.026290838209710267,0.026290838209710267,-2.9555819527904426e-09,0.026290835254128314,0.0067069858388881486,1.39356819202352e-07,True,ok,,0.3,0.1,0.084
2020-07-24 04:45:00+00:00,-0.028669787945276397,-0.028669787945276397,-0.012017556928085555,-0.04068734487336195,1.39356819202352e-07,0.007024237403411919,True,ok,,0.3,0.1,0.084
2020-07-24 05:00:00+00:00,-0.10133457383407428,-0.10133457383407428,-0.042736001664819875,-0.14407057549889415,0.007024237403411919,0.03185120799276012,True,ok,,0.3,0.1,0.084
2020-07-24 05:15:00+00:00,-0.3211367109577487,-0.3211367109577487,-0.11466898241397622,-0.4358056933717249,0.03185120799276012,0.11052970217740855,True,ok,,0.3,0.1,0.084
2020-07-24 05:30:00+00:00,-0.30785977019548777,-0.30785977019548777,-0.1498754758994021,-0.45773524609488986,0.11052970217740855,0.18595534587530305,True,ok,,0.3,0.1,0.084
2020-07-24 05:45:00+00:00,-0.23926393598667023,-0.23926393598667023,-0.15523675304119577,-0.394500689027866,0.18595534587530305,0.24457501019203726,True,ok,,0.3,0.1,0.084
2020-07-24 06:00:00+00:00,-0.16473914818973748,-0.16473914818973748,-0.1315939255070411,-0.2963330736967786,0.24457501019203726,0.28493610149852294,True,ok,,0.3,0.1,0.084
2020-07-24 06:15:00+00:00,-0.3595634818308716,-0.3595634818308716,-0.2863385265465831,-0.6459020083774547,0.28493610149852294,0.3730291545470865,True,ok,,0.3,0.1,0.084
2020-07-24 06:30:00+00:00,-0.0589142437682262,-0.0589142437682262,-0.0574193579465968,-0.116333601714823,0.3730291545470865,0.38746314427030193,True,ok,,0.3,0.1,0.084
2020-07-24 06:45:00+00:00,-0.42208524261741887,-0.42208524261741887,-0.7336799691935014,-1.1557652118109203,0.38746314427030193,0.49087402871156954,True,ok,,0.3,0.1,0.084
2020-07-24 07:00:00+00:00,-0.49279067322282255,-0.49279067322282255,-1.7448168437294873,-2.23760751695231,0.49087402871156954,0.6116077436511611,True,ok,,0.3,0.1,0.084
2020-07-24 07:15:00+00:00,-0.38383913177734785,-0.38383913177734785,-1.2261710248398727,-1.6100101566172207,0.6116077436511611,0.7056483309366113,True,ok,,0.3,0.1,0.084
2020-07-24 07:30:00+00:00,-0.36840757547456765,-0.36840757547456765,-1.6022240218696957,-1.9706315973442634,0.7056483309366113,0.7959081869278803,True,ok,,0.3,0.1,0.084
2020-07-24 07:45:00+00:00,-0.3692893319605808,-0.3692893319605808,-2.9740289671608373,-3.3433182991214183,0.7959081869278803,0.8863840732582227,True,ok,,0.3,0.1,0.084
2020-07-24 08:00:00+00:00,-0.30979684203512936,-0.30979684203512936,-1.5070252040080037,-1.816822046043133,0.8863840732582227,0.9622842995568294,True,ok,,0.3,0.1,0.084
2020-07-24 08:15:00+00:00,-0.3158953254635183,-0.3158953254635183,-2.7248572644535742,-3.0407525899170924,0.9622842995568294,1.0396786542953913,True,ok,,0.3,0.1,0.084
2020-07-24 08:30:00+00:00,-0.3059711680066982,-0.3059711680066982,-3.7223278209669854,-4.028298988973684,1.0396786542953913,1.1146415904570324,True,ok,,0.3,0.1,0.084
2020-07-24 08:45:00+00:00,-0.29064274004523183,-0.29064274004523183,-3.7519964127944,-4.042639152839632,1.1146415904570324,1.185849061768114,True,ok,,0.3,0.1,0.084
2020-07-24 09:00:00+00:00,-0.2756569719221585,-0.2756569719221585,-3.392763828867861,-3.6684208007900194,1.185849061768114,1.253385019889043,True,ok,,0.3,0.1,0.084
2020-07-24 09:15:00+00:00,-0.2553430527344698,-0.2553430527344698,-2.2276510010418598,-2.4829940537763293,1.253385019889043,1.3159440678089882,True,ok,,0.3,0.1,0.084
2020-07-24 09:30:00+00:00,-0.24324012992737026,-0.24324012992737026,-1.9842620767208046,-2.227502206648175,1.3159440678089882,1.375537899641194,True,ok,,0.3,0.1,0.084
2020-07-24 09:45:00+00:00,-0.22138643782572795,-0.22138643782572795,-1.263673711583031,-1.485060149408759,1.375537899641194,1.4297775769084973,True,ok,,0.3,0.1,0.084
2020-07-24 10:00:00+00:00,-0.23003169917112917,-0.23003169917112917,-2.1520972140297316,-2.382128913200861,1.4297775769084973,1.4861353432054238,True,ok,,0.3,0.1,0.084
2020-07-24 10:15:00+00:00,-0.23615471470210467,-0.23615471470210467,-5.206619608269517,-5.442774322971622,1.4861353432054238,1.5439932483074394,True,ok,,0.3,0.1,0.084
2020-07-24 10:30:00+00:00,-0.23125439018398072,-0.23125439018398072,-6.444740066599037,-6.675994456783018,1.5439932483074394,1.6006505739025148,True,ok,,0.3,0.1,0.084
2020-07-24 10:45:00+00:00,-0.22208355909803562,-0.22208355909803562,-4.419116111949365,-4.641199671047401,1.6006505739025148,1.6550610458815336,True,ok,,0.3,0.1,0.084
2020-07-24 11:00:00+00:00,-0.21591330171184842,-0.21591330171184842,-4.089058583925457,-4.304971885637305,1.6550610458815336,1.7079598048009363,True,ok,,0.3,0.1,0.084
2020-07-24 11:15:00+00:00,-0.21087173770438986,-0.21087173770438986,-4.054284223466026,-4.265155961170416,1.7079598048009363,1.7596233805385117,True,ok,,0.3,0.1,0.084
2020-07-24 11:30:00+00:00,-0.20392755080079203,-0.20392755080079203,-3.2230463275466703,-3.426973878347462,1.7596233805385117,1.8095856304847058,True,ok,,0.3,0.1,0.084
2020-07-24 11:45:00+00:00,-0.1850937500351532,-0.1850937500351532,-1.3545486424858253,-1.5396423925209786,1.8095856304847058,1.8549335992433182,True,ok,,0.3,0.1,0.084
2020-07-24 12:00:00+00:00,-0.19157321590935658,-0.19157321590935658,-2.2865112464757114,-2.478084462385068,1.8549335992433182,1.9018690371411107,True,ok,,0.3,0.1,0.084
2020-07-24 12:15:00+00:00,-0.18665633658647438,-0.18665633658647438,-2.0768074656327853,-2.2634638022192597,1.9018690371411107,1.9475998396047969,True,ok,,0.3,0.1,0.084
2020-07-24 12:30:00+00:00,-0.18845617912230048,-0.18845617912230048,-3.1087436465332456,-3.297199825655546,1.9475998396047969,1.9937716034897606,True,ok,,0.3,0.1,0.084
2020-07-24 12:45:00+00:00,-0.17975411379468087,-0.17975411379468087,-1.9904382230203903,-2.170192336815071,1.9937716034897606,2.0378113613694575,True,ok,,0.3,0.1,0.084
2020-07-24 13:00:00+00:00,-0.1643593932565807,-0.1643593932565807,-1.0547910588409501,-1.219150452097531,2.0378113613694575,2.0780794127173197,True,ok,,0.3,0.1,0.084
2020-07-24 13:15:00+00:00,-0.1553999390333013,-0.1553999390333013,-0.8261799224066629,-0.9815798614399642,2.0780794127173197,2.1161523977804784,True,ok,,0.3,0.1,0.084
2020-07-24 13:30:00+00:00,-0.17661102518243274,-0.17661102518243274,-3.0865824475113635,-3.2631934726937963,2.1161523977804784,2.1594220989501745,True,ok,,0.3,0.1,0.084
2020-07-24 13:45:00+00:00,-0.17058659993830466,-0.17058659993830466,-2.217250095052782,-2.3878366949910865,2.1594220989501745,2.201215815935059,True,ok,,0.3,0.1,0.084
2020-07-24 14:00:00+00:00,-0.17024713591193238,-0.17024713591193238,-2.666732941129679,-2.8369800770416114,2.201215815935059,2.2429263642334822,True,ok,,0.3,0.1,0.084
2020-07-24 14:15:00+00:00,-0.1717078637778468,-0.1717078637778468,-4.3178602592810424,-4.4895681230588895,2.2429263642334822,2.284994790859055,True,ok,,0.3,0.1,0.084
2020-07-24 14:30:00+00:00,-0.167657558156847,-0.167657558156847,-3.3201685067513376,-3.4878260649081847,2.284994790859055,2.3260708926074822,True,ok,,0.3,0.1,0.084
2020-07-24 14:45:00+00:00,-0.16608673182742206,-0.16608673182742206,-3.582124303469139,-3.748211035296561,2.3260708926074822,2.3667621419052005,True,ok,,0.3,0.1,0.084
2020-07-24 15:00:00+00:00,8.104653768803699e-08,8.104653768803699e-08,-1.4394144828901676,-1.43941440184363,2.3667621419052005,2.3667621212300634,True,ok,,0.4,0.18,0.084
2020-07-24 15:15:00+00:00,8.104653796635481e-08,8.104653796635481e-08,-1.844778537495133,-1.8447784564485952,2.3667621212300634,2.366762100554926,True,ok,,0.4,0.18,0.084
2020-07-24 15:30:00+00:00,8.104653928870568e-08,8.104653928870568e-08,-1.3420402072701219,-1.3420401262235826,2.366762100554926,2.3667620798797886,True,ok,,0.4,0.18,0.084
2020-07-24 15:45:00+00:00,8.104654004154377e-08,8.104654004154377e-08,-1.3263098467837153,-1.3263097657371752,2.3667620798797886,2.366762059204651,True,ok,,0.4,0.18,0.084
2020-07-24 16:00:00+00:00,2.2334839417514815e-07,2.2334839417514815e-07,-1.179569031883901,-1.1795688085355067,2.366762059204651,2.36676200222802,True,ok,,0.4,0.18,0.084
2020-07-24 16:15:00+00:00,2.2334841273970393e-07,2.2334841273970393e-07,-0.9727279173296421,-0.9727276939812294,2.36676200222802,2.366761945251384,True,ok,,0.4,0.18,0.084
2020-07-24 16:30:00+00:00,2.2334844120204913e-07,2.2334844120204913e-07,-0.7414665219790348,-0.7414662986305937,2.366761945251384,2.366761888274741,True,ok,,0.4,0.18,0.084
2020-07-24 16:45:00+00:00,2.233484412101901e-07,2.233484412101901e-07,-0.7880539464301254,-0.7880537230816842,2.366761888274741,2.3667618312980983,True,ok,,0.4,0.18,0.084
2020-07-24 17:00:00+00:00,8.103887841331578e-08,8.103887841331578e-08,-0.609763786656776,-0.6097637056178976,2.3667618312980983,2.366761810624915,True,ok,,0.4,0.18,0.084
2020-07-24 17:15:00+00:00,8.103891249043287e-08,8.103891249043287e-08,-0.18464905140863913,-0.18464897036972663,2.366761810624915,2.366761789951723,True,ok,,0.4,0.18,0.084
2020-07-24 17:30:00+00:00,8.103889736172564e-08,8.103889736172564e-08,-0.2766117779826411,-0.2766116969437437,2.366761789951723,2.366761769278535,True,ok,,0.4,0.18,0.084
2020-07-24 17:45:00+00:00,8.103896909382929e-08,8.103896909382929e-08,-0.08518747135655741,-0.08518739031758832,2.366761769278535,2.3667617486053287,True,ok,,0.4,0.18,0.084
2020-07-24 18:00:00+00:00,2.2334700755391012e-07,2.2334700755391012e-07,-0.09077898891506453,-0.09077876556805697,2.3667617486053287,2.3667616916290513,True,ok,,0.4,0.18,0.084
2020-07-24 18:15:00+00:00,2.2335640510759708e-07,2.2335640510759708e-07,-0.006506855989175493,-0.006506632632770386,2.3667616916290513,2.3667616346503766,True,ok,,0.4,0.18,0.084
2020-07-24 18:30:00+00:00,0.06279695646758482,0.06279695646758482,-2.4274816290414947e-07,0.06279671371942191,2.3667616346503766,2.350742002898442,True,ok,,0.4,0.18,0.084
2020-07-24 18:45:00+00:00,0.16778537976469618,0.16778537976469618,-2.4274749374497695e-07,0.16778513701720243,2.350742002898442,2.3079396101013256,True,ok,,0.4,0.18,0.084
2020-07-24 19:00:00+00:00,0.2133687353160767,0.2133687353160767,2.2572803035081357e-07,0.21336896104410705,2.3079396101013256,2.253508810275796,True,ok,,0.2,0.07,0.084
2020-07-24 19:15:00+00:00,0.24075067161881467,0.24075067161881467,2.257280619644142e-07,0.24075089734687663,2.253508810275796,2.192092822617935,True,ok,,0.2,0.07,0.084
2020-07-24 19:30:00+00:00,0.2713253373453435,0.2713253373453435,2.257280889428337e-07,0.2713255630734324,2.192092822617935,2.1228771753359594,True,ok,,0.2,0.07,0.084
2020-07-24 19:45:00+00:00,0.2598962190164626,0.2598962190164626,2.2572807156784336e-07,0.25989644474453416,2.1228771753359594,2.056577119464413,True,ok,,0.2,0.07,0.084
2020-07-24 20:00:00+00:00,0.2642065514418753,0.2642065514418753,2.2572809438292651e-07,0.2642067771699697,2.056577119464413,1.9891774889945468,True,ok,,0.2,0.07,0.084
2020-07-24 20:15:00+00:00,0.27184810721741076,0.27184810721741076,2.2572809510457148e-07,0.27184833294550587,1.9891774889945468,1.9198284820513298,True,ok,,0.2,0.07,0.084
2020-07-24 20:30:00+00:00,0.5295503284095485,0.5295503284095485,2.2572821223310058e-07,0.5295505541377608,1.9198284820513298,1.7847391125590981,True,ok,,0.2,0.07,0.084
2020-07-24 20:45:00+00:00,0.25632444152436934,0.25632444152436934,2.2572806523957212e-07,0.2563246672524346,1.7847391125590981,1.7193502244151264,True,ok,,0.2,0.07,0.084
2020-07-24 21:00:00+00:00,0.2817928864545232,0.2817928864545232,2.257280932727035e-07,0.2817931121826165,1.7193502244151264,1.6474642839930542,True,ok,,0.2,0.07,0.084
2020-07-24 21:15:00+00:00,0.25105121807128195,0.25105121807128195,2.2572805447040878e-07,0.2510514437993364,1.6474642839930542,1.5834206059136455,True,ok,,0.2,0.07,0.084
2020-07-24 21:30:00+00:00,0.2836151073628098,0.2836151073628098,2.257280780071369e-07,0.2836153330908878,1.5834206059136455,1.5110698132190512,True,ok,,0.2,0.07,0.084
2020-07-24 21:45:00+00:00,0.2531472190181901,0.2531472190181901,2.257280390938199e-07,0.2531474447462292,1.5110698132190512,1.4464914410205334,True,ok,,0.2,0.07,0.084
2020-07-24 22:00:00+00:00,0.26852033054169994,0.26852033054169994,2.2572805186138467e-07,0.2685205562697518,1.4464914410205334,1.3779913566986712,True,ok,,0.2,0.07,0.084
2020-07-24 22:15:00+00:00,0.2694224410229713,0.2694224410229713,2.2572804275755587e-07,0.26942266675101406,1.3779913566986712,1.3092611421519949,True,ok,,0.2,0.07,0.084
2020-07-24 22:30:00+00:00,0.26508488557212256,0.26508488557212256,2.2572802771403389e-07,0.2650851113001503,1.3092611421519949,1.241637446852984,True,ok,,0.2,0.07,0.084
2020-07-24 22:45:00+00:00,0.25335344175373586,0.25335344175373586,2.2572800417730576e-07,0.25335366748174004,1.241637446852984,1.1770064668137656,True,ok,,0.2,0.07,0.084
2020-07-24 23:00:00+00:00,0.27956855125036323,0.27956855125036323,2.2572802355069754e-07,0.2795687769783868,1.1770064668137656,1.105687958841734,True,ok,,0.2,0.07,0.084
2020-07-24 23:15:00+00:00,0.25476688461976155,0.25476688461976155,2.2572798608067046e-07,0.2547671103477476,1.105687958841734,1.0406964066428153,True,ok,,0.2,0.07,0.084
2020-07-24 23:30:00+00:00,0.2589969970028714,0.2589969970028714,2.257279765882636e-07,0.25899722273084796,1.0406964066428153,0.9746257441420828,True,ok,,0.2,0.07,0.084
2020-07-24 23:45:00+00:00,0.2746611072925507,0.2746611072925507,2.2572797758746432e-07,0.2746613330205283,0.9746257441420828,0.9045591351388811,True,ok,,0.2,0.07,0.084
2020-07-25 00:00:00+00:00,0.25378699710250985,0.25378699710250985,2.257279449469074e-07,0.2537872228304548,0.9045591351388811,0.8398175542453836,True,ok,,0.2,0.07,0.084
2020-07-25 00:15:00+00:00,0.272359774893002,0.272359774893002,2.2572794639019733e-07,0.2723600006209484,0.8398175542453836,0.7703380198339035,True,ok,,0.2,0.07,0.084
2020-07-25 00:30:00+00:00,0.25712521957441553,0.25712521957441553,2.2572791197328357e-07,0.2571254453023275,0.7703380198339035,0.704744851575124,True,ok,,0.2,0.07,0.084
2020-07-25 00:45:00+00:00,0.2721434406560486,0.2721434406560486,2.25727906255635e-07,0.2721436663839549,0.704744851575124,0.6353205044689891,True,ok,,0.2,0.07,0.084
2020-07-25 01:00:00+00:00,0.2542926636764287,0.2542926636764287,2.2572786861907446e-07,0.25429288940429734,0.6353205044689891,0.5704499270005124,True,ok,,0.2,0.07,0.084
2020-07-25 01:15:00+00:00,0.21438677439851817,0.21438677439851817,2.2572779131979637e-07,0.21438700012630948,0.5704499270005124,0.5157594233274211,True,ok,,0.2,0.07,0.084
2020-07-25 01:30:00+00:00,0.15728910723438916,0.15728910723438916,2.257276468242697e-07,0.15728933296203598,0.5157594233274211,0.47563465107375036,True,ok,,0.2,0.07,0.084
2020-07-25 01:45:00+00:00,0.21070788636376347,0.21070788636376347,2.2572772484519277e-07,0.21070811209148832,0.47563465107375036,0.4218826392462597,True,ok,,0.2,0.07,0.084
2020-07-25 02:00:00+00:00,0.1569138857171034,0.1569138857171034,2.2572758170968932e-07,0.15691411144468512,0.4218826392462597,0.38185358676740677,True,ok,,0.2,0.07,0.084
2020-07-25 02:15:00+00:00,0.1944738863062189,0.1944738863062189,2.2572762525818746e-07,0.19447411203384415,0.38185358676740677,0.3322429014852081,True,ok,,0.2,0.07,0.084
2020-07-25 02:30:00+00:00,0.1733255525236879,0.1733255525236879,2.2572753671790124e-07,0.1733257782512246,0.3322429014852081,0.2880271993107979,True,ok,,0.2,0.07,0.084
2020-07-25 02:45:00+00:00,0.20046655242365718,0.20046655242365718,2.2572753691219027e-07,0.2004667781511941,0.2880271993107979,0.23688777267210984,True,ok,,0.2,0.07,0.084
2020-07-25 03:00:00+00:00,0.16034355166425548,0.16034355166425548,2.25727390168462e-07,0.16034377739164565,0.23688777267210984,0.19598380541082017,True,ok,,0.2,0.07,0.084
2020-07-25 03:15:00+00:00,0.19783888449870946,0.19783888449870946,2.2572739191706326e-07,0.19783911022610137,0.19598380541082017,0.1455147022223739,True,ok,,0.2,0.07,0.084
2020-07-25 03:30:00+00:00,0.17339021839253416,0.17339021839253416,2.2572723687441787e-07,0.17339044411977103,0.1455147022223739,0.10128250365284988,True,ok,,0.2,0.07,0.084
2020-07-25 03:45:00+00:00,0.15603083563837195,0.15603083563837195,2.2572704053147596e-07,0.15603106136541248,0.10128250365284988,0.06147871905122439,True,ok,,0.2,0.07,0.084
2020-07-25 04:00:00+00:00,0.14792971435212257,0.14792971435212257,-5.145252612859252e-09,0.14792970920686996,0.06147871905122439,0.02374154702262169,True,ok,,0.3,0.1,0.084
2020-07-25 04:15:00+00:00,0.0241409171570691,0.0241409171570691,-5.145312148568948e-09,0.02414091201175695,0.02374154702262169,0.017583149788675492,True,ok,,0.3,0.1,0.084
2020-07-25 04:30:00+00:00,0.008414208241506968,0.008414208241506968,-5.145431249478638e-09,0.008414203096075719,0.017583149788675492,0.01543666809441351,True,ok,,0.3,0.1,0.084
2020-07-25 04:45:00+00:00,-0.00329960895860906,-0.00329960895860906,-0.0009135715037273499,-0.00421318046233641,0.01543666809441351,0.01624507228927273,True,ok,,0.3,0.1,0.084
2020-07-25 05:00:00+00:00,0.06239480564756153,0.06239480564756153,-5.1453395502609744e-09,0.06239480050222198,0.01624507228927273,0.00032803003224172664,True,ok,,0.3,0.1,0.084
2020-07-25 05:15:00+00:00,-0.05838982328190024,-0.05838982328190024,-0.021457598260081,-0.07984742154198124,0.00032803003224172664,0.014633536736307285,True,ok,,0.3,0.1,0.084
2020-07-25 05:30:00+00:00,-0.08498144098081237,-0.08498144098081237,-0.04096795368190553,-0.1259493946627179,0.014633536736307285,0.03545398977660631,True,ok,,0.3,0.1,0.084
2020-07-25 05:45:00+00:00,-0.2989302422728434,-0.2989302422728434,-0.11748134386454057,-0.416411586137384,0.03545398977660631,0.10869189913345295,True,ok,,0.3,0.1,0.084
2020-07-25 06:00:00+00:00,-0.37383103056609845,-0.37383103056609845,-0.17627068227170561,-0.5501017128378041,0.10869189913345295,0.20028050162214706,True,ok,,0.3,0.1,0.084
2020-07-25 06:15:00+00:00,-0.16900516659061812,-0.16900516659061812,-1.072202583401694,-1.241207749992312,0.20028050162214706,0.2416867674368485,True,ok,,0.3,0.1,0.084
2020-07-25 06:30:00+00:00,-0.8074944128807662,-0.8074944128807662,-0.3857156001755848,-1.193210013056351,0.2416867674368485,0.4395228985926362,True,ok,,0.3,0.1,0.084
2020-07-25 06:45:00+00:00,-0.3067311549295365,-0.3067311549295365,-0.23599926326257126,-0.5427304181921078,0.4395228985926362,0.5146720315503727,True,ok,,0.3,0.1,0.084
2020-07-25 07:00:00+00:00,-1.170589498816873,-1.170589498816873,-0.651234405300624,-1.821823904117497,0.5146720315503727,0.8014664587605065,True,ok,,0.3,0.1,0.084
2020-07-25 07:15:00+00:00,-0.8131255793133693,-0.8131255793133693,-0.7289667555928899,-1.5420923349062592,0.8014664587605065,1.000682225692282,True,ok,,0.3,0.1,0.084
2020-07-25 07:30:00+00:00,-0.4537198748280425,-0.4537198748280425,-0.4739886192502037,-0.9277084940782462,1.000682225692282,1.1118435950251524,True,ok,,0.3,0.1,0.084
2020-07-25 07:45:00+00:00,-0.06965473934687971,-0.06965473934687971,-0.9873727064371361,-1.0570274457840159,1.1118435950251524,1.128909006165138,True,ok,,0.3,0.1,0.084
2020-07-25 08:00:00+00:00,-0.7610720713367364,-0.7610720713367364,-1.0323279604852926,-1.7934000318220291,1.128909006165138,1.3153716636426382,True,ok,,0.3,0.1,0.084
2020-07-25 08:15:00+00:00,-0.9732417872813075,-0.9732417872813075,-1.7997028640198462,-2.7729446513011538,1.3153716636426382,1.5538159015265585,True,ok,,0.3,0.1,0.084
2020-07-25 08:30:00+00:00,-0.34581334436046773,-0.34581334436046773,-3.216473313775308,-3.562286658135776,1.5538159015265585,1.638540170894873,True,ok,,0.3,0.1,0.084
2020-07-25 08:45:00+00:00,-0.9087588865355963,-0.9087588865355963,-1.9861507759639592,-2.8949096624995554,1.638540170894873,1.8611860980960941,True,ok,,0.3,0.1,0.084
2020-07-25 09:00:00+00:00,-0.6559697498028003,-0.6559697498028003,-1.2617256426976882,-1.9176953925004885,1.8611860980960941,2.02189868679778,True,ok,,0.3,0.1,0.084
2020-07-25 09:15:00+00:00,-0.778021527844712,-0.778021527844712,-2.1201189002642886,-2.898140428109001,2.02189868679778,2.2125139611197344,True,ok,,0.3,0.1,0.084
2020-07-25 09:30:00+00:00,-0.38387502076397234,-0.38387502076397234,-0.5898488388085317,-0.973723859572504,2.2125139611197344,2.3065633412069078,True,ok,,0.3,0.1,0.084
2020-07-25 09:45:00+00:00,-0.5030101433811416,-0.5030101433811416,-0.7570798053493977,-1.2600899487305393,2.3065633412069078,2.4298008263352875,True,ok,,0.3,0.1,0.084
2020-07-25 10:00:00+00:00,-0.6972114644330196,-0.6972114644330196,-2.884278689498273,-3.5814901539312927,2.4298008263352875,2.6006176351213774,True,ok,,0.3,0.1,0.084
2020-07-25 10:15:00+00:00,-0.6915073019248585,-0.6915073019248585,-3.378540615770753,-4.070047917695612,2.6006176351213774,2.7700369240929676,True,ok,,0.3,0.1,0.084
2020-07-25 10:30:00+00:00,-0.6761234363921613,-0.6761234363921613,-3.8073269666357215,-4.483450403027883,2.7700369240929676,2.935687166009047,True,ok,,0.3,0.1,0.084
2020-07-25 10:45:00+00:00,-0.6643020056995528,-0.6643020056995528,-4.385945979541048,-5.050247985240601,2.935687166009047,3.0984411574054374,True,ok,,0.3,0.1,0.084
2020-07-25 11:00:00+00:00,-0.6359654400843789,-0.6359654400843789,-4.163220590421157,-4.7991860305055365,3.0984411574054374,3.25425269022611,True,ok,,0.3,0.1,0.084
2020-07-25 11:15:00+00:00,-0.6173238883121177,-0.6173238883121177,-4.2221990953178326,-4.8395229836299505,3.25425269022611,3.405497042862579,True,ok,,0.3,0.1,0.084
2020-07-25 11:30:00+00:00,-0.5192876530665266,-0.5192876530665266,-1.970564232367328,-2.4898518854338545,3.405497042862579,3.5327225178638777,True,ok,,0.3,0.1,0.084
2020-07-25 11:45:00+00:00,-0.565926983260447,-0.565926983260447,-3.3721879481377037,-3.9381149313981507,3.5327225178638777,3.6713746287626874,True,ok,,0.3,0.1,0.084
2020-07-25 12:00:00+00:00,-0.5834106752864301,-0.5834106752864301,-5.060411804780096,-5.643822480066526,3.6713746287626874,3.8143102442078627,True,ok,,0.3,0.1,0.084
2020-07-25 12:15:00+00:00,-0.5586319607240864,-0.5586319607240864,-4.198197100765093,-4.756829061489179,3.8143102442078627,3.951175074585264,True,ok,,0.3,0.1,0.084
2020-07-25 12:30:00+00:00,-0.4730140586263599,-0.4730140586263599,-1.8337315511014052,-2.306745609727765,3.951175074585264,4.067063518948722,True,ok,,0.3,0.1,0.084
2020-07-25 12:45:00+00:00,-0.5472920312631294,-0.5472920312631294,-4.882275041632988,-5.429567072896117,4.067063518948722,4.201150066608189,True,ok,,0.3,0.1,0.084
2020-07-25 13:00:00+00:00,-0.4516402128819898,-0.4516402128819898,-1.7075772588019948,-2.1592174716839847,4.201150066608189,4.311801918764277,True,ok,,0.3,0.1,0.084
2020-07-25 13:15:00+00:00,-0.5271799952536079,-0.5271799952536079,-4.6431630360691205,-5.170343031322728,4.311801918764277,4.440961017601411,True,ok,,0.3,0.1,0.084
2020-07-25 13:30:00+00:00,-0.4430862068833324,-0.4430862068833324,-1.6471422248563288,-2.090228431739661,4.440961017601411,4.549517138287827,True,ok,,0.3,0.1,0.084
2020-07-25 13:45:00+00:00,-0.4601891563774315,-0.4601891563774315,-2.214103108301494,-2.674292264678926,4.549517138287827,4.662263481600298,True,ok,,0.3,0.1,0.084
2020-07-25 14:00:00+00:00,-0.413885591942652,-0.413885591942652,-1.4591039638188974,-1.8729895557615495,4.662263481600298,4.763665451626247,True,ok,,0.3,0.1,0.084
2020-07-25 14:15:00+00:00,-0.4920702480096707,-0.4920702480096707,-4.017078628398655,-4.509148876408325,4.763665451626247,4.884222662388616,True,ok,,0.3,0.1,0.084
2020-07-25 14:30:00+00:00,-0.4532709871801184,-0.4532709871801184,-2.402767303251464,-2.856038290431582,4.884222662388616,4.995274054247745,True,ok,,0.3,0.1,0.084
2020-07-25 14:45:00+00:00,-0.47926564640698355,-0.47926564640698355,-3.7841804373933794,-4.263446083800363,4.995274054247745,5.112694137617456,True,ok,,0.3,0.1,0.084
2020-07-25 15:00:00+00:00,2.230205664127487e-07,2.230205664127487e-07,-3.1539861846657007,-3.1539859616451342,5.112694137617456,5.112694080724455,True,ok,,0.4,0.18,0.084
2020-07-25 15:15:00+00:00,2.230408064195329e-07,2.230408064195329e-07,-0.5449670427776818,-0.5449668197368754,5.112694080724455,5.11269402382629,True,ok,,0.4,0.18,0.084
2020-07-25 15:30:00+00:00,2.2306250969679102e-07,2.2306250969679102e-07,-0.3480679740996256,-0.3480677510371159,5.11269402382629,5.112693966922588,True,ok,,0.4,0.18,0.084
2020-07-25 15:45:00+00:00,0.199035748070376,0.199035748070376,-2.4248728108799966e-07,0.1990355055830949,5.112693966922588,5.061919541394431,True,ok,,0.4,0.18,0.084
2020-07-25 16:00:00+00:00,0.3374489889576877,0.3374489889576877,-2.2370540131433359e-07,0.3374487652522864,5.061919541394431,4.975835615639919,True,ok,,0.4,0.18,0.084
2020-07-25 16:15:00+00:00,0.2764614405689365,0.2764614405689365,-5.762045263146831e-08,0.2764613829484839,4.975835615639919,4.905309737943761,True,ok,,0.4,0.18,0.084
2020-07-25 16:30:00+00:00,0.24604171316883008,0.24604171316883008,-5.763274846248834e-08,0.24604165553608162,4.905309737943761,4.842543994788447,True,ok,,0.4,0.18,0.084
2020-07-25 16:45:00+00:00,0.13954325549394328,0.13954325549394328,-5.7637756650796845e-08,0.13954319785618663,4.842543994788447,4.806946225529789,True,ok,,0.4,0.18,0.084
2020-07-25 17:00:00+00:00,2.0896598151042878e-07,2.0896598151042878e-07,-0.00786710622342464,-0.00786689725744313,4.806946225529789,4.8069461722221405,True,ok,,0.4,0.18,0.084
2020-07-25 17:15:00+00:00,0.21203516968261468,0.21203516968261468,-5.710030254180154e-08,0.21203511258231214,4.8069461722221405,4.752855567711269,True,ok,,0.4,0.18,0.084
2020-07-25 17:30:00+00:00,0.25115801513774677,0.25115801513774677,-5.709133510389819e-08,0.25115795804641167,4.752855567711269,4.688784645482253,True,ok,,0.4,0.18,0.084
2020-07-25 17:45:00+00:00,0.36270973436041476,0.36270973436041476,-5.7073060721890556e-08,0.36270967728735404,4.688784645482253,4.596256652022963,True,ok,,0.4,0.18,0.084
2020-07-25 18:00:00+00:00,0.8038915262851816,0.8038915262851816,-2.1926846660580424e-07,0.803891307016715,4.596256652022963,4.391182283072662,True,ok,,0.4,0.18,0.084
2020-07-25 18:15:00+00:00,1.7819934097896273,1.7819934097896273,-2.192705252923588e-07,1.781993190519102,4.391182283072662,3.9365921275140834,True,ok,,0.4,0.18,0.084
2020-07-25 18:30:00+00:00,0.8010157339153056,0.8010157339153056,-2.1927150173350896e-07,0.8010155146438038,3.9365921275140834,3.7322513790663012,True,ok,,0.4,0.18,0.084
2020-07-25 18:45:00+00:00,1.5874784858255377,1.5874784858255377,-2.1927359639128952e-07,1.5874782665519414,3.7322513790663012,3.3272823775801945,True,ok,,0.4,0.18,0.084
2020-07-25 19:00:00+00:00,1.1923287232587882,1.1923287232587882,2.52717227366972e-07,1.1923289759760156,3.3272823775801945,3.0231168869529528,True,ok,,0.2,0.07,0.084
2020-07-25 19:15:00+00:00,0.3888283497224713,0.3888283497224713,2.5271502684942604e-07,0.38882860243749817,3.0231168869529528,2.923925981411506,True,ok,,0.2,0.07,0.084
2020-07-25 19:30:00+00:00,0.37270508042767697,0.37270508042767697,2.527098350024737e-07,0.372705333137512,2.923925981411506,2.8288481547717925,True,ok,,0.2,0.07,0.084
2020-07-25 19:45:00+00:00,0.38996874817542343,0.38996874817542343,2.527045003253292e-07,0.38996900087992376,2.8288481547717925,2.729366331257654,True,ok,,0.2,0.07,0.084
2020-07-25 20:00:00+00:00,0.35325571170595443,0.35325571170595443,1.7732831714134534e-07,0.3532558890342716,2.729366331257654,2.639250078271441,True,ok,,0.2,0.07,0.084
2020-07-25 20:15:00+00:00,0.5686199685403338,0.5686199685403338,2.533606081600581e-07,0.568620221900942,2.639250078271441,2.4941939638478865,True,ok,,0.2,0.07,0.084
2020-07-25 20:30:00+00:00,0.29137408056593966,0.29137408056593966,2.533561284656649e-07,0.29137433392206813,2.4941939638478865,2.4198638412545344,True,ok,,0.2,0.07,0.084
2020-07-25 20:45:00+00:00,0.2917131910633484,0.2917131910633484,2.533497310275301e-07,0.29171344441307945,2.4198638412545344,2.345447210881231,True,ok,,0.2,0.07,0.084
2020-07-25 21:00:00+00:00,0.2637944132754181,0.2637944132754181,2.5334335301829825e-07,0.2637946666187711,2.345447210881231,2.2781527176987266,True,ok,,0.2,0.07,0.084
2020-07-25 21:15:00+00:00,0.2686391910357712,0.2686391910357712,2.533366181278751e-07,0.26863944437238935,2.2781527176987266,2.209622311822254,True,ok,,0.2,0.07,0.084
2020-07-25 21:30:00+00:00,0.287437858293251,0.287437858293251,2.5332987724224765e-07,0.28743811162312827,2.209622311822254,2.136296327563772,True,ok,,0.2,0.07,0.084
2020-07-25 21:45:00+00:00,0.2661771912725736,0.2661771912725736,2.533231872048347e-07,0.2661774445957608,2.136296327563772,2.0683939828513807,True,ok,,0.2,0.07,0.084
2020-07-25 22:00:00+00:00,0.26520363547084475,0.26520363547084475,2.533163186435594e-07,0.2652038887871634,2.0683939828513807,2.0007399942108592,True,ok,,0.2,0.07,0.084
2020-07-25 22:15:00+00:00,0.2759308586939754,0.2759308586939754,2.533093510503903e-07,0.27593111200332643,2.0007399942108592,1.9303494690338248,True,ok,,0.2,0.07,0.084
2020-07-25 22:30:00+00:00,0.2667539676495419,0.2667539676495419,2.533023862327788e-07,0.26675422095192813,1.9303494690338248,1.8622999874905743,True,ok,,0.2,0.07,0.084
2020-07-25 22:45:00+00:00,0.2751333029964957,0.2751333029964957,2.5329529634854353e-07,0.27513355629179204,1.8622999874905743,1.7921129203996315,True,ok,,0.2,0.07,0.084
2020-07-25 23:00:00+00:00,0.2651067454732736,0.2651067454732736,2.5328822084169644e-07,0.26510699876149446,1.7921129203996315,1.724483648595225,True,ok,,0.2,0.07,0.084
2020-07-25 23:15:00+00:00,0.25958919018013793,0.25958919018013793,2.5328096231458375e-07,0.25958944346110024,1.724483648595225,1.6582619164064143,True,ok,,0.2,0.07,0.084
2020-07-25 23:30:00+00:00,0.2821121918583194,0.2821121918583194,2.5327361830029815e-07,0.28211244513193773,1.6582619164064143,1.58629452052419,True,ok,,0.2,0.07,0.084
2020-07-25 23:45:00+00:00,0.2572297466255696,0.2572297466255696,2.532663475607322e-07,0.25722999989191714,1.58629452052419,1.5206746872013406,True,ok,,0.2,0.07,0.084
2020-07-26 00:00:00+00:00,0.2848834141147913,0.2848834141147913,2.5325886554572463e-07,0.28488366737365683,1.5206746872013406,1.4480003468659346,True,ok,,0.2,0.07,0.084
2020-07-26 00:15:00+00:00,0.26738774654803216,0.26738774654803216,2.5325148461652347e-07,0.2673879997995168,1.4480003468659346,1.379789187032253,True,ok,,0.2,0.07,0.084
2020-07-26 00:30:00+00:00,0.26567119079069323,0.26567119079069323,2.532438834190742e-07,0.26567144403457665,1.379789187032253,1.3120159240754434,True,ok,,0.2,0.07,0.084
2020-07-26 00:45:00+00:00,0.2718159683506654,0.2718159683506654,2.532361978446751e-07,0.27181622158686325,1.3120159240754434,1.2426751158227227,True,ok,,0.2,0.07,0.084
2020-07-26 01:00:00+00:00,0.26348996923617585,0.26348996923617585,2.5322849134257197e-07,0.2634902224646672,1.2426751158227227,1.1754582869359431,True,ok,,0.2,0.07,0.084
2020-07-26 01:15:00+00:00,0.25413341257419203,0.25413341257419203,2.5322060431820503e-07,0.25413366579479635,1.1754582869359431,1.1106283347486492,True,ok,,0.2,0.07,0.084
2020-07-26 01:30:00+00:00,0.2718848587551431,0.2718848587551431,2.5321257973720535e-07,0.27188511196772286,1.1106283347486492,1.0412699524131535,True,ok,,0.2,0.07,0.084
2020-07-26 01:45:00+00:00,0.25619752396070894,0.25619752396070894,2.5320459828837016e-07,0.25619777716530723,1.0412699524131535,0.975913441198687,True,ok,,0.2,0.07,0.084
2020-07-26 02:00:00+00:00,0.2540668582533627,0.2540668582533627,2.5319640867271787e-07,0.2540671114497714,0.975913441198687,0.9111004671544618,True,ok,,0.2,0.07,0.084
2020-07-26 02:15:00+00:00,0.27281596872723035,0.27281596872723035,2.531881202472164e-07,0.2728162219153506,0.9111004671544618,0.8415045567648622,True,ok,,0.2,0.07,0.084
2020-07-26 02:30:00+00:00,0.24684419125397852,0.24684419125397852,2.531798693750087e-07,0.2468444444338479,0.8415045567648622,0.7785340998123167,True,ok,,0.2,0.07,0.084
2020-07-26 02:45:00+00:00,0.26819641429854424,0.26819641429854424,2.531713282349912e-07,0.2681966674698725,0.7785340998123167,0.710116647185137,True,ok,,0.2,0.07,0.084
2020-07-26 03:00:00+00:00,0.24391530285470417,0.24391530285470417,2.531628536250885e-07,0.2439155560175578,0.710116647185137,0.6478933556405696,True,ok,,0.2,0.07,0.084
2020-07-26 03:15:00+00:00,0.2714347477211675,0.2714347477211675,2.531540940764465e-07,0.27143500087526157,0.6478933556405696,0.578649797548435,True,ok,,0.2,0.07,0.084
2020-07-26 03:30:00+00:00,0.24991330312302987,0.24991330312302987,2.531454504350883e-07,0.2499135562684803,0.578649797548435,0.5148964038946009,True,ok,,0.2,0.07,0.084
2020-07-26 03:45:00+00:00,0.2073261917437324,0.2073261917437324,2.531364355906618e-07,0.207326444880168,0.5148964038946009,0.46200706926609775,True,ok,,0.2,0.07,0.084
2020-07-26 04:00:00+00:00,0.15806000510783233,0.15806000510783233,-4.624636701366924e-09,0.15806000048319563,0.46200706926609775,0.4216856393916507,True,ok,,0.3,0.1,0.084
2020-07-26 04:15:00+00:00,0.20421482866187915,0.20421482866187915,-4.624801930308564e-09,0.20421482403707722,0.4216856393916507,0.3695900198350489,True,ok,,0.3,0.1,0.084
2020-07-26 04:30:00+00:00,0.12246852205157228,0.12246852205157228,-4.624968547028985e-09,0.12246851742660374,0.3695900198350489,0.3383480499239335,True,ok,,0.3,0.1,0.084
2020-07-26 04:45:00+00:00,0.18240055970597108,0.18240055970597108,-4.625133886992927e-09,0.1824005550808372,0.3383480499239335,0.2918172948969001,True,ok,,0.3,0.1,0.084
2020-07-26 05:00:00+00:00,0.16228297437896394,0.16228297437896394,-1.7990669509693191e-09,0.162282972579897,0.2918172948969001,0.2504185769430828,True,ok,,0.3,0.1,0.084
2020-07-26 05:15:00+00:00,0.2762607357780258,0.2762607357780258,-1.79906789465889e-09,0.2762607339789579,0.2504185769430828,0.17994389944868844,True,ok,,0.3,0.1,0.084
2020-07-26 05:30:00+00:00,0.14143830756946185,0.14143830756946185,-1.799070281638393e-09,0.14143830577039157,0.17994389944868844,0.14386269853811143,True,ok,,0.3,0.1,0.084
2020-07-26 05:45:00+00:00,0.13415529340388435,0.13415529340388435,-1.7990716694171738e-09,0.13415529160481268,0.14386269853811143,0.10963940940446745,True,ok,,0.3,0.1,0.084
2020-07-26 06:00:00+00:00,0.038344872549824674,0.038344872549824674,-1.799076054798121e-09,0.03834487075074862,0.10963940940446745,0.09985755416216524,True,ok,,0.3,0.1,0.084
2020-07-26 06:15:00+00:00,0.025394465843539996,0.025394465843539996,-1.7990791495448022e-09,0.025394464044460847,0.09985755416216524,0.09337937410003769,True,ok,,0.3,0.1,0.084
2020-07-26 06:30:00+00:00,0.03826968923795801,0.03826968923795801,-4.629820041235355e-09,0.03826968460813797,0.09337937410003769,0.08361669827402798,True,ok,,0.3,0.1,0.084
2020-07-26 06:45:00+00:00,0.3277749945378115,0.3277749945378115,-4.629949257317634e-09,0.32777498990786225,0.08361669827402798,6.28238871980269e-07,True,ok,,0.3,0.1,0.084
2020-07-26 07:00:00+00:00,-0.44682909274923355,-0.44682909274923355,-0.16447876586512178,-0.6113078586143553,6.28238871980269e-07,0.1094737559624342,True,ok,,0.3,0.1,0.084
2020-07-26 07:15:00+00:00,-0.5030728001168624,-0.5030728001168624,-0.3076558110776343,-0.8107286111944967,0.1094737559624342,0.2327265919910655,True,ok,,0.3,0.1,0.084
2020-07-26 07:30:00+00:00,-0.4983308307479565,-0.4983308307479565,-0.442184697846532,-0.9405155285944885,0.2327265919910655,0.35481764552431483,True,ok,,0.3,0.1,0.084
2020-07-26 07:45:00+00:00,-0.5318868545735074,-0.5318868545735074,-0.6665793071839945,-1.1984661617575019,0.35481764552431483,0.4851299248948241,True,ok,,0.3,0.1,0.084
2020-07-26 08:00:00+00:00,-0.6958837253871215,-0.6958837253871215,-1.5892783586205075,-2.285162084007629,0.4851299248948241,0.6556214376146688,True,ok,,0.3,0.1,0.084
2020-07-26 08:15:00+00:00,-0.5128232146110981,-0.5128232146110981,-1.2557504901018683,-1.7685737047129666,0.6556214376146688,0.7812631251943879,True,ok,,0.3,0.1,0.084
2020-07-26 08:30:00+00:00,-0.5664706092917617,-0.5664706092917617,-3.0742439804761337,-3.6407145897678954,0.7812631251943879,0.9200484244708695,True,ok,,0.3,0.1,0.084
2020-07-26 08:45:00+00:00,-0.516287809672844,-0.516287809672844,-3.843582316082378,-4.359870125755222,0.9200484244708695,1.0465389378407164,True,ok,,0.3,0.1,0.084
2020-07-26 09:00:00+00:00,-0.4786314186841389,-0.4786314186841389,-4.76656363452168,-5.245195053205819,1.0465389378407164,1.1638036354183303,True,ok,,0.3,0.1,0.084
2020-07-26 09:15:00+00:00,-0.4293969734568472,-0.4293969734568472,-3.5252712443066523,-3.9546682177634995,1.1638036354183303,1.269005893915258,True,ok,,0.3,0.1,0.084
2020-07-26 09:30:00+00:00,-0.21049993322515867,-0.21049993322515867,-0.36643171119517237,-0.5769316444203311,1.269005893915258,1.3205783775554218,True,ok,,0.3,0.1,0.084
2020-07-26 09:45:00+00:00,-0.36362608790962675,-0.36362608790962675,-2.389075972357577,-2.752702060267204,1.3205783775554218,1.4096667690932805,True,ok,,0.3,0.1,0.084
2020-07-26 10:00:00+00:00,-0.313955159525765,-0.313955159525765,-1.3381392188359913,-1.6520943783617563,1.4096667690932805,1.486585783177093,True,ok,,0.3,0.1,0.084
2020-07-26 10:15:00+00:00,-0.3492461501153291,-0.3492461501153291,-4.010009463540917,-4.359255613656246,1.486585783177093,1.5721510899553486,True,ok,,0.3,0.1,0.084
2020-07-26 10:30:00+00:00,-0.31203079608890993,-0.31203079608890993,-1.9895886793298536,-2.3016194754187635,1.5721510899553486,1.6485986349971316,True,ok,,0.3,0.1,0.084
2020-07-26 10:45:00+00:00,-0.32791741238463934,-0.32791741238463934,-5.053625618069185,-5.381543030453825,1.6485986349971316,1.7289384010313682,True,ok,,0.3,0.1,0.084
2020-07-26 11:00:00+00:00,-0.4048192861862214,-0.4048192861862214,-3.7776613546811664,-4.182480640867388,1.7289384010313682,1.8281191261469925,True,ok,,0.3,0.1,0.084
2020-07-26 11:15:00+00:00,-0.3296132577073123,-0.3296132577073123,-1.291535956462128,-1.6211492141694404,1.8281191261469925,1.908874374285284,True,ok,,0.3,0.1,0.084
2020-07-26 11:30:00+00:00,-0.38483460479938064,-0.38483460479938064,-5.339879976721606,-5.724714581520987,1.908874374285284,2.0031588524611323,True,ok,,0.3,0.1,0.084
2020-07-26 11:45:00+00:00,-0.3591253308541442,-0.3591253308541442,-3.3538260186962274,-3.7129513495503716,2.0031588524611323,2.091144558520398,True,ok,,0.3,0.1,0.084
2020-07-26 12:00:00+00:00,-0.3632532216880387,-0.3632532216880387,-6.0795311085937715,-6.44278433028181,2.091144558520398,2.180141597833967,True,ok,,0.3,0.1,0.084
2020-07-26 12:15:00+00:00,-0.35226364560910917,-0.35226364560910917,-5.839085223410615,-6.191348869019724,2.180141597833967,2.2664461910081988,True,ok,,0.3,0.1,0.084
2020-07-26 12:30:00+00:00,-0.34297486237514413,-0.34297486237514413,-5.802801878129446,-6.145776740504591,2.2664461910081988,2.350475032290109,True,ok,,0.3,0.1,0.084
2020-07-26 12:45:00+00:00,-0.3323748333049974,-0.3323748333049974,-5.092188986808262,-5.424563820113259,2.350475032290109,2.4319068664498333,True,ok,,0.3,0.1,0.084
2020-07-26 13:00:00+00:00,-0.3327912198042422,-0.3327912198042422,-5.624744554128554,-5.957535773932797,2.4319068664498333,2.5134407153018725,True,ok,,0.3,0.1,0.084
2020-07-26 13:15:00+00:00,-0.3197173786660694,-0.3197173786660694,-4.5011395906046,-4.82085696927067,2.5134407153018725,2.5917714730750596,True,ok,,0.3,0.1,0.084
2020-07-26 13:30:00+00:00,-0.3147040507254614,-0.3147040507254614,-4.998552172232575,-5.313256222958036,2.5917714730750596,2.6688739655027978,True,ok,,0.3,0.1,0.084
2020-07-26 13:45:00+00:00,-0.30346661883785997,-0.30346661883785997,-5.160764637405967,-5.464231256243827,2.6688739655027978,2.7432232871180733,True,ok,,0.3,0.1,0.084
2020-07-26 14:00:00+00:00,-0.93847174864736,-0.93847174864736,-3.9797407157137217,-4.918212464361082,2.7432232871180733,2.9731488655366767,True,ok,,0.3,0.1,0.084
2020-07-26 14:15:00+00:00,-0.8290346619432597,-0.8290346619432597,-3.0599742649715846,-3.8890089269148445,2.9731488655366767,3.1762623577127753,True,ok,,0.3,0.1,0.084
2020-07-26 14:30:00+00:00,-0.8299969787507822,-0.8299969787507822,-3.687038190618269,-4.517035169369051,3.1762623577127753,3.379611617506717,True,ok,,0.3,0.1,0.084
2020-07-26 14:45:00+00:00,-0.6287602566945386,-0.6287602566945386,-1.6689252957103116,-2.2976855524048503,3.379611617506717,3.533657880396879,True,ok,,0.3,0.1,0.084
2020-07-26 15:00:00+00:00,2.234042190539966e-07,2.234042190539966e-07,-1.327905457173253,-1.3279052337690338,3.533657880396879,3.5336578234060068,True,ok,,0.4,0.18,0.084
2020-07-26 15:15:00+00:00,2.2340423138391773e-07,2.2340423138391773e-07,-1.1341138351560947,-1.1341136117518633,3.5336578234060068,3.533657766415131,True,ok,,0.4,0.18,0.084
2020-07-26 15:30:00+00:00,2.2340421191141323e-07,2.2340421191141323e-07,-1.7721991040631473,-1.7721988806589353,3.533657766415131,3.533657709424261,True,ok,,0.4,0.18,0.084
2020-07-26 15:45:00+00:00,2.2340421016994713e-07,2.2340421016994713e-07,-2.021669965613547,-2.021669742209337,3.533657709424261,3.533657652433391,True,ok,,0.4,0.18,0.084
2020-07-26 16:00:00+00:00,2.234042377073264e-07,2.234042377073264e-07,-1.1911294038301232,-1.1911291804258854,3.533657652433391,3.5336575954425142,True,ok,,0.4,0.18,0.084
2020-07-26 16:15:00+00:00,2.2340427181966593e-07,2.2340427181966593e-07,-0.7854442588627449,-0.7854440354584731,3.5336575954425142,3.5336575384516284,True,ok,,0.4,0.18,0.084
2020-07-26 16:30:00+00:00,2.2340423451346e-07,2.2340423451346e-07,-1.4131682193430877,-1.4131679959388532,3.5336575384516284,3.5336574814607524,True,ok,,0.4,0.18,0.084
2020-07-26 16:45:00+00:00,2.2340426192603018e-07,2.2340426192603018e-07,-0.9551945991896361,-0.9551943757853741,3.5336574814607524,3.5336574244698693,True,ok,,0.4,0.18,0.084
2020-07-26 17:00:00+00:00,2.2340437220545992e-07,2.2340437220545992e-07,-0.38376103570008907,-0.38376081229571685,3.5336574244698693,3.533657367478958,True,ok,,0.4,0.18,0.084
2020-07-26 17:15:00+00:00,2.234043852557521e-07,2.234043852557521e-07,-0.36292323478589256,-0.3629230113815073,3.533657367478958,3.5336573104880435,True,ok,,0.4,0.18,0.084
2020-07-26 17:30:00+00:00,2.2340452731932429e-07,2.2340452731932429e-07,-0.20535481857167967,-0.20535459516715235,3.5336573104880435,3.533657253497093,True,ok,,0.4,0.18,0.084
2020-07-26 17:45:00+00:00,0.1714644931145875,0.1714644931145875,-2.4280468982618153e-07,0.17146425030989768,3.533657253497093,3.4899163113760245,True,ok,,0.4,0.18,0.084
2020-07-26 18:00:00+00:00,0.08176625783198334,0.08176625783198334,-2.428051309177892e-07,0.08176601502685242,3.4899163113760245,3.469057572133172,True,ok,,0.4,0.18,0.084
2020-07-26 18:15:00+00:00,0.16218108040488588,0.16218108040488588,-2.4280471883075805e-07,0.16218083760016705,3.469057572133172,3.4276848475400885,True,ok,,0.4,0.18,0.084
2020-07-26 18:30:00+00:00,0.17616987492967887,0.17616987492967887,-2.4280468705062397e-07,0.17616963212499182,3.4276848475400885,3.3827435529151706,True,ok,,0.4,0.18,0.084
2020-07-26 18:45:00+00:00,0.28679226911201267,0.28679226911201267,-2.4280452909364314e-07,0.28679202630748357,3.3827435529151706,3.309582259774351,True,ok,,0.4,0.18,0.084
2020-07-26 19:00:00+00:00,0.3453167256241412,0.3453167256241412,2.2567411533946924e-07,0.3453169512982565,3.309582259774351,3.221491258339621,True,ok,,0.2,0.07,0.084
2020-07-26 19:15:00+00:00,0.34964736302651256,0.34964736302651256,2.2567411456231312e-07,0.3496475887006271,3.221491258339621,3.1322955024655106,True,ok,,0.2,0.07,0.084
2020-07-26 19:30:00+00:00,0.4442903283300924,0.4442903283300924,2.2567415314256323e-07,0.44429055400424555,3.1322955024655106,3.0189561329935484,True,ok,,0.2,0.07,0.084
2020-07-26 19:45:00+00:00,0.38484055153229585,0.38484055153229585,2.2567412533147646e-07,0.3848407772064212,3.0189561329935484,2.920782522908779,True,ok,,0.2,0.07,0.084
2020-07-26 20:00:00+00:00,0.3708204406071301,0.3708204406071301,2.2567425234099048e-07,0.37082066628138244,2.920782522908779,2.8261854717334907,True,ok,,0.2,0.07,0.084
2020-07-26 20:15:00+00:00,0.3941818855466307,0.3941818855466307,2.2567425939090668e-07,0.3941821112208901,2.8261854717334907,2.7256288682777177,True,ok,,0.2,0.07,0.084
2020-07-26 20:30:00+00:00,0.35313721882192006,0.35313721882192006,2.2567423457742208e-07,0.35313744449615464,2.7256288682777177,2.6355428430680443,True,ok,,0.2,0.07,0.084
2020-07-26 20:45:00+00:00,0.4980901087623414,0.4980901087623414,2.2567428642483733e-07,0.4980903344366278,2.6355428430680443,2.508479039812345,True,ok,,0.2,0.07,0.084
2020-07-26 21:00:00+00:00,0.23825999676074508,0.23825999676074508,2.2567425259079066e-07,0.23826022243499767,2.508479039812345,2.4476984283937875,True,ok,,0.2,0.07,0.084
2020-07-26 21:15:00+00:00,0.27322843875569697,0.27322843875569697,2.256742854256366e-07,0.2732286644299824,2.4476984283937875,2.3779972960581506,True,ok,,0.2,0.07,0.084
2020-07-26 21:30:00+00:00,0.2539523300139617,0.2539523300139617,2.2567426055664086e-07,0.2539525556882223,2.3779972960581506,2.3132135384015275,True,ok,,0.2,0.07,0.084
2020-07-26 21:45:00+00:00,0.27468310782859934,0.27468310782859934,2.256742760997632e-07,0.27468333350287544,2.3132135384015275,2.243141317016681,True,ok,,0.2,0.07,0.084
2020-07-26 22:00:00+00:00,0.2381854405689478,0.2381854405689478,2.2567428722974903e-07,0.23818566624323503,2.243141317016681,2.1823797250348065,True,ok,,0.2,0.07,0.084
2020-07-26 22:15:00+00:00,0.2909377756828496,0.2909377756828496,2.256743349415835e-07,0.29093800135718456,2.1823797250348065,2.108160904707549,True,ok,,0.2,0.07,0.084
2020-07-26 22:30:00+00:00,0.2379213291878534,0.2379213291878534,2.2567427501729576e-07,0.2379215548621284,2.108160904707549,2.0474666880779946,True,ok,,0.2,0.07,0.084
2020-07-26 22:45:00+00:00,0.29871122080165363,0.29871122080165363,2.2567432894637918e-07,0.2987114464759826,2.0474666880779946,1.9712648460367563,True,ok,,0.2,0.07,0.084
2020-07-26 23:00:00+00:00,0.2410648858462486,0.2410648858462486,2.2567430640885178e-07,0.24106511152055501,1.9712648460367563,1.9097687016882234,True,ok,,0.2,0.07,0.084
2020-07-26 23:15:00+00:00,0.27340721864380146,0.27340721864380146,2.2567433421993854e-07,0.2734074443181357,1.9097687016882234,1.840021962238274,True,ok,,0.2,0.07,0.084
2020-07-26 23:30:00+00:00,0.26255688506973657,0.26255688506973657,2.256743162898367e-07,0.26255711074405286,1.840021962238274,1.7730431650266065,True,ok,,0.2,0.07,0.084
2020-07-26 23:45:00+00:00,0.2742496631378513,0.2742496631378513,2.2567432028663958e-07,0.2742498888121716,1.7730431650266065,1.7030815162669506,True,ok,,0.2,0.07,0.084
