timestamp,action,pb,pg,gt,soe_now,soe_new,pb_mpc,pg_mpc,solver_ok,solver_status,solver_error,import_price,export_price,c_bat_deg
2020-07-20 04:00:00+00:00,-8.485676561420519e-08,-8.485676561420519e-08,-0.09498245428482359,-0.0949825391415892,4.0,4.00000008315963,-8.485676560964385e-08,-0.09498245428482359,True,ok,,0.3,0.1,0.084
2020-07-20 05:00:00+00:00,-2.3390731088146488e-07,-2.3390731088146488e-07,-0.21317524758531273,-0.2131754814926236,4.00000008315963,4.000000312388795,-2.3390731095316873e-07,-0.21317524758531273,True,ok,,0.3,0.1,0.084
2020-07-20 06:00:00+00:00,-8.485684210857158e-08,-8.485684210857158e-08,-0.46289234130116047,-0.4628924261580026,4.000000312388795,4.0000003955485,-8.485684204618188e-08,-0.46289234130116047,True,ok,,0.3,0.1,0.084
2020-07-20 07:00:00+00:00,-2.3390746117790684e-07,-2.3390746117790684e-07,-0.4299468589445467,-0.4299470928520079,4.0000003955485,4.000000624777812,-2.33907461145455e-07,-0.4299468589445467,True,ok,,0.3,0.1,0.084
2020-07-20 08:00:00+00:00,-2.3390749337437455e-07,-2.3390749337437455e-07,-0.5681334172637489,-0.5681336511712423,4.000000624777812,4.000000854007155,-2.3390749329421816e-07,-0.5681334172637489,True,ok,,0.3,0.1,0.084
2020-07-20 09:00:00+00:00,-2.3390755665708696e-07,-2.3390755665708696e-07,-1.2376169108382373,-1.237617144745794,4.000000854007155,4.00000108323656,-2.3390755668260872e-07,-1.2376169108382373,True,ok,,0.3,0.1,0.084
2020-07-20 10:00:00+00:00,-2.3390755488073012e-07,-2.3390755488073012e-07,-1.435809010201102,-1.435809244108657,4.00000108323656,4.0000013124659635,-2.3390755487411786e-07,-1.435809010201102,True,ok,,0.3,0.1,0.084
2020-07-20 11:00:00+00:00,-2.339075455548567e-07,-2.339075455548567e-07,-1.4684351981800532,-1.4684354320875987,4.0000013124659635,4.000001541695358,-2.3390754570151456e-07,-1.4684351981800532,True,ok,,0.3,0.1,0.084
2020-07-20 12:00:00+00:00,-2.339075635404697e-07,-2.339075635404697e-07,-3.3738684057844726,-3.373868639692036,4.000001541695358,4.00000177092477,-2.3390756363281446e-07,-3.3738684057844726,True,ok,,0.3,0.1,0.084
2020-07-20 13:00:00+00:00,-2.3390755332641788e-07,-2.3390755332641788e-07,-3.3478879455186217,-3.347888179426175,4.00000177092477,4.000002000154173,-2.339075531207118e-07,-3.3478879455186217,True,ok,,0.3,0.1,0.084
2020-07-20 14:00:00+00:00,-2.3390754355645527e-07,-2.3390754355645527e-07,-3.5164199133981606,-3.516420147305704,4.000002000154173,4.000002229383566,-2.3390754378930349e-07,-3.5164199133981606,True,ok,,0.3,0.1,0.084
2020-07-20 15:00:00+00:00,0.46499471253848146,0.46499471253848146,-3.3692583813121213,-2.90426366877364,4.000002229383566,3.525517828834095,0.4649947125384812,-3.3692583813121213,True,ok,,0.4,0.18,0.084
2020-07-20 16:00:00+00:00,0.11779117141711692,0.11779117141711692,-0.7550242532896438,-0.6372330818725269,3.525517828834095,3.4053227559594856,0.11779117141711691,-0.7550242532896438,True,ok,,0.4,0.18,0.084
2020-07-20 17:00:00+00:00,0.13067900944331196,0.13067900944331196,-0.4734939510550953,-0.34281494161178333,3.4053227559594856,3.271976827956106,0.13067900944331193,-0.4734939510550953,True,ok,,0.4,0.18,0.084
2020-07-20 18:00:00+00:00,0.21979179680224203,0.21979179680224203,-0.153728900507904,0.06606289629433805,3.271976827956106,3.047699484280349,0.2197917968022419,-0.153728900507904,True,ok,,0.4,0.18,0.084
2020-07-20 19:00:00+00:00,0.13983156504704222,0.13983156504704222,1.0251432436270136e-07,0.13983166756136658,3.047699484280349,2.9050142138241832,0.1398315650470421,1.0251432437245718e-07,True,ok,,0.2,0.07,0.084
2020-07-20 20:00:00+00:00,0.09829375862587404,0.09829375862587404,1.0251427130791857e-07,0.09829386114014535,2.9050142138241832,2.8047144601243117,0.09829375862587403,1.0251427131079001e-07,True,ok,,0.2,0.07,0.084
2020-07-20 21:00:00+00:00,0.18799436963167807,0.18799436963167807,1.0251435611507986e-07,0.18799447214603418,2.8047144601243117,2.612883470704232,0.18799436963167812,1.0251435610125814e-07,True,ok,,0.2,0.07,0.084
2020-07-20 22:00:00+00:00,0.06942748066368433,0.06942748066368433,1.0251420010098933e-07,0.06942758317788443,2.612883470704232,2.5420391026800644,0.06942748066368433,1.0251420010374445e-07,True,ok,,0.2,0.07,0.084
2020-07-20 23:00:00+00:00,0.13155061990192818,0.13155061990192818,1.025143138433382e-07,0.13155072241624202,2.5420391026800644,2.4078037762495255,0.1315506199019282,1.0251431385293759e-07,True,ok,,0.2,0.07,0.084
2020-07-21 00:00:00+00:00,0.10602775861197966,0.10602775861197966,1.025142842420168e-07,0.1060278611262639,2.4078037762495255,2.299612185829138,0.10602775861197965,1.025142842430717e-07,True,ok,,0.2,0.07,0.084
2020-07-21 01:00:00+00:00,0.10071210178590452,0.10071210178590452,3.71900867324193e-08,0.10071213897599125,2.299612185829138,2.1968447350271947,0.1007121017859045,3.7190086732030654e-08,True,ok,,0.2,0.07,0.084
2020-07-21 02:00:00+00:00,0.1981622309025707,0.1981622309025707,1.0251436824426641e-07,0.19816233341693895,2.1968447350271947,1.9946383769633471,0.19816223090257065,1.0251436825241657e-07,True,ok,,0.2,0.07,0.084
2020-07-21 03:00:00+00:00,0.07396095882522426,0.07396095882522426,1.0251422720430892e-07,0.07396106133945146,1.9946383769633471,1.9191680108151592,0.0739609588252243,1.0251422720762937e-07,True,ok,,0.2,0.07,0.084
2020-07-21 04:00:00+00:00,-2.3390563206812653e-07,-2.3390563206812653e-07,-0.0265987939479097,-0.02659902785354177,1.9191680108151592,1.9191682400426786,-2.3390563212845884e-07,-0.0265987939479097,True,ok,,0.3,0.1,0.084
2020-07-21 05:00:00+00:00,-2.3390811998424965e-07,-2.3390811998424965e-07,-0.4361073743746746,-0.4361076082827946,1.9191682400426786,1.9191684692726363,-2.3390812009108237e-07,-0.4361073743746746,True,ok,,0.3,0.1,0.084
2020-07-21 06:00:00+00:00,-2.3390821990432187e-07,-2.3390821990432187e-07,-1.7013995034318776,-1.7013997373400975,1.9191684692726363,1.919168698502692,-2.3390822007756605e-07,-1.7013995034318776,True,ok,,0.3,0.1,0.084
2020-07-21 07:00:00+00:00,-8.485692815085599e-08,-8.485692815085599e-08,-2.8834439439925093,-2.8834440288494374,1.919168698502692,1.9191687816624814,-8.485692759708762e-08,-2.8834439439925093,True,ok,,0.3,0.1,0.084
2020-07-21 08:00:00+00:00,-2.3390817904811456e-07,-2.3390817904811456e-07,-3.2105906980430445,-3.2105909319512236,1.9191687816624814,1.9191690108924968,-2.3390817914009601e-07,-3.2105906980430445,True,ok,,0.3,0.1,0.084
2020-07-21 09:00:00+00:00,-2.339081532909404e-07,-2.339081532909404e-07,-4.023867240214095,-4.023867474122248,1.9191690108924968,1.9191692401224871,-2.3390815304925105e-07,-4.023867240214095,True,ok,,0.3,0.1,0.084
2020-07-21 10:00:00+00:00,-2.3390812309287412e-07,-2.3390812309287412e-07,-4.13740780622809,-4.137408040136213,1.9191692401224871,1.9191694693524477,-2.3390812297399612e-07,-4.13740780622809,True,ok,,0.3,0.1,0.084
2020-07-21 11:00:00+00:00,-2.3390808800982654e-07,-2.3390808800982654e-07,-3.2377934185705834,-3.2377936524786715,1.9191694693524477,1.9191696985823739,-2.3390808765549747e-07,-3.2377934185705834,True,ok,,0.3,0.1,0.084
2020-07-21 12:00:00+00:00,-2.3390805292677896e-07,-2.3390805292677896e-07,-2.7388531291721727,-2.7388533630802256,1.9191696985823739,1.9191699278122658,-2.3390805307259209e-07,-2.7388531291721727,True,ok,,0.3,0.1,0.084
2020-07-21 13:00:00+00:00,-8.485690461412787e-08,-8.485690461412787e-08,-4.934600189930008,-4.934600274786913,1.9191699278122658,1.9191700109720324,-8.485690480043875e-08,-4.934600189930008,True,ok,,0.3,0.1,0.084
2020-07-21 14:00:00+00:00,-2.3390799785971694e-07,-2.3390799785971694e-07,-3.5681281012984467,-3.5681283352064446,1.9191700109720324,1.9191702402018704,-2.339079980171416e-07,-3.5681281012984467,True,ok,,0.3,0.1,0.084
2020-07-21 15:00:00+00:00,0.12490115752649888,0.12490115752649888,-2.6117886554753684,-2.4868874979488695,1.9191702402018704,1.791720079460545,0.12490115752649944,-2.6117886554753684,True,ok,,0.4,0.18,0.084
2020-07-21 16:00:00+00:00,0.030538266091759914,0.030538266091759914,-0.7932118905586034,-0.7626736244668435,1.791720079460545,1.760558583448545,0.03053826609175976,-0.7932118905586034,True,ok,,0.4,0.18,0.084
2020-07-21 17:00:00+00:00,0.029584885812735967,0.029584885812735967,-0.2753055027092265,-0.24572061689649052,1.760558583448545,1.7303699244559574,0.029584885812736012,-0.2753055027092265,True,ok,,0.4,0.18,0.084
2020-07-21 18:00:00+00:00,0.06953462694792586,0.06953462694792586,-0.03707946452259236,0.03245516242533351,1.7303699244559574,1.659416223488686,0.06953462694792588,-0.03707946452259235,True,ok,,0.4,0.18,0.084
2020-07-21 19:00:00+00:00,0.12863854974869418,0.12863854974869418,1.0251487039814045e-07,0.12863865226356458,1.659416223488686,1.5281523972145084,0.12863854974869424,1.0251487038594117e-07,True,ok,,0.2,0.07,0.084
2020-07-21 20:00:00+00:00,0.16981078638736288,0.16981078638736288,1.0251498341884435e-07,0.1698108889023463,1.5281523972145084,1.3548760845743422,0.16981078638736286,1.0251498343253427e-07,True,ok,,0.2,0.07,0.084
2020-07-21 21:00:00+00:00,0.10456625852550121,0.10456625852550121,1.0251503793079486e-07,0.10456636104053914,1.3548760845743422,1.2481758207728104,0.1045662585255012,1.0251503792434467e-07,True,ok,,0.2,0.07,0.084
2020-07-21 22:00:00+00:00,0.10231342539458098,0.10231342539458098,1.0251798250593414e-07,0.10231352791256348,1.2481758207728104,1.143774366288544,0.10231342539458094,1.0251798251160754e-07,True,ok,,0.2,0.07,0.084
2020-07-21 23:00:00+00:00,0.1383248624866511,0.1383248624866511,8.186910166463335e-08,0.13832494435575277,1.143774366288544,1.0026265474246143,0.13832486248665102,8.186910165510359e-08,True,ok,,0.2,0.07,0.084
2020-07-22 00:00:00+00:00,0.06124630214932021,0.06124630214932021,2.2567084317220987e-07,0.061246527820163384,1.0026265474246143,0.9401303207416345,0.061246302149320246,2.256708431687979e-07,True,ok,,0.2,0.07,0.084
2020-07-22 01:00:00+00:00,0.19328485797093908,0.19328485797093908,2.2567265611783682e-07,0.1932850836435952,0.9401303207416345,0.7429008738325129,0.19328485797093917,2.2567265610973149e-07,True,ok,,0.2,0.07,0.084
2020-07-22 02:00:00+00:00,0.10309352434040868,0.10309352434040868,2.2567283684826744e-07,0.10309375001324553,0.7429008738325129,0.6377034000157693,0.1030935243404087,2.2567283685322298e-07,True,ok,,0.2,0.07,0.084
2020-07-22 03:00:00+00:00,0.11901822745856537,0.11901822745856537,2.2567385583871502e-07,0.11901845313242121,0.6377034000157693,0.5162562291396822,0.1190182274585654,2.256738558364504e-07,True,ok,,0.2,0.07,0.084
2020-07-22 04:00:00+00:00,-0.03256182965705727,-0.03256182965705727,-0.028832874516293905,-0.061394704173351175,0.5162562291396822,0.5481668222035982,-0.032561829657057256,-0.028832874516293905,True,ok,,0.3,0.1,0.084
2020-07-22 05:00:00+00:00,-0.34876597674480875,-0.34876597674480875,-0.23570891693027912,-0.5844748936750879,0.5481668222035982,0.8899574794135108,-0.34876597674480875,-0.23570891693027912,True,ok,,0.3,0.1,0.084
2020-07-22 06:00:00+00:00,-0.8599654190446268,-0.8599654190446268,-0.6791291566436731,-1.5390945756882999,0.8899574794135108,1.7327235900772449,-0.8599654190446268,-0.6791291566436731,True,ok,,0.3,0.1,0.084
2020-07-22 07:00:00+00:00,-1.2786028645500023,-1.2786028645500023,-1.4441077935996083,-2.7227106581496106,1.7327235900772449,2.985754397336247,-1.2786028645500023,-1.4441077935996083,True,ok,,0.3,0.1,0.084
2020-07-22 08:00:00+00:00,-1.0759635362404638,-1.0759635362404638,-1.6625352398105382,-2.738498776051002,2.985754397336247,4.0401986628519015,-1.0759635362404636,-1.6625352398105382,True,ok,,0.3,0.1,0.084
2020-07-22 09:00:00+00:00,-0.5993558978372913,-0.5993558978372913,-0.8749249129997967,-1.474280810837088,4.0401986628519015,4.627567442732447,-0.5993558978372913,-0.8749249129997967,True,ok,,0.3,0.1,0.084
2020-07-22 10:00:00+00:00,-0.6886341808376908,-0.6886341808376908,-1.1843976573738293,-1.87303183821152,4.627567442732447,5.302428939953384,-0.6886341808376909,-1.1843976573738293,True,ok,,0.3,0.1,0.084
2020-07-22 11:00:00+00:00,-0.9060140453132295,-0.9060140453132295,-2.1911766785676337,-3.097190723880863,5.302428939953384,6.19032270436035,-0.9060140453132294,-2.1911766785676337,True,ok,,0.3,0.1,0.084
2020-07-22 12:00:00+00:00,-0.8915464418261143,-0.8915464418261143,-2.25084535068071,-3.142391792506824,6.19032270436035,7.064038217349942,-0.8915464418261148,-2.25084535068071,True,ok,,0.3,0.1,0.084
2020-07-22 13:00:00+00:00,-0.776189325540855,-0.776189325540855,-1.649561109325681,-2.425750434866536,7.064038217349942,7.8247037563799795,-0.7761893255408547,-1.649561109325681,True,ok,,0.3,0.1,0.084
2020-07-22 14:00:00+00:00,-0.9327820973974461,-0.9327820973974461,-2.2601243236776587,-3.192906421075105,7.8247037563799795,8.738830211829477,-0.9327820973974457,-2.2601243236776587,True,ok,,0.3,0.1,0.084
2020-07-22 15:00:00+00:00,2.2275610911393073e-07,2.2275610911393073e-07,-2.590983062806609,-2.5909828400504997,8.738830211829477,8.738829984527325,2.2275610853223888e-07,-2.590983062806609,True,ok,,0.4,0.18,0.084
2020-07-22 16:00:00+00:00,1.8764117504233013e-07,1.8764117504233013e-07,-0.8058123061531783,-0.8058121185120033,8.738829984527325,8.738829793056738,1.8764117511842688e-07,-0.8058123061531783,True,ok,,0.4,0.18,0.084
2020-07-22 17:00:00+00:00,1.8623896291813935e-07,1.8623896291813935e-07,-0.3964215689046887,-0.3964213826657258,8.738829793056738,8.73882960301698,1.8623896280538966e-07,-0.3964215689046887,True,ok,,0.4,0.18,0.084
2020-07-22 18:00:00+00:00,1.8500900669099485e-07,1.8500900669099485e-07,-0.03323646808568408,-0.03323628307667739,8.73882960301698,8.73882941423228,1.850090067328259e-07,-0.03323646808568408,True,ok,,0.4,0.18,0.084
2020-07-22 19:00:00+00:00,0.20561714630480743,0.20561714630480743,3.067146561175349e-07,0.20561745301946355,8.73882941423228,8.529015999635538,0.2056171463048075,3.0671465610476694e-07,True,ok,,0.2,0.07,0.084
2020-07-22 20:00:00+00:00,0.10703008217655537,0.10703008217655537,3.066714315130836e-07,0.10703038884798688,8.529015999635538,8.419801630067624,0.10703008217655534,3.066714315125343e-07,True,ok,,0.2,0.07,0.084
2020-07-22 21:00:00+00:00,0.1733185268521319,0.1733185268521319,3.066235108872828e-07,0.17331883347564278,8.419801630067624,8.242945990422593,0.17331852685213175,3.066235108831459e-07,True,ok,,0.2,0.07,0.084
2020-07-22 22:00:00+00:00,0.1095142490650314,0.1095142490650314,3.0657201022243896e-07,0.10951455563704163,8.242945990422593,8.131196756682765,0.10951424906503138,3.0657201022647116e-07,True,ok,,0.2,0.07,0.084
2020-07-22 23:00:00+00:00,0.11728141593908999,0.11728141593908999,3.065164646126606e-07,0.1172817224555546,8.131196756682765,8.011521842459205,0.11728141593908999,3.0651646461220614e-07,True,ok,,0.2,0.07,0.084
2020-07-23 00:00:00+00:00,0.12007430484156098,0.12007430484156098,3.06456682211409e-07,0.12007461129824319,8.011521842459205,7.888997041600469,0.120074304841561,3.06456682204736e-07,True,ok,,0.2,0.07,0.084
2020-07-23 01:00:00+00:00,0.13225780474565496,0.13225780474565496,3.06392158977431e-07,0.13225811113781394,7.888997041600469,7.754040097982453,0.13225780474565493,3.063921589707381e-07,True,ok,,0.2,0.07,0.084
2020-07-23 02:00:00+00:00,1.9695009793179739,1.9695009793179739,9.833930203484442e-08,1.969501077657276,7.754040097982453,5.744345221127378,1.9695009793179745,9.833930212502046e-08,True,ok,,0.2,0.07,0.084
2020-07-23 03:00:00+00:00,4.999999697809801,4.999999697809801,1.1440324222217955,6.144032120031596,5.744345221127378,0.6423047131581932,4.999999697809804,1.1440324222217952,True,ok,,0.2,0.07,0.084
2020-07-23 04:00:00+00:00,0.6294578058493253,0.6294578058493253,-3.5842419032761086e-09,0.6294578022650834,0.6423047131581932,8.296384734762796e-07,0.6294578058493252,-3.5842419096070152e-09,True,ok,,0.3,0.1,0.084
2020-07-23 05:00:00+00:00,-0.21421497711737264,-0.21421497711737264,-0.15894366428829948,-0.3731586414056721,8.296384734762796e-07,0.20993150721349865,-0.21421497711737258,-0.15894366428829948,True,ok,,0.3,0.1,0.084
2020-07-23 06:00:00+00:00,-0.2712192587774547,-0.2712192587774547,-1.384253182788764,-1.6554724415662188,0.20993150721349865,0.4757263808154042,-0.271219258777455,-1.384253182788764,True,ok,,0.3,0.1,0.084
2020-07-23 07:00:00+00:00,-0.19566500774249862,-0.19566500774249862,-2.7080283173764106,-2.903693325118909,0.4757263808154042,0.6674780884030529,-0.19566500774249904,-2.7080283173764106,True,ok,,0.3,0.1,0.084
2020-07-23 08:00:00+00:00,-0.1595113019349763,-0.1595113019349763,-3.877630229706115,-4.037141531641091,0.6674780884030529,0.8237991642993296,-0.15951130193497556,-3.877630229706115,True,ok,,0.3,0.1,0.084
2020-07-23 09:00:00+00:00,-0.1377939442637004,-0.1377939442637004,-4.66813009127779,-4.805924035541491,0.8237991642993296,0.9588372296777561,-0.1377939442637012,-4.66813009127779,True,ok,,0.3,0.1,0.084
2020-07-23 10:00:00+00:00,-0.12300310254555047,-0.12300310254555047,-4.998424744842323,-5.121427847387873,0.9588372296777561,1.0793802701723956,-0.12300310254554982,-4.998424744842323,True,ok,,0.3,0.1,0.084
2020-07-23 11:00:00+00:00,-0.11223618914705558,-0.11223618914705558,-5.182739304125181,-5.294975493272236,1.0793802701723956,1.18937173553651,-0.11223618914705655,-5.182739304125181,True,ok,,0.3,0.1,0.084
2020-07-23 12:00:00+00:00,-0.10385303089960818,-0.10385303089960818,-4.986537278727056,-5.090390309626664,1.18937173553651,1.2911477058181262,-0.10385303089960861,-4.986537278727056,True,ok,,0.3,0.1,0.084
2020-07-23 13:00:00+00:00,-0.0968803480042153,-0.0968803480042153,-4.1295034137107605,-4.226383761714976,1.2911477058181262,1.3860904468622572,-0.09688034800421577,-4.1295034137107605,True,ok,,0.3,0.1,0.084
2020-07-23 14:00:00+00:00,-0.09090294149873435,-0.09090294149873435,-3.1462899704978695,-3.237192911996604,1.3860904468622572,1.4751753295310168,-0.0909029414987341,-3.1462899704978695,True,ok,,0.3,0.1,0.084
2020-07-23 15:00:00+00:00,2.2281342637597845e-07,2.2281342637597845e-07,-3.0650874306657134,-3.065087207852287,1.4751753295310168,1.4751751021703776,2.228134264042468e-07,-3.0650874306657134,True,ok,,0.4,0.18,0.084
2020-07-23 16:00:00+00:00,1.872357433541083e-07,1.872357433541083e-07,-1.416276438867787,-1.4162762516320437,1.4751751021703776,1.4751749111134966,1.8723574310952445e-07,-1.416276438867787,True,ok,,0.4,0.18,0.084
2020-07-23 17:00:00+00:00,1.714709917388646e-07,1.714709917388646e-07,-0.18328436838135695,-0.1832841969103652,1.4751749111134966,1.475174736143097,1.714709917198204e-07,-0.18328436838135695,True,ok,,0.4,0.18,0.084
2020-07-23 18:00:00+00:00,0.07521134718939722,0.07521134718939722,-1.917020112512935e-07,0.07521115548738597,1.475174736143097,1.3984284635008548,0.07521134718939708,-1.9170201124909065e-07,True,ok,,0.4,0.18,0.084
2020-07-23 19:00:00+00:00,0.10316281421186882,0.10316281421186882,2.0785110158016984e-07,0.1031630220629704,1.3984284635008548,1.2931602857336417,0.10316281421186883,2.0785110157466675e-07,True,ok,,0.2,0.07,0.084
2020-07-23 20:00:00+00:00,0.18673460614235649,0.18673460614235649,3.104360425387753e-07,0.18673491657839902,1.2931602857336417,1.1026147692618493,0.1867346061423566,3.104360425265251e-07,True,ok,,0.2,0.07,0.084
2020-07-23 21:00:00+00:00,0.09451752305960202,0.09451752305960202,3.1038520520443313e-07,0.09451783344480723,1.1026147692618493,1.0061683171602147,0.09451752305960198,3.103852052094514e-07,True,ok,,0.2,0.07,0.084
2020-07-23 22:00:00+00:00,0.11986327309911958,0.11986327309911958,3.1033053493612073e-07,0.11986358342965452,1.0061683171602147,0.8838588548141744,0.11986327309911955,3.103305349427072e-07,True,ok,,0.2,0.07,0.084
2020-07-23 23:00:00+00:00,0.11612374542957572,0.11612374542957572,3.1027125631244434e-07,0.11612405570083204,0.8838588548141744,0.765365237028893,0.11612374542957574,3.102712563107963e-07,True,ok,,0.2,0.07,0.084
2020-07-24 00:00:00+00:00,0.08252603630907097,0.08252603630907097,1.3061212089660046e-07,0.08252616692119187,0.765365237028893,0.681154995897188,0.08252603630907099,1.306121209017338e-07,True,ok,,0.2,0.07,0.084
2020-07-24 01:00:00+00:00,0.1621156718334468,0.1621156718334468,3.279393667732222e-07,0.16211599977281357,0.681154995897188,0.5157308409650994,0.16211567183344677,3.279393667853316e-07,True,ok,,0.2,0.07,0.084
2020-07-24 02:00:00+00:00,0.34875503315124756,0.34875503315124756,3.278388523431097e-07,0.3487553609900999,0.5157308409650994,0.15985835815770388,0.3487550331512478,3.278388523340852e-07,True,ok,,0.2,0.07,0.084
2020-07-24 03:00:00+00:00,0.1566605851130894,0.1566605851130894,9.717361570960037e-08,0.1566606822867051,0.15985835815770388,6.182463881676536e-07,0.1566605851130894,9.717361570771565e-08,True,ok,,0.2,0.07,0.084
2020-07-24 04:00:00+00:00,-0.0036929054400990174,-0.0036929054400990174,-0.0018433158465212466,-0.005536221286620264,6.182463881676536e-07,0.0036196655776852046,-0.003692905440099086,-0.0018433158465212466,True,ok,,0.3,0.1,0.084
2020-07-24 05:00:00+00:00,-0.2781288161724761,-0.2781288161724761,-0.1770855038674557,-0.4552143200399318,0.0036196655776852046,0.2761859054267118,-0.2781288161724761,-0.1770855038674557,True,ok,,0.3,0.1,0.084
2020-07-24 06:00:00+00:00,-0.28572783887652525,-0.28572783887652525,-0.47588304718489477,-0.76161088606142,0.2761859054267118,0.5561991875257065,-0.2857278388765253,-0.47588304718489477,True,ok,,0.3,0.1,0.084
2020-07-24 07:00:00+00:00,-0.3014492446661048,-0.3014492446661048,-1.8216002156743547,-2.1230494603404595,0.5561991875257065,0.8516194472984893,-0.3014492446661053,-1.8216002156743547,True,ok,,0.3,0.1,0.084
2020-07-24 08:00:00+00:00,-0.23520362869019618,-0.23520362869019618,-2.763283260150267,-2.998486888840463,0.8516194472984893,1.0821190034148815,-0.2352036286901967,-2.763283260150267,True,ok,,0.3,0.1,0.084
2020-07-24 09:00:00+00:00,-0.19099089074437847,-0.19099089074437847,-2.4122394790334107,-2.603230369777789,1.0821190034148815,1.2692900763443724,-0.19099089074437808,-2.4122394790334107,True,ok,,0.3,0.1,0.084
2020-07-24 10:00:00+00:00,-0.17565824992467505,-0.17565824992467505,-4.362431588068019,-4.538089837992694,1.2692900763443724,1.441435161270554,-0.17565824992467546,-4.362431588068019,True,ok,,0.3,0.1,0.084
2020-07-24 11:00:00+00:00,-0.15786194983701884,-0.15786194983701884,-2.987687350179735,-3.145549300016754,1.441435161270554,1.5961398721108324,-0.15786194983701893,-2.987687350179735,True,ok,,0.3,0.1,0.084
2020-07-24 12:00:00+00:00,-0.14539542272168227,-0.14539542272168227,-2.3876015884620965,-2.5329970111837787,1.5961398721108324,1.738627386378081,-0.14539542272168232,-2.3876015884620965,True,ok,,0.3,0.1,0.084
2020-07-24 13:00:00+00:00,-0.13379483098371003,-0.13379483098371003,-1.888685782121523,-2.022480613105233,1.738627386378081,1.8697463207421168,-0.13379483098370978,-1.888685782121523,True,ok,,0.3,0.1,0.084
2020-07-24 14:00:00+00:00,-0.13000993817441442,-0.13000993817441442,-3.0848787267247864,-3.2148886648992008,1.8697463207421168,1.997156060153043,-0.13000993817441447,-3.0848787267247864,True,ok,,0.3,0.1,0.084
2020-07-24 15:00:00+00:00,2.2300498403460267e-07,2.2300498403460267e-07,-1.3231182711613425,-1.3231180481563585,1.997156060153043,1.9971558325969367,2.2300498402565284e-07,-1.3231182711613425,True,ok,,0.4,0.18,0.084
2020-07-24 16:00:00+00:00,0.4943430295255648,0.4943430295255648,-1.918324315508535e-07,0.49434283769313325,1.9971558325969367,1.492724169815748,0.4943430295255639,-1.9183243156285524e-07,True,ok,,0.4,0.18,0.084
2020-07-24 17:00:00+00:00,1.716337688084657e-07,1.716337688084657e-07,-0.27197593322921726,-0.27197576159544845,1.492724169815748,1.4927239946792492,1.7163376873111632e-07,-0.27197593322921726,True,ok,,0.4,0.18,0.084
2020-07-24 18:00:00+00:00,0.08935163119216658,0.08935163119216658,-1.9186139693649906e-07,0.08935143933076964,1.4927239946792492,1.4015488608096915,0.08935163119216681,-1.9186139693118989e-07,True,ok,,0.4,0.18,0.084
2020-07-24 19:00:00+00:00,0.1274911291901676,0.1274911291901676,3.044156695053424e-07,0.12749143360583712,1.4015488608096915,1.2714558718401328,0.1274911291901675,3.0441566951454073e-07,True,ok,,0.2,0.07,0.084
2020-07-24 20:00:00+00:00,0.22936708457895041,0.22936708457895041,3.0437150350115516e-07,0.22936738895045392,1.2714558718401328,1.037407826351408,0.22936708457895041,3.0437150349376025e-07,True,ok,,0.2,0.07,0.084
2020-07-24 21:00:00+00:00,0.12995119562008678,0.12995119562008678,3.0432682515679765e-07,0.12995149994691194,1.037407826351408,0.9048045655145847,0.12995119562008675,3.043268251653701e-07,True,ok,,0.2,0.07,0.084
2020-07-24 22:00:00+00:00,0.08860639007790355,0.08860639007790355,3.0427604773286543e-07,0.08860669435395128,0.9048045655145847,0.8143898817616219,0.08860639007790354,3.042760477269516e-07,True,ok,,0.2,0.07,0.084
2020-07-24 23:00:00+00:00,0.1479218020406802,0.1479218020406802,1.422834953745955e-07,0.14792194432417557,0.8143898817616219,0.6634492674343971,0.14792180204068017,1.4228349537191454e-07,True,ok,,0.2,0.07,0.084
2020-07-25 00:00:00+00:00,0.0701420163927795,0.0701420163927795,3.170750219466667e-07,0.07014233346780145,0.6634492674343971,0.5918757813193161,0.07014201639277948,3.170750219459625e-07,True,ok,,0.2,0.07,0.084
2020-07-25 01:00:00+00:00,0.1636344607076739,0.1636344607076739,3.1699984975874784e-07,0.16363477770752366,0.5918757813193161,0.42490184182168966,0.1636344607076739,3.169998497626024e-07,True,ok,,0.2,0.07,0.084
2020-07-25 02:00:00+00:00,0.11453373825735913,0.11453373825735913,3.1691471345796085e-07,0.11453405517207259,0.42490184182168966,0.3080306803345885,0.1145337382573592,3.1691471345844345e-07,True,ok,,0.2,0.07,0.084
2020-07-25 03:00:00+00:00,0.09118410953004309,0.09118410953004309,3.1681837651953426e-07,0.09118442634841961,0.3080306803345885,0.21498567061005475,0.09118410953004309,3.1681837651719804e-07,True,ok,,0.2,0.07,0.084
2020-07-25 04:00:00+00:00,0.21068504830053,0.21068504830053,-3.74570680028441e-09,0.2106850445548232,0.21498567061005475,9.274462486053014e-07,0.21068504830053014,-3.745706793807744e-09,True,ok,,0.3,0.1,0.084
2020-07-25 05:00:00+00:00,-0.09368185904727162,-0.09368185904727162,-0.04673624545041137,-0.140418104497683,9.274462486053014e-07,0.09180914931257479,-0.09368185904727155,-0.04673624545041137,True,ok,,0.3,0.1,0.084
2020-07-25 06:00:00+00:00,-0.48617904982881244,-0.48617904982881244,-0.5421209793960088,-1.0283000292248212,0.09180914931257479,0.568264618144811,-0.48617904982881227,-0.5421209793960088,True,ok,,0.3,0.1,0.084
2020-07-25 07:00:00+00:00,-0.1962832688935806,-0.1962832688935806,-0.2592806272049565,-0.4555638960985371,0.568264618144811,0.76062222166052,-0.1962832688935803,-0.2592806272049565,True,ok,,0.3,0.1,0.084
2020-07-25 08:00:00+00:00,-0.32535781756123505,-0.32535781756123505,-2.019047374354558,-2.344405191915793,0.76062222166052,1.0794728828705302,-0.32535781756123505,-2.019047374354558,True,ok,,0.3,0.1,0.084
2020-07-25 09:00:00+00:00,-0.2693866367345876,-0.2693866367345876,-2.492125770093076,-2.7615124068276637,1.0794728828705302,1.3434717868704262,-0.2693866367345876,-2.492125770093076,True,ok,,0.3,0.1,0.084
2020-07-25 10:00:00+00:00,-0.23945688329121362,-0.23945688329121362,-3.5349808861025984,-3.774437769393812,1.3434717868704262,1.5781395324958156,-0.23945688329121292,-3.5349808861025984,True,ok,,0.3,0.1,0.084
2020-07-25 11:00:00+00:00,-0.2144659360429011,-0.2144659360429011,-3.3829741904111525,-3.5974401264540536,1.5781395324958156,1.7883161498178586,-0.21446593604290096,-3.3829741904111525,True,ok,,0.3,0.1,0.084
2020-07-25 12:00:00+00:00,-0.19795109900079266,-0.19795109900079266,-3.7385250398452867,-3.9364761388460794,1.7883161498178586,1.9823082268386354,-0.19795109900079325,-3.7385250398452867,True,ok,,0.3,0.1,0.084
2020-07-25 13:00:00+00:00,-0.1811872265527672,-0.1811872265527672,-2.6468435963905037,-2.828030822943271,1.9823082268386354,2.159871708860347,-0.18118722655276712,-2.6468435963905037,True,ok,,0.3,0.1,0.084
2020-07-25 14:00:00+00:00,-0.1714931999226077,-0.1714931999226077,-2.8259171101171505,-2.997410310039758,2.159871708860347,2.327935044784503,-0.17149319992260711,-2.8259171101171505,True,ok,,0.3,0.1,0.084
2020-07-25 15:00:00+00:00,0.18719352158618263,0.18719352158618263,-6.505323621452952e-08,0.18719345653294642,2.327935044784503,2.1369212472475816,0.18719352158618238,-6.505323621883631e-08,True,ok,,0.4,0.18,0.084
2020-07-25 16:00:00+00:00,1.9577339032284674e-07,1.9577339032284674e-07,-0.002919698663271843,-0.00291950288988152,2.1369212472475816,2.136921047478816,1.9577339022988472e-07,-0.002919698663271843,True,ok,,0.4,0.18,0.084
2020-07-25 17:00:00+00:00,0.03368430865814983,0.03368430865814983,-5.754007831315633e-08,0.033684251118071516,2.136921047478816,2.1025493039500915,0.03368430865814998,-5.754007831164937e-08,True,ok,,0.4,0.18,0.084
2020-07-25 18:00:00+00:00,0.10192209426903265,0.10192209426903265,-2.1749359052636308e-07,0.10192187677544212,2.1025493039500915,1.9985471669408745,0.10192209426903259,-2.1749359053124561e-07,True,ok,,0.4,0.18,0.084
2020-07-25 19:00:00+00:00,0.16424371769487361,0.16424371769487361,2.9267018145096024e-07,0.16424401036505507,1.9985471669408745,1.8309515366399831,0.16424371769487356,2.926701814379175e-07,True,ok,,0.2,0.07,0.084
2020-07-25 20:00:00+00:00,0.21096245761837187,0.21096245761837187,2.9264166309661555e-07,0.21096275026003497,1.8309515366399831,1.6156837227436853,0.21096245761837187,2.926416630880084e-07,True,ok,,0.2,0.07,0.084
2020-07-25 21:00:00+00:00,0.1303974850316681,0.1303974850316681,2.926051779483796e-07,0.13039777763684604,1.6156837227436853,1.4826250645481056,0.13039748503166804,2.926051779555024e-07,True,ok,,0.2,0.07,0.084
2020-07-25 22:00:00+00:00,0.12050504096767413,0.12050504096767413,2.925645533752297e-07,0.1205053335322275,1.4826250645481056,1.3596607370300708,0.12050504096767396,2.9256455337508924e-07,True,ok,,0.2,0.07,0.084
2020-07-25 23:00:00+00:00,0.1636864576223732,0.1636864576223732,2.925220555505259e-07,0.16368675014442874,1.3596607370300708,1.1926337394562205,0.16368645762237324,2.9252205553749833e-07,True,ok,,0.2,0.07,0.084
2020-07-26 00:00:00+00:00,0.06112631873251434,0.06112631873251434,2.9247640143809095e-07,0.06112661120891578,1.1926337394562205,1.1302599448312058,0.061126318732514326,2.9247640143972466e-07,True,ok,,0.2,0.07,0.084
2020-07-26 01:00:00+00:00,0.19018920741079842,0.19018920741079842,2.924309975282924e-07,0.19018949984179595,1.1302599448312058,0.9361893250242687,0.19018920741079845,2.92430997540642e-07,True,ok,,0.2,0.07,0.084
2020-07-26 02:00:00+00:00,0.10912059640820343,0.10912059640820343,2.923812912614121e-07,0.10912088878949469,0.9361893250242687,0.824841777668959,0.10912059640820344,2.9238129126356076e-07,True,ok,,0.2,0.07,0.084
2020-07-26 03:00:00+00:00,0.0874697908197455,0.0874697908197455,2.923268796056755e-07,0.0874700831466251,0.824841777668959,0.735586889077382,0.08746979081974544,2.923268796121749e-07,True,ok,,0.2,0.07,0.084
2020-07-26 04:00:00+00:00,0.33169844077040433,0.33169844077040433,-4.040834333807197e-09,0.33169843672957,0.735586889077382,0.3971190923728878,0.3316984407704044,-4.040834351781155e-09,True,ok,,0.3,0.1,0.084
2020-07-26 05:00:00+00:00,0.2848359997084688,0.2848359997084688,-4.041460555104237e-09,0.28483599566700823,0.3971190923728878,0.10647011307853188,0.28483599970846873,-4.041460551237304e-09,True,ok,,0.3,0.1,0.084
2020-07-26 06:00:00+00:00,0.1043395537430191,0.1043395537430191,-4.042143064708625e-09,0.10433954970087604,0.10647011307853188,1.1806876960562818e-06,0.10433955374301915,-4.042143061678956e-09,True,ok,,0.3,0.1,0.084
2020-07-26 07:00:00+00:00,-0.3272986924555845,-0.3272986924555845,-0.436101437841813,-0.7634001302973975,1.1806876960562818e-06,0.32075389929416886,-0.32729869245558463,-0.436101437841813,True,ok,,0.3,0.1,0.084
2020-07-26 08:00:00+00:00,-0.25642611488710143,-0.25642611488710143,-2.4262375891436223,-2.6826637040307237,0.32075389929416886,0.5720514918835282,-0.25642611488710115,-2.4262375891436223,True,ok,,0.3,0.1,0.084
2020-07-26 09:00:00+00:00,-0.18731535466996085,-0.18731535466996085,-2.4844252731155168,-2.6717406277854776,0.5720514918835282,0.7556205394600899,-0.1873153546699611,-2.4844252731155168,True,ok,,0.3,0.1,0.084
2020-07-26 10:00:00+00:00,-0.1565004021521288,-0.1565004021521288,-2.9364508355878765,-3.0929512377400052,0.7556205394600899,0.9089909335691762,-0.15650040215212924,-2.9364508355878765,True,ok,,0.3,0.1,0.084
2020-07-26 11:00:00+00:00,-0.13720603357905237,-0.13720603357905237,-3.215248016252371,-3.3524540498314233,0.9089909335691762,1.0434528464766475,-0.13720603357905273,-3.215248016252371,True,ok,,0.3,0.1,0.084
2020-07-26 12:00:00+00:00,-0.12515244123938718,-0.12515244123938718,-5.056183296111048,-5.181335737350436,1.0434528464766475,1.166102238891247,-0.1251524412393876,-5.056183296111048,True,ok,,0.3,0.1,0.084
2020-07-26 13:00:00+00:00,-0.11459357610930887,-0.11459357610930887,-4.664572618173329,-4.779166194282638,1.166102238891247,1.2784039434783696,-0.1145935761093099,-4.664572618173329,True,ok,,0.3,0.1,0.084
2020-07-26 14:00:00+00:00,-0.10575902522946068,-0.10575902522946068,-3.424215863776095,-3.5299748890055556,1.2784039434783696,1.3820477882032411,-0.10575902522946001,-3.424215863776095,True,ok,,0.3,0.1,0.084
2020-07-26 15:00:00+00:00,2.2303830649050838e-07,2.2303830649050838e-07,-1.3581939834241308,-1.3581937603858243,1.3820477882032411,1.3820475606131324,2.230383064136313e-07,-1.3581939834241308,True,ok,,0.4,0.18,0.084
2020-07-26 16:00:00+00:00,1.8721647920827422e-07,1.8721647920827422e-07,-0.8346772182452524,-0.8346770310287732,1.3820475606131324,1.3820473695759088,1.872164792443142e-07,-0.8346772182452524,True,ok,,0.4,0.18,0.084
2020-07-26 17:00:00+00:00,4.7250888257632795e-08,4.7250888257632795e-08,-0.2638239209980598,-0.26382387374717153,1.3820473695759088,1.3820473213607167,4.725088834433142e-08,-0.2638239209980598,True,ok,,0.4,0.18,0.084
2020-07-26 18:00:00+00:00,0.02119630015727211,0.02119630015727211,-2.0983529278040258e-07,0.02119609032197933,1.3820473213607167,1.3604184436492146,0.021196300157272262,-2.0983529277936322e-07,True,ok,,0.4,0.18,0.084
2020-07-26 19:00:00+00:00,0.12665510334410218,0.12665510334410218,2.6925606963490445e-07,0.12665537260017182,1.3604184436492146,1.2311785422776818,0.12665510334410224,2.692560696484521e-07,True,ok,,0.2,0.07,0.084
2020-07-26 20:00:00+00:00,0.19393408832768633,0.19393408832768633,3.0099332312683025e-07,0.19393438932100945,1.2311785422776818,1.0332866154126956,0.1939340883276863,3.009933231276112e-07,True,ok,,0.2,0.07,0.084
2020-07-26 21:00:00+00:00,0.0925915601020904,0.0925915601020904,3.009498928119303e-07,0.0925918610519832,1.0332866154126956,0.9388054316350524,0.09259156010209044,3.0094989280597343e-07,True,ok,,0.2,0.07,0.084
2020-07-26 22:00:00+00:00,0.1448315605002128,0.1448315605002128,3.009030404843571e-07,0.1448318614032533,0.9388054316350524,0.7910181250021822,0.1448315605002126,3.009030404908327e-07,True,ok,,0.2,0.07,0.084
2020-07-26 23:00:00+00:00,0.12573950467356051,0.12573950467356051,3.008526431313996e-07,0.12573980552620365,0.7910181250021822,0.6627125079883449,0.12573950467356054,3.008526431248652e-07,True,ok,,0.2,0.07,0.084
2020-07-27 00:00:00+00:00,0.07385939365643766,0.07385939365643766,3.007979672564609e-07,0.07385969445440492,0.6627125079883449,0.5873457797674901,0.07385939365643764,3.007979672605551e-07,True,ok,,0.2,0.07,0.084
2020-07-27 01:00:00+00:00,0.19033269928226038,0.19033269928226038,3.0074189941164953e-07,0.1903330000241598,0.5873457797674901,0.393128739683551,0.19033269928226043,3.0074189940832005e-07,True,ok,,0.2,0.07,0.084
2020-07-27 02:00:00+00:00,0.09892850465984541,0.09892850465984541,3.0068081549594616e-07,0.09892880534066091,0.393128739683551,0.2921812859490148,0.09892850465984539,3.0068081548965345e-07,True,ok,,0.2,0.07,0.084
2020-07-27 03:00:00+00:00,0.2863366069548791,0.2863366069548791,3.0061404882042453e-07,0.28633690756892793,0.2921812859490148,1.0747705667668583e-06,0.2863366069548792,3.0061404884470256e-07,True,ok,,0.2,0.07,0.084
2020-07-27 04:00:00+00:00,-0.05608712826909124,-0.05608712826909124,-0.024278739432983663,-0.0803658677020749,1.0747705667668583e-06,0.05496646047427618,-0.05608712826909123,-0.024278739432983663,True,ok,,0.3,0.1,0.084
2020-07-27 05:00:00+00:00,-0.11666315322424209,-0.11666315322424209,-0.07185725720532202,-0.1885204104295641,0.05496646047427618,0.16929635063403342,-0.11666315322424199,-0.07185725720532202,True,ok,,0.3,0.1,0.084
2020-07-27 06:00:00+00:00,-0.17579965911084178,-0.17579965911084178,-0.19701041099112637,-0.37281007010196815,0.16929635063403342,0.34158001656265835,-0.17579965911084183,-0.19701041099112637,True,ok,,0.3,0.1,0.084
2020-07-27 07:00:00+00:00,-0.21982340151607138,-0.21982340151607138,-0.8946089525020764,-1.1144323540181478,0.34158001656265835,0.5570069500484083,-0.21982340151607133,-0.8946089525020764,True,ok,,0.3,0.1,0.084
2020-07-27 08:00:00+00:00,-0.17935673735377877,-0.17935673735377877,-1.6017366392832746,-1.7810933766370534,0.5570069500484083,0.7327765526551114,-0.17935673735377905,-1.6017366392832746,True,ok,,0.3,0.1,0.084
2020-07-27 09:00:00+00:00,-0.14747678984741186,-0.14747678984741186,-1.4717422792544805,-1.6192190691018924,0.7327765526551114,0.8773038067055751,-0.1474767898474118,-1.4717422792544805,True,ok,,0.3,0.1,0.084
2020-07-27 10:00:00+00:00,-0.12496800218302284,-0.12496800218302284,-1.0766763756644444,-1.2016443778474672,0.8773038067055751,0.9997724488449374,-0.12496800218302277,-1.0766763756644444,True,ok,,0.3,0.1,0.084
2020-07-27 11:00:00+00:00,-0.11111999084749358,-0.11111999084749358,-0.9378635438567293,-1.048983534704223,0.9997724488449374,1.1086700398754812,-0.11111999084749341,-0.9378635438567293,True,ok,,0.3,0.1,0.084
2020-07-27 12:00:00+00:00,-0.09423148609488541,-0.09423148609488541,-0.5074366682274392,-0.6016681543223246,1.1086700398754812,1.2010168962484689,-0.09423148609488578,-0.5074366682274392,True,ok,,0.3,0.1,0.084
2020-07-27 13:00:00+00:00,-0.089141310738729,-0.089141310738729,-0.5812461768905439,-0.6703874876292729,1.2010168962484689,1.2883753807724232,-0.089141310738729,-0.5812461768905439,True,ok,,0.3,0.1,0.084
2020-07-27 14:00:00+00:00,-0.09018254293997052,-0.09018254293997052,-1.0316638411596462,-1.1218463840996167,1.2883753807724232,1.3767542728535944,-0.09018254293997084,-1.0316638411596462,True,ok,,0.3,0.1,0.084
2020-07-27 15:00:00+00:00,2.228180593366602e-07,2.228180593366602e-07,-0.8364191861596626,-0.8364189633416033,1.3767542728535944,1.3767540454882277,2.228180594806991e-07,-0.8364191861596626,True,ok,,0.4,0.18,0.084
2020-07-27 16:00:00+00:00,1.8732703332968725e-07,1.8732703332968725e-07,-0.5286406997531784,-0.5286405124261451,1.3767540454882277,1.3767538543381936,1.8732703327397864e-07,-0.5286406997531784,True,ok,,0.4,0.18,0.084
2020-07-27 17:00:00+00:00,1.8581203325984674e-07,1.8581203325984674e-07,-0.14464337423305607,-0.1446431884210228,1.3767538543381936,1.3767536647340781,1.858120331015615e-07,-0.14464337423305607,True,ok,,0.4,0.18,0.084
2020-07-27 18:00:00+00:00,1.8493914639983178e-07,1.8493914639983178e-07,-0.021331340015027317,-0.021331155075880917,1.3767536647340781,1.3767534760206634,1.8493914633145208e-07,-0.021331340015027317,True,ok,,0.4,0.18,0.084
2020-07-27 19:00:00+00:00,0.1786283513772221,0.1786283513772221,3.0621708951850124e-07,0.17862865759431162,1.3767534760206634,1.1944796480847226,0.178628351377222,3.062170895083715e-07,True,ok,,0.2,0.07,0.084
2020-07-27 20:00:00+00:00,0.14925263852281975,0.14925263852281975,3.061744544841094e-07,0.14925294469727424,1.1944796480847226,1.0421810373471514,0.1492526385228198,3.061744544783982e-07,True,ok,,0.2,0.07,0.084
2020-07-27 21:00:00+00:00,0.08835077729343295,0.08835077729343295,3.061256251823963e-07,0.08835108341905813,1.0421810373471514,0.9520271829660973,0.08835077729343298,3.0612562517965623e-07,True,ok,,0.2,0.07,0.084
2020-07-27 22:00:00+00:00,0.17066302696753485,0.17066302696753485,3.060749278194219e-07,0.17066333304246267,0.9520271829660973,0.7778812370808577,0.17066302696753466,3.060749278328579e-07,True,ok,,0.2,0.07,0.084
2020-07-27 23:00:00+00:00,0.07630583278462574,0.07630583278462574,3.0601959813414403e-07,0.07630613880422388,0.7778812370808577,0.7000181424026681,0.07630583278462577,3.0601959813626956e-07,True,ok,,0.2,0.07,0.084
2020-07-28 00:00:00+00:00,0.10336049964812957,0.10336049964812957,3.059613616629431e-07,0.10336080560949124,0.7000181424026681,0.5945482448025359,0.10336049964812953,3.05961361662471e-07,True,ok,,0.2,0.07,0.084
2020-07-28 01:00:00+00:00,0.18392322196022107,0.18392322196022107,3.058977713077393e-07,0.18392352785799237,0.5945482448025359,0.4068714877002695,0.18392322196022098,3.058977713166529e-07,True,ok,,0.2,0.07,0.084
2020-07-28 02:00:00+00:00,0.06910313854887244,0.06910313854887244,3.0582870880202506e-07,0.06910344437758124,0.4068714877002695,0.33635808101774656,0.06910313854887247,3.05828708804619e-07,True,ok,,0.2,0.07,0.084
2020-07-28 03:00:00+00:00,0.3296299185260087,0.3296299185260087,3.0575524362363993e-07,0.3296302242812523,0.33635808101774656,1.0212973294843053e-06,0.3296299185260088,3.057552436135215e-07,True,ok,,0.2,0.07,0.084
2020-07-28 04:00:00+00:00,-0.010626939888369834,-0.010626939888369834,-0.00526348452770458,-0.015890424416074415,1.0212973294843053e-06,0.010415422387931922,-0.010626939888369798,-0.005263484527704581,True,ok,,0.3,0.1,0.084
2020-07-28 05:00:00+00:00,-0.24799596177283906,-0.24799596177283906,-0.19832014666741749,-0.44631610844025654,0.010415422387931922,0.25345146492531423,-0.24799596177283917,-0.19832014666741749,True,ok,,0.3,0.1,0.084
2020-07-28 06:00:00+00:00,-0.2350309257301435,-0.2350309257301435,-0.6342545484782534,-0.8692854742083969,0.25345146492531423,0.4837817721408548,-0.2350309257301438,-0.6342545484782534,True,ok,,0.3,0.1,0.084
2020-07-28 07:00:00+00:00,-0.19638981379200793,-0.19638981379200793,-1.536228863388381,-1.7326186771803889,0.4837817721408548,0.6762437896570226,-0.19638981379200782,-1.536228863388381,True,ok,,0.3,0.1,0.084
2020-07-28 08:00:00+00:00,-0.16751305943356298,-0.16751305943356298,-2.615974235466809,-2.783487294900372,0.6762437896570226,0.8404065879019142,-0.16751305943356248,-2.615974235466809,True,ok,,0.3,0.1,0.084
2020-07-28 09:00:00+00:00,-0.13945516829024296,-0.13945516829024296,-2.337793387560374,-2.477248555850617,0.8404065879019142,0.9770726528263524,-0.13945516829024296,-2.337793387560374,True,ok,,0.3,0.1,0.084
2020-07-28 10:00:00+00:00,-0.1265708893436872,-0.1265708893436872,-3.529837797232988,-3.6564086865766754,0.9770726528263524,1.1011121243831659,-0.12657088934368657,-3.529837797232988,True,ok,,0.3,0.1,0.084
2020-07-28 11:00:00+00:00,-0.11118659773240958,-0.11118659773240958,-1.6174535305922715,-1.728640128324681,1.1011121243831659,1.2100749901609271,-0.11118659773240963,-1.6174535305922715,True,ok,,0.3,0.1,0.084
2020-07-28 12:00:00+00:00,-0.10618277842764812,-0.10618277842764812,-2.9515582025637195,-3.0577409809913676,1.2100749901609271,1.3141341130200224,-0.106182778427648,-2.9515582025637195,True,ok,,0.3,0.1,0.084
2020-07-28 13:00:00+00:00,-0.09446284614101375,-0.09446284614101375,-1.1590657275643963,-1.25352857370541,1.3141341130200224,1.406707702238216,-0.09446284614101363,-1.1590657275643963,True,ok,,0.3,0.1,0.084
2020-07-28 14:00:00+00:00,-0.09367882049518661,-0.09367882049518661,-2.758661470859022,-2.8523402913542086,1.406707702238216,1.4985129463234987,-0.09367882049518667,-2.758661470859022,True,ok,,0.3,0.1,0.084
2020-07-28 15:00:00+00:00,2.2282953082708445e-07,2.2282953082708445e-07,-1.8956774431256598,-1.895677220296129,1.4985129463234987,1.4985127189464265,2.228295312599571e-07,-1.8956774431256598,True,ok,,0.4,0.18,0.084
2020-07-28 16:00:00+00:00,1.872530730473443e-07,1.872530730473443e-07,-1.185797018982019,-1.185796831728946,1.4985127189464265,1.498512527871862,1.8725307319293768e-07,-1.185797018982019,True,ok,,0.4,0.18,0.084
2020-07-28 17:00:00+00:00,1.8615966257407024e-07,1.8615966257407024e-07,-0.4456422847671681,-0.44564209860750553,1.498512527871862,1.4985123379130227,1.8615966252028997e-07,-0.4456422847671681,True,ok,,0.4,0.18,0.084
2020-07-28 18:00:00+00:00,0.0698997344182208,0.0698997344182208,-2.048252938646744e-07,0.06989952959292693,1.4985123379130227,1.4271860783025934,0.06989973441822084,-2.048252938580497e-07,True,ok,,0.4,0.18,0.084
2020-07-28 19:00:00+00:00,0.1878104779297249,0.1878104779297249,2.1128692168081997e-07,0.1878106892166466,1.4271860783025934,1.2355427334763434,0.18781047792972494,2.1128692167537305e-07,True,ok,,0.2,0.07,0.084
2020-07-28 20:00:00+00:00,0.09260060480384001,0.09260060480384001,3.119235438275858e-07,0.09260091672738384,1.2355427334763434,1.1410523204112004,0.09260060480384001,3.1192354383360307e-07,True,ok,,0.2,0.07,0.084
2020-07-28 21:00:00+00:00,0.17965507721960797,0.17965507721960797,3.118720957040466e-07,0.17965538909170367,1.1410523204112004,0.9577308130442534,0.179655077219608,3.1187209569566337e-07,True,ok,,0.2,0.07,0.084
2020-07-28 22:00:00+00:00,0.1021709657594202,0.1021709657594202,3.11816602496795e-07,0.10217127757602269,0.9577308130442534,0.853474725534641,0.10217096575942021,3.118166024985056e-07,True,ok,,0.2,0.07,0.084
2020-07-28 23:00:00+00:00,0.11290899394855482,0.11290899394855482,3.1175640970160234e-07,0.11290930570496452,0.853474725534641,0.7382614664034626,0.11290899394855482,3.117564097019151e-07,True,ok,,0.2,0.07,0.084
2020-07-29 00:00:00+00:00,0.14132721606228407,0.14132721606228407,3.1169122799434845e-07,0.14132752775351207,0.7382614664034626,0.5940500214419482,0.14132721606228407,3.1169122798527964e-07,True,ok,,0.2,0.07,0.084
2020-07-29 01:00:00+00:00,0.09684257719098453,0.09684257719098453,3.116199149277854e-07,0.09684288881089946,0.5940500214419482,0.495231065124617,0.09684257719098457,3.1161991492874456e-07,True,ok,,0.2,0.07,0.084
2020-07-29 02:00:00+00:00,0.17511391060759904,0.17511391060759904,3.1154278004597025e-07,0.17511422215037908,0.495231065124617,0.3165434012393119,0.17511391060759915,3.1154278004824067e-07,True,ok,,0.2,0.07,0.084
2020-07-29 03:00:00+00:00,0.31021158314535047,0.31021158314535047,3.114583570495988e-07,0.3102118946037075,0.3165434012393119,9.694583420483127e-07,0.3102115831453506,3.114583570475e-07,True,ok,,0.2,0.07,0.084
2020-07-29 04:00:00+00:00,-0.009933321860430371,-0.009933321860430371,-0.004921712599439947,-0.014855034459870319,9.694583420483127e-07,0.009735624881563812,-0.009933321860430349,-0.004921712599439948,True,ok,,0.3,0.1,0.084
2020-07-29 05:00:00+00:00,-0.20670695149263407,-0.20670695149263407,-0.1664026139518337,-0.3731095654444678,0.009735624881563812,0.2123084373443452,-0.20670695149263416,-0.1664026139518337,True,ok,,0.3,0.1,0.084
2020-07-29 06:00:00+00:00,-0.6390832307635482,-0.6390832307635482,-0.5711533171884059,-1.2102365479519541,0.2123084373443452,0.8386100034926225,-0.6390832307635479,-0.5711533171884059,True,ok,,0.3,0.1,0.084
2020-07-29 07:00:00+00:00,-1.0136118997263144,-1.0136118997263144,-0.936804034183321,-1.9504159339096354,0.8386100034926225,1.8319496652244105,-1.0136118997263144,-0.936804034183321,True,ok,,0.3,0.1,0.084
2020-07-29 08:00:00+00:00,-1.042156244045159,-1.042156244045159,-1.601799546442218,-2.643955790487377,1.8319496652244105,2.8532627843886664,-1.0421562440451595,-1.601799546442218,True,ok,,0.3,0.1,0.084
2020-07-29 09:00:00+00:00,-0.23140597285201192,-0.23140597285201192,-3.2763866215367887,-3.5077925943888006,2.8532627843886664,3.0800406377836382,-0.23140597285201167,-3.2763866215367887,True,ok,,0.3,0.1,0.084
2020-07-29 10:00:00+00:00,-1.2773441280764297,-1.2773441280764297,-3.736462130374824,-5.013806258451254,3.0800406377836382,4.331837883298539,-1.27734412807643,-3.736462130374824,True,ok,,0.3,0.1,0.084
2020-07-29 11:00:00+00:00,-0.264171234053451,-0.264171234053451,-3.1653092045132136,-3.4294804385666646,4.331837883298539,4.5907256926709215,-0.2641712340534511,-3.1653092045132136,True,ok,,0.3,0.1,0.084
2020-07-29 12:00:00+00:00,-1.2444644602096475,-1.2444644602096475,-3.268073656085662,-4.5125381162953095,4.5907256926709215,5.810300863676376,-1.244464460209647,-3.268073656085662,True,ok,,0.3,0.1,0.084
2020-07-29 13:00:00+00:00,-1.2090078678899485,-1.2090078678899485,-3.4187175611940694,-4.627725429084018,5.810300863676376,6.995128574208526,-1.2090078678899483,-3.4187175611940694,True,ok,,0.3,0.1,0.084
2020-07-29 14:00:00+00:00,-1.1686736629701748,-1.1686736629701748,-3.08767381000518,-4.256347472975355,6.995128574208526,8.140428763919298,-1.1686736629701753,-3.08767381000518,True,ok,,0.3,0.1,0.084
2020-07-29 15:00:00+00:00,2.2340427596745371e-07,2.2340427596745371e-07,-1.9355598600490265,-1.9355596366447505,8.140428763919298,8.140428535955751,2.2340427627810744e-07,-1.9355598600490265,True,ok,,0.4,0.18,0.084
2020-07-29 16:00:00+00:00,2.2340431882206246e-07,2.2340431882206246e-07,-1.0635226529570734,-1.0635224295527546,8.140428535955751,8.14042830799216,2.2340431886681609e-07,-1.0635226529570734,True,ok,,0.4,0.18,0.084
2020-07-29 17:00:00+00:00,2.2340451180657972e-07,2.2340451180657972e-07,-0.24161970282751993,-0.24161947942300813,8.14042830799216,8.140428080028371,2.2340451189233712e-07,-0.24161970282751993,True,ok,,0.4,0.18,0.084
2020-07-29 18:00:00+00:00,0.03768669302744304,0.03768669302744304,-2.428060962844647e-07,0.03768645022134676,8.140428080028371,8.101972270816695,0.037686693027443055,-2.4280609628287297e-07,True,ok,,0.4,0.18,0.084
2020-07-29 19:00:00+00:00,0.180632954287304,0.180632954287304,2.2568442045733939e-07,0.18063317997172446,8.101972270816695,7.917652929707201,0.18063295428730414,2.2568442045117338e-07,True,ok,,0.2,0.07,0.084
2020-07-29 20:00:00+00:00,0.11423707994856004,0.11423707994856004,2.256846669962398e-07,0.11423730563322704,7.917652929707201,7.8010844807801,0.11423707994855997,2.256846669909361e-07,True,ok,,0.2,0.07,0.084
2020-07-29 21:00:00+00:00,0.08442732964859638,0.08442732964859638,2.2568464709549207e-07,0.08442755533324348,7.8010844807801,7.714934144403981,0.08442732964859642,2.2568464708977571e-07,True,ok,,0.2,0.07,0.084
2020-07-29 22:00:00+00:00,0.13418441332908712,0.13418441332908712,2.2568505064768374e-07,0.13418463901413777,7.714934144403981,7.578011273660015,0.13418441332908707,2.256850506487558e-07,True,ok,,0.2,0.07,0.084
2020-07-29 23:00:00+00:00,0.0827893577147646,0.0827893577147646,2.2568479611517756e-07,0.08278958339956072,7.578011273660015,7.493532337216378,0.08278935771476462,2.2568479611095655e-07,True,ok,,0.2,0.07,0.084
2020-07-30 00:00:00+00:00,0.11357102416817758,0.11357102416817758,2.2568506258258125e-07,0.11357124985324016,7.493532337216378,7.377643537044768,0.11357102416817762,2.2568506258503609e-07,True,ok,,0.2,0.07,0.084
2020-07-30 01:00:00+00:00,0.15197760774474503,0.15197760774474503,2.256852273396781e-07,0.15197783342997237,7.377643537044768,7.222564345468498,0.15197760774474506,2.256852273276247e-07,True,ok,,0.2,0.07,0.084
2020-07-30 02:00:00+00:00,0.10945771860740411,0.10945771860740411,2.2568508806219967e-07,0.10945794429249217,7.222564345468498,7.110872795869105,0.1094577186074041,2.2568508806306573e-07,True,ok,,0.2,0.07,0.084
2020-07-30 03:00:00+00:00,0.29132157225203575,0.29132157225203575,2.2568550767099183e-07,0.2913217979375434,7.110872795869105,6.813605885407845,0.29132157225203587,2.2568550769681198e-07,True,ok,,0.2,0.07,0.084
2020-07-30 04:00:00+00:00,-0.01509379536182915,-0.01509379536182915,-0.004039537043955356,-0.019133332405784506,6.813605885407845,6.828397804862437,-0.015093795361829096,-0.004039537043955357,True,ok,,0.3,0.1,0.084
2020-07-30 05:00:00+00:00,2.905448514649536,2.905448514649536,-5.146120418686451e-09,2.9054485095034157,6.828397804862437,3.863654422566992,2.9054485146495357,-5.146120498726347e-09,True,ok,,0.3,0.1,0.084
2020-07-30 06:00:00+00:00,3.781113653703597,3.781113653703597,-5.146119974597241e-09,3.781113648557477,3.863654422566992,0.0053751840939337825,3.781113653703598,-5.146120161716804e-09,True,ok,,0.3,0.1,0.084
2020-07-30 07:00:00+00:00,-0.42173771910910185,-0.42173771910910185,-2.54846044371269,-2.970198162821792,0.0053751840939337825,0.4186781488208536,-0.4217377191091017,-2.54846044371269,True,ok,,0.3,0.1,0.084
2020-07-30 08:00:00+00:00,-0.23555118857903024,-0.23555118857903024,-3.720500759757867,-3.9560519483368974,0.4186781488208536,0.6495183136283031,-0.23555118857903007,-3.720500759757867,True,ok,,0.3,0.1,0.084
2020-07-30 09:00:00+00:00,-0.1826317368509791,-0.1826317368509791,-4.540622029511807,-4.723253766362786,0.6495183136283031,0.8284974157422627,-0.18263173685097925,-4.540622029511807,True,ok,,0.3,0.1,0.084
2020-07-30 10:00:00+00:00,-0.15465018955639387,-0.15465018955639387,-4.928831900521974,-5.083482090078368,0.8284974157422627,0.9800546015075287,-0.15465018955639462,-4.928831900521974,True,ok,,0.3,0.1,0.084
2020-07-30 11:00:00+00:00,-0.13671019010633412,-0.13671019010633412,-5.079326404718073,-5.216036594824407,0.9800546015075287,1.114030587811736,-0.13671019010633448,-5.079326404718073,True,ok,,0.3,0.1,0.084
2020-07-30 12:00:00+00:00,-0.12391008033241313,-0.12391008033241313,-4.967836686037049,-5.091746766369462,1.114030587811736,1.235462466537501,-0.12391008033241306,-4.967836686037049,True,ok,,0.3,0.1,0.084
2020-07-30 13:00:00+00:00,-0.1139781570556373,-0.1139781570556373,-4.344926903460004,-4.458905060515641,1.235462466537501,1.3471610604520254,-0.11397815705563882,-4.344926903460004,True,ok,,0.3,0.1,0.084
2020-07-30 14:00:00+00:00,-0.10541741526456061,-0.10541741526456061,-3.0337266481157434,-3.139144063380304,1.3471610604520254,1.4504701274112948,-0.10541741526456005,-3.0337266481157434,True,ok,,0.3,0.1,0.084
2020-07-30 15:00:00+00:00,2.2315220293833704e-07,2.2315220293833704e-07,-2.262351501831143,-2.26235127867894,1.4504701274112948,1.4504698997049652,2.2315220315056676e-07,-2.262351501831143,True,ok,,0.4,0.18,0.084
2020-07-30 16:00:00+00:00,1.8745883889614845e-07,1.8745883889614845e-07,-1.039041714467484,-1.039041527008645,1.4504698997049652,1.4504697084204357,1.8745883888887768e-07,-1.039041714467484,True,ok,,0.4,0.18,0.084
2020-07-30 17:00:00+00:00,1.8621952130315478e-07,1.8621952130315478e-07,-0.27974812066856,-0.27974793444903867,1.4504697084204357,1.4504695184005159,1.862195214110367e-07,-0.27974812066856,True,ok,,0.4,0.18,0.084
2020-07-30 18:00:00+00:00,0.13582955429654692,0.13582955429654692,-2.049738442588822e-07,0.13582934932270266,1.4504695184005159,1.3118679323836313,0.13582955429654706,-2.0497384427173032e-07,True,ok,,0.4,0.18,0.084
2020-07-30 19:00:00+00:00,0.10806438984799491,0.10806438984799491,3.0670310509350873e-07,0.1080646965511,1.3118679323836313,1.2015981468244528,0.10806438984799493,3.0670310509654895e-07,True,ok,,0.2,0.07,0.084
2020-07-30 20:00:00+00:00,0.10793936027254256,0.10793936027254256,3.0665829205134276e-07,0.10793966693083461,1.2015981468244528,1.0914559424647154,0.1079393602725425,3.06658292055076e-07,True,ok,,0.2,0.07,0.084
2020-07-30 21:00:00+00:00,0.15054663769033974,0.15054663769033974,3.0660999386644683e-07,0.1505469443003336,1.0914559424647154,0.9378369244133484,0.15054663769033977,3.066099938534475e-07,True,ok,,0.2,0.07,0.084
2020-07-30 22:00:00+00:00,0.0814641379605906,0.0814641379605906,3.065574985805508e-07,0.08146444451808918,0.9378369244133484,0.8547102530249907,0.0814641379605906,3.065574985873545e-07,True,ok,,0.2,0.07,0.084
2020-07-30 23:00:00+00:00,0.17052202690165225,0.17052202690165225,3.065031007887242e-07,0.17052233340475303,0.8547102530249907,0.6807081847579985,0.17052202690165214,3.0650310078978566e-07,True,ok,,0.2,0.07,0.084
2020-07-31 00:00:00+00:00,0.07516461021776234,0.07516461021776234,3.0644328831430645e-07,0.07516491666105066,0.6807081847579985,0.604009602903139,0.07516461021776237,3.064432883177597e-07,True,ok,,0.2,0.07,0.084
2020-07-31 01:00:00+00:00,0.1439375546093154,0.1439375546093154,3.0638025497187193e-07,0.14393786098957037,0.604009602903139,0.45713454717934776,0.14393755460931545,3.063802549707414e-07,True,ok,,0.2,0.07,0.084
2020-07-31 02:00:00+00:00,0.28879635936319226,0.28879635936319226,3.0631059277919093e-07,0.28879666567378504,0.45713454717934776,0.16244438456384547,0.28879635936319215,3.063105927974674e-07,True,ok,,0.2,0.07,0.084
2020-07-31 03:00:00+00:00,0.13237143689866515,0.13237143689866515,9.326704308865175e-08,0.13237153016570824,0.16244438456384547,0.027371489769289187,0.13237143689866512,9.326704309554476e-08,True,ok,,0.2,0.07,0.084
2020-07-31 04:00:00+00:00,0.02682327554456109,0.02682327554456109,-3.5277908684572257e-09,0.026823272016770223,0.027371489769289187,8.004381043986986e-07,0.02682327554456113,-3.5277908697474326e-09,True,ok,,0.3,0.1,0.084
2020-07-31 05:00:00+00:00,-0.21196396712042043,-0.21196396712042043,-0.1597987445674166,-0.37176271168783703,8.004381043986986e-07,0.20772548821611642,-0.2119639671204204,-0.1597987445674166,True,ok,,0.3,0.1,0.084
2020-07-31 06:00:00+00:00,-0.402735764805326,-0.402735764805326,-1.1039063866849732,-1.5066421514902992,0.20772548821611642,0.6024065377253359,-0.40273576480532597,-1.1039063866849732,True,ok,,0.3,0.1,0.084
2020-07-31 07:00:00+00:00,-0.2958464412756219,-0.2958464412756219,-2.456350763969919,-2.752197205245541,0.6024065377253359,0.8923360501754454,-0.29584644127562126,-2.456350763969919,True,ok,,0.3,0.1,0.084
2020-07-31 08:00:00+00:00,-0.2407083866207822,-0.2407083866207822,-3.6439083681327804,-3.8846167547535626,0.8923360501754454,1.128230269063812,-0.24070838662078237,-3.6439083681327804,True,ok,,0.3,0.1,0.084
2020-07-31 09:00:00+00:00,-0.2074767716259176,-0.2074767716259176,-4.191129081997622,-4.39860585362354,1.128230269063812,1.3315575052572113,-0.20747677162591713,-4.191129081997622,True,ok,,0.3,0.1,0.084
2020-07-31 10:00:00+00:00,-0.18578206332506486,-0.18578206332506486,-4.719141301686552,-4.904923365011617,1.3315575052572113,1.5136239273157748,-0.18578206332506464,-4.719141301686552,True,ok,,0.3,0.1,0.084
2020-07-31 11:00:00+00:00,-0.1698589146393843,-0.1698589146393843,-4.920354732141011,-5.090213646780395,1.5136239273157748,1.6800856636623713,-0.16985891463938288,-4.920354732141011,True,ok,,0.3,0.1,0.084
2020-07-31 12:00:00+00:00,-0.15734379278289268,-0.15734379278289268,-4.6598609076892705,-4.817204700472163,1.6800856636623713,1.8342825805896061,-0.15734379278289198,-4.6598609076892705,True,ok,,0.3,0.1,0.084
2020-07-31 13:00:00+00:00,-0.14731188952168406,-0.14731188952168406,-4.290114409324547,-4.437426298846231,1.8342825805896061,1.9786482323208565,-0.1473118895216828,-4.290114409324547,True,ok,,0.3,0.1,0.084
2020-07-31 14:00:00+00:00,-0.13855294828183995,-0.13855294828183995,-3.5181701562163727,-3.6567231044982127,1.9786482323208565,2.1144301216370596,-0.13855294828184014,-3.5181701562163727,True,ok,,0.3,0.1,0.084
2020-07-31 15:00:00+00:00,2.2340480088089976e-07,2.2340480088089976e-07,-1.4092181186434107,-1.4092178952386099,2.1144301216370596,2.114429893672977,2.2340480012776944e-07,-1.4092181186434107,True,ok,,0.4,0.18,0.084
2020-07-31 16:00:00+00:00,2.2333995364220982e-07,2.2333995364220982e-07,-1.2817519056749773,-1.2817516823350237,2.114429893672977,2.1144296657750647,2.2333995333300658e-07,-1.2817519056749773,True,ok,,0.4,0.18,0.084
2020-07-31 17:00:00+00:00,2.2334033697446465e-07,2.2334033697446465e-07,-0.16319383472112614,-0.16319361138078917,2.1144296657750647,2.114429437876762,2.2334033682213898e-07,-0.16319383472112614,True,ok,,0.4,0.18,0.084
2020-07-31 18:00:00+00:00,0.09019734904551441,0.09019734904551441,-2.4274158312576066e-07,0.09019710630393128,2.114429437876762,2.022391326605829,0.09019734904551448,-2.427415831205859e-07,True,ok,,0.4,0.18,0.084
2020-07-31 19:00:00+00:00,0.15562227152189084,0.15562227152189084,2.2573361005417958e-07,0.1556224972555009,2.022391326605829,1.8635930903590014,0.1556222715218909,2.257336100607076e-07,True,ok,,0.2,0.07,0.084
2020-07-31 20:00:00+00:00,0.234248913251977,0.234248913251977,2.2573376259882316e-07,0.2342491389857396,1.8635930903590014,1.6245635870406576,0.23424891325197697,2.2573376259304177e-07,True,ok,,0.2,0.07,0.084
2020-07-31 21:00:00+00:00,0.09859596858690071,0.09859596858690071,2.2573335410613904e-07,0.09859619432025482,1.6245635870406576,1.5239554558295345,0.09859596858690069,2.2573335410661354e-07,True,ok,,0.2,0.07,0.084
2020-07-31 22:00:00+00:00,0.16619116318602037,0.16619116318602037,2.257335980915265e-07,0.16619138891961846,1.5239554558295345,1.3543726362519628,0.16619116318602029,2.257335980858406e-07,True,ok,,0.2,0.07,0.084
2020-07-31 23:00:00+00:00,0.13731794105758593,0.13731794105758593,2.2573348248955405e-07,0.13731816679106842,1.3543726362519628,1.2142522882340179,0.1373179410575859,2.2573348247824904e-07,True,ok,,0.2,0.07,0.084
2020-08-01 00:00:00+00:00,0.10348469085835928,0.10348469085835928,2.2573328509190027e-07,0.10348491659164437,1.2142522882340179,1.1086556649091615,0.10348469085835933,2.2573328508792282e-07,True,ok,,0.2,0.07,0.084
2020-08-01 01:00:00+00:00,0.19990735760116218,0.19990735760116218,2.257335484368017e-07,0.19990758333471062,1.1086556649091615,0.9046685653161388,0.19990735760116227,2.2573354844365318e-07,True,ok,,0.2,0.07,0.084
2020-08-01 02:00:00+00:00,0.07760174654763066,0.07760174654763066,2.2573297768502254e-07,0.07760197228060835,0.9046685653161388,0.8254831096552913,0.07760174654763066,2.2573297768807588e-07,True,ok,,0.2,0.07,0.084
2020-08-01 03:00:00+00:00,0.12927282403503043,0.12927282403503043,2.2573323854579996e-07,0.12927304976826898,0.8254831096552913,0.6935720647215867,0.12927282403503051,2.2573323855552565e-07,True,ok,,0.2,0.07,0.084
2020-08-01 04:00:00+00:00,-0.002919489268049174,-0.002919489268049174,-0.0007841029667781997,-0.0037035922348273736,0.6935720647215867,0.6964331642042749,-0.0029194892680491405,-0.0007841029667781994,True,ok,,0.3,0.1,0.084
2020-08-01 05:00:00+00:00,0.6814531617395008,0.6814531617395008,-5.145110115734042e-09,0.6814531565943907,0.6964331642042749,0.001072795082335376,0.6814531617395003,-5.1451101504779725e-09,True,ok,,0.3,0.1,0.084
2020-08-01 06:00:00+00:00,-0.055064622758319345,-0.055064622758319345,-0.027567065279915995,-0.08263168803823534,0.001072795082335376,0.055036125385488334,-0.05506462275831944,-0.02756706527991599,True,ok,,0.3,0.1,0.084
2020-08-01 07:00:00+00:00,-0.8789559796238378,-0.8789559796238378,-1.502078668832316,-2.3810346484561538,0.055036125385488334,0.9164129854168492,-0.8789559796238381,-1.502078668832316,True,ok,,0.3,0.1,0.084
2020-08-01 08:00:00+00:00,-0.5547691897418714,-0.5547691897418714,-2.834864175013843,-3.3896333647557144,0.9164129854168492,1.4600867913638833,-0.5547691897418708,-2.834864175013843,True,ok,,0.3,0.1,0.084
2020-08-01 09:00:00+00:00,-0.3501749337159774,-0.3501749337159774,-1.1106651693934262,-1.4608401031094036,1.4600867913638833,1.8032582264055412,-0.3501749337159773,-1.1106651693934262,True,ok,,0.3,0.1,0.084
2020-08-01 10:00:00+00:00,-0.24715181480956439,-0.24715181480956439,-0.5767437599793733,-0.8238955747889377,1.8032582264055412,2.0454670049189145,-0.2471518148095641,-0.5767437599793733,True,ok,,0.3,0.1,0.084
2020-08-01 11:00:00+00:00,-0.24984237630230377,-0.24984237630230377,-0.7567217924456932,-1.006564168747997,2.0454670049189145,2.290312533695172,-0.24984237630230358,-0.7567217924456932,True,ok,,0.3,0.1,0.084
2020-08-01 12:00:00+00:00,-0.20450341907899705,-0.20450341907899705,-0.5152492922777855,-0.7197527113567825,2.290312533695172,2.4907258843925892,-0.20450341907899708,-0.5152492922777855,True,ok,,0.3,0.1,0.084
2020-08-01 13:00:00+00:00,-0.12795380860726452,-0.12795380860726452,-0.2090680792643242,-0.3370218878715887,2.4907258843925892,2.6161206168277085,-0.12795380860726435,-0.2090680792643242,True,ok,,0.3,0.1,0.084
2020-08-01 14:00:00+00:00,-0.13990507412987113,-0.13990507412987113,-0.264266683258518,-0.4041717573883891,2.6161206168277085,2.753227589474982,-0.1399050741298712,-0.264266683258518,True,ok,,0.3,0.1,0.084
2020-08-01 15:00:00+00:00,0.882226058712933,0.882226058712933,-2.4193080072620887e-07,0.8822258167821323,2.753227589474982,1.852996917318928,0.882226058712933,-2.4193080073301425e-07,True,ok,,0.4,0.18,0.084
2020-08-01 16:00:00+00:00,1.8737918740241444e-07,1.8737918740241444e-07,-0.10449877626959539,-0.10449858889040799,1.852996917318928,1.8529967261156757,1.873791874664721e-07,-0.10449877626959539,True,ok,,0.4,0.18,0.084
2020-08-01 17:00:00+00:00,1.8626249381759052e-07,1.8626249381759052e-07,-0.30873407772157146,-0.30873389145907765,1.8529967261156757,1.8529965360519065,1.862624937544862e-07,-0.30873407772157146,True,ok,,0.4,0.18,0.084
2020-08-01 18:00:00+00:00,0.08485112449176702,0.08485112449176702,-2.0504001697896346e-07,0.08485091945175004,1.8529965360519065,1.7664137559582667,0.08485112449176707,-2.0504001697747421e-07,True,ok,,0.4,0.18,0.084
2020-08-01 19:00:00+00:00,0.2507134074005629,0.2507134074005629,3.0725970173728356e-07,0.25071371466026465,1.7664137559582667,1.5105837484066718,0.25071340740056286,3.072597017198792e-07,True,ok,,0.2,0.07,0.084
2020-08-01 20:00:00+00:00,0.14931733169082087,0.14931733169082087,3.0721767108055076e-07,0.14931763890849195,1.5105837484066718,1.3582191242323647,0.14931733169082084,3.072176710690023e-07,True,ok,,0.2,0.07,0.084
2020-08-01 21:00:00+00:00,0.14575508152563008,0.14575508152563008,3.071687093014752e-07,0.14575538869433938,1.3582191242323647,1.2094894492062116,0.14575508152563021,3.071687093022558e-07,True,ok,,0.2,0.07,0.084
2020-08-01 22:00:00+00:00,0.1616575538354521,0.1616575538354521,3.0711650148007585e-07,0.16165786095195359,1.2094894492062116,1.0445327616190156,0.16165755383545213,3.0711650148697843e-07,True,ok,,0.2,0.07,0.084
2020-08-01 23:00:00+00:00,0.06609077614615098,0.06609077614615098,3.070599197962931e-07,0.06609108320607078,1.0445327616190156,0.9770931941229433,0.066090776146151,3.070599197948457e-07,True,ok,,0.2,0.07,0.084
2020-08-02 00:00:00+00:00,0.15857733183353948,0.15857733183353948,3.070018377016037e-07,0.15857763883537718,0.9770931941229433,0.8152795902111682,0.1585773318335395,3.070018377027392e-07,True,ok,,0.2,0.07,0.084
2020-08-02 01:00:00+00:00,0.1295374429203561,0.1295374429203561,3.069370168584662e-07,0.12953774985737296,0.8152795902111682,0.6830985260067233,0.12953744292035616,3.069370168629785e-07,True,ok,,0.2,0.07,0.084
2020-08-02 02:00:00+00:00,0.09317930448076822,0.09317930448076822,3.0686568855409213e-07,0.09317961134645678,0.6830985260067233,0.5880176030671639,0.09317930448076835,3.0686568854838953e-07,True,ok,,0.2,0.07,0.084
2020-08-02 03:00:00+00:00,0.16904452649247204,0.16904452649247204,3.067888332264346e-07,0.16904483328130526,0.5880176030671639,0.4155231882789271,0.16904452649247206,3.067888332238004e-07,True,ok,,0.2,0.07,0.084
2020-08-02 04:00:00+00:00,0.2045045139314202,0.2045045139314202,-3.861157421569672e-09,0.20450451007026277,0.4155231882789271,0.2068451128387024,0.20450451393142022,-3.861157415331542e-09,True,ok,,0.3,0.1,0.084
2020-08-02 05:00:00+00:00,0.20270721784874648,0.20270721784874648,-3.8621414677475485e-09,0.20270721398660502,0.2068451128387024,1.0129930427260625e-06,0.20270721784874637,-3.862141459277277e-09,True,ok,,0.3,0.1,0.084
2020-08-02 06:00:00+00:00,-0.033311736317923085,-0.033311736317923085,-0.014962327473519887,-0.04827406379144297,1.0129930427260625e-06,0.03264651458460735,-0.033311736317923155,-0.01496232747351989,True,ok,,0.3,0.1,0.084
2020-08-02 07:00:00+00:00,-0.11622121954177383,-0.11622121954177383,-0.06606618661831942,-0.18228740616009326,0.03264651458460735,0.1465433097355457,-0.11622121954177371,-0.06606618661831942,True,ok,,0.3,0.1,0.084
2020-08-02 08:00:00+00:00,-0.49921896698850665,-0.49921896698850665,-0.7757925914541394,-1.275011558442646,0.1465433097355457,0.6357778973842823,-0.4992189669885064,-0.7757925914541394,True,ok,,0.3,0.1,0.084
2020-08-02 09:00:00+00:00,-0.3531956884790719,-0.3531956884790719,-1.2617791658075312,-1.6149748542866031,0.6357778973842823,0.9819096720937728,-0.35319568847907196,-1.2617791658075312,True,ok,,0.3,0.1,0.084
2020-08-02 10:00:00+00:00,-0.3032873247005945,-0.3032873247005945,-2.3559611079551237,-2.659248432655718,0.9819096720937728,1.2791312503003553,-0.30328732470059455,-2.3559611079551237,True,ok,,0.3,0.1,0.084
2020-08-02 11:00:00+00:00,-0.26116601208749346,-0.26116601208749346,-2.8639302970989964,-3.12509630918649,1.2791312503003553,1.535073942146099,-0.261166012087494,-2.8639302970989964,True,ok,,0.3,0.1,0.084
2020-08-02 12:00:00+00:00,-0.23289919546784033,-0.23289919546784033,-3.099720160171439,-3.332619355639279,1.535073942146099,1.7633151537045826,-0.23289919546784002,-3.099720160171439,True,ok,,0.3,0.1,0.084
2020-08-02 13:00:00+00:00,-0.21379023877899517,-0.21379023877899517,-3.5198540356719064,-3.7336442744509015,1.7633151537045826,1.9728295877079978,-0.21379023877899542,-3.5198540356719064,True,ok,,0.3,0.1,0.084
2020-08-02 14:00:00+00:00,-0.19510304781777377,-0.19510304781777377,-2.6701983870001254,-2.865301434817899,1.9728295877079978,2.164030574569416,-0.19510304781777402,-2.6701983870001254,True,ok,,0.3,0.1,0.084
2020-08-02 15:00:00+00:00,2.2293404078332912e-07,2.2293404078332912e-07,-1.901868864380509,-1.9018686414464683,2.164030574569416,2.164030347085701,2.2293404100761874e-07,-1.901868864380509,True,ok,,0.4,0.18,0.084
2020-08-02 16:00:00+00:00,1.8775845750385045e-07,1.8775845750385045e-07,-0.3424799734050641,-0.3424797856466066,2.164030347085701,2.164030155495438,1.8775845737202735e-07,-0.3424799734050641,True,ok,,0.4,0.18,0.084
2020-08-02 17:00:00+00:00,1.863898463350111e-07,1.863898463350111e-07,-0.23151660470720614,-0.2315164183173598,2.164030155495438,2.1640299653017174,1.8638984633597968e-07,-0.23151660470720614,True,ok,,0.4,0.18,0.084
2020-08-02 18:00:00+00:00,0.15761936407717678,0.15761936407717678,-2.051445532613716e-07,0.15761915893262352,2.1640299653017174,2.0031938795086797,0.15761936407717675,-2.0514455325298933e-07,True,ok,,0.4,0.18,0.084
2020-08-02 19:00:00+00:00,0.17912755360658864,0.17912755360658864,3.071567490353644e-07,0.17912786076333767,2.0031938795086797,1.8204106615427729,0.17912755360658866,3.071567490394334e-07,True,ok,,0.2,0.07,0.084
2020-08-02 20:00:00+00:00,0.12017124838877259,0.12017124838877259,3.071117875841356e-07,0.12017155550056018,1.8204106615427729,1.6977869386970865,0.12017124838877266,3.071117875859144e-07,True,ok,,0.2,0.07,0.084
2020-08-02 21:00:00+00:00,0.11789061906750312,0.11789061906750312,1.8651867621233276e-07,0.11789080558617933,1.6977869386970865,1.5774903886282057,0.11789061906750313,1.8651867621058485e-07,True,ok,,0.2,0.07,0.084
2020-08-02 22:00:00+00:00,0.12706200767657377,0.12706200767657377,1.865145111967781e-07,0.12706219419108497,1.5774903886282057,1.4478352787541509,0.12706200767657377,1.8651451120889733e-07,True,ok,,0.2,0.07,0.084
2020-08-02 23:00:00+00:00,0.07431667377612662,0.07431667377612662,3.2621825721279585e-07,0.07431699999438383,1.4478352787541509,1.3720019381662665,0.07431667377612665,3.2621825720734186e-07,True,ok,,0.2,0.07,0.084
2020-08-03 00:00:00+00:00,0.14998014702608678,0.14998014702608678,1.5861381616466552e-07,0.14998030563990294,1.3720019381662665,1.2189609718131167,0.14998014702608692,1.5861381616377664e-07,True,ok,,0.2,0.07,0.084
2020-08-03 01:00:00+00:00,0.12072704240425418,0.12072704240425418,3.4686250170723465e-07,0.12072738926675589,1.2189609718131167,1.095770112216939,0.12072704240425412,3.4686250170437385e-07,True,ok,,0.2,0.07,0.084
2020-08-03 02:00:00+00:00,0.11587573694307357,0.11587573694307357,3.4673294692366685e-07,0.1158760836760205,1.095770112216939,0.9775295643158435,0.11587573694307357,3.4673294693013035e-07,True,ok,,0.2,0.07,0.084
2020-08-03 03:00:00+00:00,0.3711679576649876,0.3711679576649876,3.465796902801799e-07,0.3711683042446779,0.9775295643158435,0.5987867503719786,0.37116795766498767,3.4657969029719756e-07,True,ok,,0.2,0.07,0.084
2020-08-03 04:00:00+00:00,0.3113159092327491,0.3113159092327491,-3.4402461435156795e-09,0.31131590579250296,0.5987867503719786,0.2811174552365203,0.3113159092327489,-3.440246162466511e-09,True,ok,,0.3,0.1,0.084
2020-08-03 05:00:00+00:00,0.27549436206384265,0.27549436206384265,-3.44177364386411e-09,0.275494358622069,0.2811174552365203,7.592530074096437e-07,0.2754943620638428,-3.4417736559929117e-09,True,ok,,0.3,0.1,0.084
2020-08-03 06:00:00+00:00,-0.3868913875177895,-0.3868913875177895,-1.26644108943108,-1.6533324769488695,7.592530074096437e-07,0.3791543190204411,-0.38689138751778956,-1.26644108943108,True,ok,,0.3,0.1,0.084
2020-08-03 07:00:00+00:00,-0.22703441253790313,-0.22703441253790313,-2.617014728191672,-2.844049140729575,0.3791543190204411,0.6016480433075861,-0.2270344125379037,-2.617014728191672,True,ok,,0.3,0.1,0.084
2020-08-03 08:00:00+00:00,-0.17403076971185572,-0.17403076971185572,-3.0066897564343025,-3.180720526146158,0.6016480433075861,0.7721981976252048,-0.17403076971185585,-3.0066897564343025,True,ok,,0.3,0.1,0.084
2020-08-03 09:00:00+00:00,-0.11279848529449144,-0.11279848529449144,-4.840836953611787,-4.953635438906279,0.7721981976252048,0.8827407132138064,-0.11279848529449191,-4.840836953611787,True,ok,,0.3,0.1,0.084
2020-08-03 10:00:00+00:00,-0.1403049587150771,-0.1403049587150771,-3.8845776492127384,-4.0248826079278155,0.8827407132138064,1.0202395727545819,-0.1403049587150773,-3.8845776492127384,True,ok,,0.3,0.1,0.084
2020-08-03 11:00:00+00:00,-0.12661858583030838,-0.12661858583030838,-5.0598021195984915,-5.1864207054288,1.0202395727545819,1.1443257868682841,-0.1266185858303073,-5.0598021195984915,True,ok,,0.3,0.1,0.084
2020-08-03 12:00:00+00:00,-0.11505195805672042,-0.11505195805672042,-3.8402601273499957,-3.955312085406716,1.1443257868682841,1.25707670576387,-0.11505195805672012,-3.8402601273499957,True,ok,,0.3,0.1,0.084
2020-08-03 13:00:00+00:00,-0.10636241804678459,-0.10636241804678459,-3.279057490802339,-3.3854199088491237,1.25707670576387,1.361311875449719,-0.10636241804678462,-3.279057490802339,True,ok,,0.3,0.1,0.084
2020-08-03 14:00:00+00:00,-0.09859333974783402,-0.09859333974783402,-2.295722785547246,-2.39431612529508,1.361311875449719,1.4579333484025965,-0.09859333974783416,-2.295722785547246,True,ok,,0.3,0.1,0.084
2020-08-03 15:00:00+00:00,2.2320116932483813e-07,2.2320116932483813e-07,-1.812680390786484,-1.8126801675853146,1.4579333484025965,1.4579331206463013,2.2320116956408132e-07,-1.812680390786484,True,ok,,0.4,0.18,0.084
2020-08-03 16:00:00+00:00,1.8737444928973446e-07,1.8737444928973446e-07,-0.5296571169879795,-0.5296569296135302,1.4579331206463013,1.4579329294478838,1.873744492664381e-07,-0.5296571169879795,True,ok,,0.4,0.18,0.084
2020-08-03 17:00:00+00:00,1.862382571493626e-07,1.862382571493626e-07,-0.5002216114437037,-0.5002214252054465,1.4579329294478838,1.457932739408846,1.8623825708710324e-07,-0.5002216114437037,True,ok,,0.4,0.18,0.084
2020-08-03 18:00:00+00:00,0.12445921157866223,0.12445921157866223,-2.0497519451212476e-07,0.12445900660346772,1.457932739408846,1.330933543920415,0.12445921157866212,-2.0497519450962837e-07,True,ok,,0.4,0.18,0.084
2020-08-03 19:00:00+00:00,0.1573378872226985,0.1573378872226985,2.1113430853647586e-07,0.15733809835700704,1.330933543920415,1.1703846794074575,0.1573378872226985,2.1113430853216374e-07,True,ok,,0.2,0.07,0.084
2020-08-03 20:00:00+00:00,0.10724090998949713,0.10724090998949713,3.123682528055616e-07,0.10724122235774994,1.1703846794074575,1.0609551794181746,0.10724090998949717,3.1236825280398096e-07,True,ok,,0.2,0.07,0.084
2020-08-03 21:00:00+00:00,0.1558855489615535,0.1558855489615535,3.1231602706793815e-07,0.15588586127758056,1.0609551794181746,0.9018882927227119,0.15588554896155352,3.1231602706819295e-07,True,ok,,0.2,0.07,0.084
2020-08-03 22:00:00+00:00,0.06306118769173473,0.06306118769173473,3.122588860676734e-07,0.0630614999506208,0.9018882927227119,0.8375401420168601,0.06306118769173472,3.1225888606841723e-07,True,ok,,0.2,0.07,0.084
2020-08-03 23:00:00+00:00,0.15468110452538886,0.15468110452538886,3.122007236344704e-07,0.1546814167261125,0.8375401420168601,0.6797022802562592,0.15468110452538894,3.122007236403869e-07,True,ok,,0.2,0.07,0.084
2020-08-04 00:00:00+00:00,0.09923818763356697,0.09923818763356697,3.1213500802096394e-07,0.09923849976857499,0.6797022802562592,0.5784388234873133,0.09923818763356691,3.121350080220313e-07,True,ok,,0.2,0.07,0.084
2020-08-04 01:00:00+00:00,0.13598177142095413,0.13598177142095413,3.120639073539433e-07,0.1359820834848615,0.5784388234873133,0.43968191387409483,0.1359817714209542,3.1206390736706944e-07,True,ok,,0.2,0.07,0.084
2020-08-04 02:00:00+00:00,0.18472513280270036,0.18472513280270036,3.1198570249468816e-07,0.18472544478840286,0.43968191387409483,0.2511868804019516,0.18472513280270036,3.119857024836711e-07,True,ok,,0.2,0.07,0.084
2020-08-04 03:00:00+00:00,0.20733497605827433,0.20733497605827433,3.1190081695164906e-07,0.20733528795909129,0.2511868804019516,0.03962057830167165,0.20733497605827436,3.1190081694101186e-07,True,ok,,0.2,0.07,0.084
2020-08-04 04:00:00+00:00,0.038827219558222804,0.038827219558222804,-3.801455712715285e-09,0.03882721575676709,0.03962057830167165,9.665075667436573e-07,0.03882721955822277,-3.801455713559664e-09,True,ok,,0.3,0.1,0.084
2020-08-04 05:00:00+00:00,-0.21239085645584102,-0.21239085645584102,-0.16379904001407905,-0.37618989646992007,9.665075667436573e-07,0.20814400583429093,-0.21239085645584102,-0.16379904001407905,True,ok,,0.3,0.1,0.084
2020-08-04 06:00:00+00:00,-0.25473798543253134,-0.25473798543253134,-1.3800584131710651,-1.6347963986035965,0.20814400583429093,0.45778723155817164,-0.2547379854325315,-1.3800584131710651,True,ok,,0.3,0.1,0.084
2020-08-04 07:00:00+00:00,-0.18494158418405693,-0.18494158418405693,-2.873126283863142,-3.058067868047199,0.45778723155817164,0.6390299840585474,-0.1849415841840572,-2.873126283863142,True,ok,,0.3,0.1,0.084
2020-08-04 08:00:00+00:00,-0.148798665766388,-0.148798665766388,-3.014917775914166,-3.163716441680554,0.6390299840585474,0.7848526765096077,-0.14879866576638798,-3.014917775914166,True,ok,,0.3,0.1,0.084
2020-08-04 09:00:00+00:00,-0.12808995861085837,-0.12808995861085837,-3.0664911356902995,-3.194581094301158,0.7848526765096077,0.9103808359482488,-0.12808995861085865,-3.0664911356902995,True,ok,,0.3,0.1,0.084
2020-08-04 10:00:00+00:00,-0.11478099194842395,-0.11478099194842395,-3.5103609936876805,-3.6251419856361045,0.9103808359482488,1.0228662080577042,-0.11478099194842449,-3.5103609936876805,True,ok,,0.3,0.1,0.084
2020-08-04 11:00:00+00:00,-0.1044124454545039,-0.1044124454545039,-3.2115255306185273,-3.315937976073031,1.0228662080577042,1.125190404603118,-0.10441244545450462,-3.2115255306185273,True,ok,,0.3,0.1,0.084
2020-08-04 12:00:00+00:00,-0.0972080253667662,-0.0972080253667662,-3.59558405157863,-3.692792076945396,1.125190404603118,1.2204542694625489,-0.09720802536676582,-3.59558405157863,True,ok,,0.3,0.1,0.084
2020-08-04 13:00:00+00:00,-0.09102339808640547,-0.09102339808640547,-4.107487352954736,-4.198510751041142,1.2204542694625489,1.3096571995872262,-0.09102339808640557,-4.107487352954736,True,ok,,0.3,0.1,0.084
2020-08-04 14:00:00+00:00,-0.08483823458682105,-0.08483823458682105,-2.501570257986007,-2.586408492572828,1.3096571995872262,1.3927986694823107,-0.08483823458682063,-2.501570257986007,True,ok,,0.3,0.1,0.084
2020-08-04 15:00:00+00:00,2.2311771408212167e-07,2.2311771408212167e-07,-1.5609723941460785,-1.5609721710283644,1.3927986694823107,1.3927984418111738,2.2311771408659667e-07,-1.5609723941460785,True,ok,,0.4,0.18,0.084
2020-08-04 16:00:00+00:00,1.8725848288658753e-07,1.8725848288658753e-07,-0.308188207453475,-0.30818802019499214,1.3927984418111738,1.3927982507310892,1.872584826292127e-07,-0.308188207453475,True,ok,,0.4,0.18,0.084
2020-08-04 17:00:00+00:00,1.8497684683982385e-07,1.8497684683982385e-07,-0.15783534622084835,-0.15783516124400152,1.3927982507310892,1.3927980619792046,1.8497684691633353e-07,-0.15783534622084835,True,ok,,0.4,0.18,0.084
2020-08-04 18:00:00+00:00,0.06602725228592056,0.06602725228592056,-2.0489350267827167e-07,0.06602704739241788,1.3927980619792046,1.3254233147486734,0.06602725228592048,-2.0489350267315103e-07,True,ok,,0.4,0.18,0.084
2020-08-04 19:00:00+00:00,0.17659551436112622,0.17659551436112622,3.062120629004905e-07,0.17659582057318912,1.3254233147486734,1.1452238102985446,0.1765955143611262,3.062120629083146e-07,True,ok,,0.2,0.07,0.084
2020-08-04 20:00:00+00:00,0.1383160268422014,0.1383160268422014,3.0616826007801023e-07,0.13831633301046148,1.1452238102985446,1.0040850073983392,0.1383160268422016,3.0616826006811954e-07,True,ok,,0.2,0.07,0.084
2020-08-04 21:00:00+00:00,0.10577258279753853,0.10577258279753853,3.0611985463169233e-07,0.10577288891739316,1.0040850073983392,0.8961538004620754,0.10577258279753857,3.061198546287089e-07,True,ok,,0.2,0.07,0.084
2020-08-04 22:00:00+00:00,0.12846319351213495,0.12846319351213495,3.0606835413338196e-07,0.12846349958048908,0.8961538004620754,0.7650689091231622,0.12846319351213495,3.060683541221983e-07,True,ok,,0.2,0.07,0.084
2020-08-04 23:00:00+00:00,0.10112980507485815,0.10112980507485815,3.0601283496078935e-07,0.10113011108769311,0.7650689091231622,0.6618752304753477,0.10112980507485812,3.0601283495629753e-07,True,ok,,0.2,0.07,0.084
2020-08-05 00:00:00+00:00,0.10101727747494989,0.10101727747494989,3.059535389760004e-07,0.10101758342848886,0.6618752304753477,0.5587963759090723,0.10101727747494986,3.059535389827872e-07,True,ok,,0.2,0.07,0.084
2020-08-05 01:00:00+00:00,0.17140074970828942,0.17140074970828942,3.0588996971503413e-07,0.17140105559825913,0.5587963759090723,0.38389765171694024,0.17140074970828936,3.058899697213909e-07,True,ok,,0.2,0.07,0.084
2020-08-05 02:00:00+00:00,0.08020516655332248,0.08020516655332248,3.0582063986761554e-07,0.08020547237396235,0.38389765171694024,0.3020556450298765,0.0802051665533225,3.058206398705541e-07,True,ok,,0.2,0.07,0.084
2020-08-05 03:00:00+00:00,0.29601353122976465,0.29601353122976465,3.057462645283948e-07,0.2960138369760292,0.3020556450298765,1.0213260349667408e-06,0.2960135312297646,3.057462645536949e-07,True,ok,,0.2,0.07,0.084
2020-08-05 04:00:00+00:00,-0.07502786723313296,-0.07502786723313296,-0.03749464598672965,-0.1125225132198626,1.0213260349667408e-06,0.07352833121450526,-0.07502786723313296,-0.037494645986729656,True,ok,,0.3,0.1,0.084
2020-08-05 05:00:00+00:00,-0.21620543010060017,-0.21620543010060017,-0.22348033898252523,-0.4396857690831254,0.07352833121450526,0.28540965271309343,-0.21620543010060017,-0.22348033898252523,True,ok,,0.3,0.1,0.084
2020-08-05 06:00:00+00:00,-0.2258512629650269,-0.2258512629650269,-0.9866808682085748,-1.2125321311736017,0.28540965271309343,0.5067438904188197,-0.22585126296502656,-0.9866808682085748,True,ok,,0.3,0.1,0.084
2020-08-05 07:00:00+00:00,-0.1802580014483115,-0.1802580014483115,-2.224947241906153,-2.4052052433544646,0.5067438904188197,0.683396731838165,-0.18025800144831203,-2.224947241906153,True,ok,,0.3,0.1,0.084
2020-08-05 08:00:00+00:00,-0.15026596285783178,-0.15026596285783178,-3.258218466641458,-3.40848442949929,0.683396731838165,0.8306573754388401,-0.15026596285783222,-3.258218466641458,True,ok,,0.3,0.1,0.084
2020-08-05 09:00:00+00:00,-0.2511573534317195,-0.2511573534317195,-4.168195332252269,-4.419352685683989,0.8306573754388401,1.0767915818019254,-0.25115735343171797,-4.168195332252269,True,ok,,0.3,0.1,0.084
2020-08-05 10:00:00+00:00,-0.21868050030220587,-0.21868050030220587,-4.792145592657248,-5.010826092959454,1.0767915818019254,1.2910984720980871,-0.21868050030220665,-4.792145592657248,True,ok,,0.3,0.1,0.084
2020-08-05 11:00:00+00:00,-0.18758892338138988,-0.18758892338138988,-5.037700699298043,-5.2252896226794325,1.2910984720980871,1.4749356170118493,-0.18758892338139047,-5.037700699298043,True,ok,,0.3,0.1,0.084
2020-08-05 12:00:00+00:00,-0.1703295548327235,-0.1703295548327235,-4.699931947494866,-4.8702615023275895,1.4749356170118493,1.6418585807479182,-0.17032955483272302,-4.699931947494866,True,ok,,0.3,0.1,0.084
2020-08-05 13:00:00+00:00,-0.15722095413921888,-0.15722095413921888,-4.2780999443019345,-4.435320898441153,1.6418585807479182,1.7959351158043528,-0.1572209541392209,-4.2780999443019345,True,ok,,0.3,0.1,0.084
2020-08-05 14:00:00+00:00,-0.1464441628050519,-0.1464441628050519,-3.5859301917932966,-3.7323743545983485,1.7959351158043528,1.9394503953533038,-0.14644416280505226,-3.5859301917932966,True,ok,,0.3,0.1,0.084
2020-08-05 15:00:00+00:00,2.234047529192651e-07,2.234047529192651e-07,-2.5241613454924363,-2.5241611220876834,1.9394503953533038,1.9394501673892701,2.2340475323129443e-07,-2.5241613454924363,True,ok,,0.4,0.18,0.084
2020-08-05 16:00:00+00:00,2.2340480820837172e-07,2.2340480820837172e-07,-1.2961337477152601,-1.296133524310452,1.9394501673892701,1.93944993942518,2.2340480852499838e-07,-1.2961337477152601,True,ok,,0.4,0.18,0.084
2020-08-05 17:00:00+00:00,2.2340524172270726e-07,2.2340524172270726e-07,-0.146451714217434,-0.14645149081219228,1.93944993942518,1.9394497114606477,2.2340524168001023e-07,-0.146451714217434,True,ok,,0.4,0.18,0.084
2020-08-05 18:00:00+00:00,0.09112367395859912,0.09112367395859912,-2.4280564892009693e-07,0.0911234311529502,1.9394497114606477,1.846466370686567,0.09112367395859915,-2.428056489253385e-07,True,ok,,0.4,0.18,0.084
2020-08-05 19:00:00+00:00,0.12208435121949059,0.12208435121949059,2.2567345339674638e-07,0.12208457689294398,1.846466370686567,1.72189050209525,0.1220843512194906,2.256734533900367e-07,True,ok,,0.2,0.07,0.084
2020-08-05 20:00:00+00:00,0.13629899630559442,0.13629899630559442,2.2567365273729045e-07,0.13629922197924715,1.72189050209525,1.5828098936201536,0.1362989963055944,2.2567365272785938e-07,True,ok,,0.2,0.07,0.084
2020-08-05 21:00:00+00:00,0.08086091314454566,0.08086091314454566,2.2567345334123523e-07,0.080861138817999,1.5828098936201536,1.5002987577583722,0.08086091314454566,2.2567345333995944e-07,True,ok,,0.2,0.07,0.084
2020-08-05 22:00:00+00:00,0.12739835794232984,0.12739835794232984,2.256738210193454e-07,0.12739858361615086,1.5002987577583722,1.3703004333274234,0.12739835794232995,2.2567382100661652e-07,True,ok,,0.2,0.07,0.084
2020-08-05 23:00:00+00:00,0.12155719109638403,0.12155719109638403,2.2567380925098135e-07,0.12155741677019329,1.3703004333274234,1.2462624832290723,0.12155719109638405,2.2567380925245254e-07,True,ok,,0.2,0.07,0.084
2020-08-06 00:00:00+00:00,0.10805246875020358,0.10805246875020358,2.2567378993310072e-07,0.10805269442399351,1.2462624832290723,1.136004862055395,0.10805246875020362,2.2567378993182263e-07,True,ok,,0.2,0.07,0.084
2020-08-06 01:00:00+00:00,0.1605484685048286,0.1605484685048286,2.2567396440464904e-07,0.160548694178793,1.136004862055395,0.9721798941933251,0.1605484685048285,2.256739644015056e-07,True,ok,,0.2,0.07,0.084
2020-08-06 02:00:00+00:00,0.14264444107996183,0.14264444107996183,2.2567391308458973e-07,0.1426446667538749,0.9721798941933251,0.8266243420709151,0.14264444107996174,2.2567391309554065e-07,True,ok,,0.2,0.07,0.084
2020-08-06 03:00:00+00:00,0.2482979833495817,0.2482979833495817,2.2567407637064107e-07,0.24829820902365807,0.8266243420709151,0.5732590529386888,0.24829798334958172,2.2567407635874114e-07,True,ok,,0.2,0.07,0.084
2020-08-06 04:00:00+00:00,0.08920566830407524,0.08920566830407524,-5.146378156961617e-09,0.08920566315769708,0.5732590529386888,0.48223286079167327,0.0892056683040752,-5.146378154165974e-09,True,ok,,0.3,0.1,0.084
2020-08-06 05:00:00+00:00,-0.16930153889810587,-0.16930153889810587,-0.19371995916403892,-0.3630214980621448,0.48223286079167327,0.648148368911817,-0.1693015388981059,-0.19371995916403892,True,ok,,0.3,0.1,0.084
2020-08-06 06:00:00+00:00,-0.3048080842413954,-0.3048080842413954,-1.1241906317051054,-1.4289987159465007,0.648148368911817,0.9468602914683846,-0.3048080842413952,-1.1241906317051054,True,ok,,0.3,0.1,0.084
2020-08-06 07:00:00+00:00,-0.2730212718220435,-0.2730212718220435,-2.51446812181405,-2.7874893936360934,0.9468602914683846,1.214421137853987,-0.2730212718220433,-2.51446812181405,True,ok,,0.3,0.1,0.084
2020-08-06 08:00:00+00:00,0.6107520338383688,0.6107520338383688,-5.146371329090016e-09,0.6107520286919975,1.214421137853987,0.5912047767944271,0.610752033838368,-5.14637136171043e-09,True,ok,,0.3,0.1,0.084
2020-08-06 09:00:00+00:00,-0.1602838133636355,-0.1602838133636355,-1.0541832045766353,-1.2144670179402708,0.5912047767944271,0.7482829138907898,-0.16028381336363454,-1.0541832045766353,True,ok,,0.3,0.1,0.084
2020-08-06 10:00:00+00:00,-0.15008109196655628,-0.15008109196655628,-4.793696987668874,-4.943778079635431,0.7482829138907898,0.8953623840180149,-0.15008109196655559,-4.793696987668874,True,ok,,0.3,0.1,0.084
2020-08-06 11:00:00+00:00,-0.13148100253625739,-0.13148100253625739,-4.875427063427905,-5.006908065964162,0.8953623840180149,1.0242137665035471,-0.13148100253625716,-4.875427063427905,True,ok,,0.3,0.1,0.084
2020-08-06 12:00:00+00:00,-0.11851748080014879,-0.11851748080014879,-4.777655411745317,-4.896172892545466,1.0242137665035471,1.1403608976876929,-0.11851748080014916,-4.777655411745317,True,ok,,0.3,0.1,0.084
2020-08-06 13:00:00+00:00,-0.10880318868399641,-0.10880318868399641,-4.211996287095939,-4.3207994757799355,1.1403608976876929,1.2469880225980094,-0.10880318868399586,-4.211996287095939,True,ok,,0.3,0.1,0.084
2020-08-06 14:00:00+00:00,-0.10014887314949572,-0.10014887314949572,-3.087298665026397,-3.187447538175893,1.2469880225980094,1.3451339182845152,-0.10014887314949596,-3.087298665026397,True,ok,,0.3,0.1,0.084
2020-08-06 15:00:00+00:00,2.231588416279351e-07,2.231588416279351e-07,-2.2519082555306484,-2.251908032371807,1.3451339182845152,1.3451336905714115,2.2315884196402572e-07,-2.2519082555306484,True,ok,,0.4,0.18,0.084
2020-08-06 16:00:00+00:00,1.8737725815398676e-07,1.8737725815398676e-07,-1.192474542723017,-1.1924743553457589,1.3451336905714115,1.3451334993701276,1.8737725782998136e-07,-1.192474542723017,True,ok,,0.4,0.18,0.084
2020-08-06 17:00:00+00:00,1.8615229024909752e-07,1.8615229024909752e-07,-0.2339358804918303,-0.23393569433954006,1.3451334993701276,1.345133309418811,1.8615229016995457e-07,-0.2339358804918303,True,ok,,0.4,0.18,0.084
2020-08-06 18:00:00+00:00,0.14781541916016513,0.14781541916016513,-5.263815094913582e-08,0.14781536652201419,1.345133309418811,1.1943012490512954,0.14781541916016513,-5.263815094620638e-08,True,ok,,0.4,0.18,0.084
2020-08-06 19:00:00+00:00,0.09167818285291794,0.09167818285291794,2.988169829354348e-07,0.09167848166990088,1.1943012490512954,1.1007520828748485,0.09167818285291793,2.9881698294203096e-07,True,ok,,0.2,0.07,0.084
2020-08-06 20:00:00+00:00,0.11340086789518784,0.11340086789518784,2.9877698913549633e-07,0.11340116667217698,1.1007520828748485,0.9850369115532283,0.11340086789518776,2.9877698914213463e-07,True,ok,,0.2,0.07,0.084
2020-08-06 21:00:00+00:00,0.11882236786093107,0.11882236786093107,2.9873378602773837e-07,0.1188226665947171,0.9850369115532283,0.8637895974094211,0.118822367860931,2.9873378602177203e-07,True,ok,,0.2,0.07,0.084
2020-08-06 22:00:00+00:00,0.0709765068565487,0.0709765068565487,2.9868735100524457e-07,0.07097680554389971,0.8637895974094211,0.7913645904129428,0.07097650685654874,2.9868735100267907e-07,True,ok,,0.2,0.07,0.084
2020-08-06 23:00:00+00:00,0.16092533963253716,0.16092533963253716,2.9864048994854286e-07,0.1609256382730271,0.7913645904129428,0.62715506017566,0.16092533963253725,2.986404899604242e-07,True,ok,,0.2,0.07,0.084
2020-08-07 00:00:00+00:00,0.05900475693474012,0.05900475693474012,2.9858817860578535e-07,0.05900505552291872,0.62715506017566,0.566946124527966,0.059004756934740145,2.9858817860258764e-07,True,ok,,0.2,0.07,0.084
2020-08-07 01:00:00+00:00,0.16499095154221693,0.16499095154221693,2.985356662987826e-07,0.16499125007788323,0.566946124527966,0.3985880107093773,0.16499095154221696,2.9853566629347656e-07,True,ok,,0.2,0.07,0.084
2020-08-07 02:00:00+00:00,0.1082657849544948,0.1082657849544948,2.9847674910821187e-07,0.10826608343124391,0.3985880107093773,0.2881127199394847,0.10826578495449475,2.984767491057227e-07,True,ok,,0.2,0.07,0.084
2020-08-07 03:00:00+00:00,0.24186188962667668,0.24186188962667668,2.984133005978773e-07,0.24186218803997728,0.2881127199394847,0.041314873381651324,0.24186188962667657,2.9841330059808297e-07,True,ok,,0.2,0.07,0.084
2020-08-07 04:00:00+00:00,0.040487497120693224,0.040487497120693224,-3.963215138014231e-09,0.040487493157478086,0.041314873381651324,1.1008095153822173e-06,0.04048749712069318,-3.963215136641453e-09,True,ok,,0.3,0.1,0.084
2020-08-07 05:00:00+00:00,-0.22054372757453694,-0.22054372757453694,-0.14044368898425852,-0.36098741655879546,1.1008095153822173e-06,0.21613395383256157,-0.22054372757453702,-0.14044368898425852,True,ok,,0.3,0.1,0.084
2020-08-07 06:00:00+00:00,-0.3388513755379632,-0.3388513755379632,-1.0320822745414864,-1.3709336500794496,0.21613395383256157,0.5482083018597654,-0.33885137553796346,-1.0320822745414864,True,ok,,0.3,0.1,0.084
2020-08-07 07:00:00+00:00,-0.2553331175472735,-0.2553331175472735,-2.5049160846037695,-2.760249202151043,0.5482083018597654,0.7984347570560935,-0.2553331175472729,-2.5049160846037695,True,ok,,0.3,0.1,0.084
2020-08-07 08:00:00+00:00,-0.20710781381027354,-0.20710781381027354,-3.5018000865487084,-3.708907900358982,0.7984347570560935,1.0014004145901616,-0.20710781381027366,-3.5018000865487084,True,ok,,0.3,0.1,0.084
2020-08-07 09:00:00+00:00,-0.17805569604495775,-0.17805569604495775,-3.784147311842193,-3.9622030078871506,1.0014004145901616,1.1758949967142203,-0.17805569604495716,-3.784147311842193,True,ok,,0.3,0.1,0.084
2020-08-07 10:00:00+00:00,-0.15969671947740416,-0.15969671947740416,-4.567882381416154,-4.727579100893558,1.1758949967142203,1.3323977818020762,-0.1596967194774047,-4.567882381416154,True,ok,,0.3,0.1,0.084
2020-08-07 11:00:00+00:00,-0.14579657256337697,-0.14579657256337697,-4.733369946367903,-4.87916651893128,1.3323977818020762,1.4752784229141858,-0.14579657256337616,-4.733369946367903,True,ok,,0.3,0.1,0.084
2020-08-07 12:00:00+00:00,-0.13503458708764526,-0.13503458708764526,-4.6464687531751006,-4.781503340262746,1.4752784229141858,1.607612318260078,-0.13503458708764465,-4.6464687531751006,True,ok,,0.3,0.1,0.084
2020-08-07 13:00:00+00:00,-0.12611021747333684,-0.12611021747333684,-4.0639187318872185,-4.190028949360555,1.607612318260078,1.7312003313839481,-0.12611021747333784,-4.0639187318872185,True,ok,,0.3,0.1,0.084
2020-08-07 14:00:00+00:00,-0.11860870037356408,-0.11860870037356408,-3.4076821338682444,-3.5262908342418084,1.7312003313839481,1.8474368577500409,-0.11860870037356394,-3.4076821338682444,True,ok,,0.3,0.1,0.084
2020-08-07 15:00:00+00:00,2.229940254672158e-07,2.229940254672158e-07,-2.418822700010712,-2.4188224770166866,1.8474368577500409,1.8474366302051168,2.229940254545748e-07,-2.418822700010712,True,ok,,0.4,0.18,0.084
2020-08-07 16:00:00+00:00,1.8742282859030013e-07,1.8742282859030013e-07,-1.1851729181156956,-1.185172730692867,1.8474366302051168,1.8474364389573326,1.8742282862481413e-07,-1.1851729181156956,True,ok,,0.4,0.18,0.084
2020-08-07 17:00:00+00:00,1.8615697619517313e-07,1.8615697619517313e-07,-0.20896396703804665,-0.20896378088107045,1.8474364389573326,1.8474362490012344,1.861569762776294e-07,-0.20896396703804665,True,ok,,0.4,0.18,0.084
2020-08-07 18:00:00+00:00,0.15690821566830956,0.15690821566830956,-2.0498281988468037e-07,0.15690801068548968,1.8474362490012344,1.6873258248498981,0.1569082156683094,-2.0498281988032484e-07,True,ok,,0.4,0.18,0.084
2020-08-07 19:00:00+00:00,0.2137133057970702,0.2137133057970702,3.0669087616730373e-07,0.21371361248794637,1.6873258248498981,1.469251023016153,0.2137133057970702,3.066908761783491e-07,True,ok,,0.2,0.07,0.084
2020-08-07 20:00:00+00:00,0.18574563804071678,0.18574563804071678,3.066473384938373e-07,0.18574594468805528,1.469251023016153,1.2797146576684828,0.18574563804071673,3.0664733849176715e-07,True,ok,,0.2,0.07,0.084
2020-08-07 21:00:00+00:00,0.1580300266463784,0.1580300266463784,3.0659974670221857e-07,0.15803033324612512,1.2797146576684828,1.1184595284374845,0.15803002664637839,3.06599746711425e-07,True,ok,,0.2,0.07,0.084
2020-08-07 22:00:00+00:00,0.15215102653761509,0.15215102653761509,3.065480808361887e-07,0.15215133308569592,1.1184595284374845,0.9632033789093059,0.1521510265376151,3.065480808431815e-07,True,ok,,0.2,0.07,0.084
2020-08-07 23:00:00+00:00,0.18230890821979184,0.18230890821979184,1.4701585868137634e-07,0.18230905523565052,0.9632033789093059,0.7771738807258448,0.18230890821979195,1.4701585868852747e-07,True,ok,,0.2,0.07,0.084
2020-08-08 00:00:00+00:00,0.08307570816590358,0.08307570816590358,3.196380473496907e-07,0.08307602780395093,0.7771738807258448,0.6924027499443105,0.08307570816590361,3.19638047354035e-07,True,ok,,0.2,0.07,0.084
2020-08-08 01:00:00+00:00,0.18799009740751174,0.18799009740751174,3.1955903276315034e-07,0.1879904169665445,0.6924027499443105,0.5005761199366454,0.1879900974075117,3.195590327695852e-07,True,ok,,0.2,0.07,0.084
2020-08-08 02:00:00+00:00,0.159732097253343,0.159732097253343,3.1947181583502626e-07,0.15973241672515884,0.5005761199366454,0.33758418396384643,0.15973209725334298,3.194718158457076e-07,True,ok,,0.2,0.07,0.084
2020-08-08 03:00:00+00:00,0.07059939815137486,0.07059939815137486,3.1937111476254554e-07,0.07059971752248963,0.33758418396384643,0.265543981768566,0.07059939815137485,3.193711147559697e-07,True,ok,,0.2,0.07,0.084
2020-08-08 04:00:00+00:00,0.26023221158769827,0.26023221158769827,-3.7173976674687026e-09,0.2602322078703006,0.265543981768566,9.087198942769881e-07,0.2602322115876984,-3.7173976540185684e-09,True,ok,,0.3,0.1,0.084
2020-08-08 05:00:00+00:00,-0.11706760783093743,-0.11706760783093743,-0.0642841053834038,-0.18135171321434124,9.087198942769881e-07,0.11472716439421296,-0.11706760783093753,-0.0642841053834038,True,ok,,0.3,0.1,0.084
2020-08-08 06:00:00+00:00,-0.3414465216778615,-0.3414465216778615,-1.0156827285359735,-1.357129250213835,0.11472716439421296,0.44934475563851717,-0.3414465216778614,-1.0156827285359735,True,ok,,0.3,0.1,0.084
2020-08-08 07:00:00+00:00,-0.23551869542677606,-0.23551869542677606,-2.3545848485285625,-2.5901035439553386,0.44934475563851717,0.6801530771567577,-0.2355186954267762,-2.3545848485285625,True,ok,,0.3,0.1,0.084
2020-08-08 08:00:00+00:00,-0.18746435285207097,-0.18746435285207097,-3.4745256671472653,-3.6619900199993363,0.6801530771567577,0.8638681429517872,-0.18746435285207047,-3.4745256671472653,True,ok,,0.3,0.1,0.084
2020-08-08 09:00:00+00:00,-0.15993328390789596,-0.15993328390789596,-4.1154988444194816,-4.2754321283273775,0.8638681429517872,1.0206027611815252,-0.15993328390789494,-4.1154988444194816,True,ok,,0.3,0.1,0.084
2020-08-08 10:00:00+00:00,-0.14193944290650418,-0.14193944290650418,-4.5454908224623995,-4.687430265368904,1.0206027611815252,1.1597034152298993,-0.14193944290650448,-4.5454908224623995,True,ok,,0.3,0.1,0.084
2020-08-08 11:00:00+00:00,-0.12872854654753674,-0.12872854654753674,-4.388969808072958,-4.517698354620495,1.1597034152298993,1.2858573908464852,-0.12872854654753732,-4.388969808072958,True,ok,,0.3,0.1,0.084
2020-08-08 12:00:00+00:00,-0.1189650225129153,-0.1189650225129153,-4.524925315311084,-4.643890337824,1.2858573908464852,1.4024431129091421,-0.11896502251291646,-4.524925315311084,True,ok,,0.3,0.1,0.084
2020-08-08 13:00:00+00:00,-0.11088184849367355,-0.11088184849367355,-4.041411395672627,-4.152293244166301,1.4024431129091421,1.5111073244329423,-0.11088184849367316,-4.041411395672627,True,ok,,0.3,0.1,0.084
2020-08-08 14:00:00+00:00,-0.10397179244083077,-0.10397179244083077,-3.2588555401720067,-3.3628273326128375,1.5111073244329423,1.6129996810249565,-0.1039717924408318,-3.2588555401720067,True,ok,,0.3,0.1,0.084
2020-08-08 15:00:00+00:00,2.230184290574755e-07,2.230184290574755e-07,-2.2870122356691125,-2.2870120126506834,1.6129996810249565,1.6129994534551308,2.2301842944995564e-07,-2.2870122356691125,True,ok,,0.4,0.18,0.084
2020-08-08 16:00:00+00:00,1.7163732879410531e-07,1.7163732879410531e-07,-1.1706038957601068,-1.170603724122778,1.6129994534551308,1.6129992783149993,1.71637328818074e-07,-1.1706038957601068,True,ok,,0.4,0.18,0.084
2020-08-08 17:00:00+00:00,4.7921290241559333e-08,4.7921290241559333e-08,-0.19260725647012478,-0.19260720854883454,1.6129992783149993,1.6129992294157236,4.7921290062723666e-08,-0.19260725647012478,True,ok,,0.4,0.18,0.084
2020-08-08 18:00:00+00:00,0.18464240599234838,0.18464240599234838,-1.9437936940591705e-07,0.18464221161297897,1.6129992294157236,1.4245886110561845,0.18464240599234838,-1.943793694091875e-07,True,ok,,0.4,0.18,0.084
2020-08-08 19:00:00+00:00,0.14122023318716112,0.14122023318716112,2.9821964347975793e-07,0.1412205314068046,1.4245886110561845,1.2804863322937752,0.14122023318716118,2.9821964347458886e-07,True,ok,,0.2,0.07,0.084
2020-08-08 20:00:00+00:00,0.18903659079641139,0.18903659079641139,2.981791557832292e-07,0.18903688897556717,1.2804863322937752,1.0875918518892738,0.1890365907964114,2.98179155779824e-07,True,ok,,0.2,0.07,0.084
2020-08-08 21:00:00+00:00,0.13075436058746984,0.13075436058746984,1.6732837890276464e-07,0.13075452791584874,1.0875918518892738,0.9541690349632841,0.13075436058746978,1.6732837891062016e-07,True,ok,,0.2,0.07,0.084
2020-08-08 22:00:00+00:00,0.06605863838525472,0.06605863838525472,3.060016513650732e-07,0.06605894438690608,0.9541690349632841,0.8867622611007793,0.06605863838525468,3.060016513647405e-07,True,ok,,0.2,0.07,0.084
2020-08-08 23:00:00+00:00,0.17759105553696183,0.17759105553696183,3.059486254897159e-07,0.17759136148558732,0.8867622611007793,0.7055468983079611,0.17759105553696172,3.0594862549506757e-07,True,ok,,0.2,0.07,0.084
2020-08-09 00:00:00+00:00,0.08022916637135047,0.08022916637135047,3.0588965439781735e-07,0.08022947226100487,0.7055468983079611,0.6236804020106648,0.08022916637135047,3.058896544018442e-07,True,ok,,0.2,0.07,0.084
2020-08-09 01:00:00+00:00,0.14618033823007526,0.14618033823007526,1.0647143744435539e-07,0.1461804447015127,0.6236804020106648,0.4745167915718125,0.1461803382300753,1.064714374393575e-07,True,ok,,0.2,0.07,0.084
2020-08-09 02:00:00+00:00,0.1529720070453262,0.1529720070453262,3.2655016143912086e-07,0.15297233359548765,0.4745167915718125,0.3184229068316837,0.1529720070453262,3.265501614479086e-07,True,ok,,0.2,0.07,0.084
2020-08-09 03:00:00+00:00,0.06078609022499925,0.06078609022499925,3.264354154902671e-07,0.06078641666041474,0.3184229068316837,0.25639628415311305,0.06078609022499927,3.2643541548960447e-07,True,ok,,0.2,0.07,0.084
2020-08-09 04:00:00+00:00,0.2512675137199912,0.2512675137199912,-3.6412972082011663e-09,0.25126751007869397,0.25639628415311305,8.619898567707729e-07,0.2512675137199911,-3.64129720086827e-09,True,ok,,0.3,0.1,0.084
2020-08-09 05:00:00+00:00,-0.14446630430804258,-0.14446630430804258,-0.07115434280247554,-0.21562064711051812,8.619898567707729e-07,0.1415778402117385,-0.14446630430804258,-0.07115434280247554,True,ok,,0.3,0.1,0.084
2020-08-09 06:00:00+00:00,-0.3868704743422662,-0.3868704743422662,-0.3878036063297602,-0.7746740806720264,0.1415778402117385,0.5207109050671593,-0.3868704743422665,-0.3878036063297602,True,ok,,0.3,0.1,0.084
2020-08-09 07:00:00+00:00,-0.3824731210747383,-0.3824731210747383,-1.0924105899989434,-1.4748837110736817,0.5207109050671593,0.8955345637204029,-0.3824731210747382,-1.0924105899989434,True,ok,,0.3,0.1,0.084
2020-08-09 08:00:00+00:00,-0.3366647102762723,-0.3366647102762723,-3.004805977043585,-3.341470687319857,0.8955345637204029,1.2254659797911498,-0.33666471027627237,-3.004805977043585,True,ok,,0.3,0.1,0.084
2020-08-09 09:00:00+00:00,-0.2794144929739706,-0.2794144929739706,-3.2171881717847226,-3.496602664758693,1.2254659797911498,1.499292182905641,-0.2794144929739698,-3.2171881717847226,True,ok,,0.3,0.1,0.084
2020-08-09 10:00:00+00:00,-0.24850271751620223,-0.24850271751620223,-4.036331614986645,-4.2848343325028475,1.499292182905641,1.7428248460715192,-0.2485027175162026,-4.036331614986645,True,ok,,0.3,0.1,0.084
2020-08-09 11:00:00+00:00,-0.22433000506912215,-0.22433000506912215,-3.8218652395592283,-4.0461952446283505,1.7428248460715192,1.962668251039259,-0.22433000506912293,-3.8218652395592283,True,ok,,0.3,0.1,0.084
2020-08-09 12:00:00+00:00,-0.20710348804175505,-0.20710348804175505,-3.7740500735687994,-3.9811535616105544,1.962668251039259,2.165629669320179,-0.20710348804175466,-3.7740500735687994,True,ok,,0.3,0.1,0.084
2020-08-09 13:00:00+00:00,-0.189644444493005,-0.189644444493005,-2.5298371256821364,-2.7194815701751414,2.165629669320179,2.3514812249233237,-0.18964444449300508,-2.5298371256821364,True,ok,,0.3,0.1,0.084
2020-08-09 14:00:00+00:00,-0.13929887354694886,-0.13929887354694886,-0.49196775874249926,-0.6312666322894481,2.3514812249233237,2.4879941209993337,-0.13929887354694884,-0.49196775874249926,True,ok,,0.3,0.1,0.084
2020-08-09 15:00:00+00:00,0.32266861727708906,0.32266861727708906,-2.4218902655581687e-07,0.3226683750880625,2.4879941209993337,2.1587404299002633,0.3226686172770894,-2.4218902656508706e-07,True,ok,,0.4,0.18,0.084
2020-08-09 16:00:00+00:00,0.30869425999355077,0.30869425999355077,-2.0739944961434276e-07,0.30869405259410115,2.1587404299002633,1.8437462870497012,0.30869425999355066,-2.0739944961919395e-07,True,ok,,0.4,0.18,0.084
2020-08-09 17:00:00+00:00,0.2540667333132648,0.2540667333132648,-2.0613736156915863e-07,0.2540665271759032,1.8437462870497012,1.5844945183626964,0.2540667333132645,-2.061373615610449e-07,True,ok,,0.4,0.18,0.084
2020-08-09 18:00:00+00:00,0.16370092911792916,0.16370092911792916,-2.0492871147248515e-07,0.1637007241892177,1.5844945183626964,1.4174527539566462,0.16370092911792905,-2.0492871148231653e-07,True,ok,,0.4,0.18,0.084
2020-08-09 19:00:00+00:00,0.22789777688974283,0.22789777688974283,3.06773243918812e-07,0.22789808366298675,1.4174527539566462,1.1849040020283372,0.22789777688974278,3.0677324392477966e-07,True,ok,,0.2,0.07,0.084
2020-08-09 20:00:00+00:00,0.1539186651673971,0.1539186651673971,3.0673142331627545e-07,0.15391897189882042,1.1849040020283372,1.0278441396126259,0.15391866516739713,3.0673142330276644e-07,True,ok,,0.2,0.07,0.084
2020-08-09 21:00:00+00:00,0.10148808214189856,0.10148808214189856,3.0668256438548536e-07,0.10148838882446294,1.0278441396126259,0.9242848721208927,0.10148808214189856,3.066825643868763e-07,True,ok,,0.2,0.07,0.084
2020-08-09 22:00:00+00:00,0.14754708211888398,0.14754708211888398,3.0663076844295034e-07,0.14754738874965243,0.9242848721208927,0.773726625060807,0.14754708211888412,3.066307684497494e-07,True,ok,,0.2,0.07,0.084
2020-08-09 23:00:00+00:00,0.11279855455510468,0.11279855455510468,3.0657497381014753e-07,0.11279886113007849,0.773726625060807,0.6586260591882512,0.1127985545551047,3.0657497380833494e-07,True,ok,,0.2,0.07,0.084
2020-08-10 00:00:00+00:00,0.10953530443110057,0.10953530443110057,3.065149189601657e-07,0.10953561094601953,0.6586260591882512,0.5468553403810057,0.10953530443110059,3.0651491896382583e-07,True,ok,,0.2,0.07,0.084
2020-08-10 01:00:00+00:00,0.1644583043888667,0.1644583043888667,3.064504469352247e-07,0.16445861083931362,0.5468553403810057,0.3790407440658356,0.1644583043888666,3.064504469414837e-07,True,ok,,0.2,0.07,0.084
2020-08-10 02:00:00+00:00,0.12390555472954944,0.12390555472954944,3.063806078423825e-07,0.12390586111015728,0.3790407440658356,0.2526065045458872,0.12390555472954948,3.063806078444594e-07,True,ok,,0.2,0.07,0.084
2020-08-10 03:00:00+00:00,0.14370986050057974,0.14370986050057974,3.06303416020004e-07,0.14371016680399576,0.2526065045458872,0.10596378974937723,0.1437098605005797,3.0630341603236003e-07,True,ok,,0.2,0.07,0.084
2020-08-10 04:00:00+00:00,0.10384351739527863,0.10384351739527863,-3.866955256004445e-09,0.10384351352832337,0.10596378974937723,1.0168970521057252e-06,0.10384351739527865,-3.866955251304101e-09,True,ok,,0.3,0.1,0.084
2020-08-10 05:00:00+00:00,-0.022636314838791142,-0.022636314838791142,-0.011486865388835619,-0.03412318022762676,1.0168970521057252e-06,0.022184605439067424,-0.022636314838791173,-0.011486865388835619,True,ok,,0.3,0.1,0.084
2020-08-10 06:00:00+00:00,-0.3500486132926446,-0.3500486132926446,-0.5698154192955979,-0.9198640325882425,0.022184605439067424,0.3652322464658591,-0.3500486132926445,-0.5698154192955979,True,ok,,0.3,0.1,0.084
2020-08-10 07:00:00+00:00,-0.20522329398623418,-0.20522329398623418,-1.5745764953859325,-1.7797997893721667,0.3652322464658591,0.5663510745723686,-0.20522329398623443,-1.5745764953859325,True,ok,,0.3,0.1,0.084
2020-08-10 08:00:00+00:00,-0.16582932172795006,-0.16582932172795006,-3.627735830660016,-3.793565152387966,0.5663510745723686,0.7288638098657596,-0.16582932172795034,-3.627735830660016,True,ok,,0.3,0.1,0.084
2020-08-10 09:00:00+00:00,-0.13911628002351506,-0.13911628002351506,-3.780081684172946,-3.919197964196461,0.7288638098657596,0.8651977642888043,-0.1391162800235159,-3.780081684172946,True,ok,,0.3,0.1,0.084
2020-08-10 10:00:00+00:00,-0.12306813476545209,-0.12306813476545209,-4.797733662035793,-4.920801796801245,0.8651977642888043,0.9858045363589474,-0.1230681347654517,-4.797733662035793,True,ok,,0.3,0.1,0.084
2020-08-10 11:00:00+00:00,-0.11124792204093392,-0.11124792204093392,-4.941717234171138,-5.052965156212072,0.9858045363589474,1.0948274999590626,-0.11124792204093482,-4.941717234171138,True,ok,,0.3,0.1,0.084
2020-08-10 12:00:00+00:00,-0.10203221051102407,-0.10203221051102407,-4.261757748302614,-4.363789958813638,1.0948274999590626,1.1948190662598661,-0.10203221051102317,-4.261757748302614,True,ok,,0.3,0.1,0.084
2020-08-10 13:00:00+00:00,-0.09517822632370798,-0.09517822632370798,-4.210199609650492,-4.3053778359742,1.1948190662598661,1.2880937280570999,-0.0951782263237065,-4.210199609650492,True,ok,,0.3,0.1,0.084
2020-08-10 14:00:00+00:00,-0.08841242452858067,-0.08841242452858067,-2.7554812784320735,-2.843893702960654,1.2880937280570999,1.3747379040951089,-0.08841242452858054,-2.7554812784320735,True,ok,,0.3,0.1,0.084
2020-08-10 15:00:00+00:00,2.2311880742975632e-07,2.2311880742975632e-07,-2.058437629750438,-2.0584374066316307,1.3747379040951089,1.3747376764228565,2.2311880772919104e-07,-2.058437629750438,True,ok,,0.4,0.18,0.084
2020-08-10 16:00:00+00:00,1.8743380225672013e-07,1.8743380225672013e-07,-1.131404552543012,-1.1314043651092098,1.3747376764228565,1.3747374851638745,1.8743380206929757e-07,-1.131404552543012,True,ok,,0.4,0.18,0.084
2020-08-10 17:00:00+00:00,4.7413467083035066e-08,4.7413467083035066e-08,-0.07011431921629631,-0.07011427180282923,1.3747374851638745,1.3747374367827856,4.741346716735614e-08,-0.07011431921629631,True,ok,,0.4,0.18,0.084
2020-08-10 18:00:00+00:00,0.09110750397795862,0.09110750397795862,-2.1009838384322688e-07,0.09110729387957478,1.3747374367827856,1.2817705959889503,0.09110750397795857,-2.1009838384497682e-07,True,ok,,0.4,0.18,0.084
2020-08-10 19:00:00+00:00,0.182408469235853,0.182408469235853,2.9975381227176356e-07,0.18240876898966527,1.2817705959889503,1.0956395049319574,0.18240846923585283,2.9975381227533963e-07,True,ok,,0.2,0.07,0.084
2020-08-10 20:00:00+00:00,0.16767492264060563,0.16767492264060563,2.9971385961946595e-07,0.16767522235446525,1.0956395049319574,0.9245426450946047,0.1676749226406057,2.997138596326452e-07,True,ok,,0.2,0.07,0.084
2020-08-10 21:00:00+00:00,0.0639010059422836,0.0639010059422836,2.9966964464056556e-07,0.06390130561192824,0.9245426450946047,0.8593375369902336,0.06390100594228364,2.9966964463675364e-07,True,ok,,0.2,0.07,0.084
2020-08-10 22:00:00+00:00,0.15490048590314393,0.15490048590314393,1.5308249015633102e-07,0.15490063898563408,0.8593375369902336,0.7012758166809031,0.154900485903144,1.5308249016734269e-07,True,ok,,0.2,0.07,0.084
2020-08-10 23:00:00+00:00,0.10963549627881387,0.10963549627881387,3.094075008286401e-07,0.1096358056863147,0.7012758166809031,0.5894028612943584,0.10963549627881393,3.094075008303713e-07,True,ok,,0.2,0.07,0.084
2020-08-11 00:00:00+00:00,0.0803080240315043,0.0803080240315043,3.093442145774006e-07,0.08030833337571888,0.5894028612943584,0.507455897996905,0.08030802403150433,3.0934421457468007e-07,True,ok,,0.2,0.07,0.084
2020-08-11 01:00:00+00:00,0.19561252403160717,0.19561252403160717,3.092775664459424e-07,0.19561283330917362,0.507455897996905,0.30785128163812225,0.19561252403160728,3.0927756643222417e-07,True,ok,,0.2,0.07,0.084
2020-08-11 02:00:00+00:00,0.11124124645133479,0.11124124645133479,3.092049925684792e-07,0.11124155565632736,0.30785128163812225,0.19433980566737247,0.11124124645133476,3.092049925678923e-07,True,ok,,0.2,0.07,0.084
2020-08-11 03:00:00+00:00,0.16469830214962766,0.16469830214962766,3.0912307849573217e-07,0.16469861127270616,0.19433980566737247,0.02628031367795647,0.16469830214962783,3.091230785002451e-07,True,ok,,0.2,0.07,0.084
2020-08-11 04:00:00+00:00,0.025753736574670675,0.025753736574670675,-3.833745983866654e-09,0.02575373274092469,0.02628031367795647,9.906425782295336e-07,0.025753736574670717,-3.833745982702062e-09,True,ok,,0.3,0.1,0.084
2020-08-11 05:00:00+00:00,-0.21633022396172363,-0.21633022396172363,-0.1475087761123452,-0.36383900007406883,9.906425782295336e-07,0.21200461012506738,-0.21633022396172352,-0.1475087761123452,True,ok,,0.3,0.1,0.084
2020-08-11 06:00:00+00:00,-0.30871006486964814,-0.30871006486964814,-0.8816884534452982,-1.1903985183149464,0.21200461012506738,0.5145404736973225,-0.3087100648696481,-0.8816884534452982,True,ok,,0.3,0.1,0.084
2020-08-11 07:00:00+00:00,-0.20648950592741722,-0.20648950592741722,-2.0431030458349735,-2.2495925517623907,0.5145404736973225,0.7169001895061913,-0.20648950592741766,-2.0431030458349735,True,ok,,0.3,0.1,0.084
2020-08-11 08:00:00+00:00,-0.17186938781427719,-0.17186938781427719,-3.4712134294372863,-3.6430828172515635,0.7169001895061913,0.8853321895641829,-0.1718693878142769,-3.4712134294372863,True,ok,,0.3,0.1,0.084
2020-08-11 09:00:00+00:00,-0.14839404020857572,-0.14839404020857572,-3.7948687022654943,-3.94326274247407,0.8853321895641829,1.0307583489685872,-0.14839404020857577,-3.7948687022654943,True,ok,,0.3,0.1,0.084
2020-08-11 10:00:00+00:00,-0.1318833238646997,-0.1318833238646997,-3.357536448962423,-3.4894197728271226,1.0307583489685872,1.1600040063559929,-0.13188332386469995,-3.357536448962423,True,ok,,0.3,0.1,0.084
2020-08-11 11:00:00+00:00,-0.1217835620272556,-0.1217835620272556,-5.021336118040789,-5.143119680068045,1.1600040063559929,1.2793518971427034,-0.12178356202725629,-5.021336118040789,True,ok,,0.3,0.1,0.084
2020-08-11 12:00:00+00:00,-0.11170314761375622,-0.11170314761375622,-3.395616331319169,-3.507319478932925,1.2793518971427034,1.3888209818041846,-0.11170314761375698,-3.395616331319169,True,ok,,0.3,0.1,0.084
2020-08-11 13:00:00+00:00,-0.0878329258692685,-0.0878329258692685,-0.4813338497407127,-0.5691667756099812,1.3888209818041846,1.4748972491560677,-0.08783292586926855,-0.4813338497407127,True,ok,,0.3,0.1,0.084
2020-08-11 14:00:00+00:00,-0.09696428862842366,-0.09696428862842366,-1.9940987937456778,-2.0910630823741014,1.4748972491560677,1.569922252011923,-0.09696428862842436,-1.9940987937456778,True,ok,,0.3,0.1,0.084
2020-08-11 15:00:00+00:00,2.2281691514081103e-07,2.2281691514081103e-07,-2.3084359608833362,-2.308435738066421,1.569922252011923,1.569922024647724,2.2281691511537643e-07,-2.3084359608833362,True,ok,,0.4,0.18,0.084
2020-08-11 16:00:00+00:00,4.967270617051156e-08,4.967270617051156e-08,-0.8137118349580245,-0.8137117852853183,1.569922024647724,1.569921973961289,4.9672706260122544e-08,-0.8137118349580245,True,ok,,0.4,0.18,0.084
2020-08-11 17:00:00+00:00,1.9114656335528224e-07,1.9114656335528224e-07,-0.06627886759421243,-0.06627867644764908,1.569921973961289,1.5699217789137754,1.9114656324648827e-07,-0.06627886759421243,True,ok,,0.4,0.18,0.084
2020-08-11 18:00:00+00:00,0.1229302395073543,0.1229302395073543,-2.0974085838953993e-07,0.1229300297664959,1.5699217789137754,1.4444827590083118,0.12293023950735439,-2.0974085838481007e-07,True,ok,,0.4,0.18,0.084
2020-08-11 19:00:00+00:00,0.1593046084505937,0.1593046084505937,1.973156179002622e-07,0.1593048057662116,1.4444827590083118,1.2819270360995427,0.15930460845059383,1.9731561788642448e-07,True,ok,,0.2,0.07,0.084
2020-08-11 20:00:00+00:00,0.202393555831735,0.202393555831735,3.0514946447457447e-07,0.20239386098119946,1.2819270360995427,1.0754029995365477,0.2023935558317349,3.051494644775158e-07,True,ok,,0.2,0.07,0.084
2020-08-11 21:00:00+00:00,0.08734750041847258,0.08734750041847258,3.051027507583459e-07,0.08734780552122334,1.0754029995365477,0.9862728970687186,0.08734750041847257,3.0510275076050427e-07,True,ok,,0.2,0.07,0.084
2020-08-11 22:00:00+00:00,0.11294911183403751,0.11294911183403751,3.0505239818900964e-07,0.1129494168864357,0.9862728970687186,0.8710187013197007,0.11294911183403755,3.0505239819441985e-07,True,ok,,0.2,0.07,0.084
2020-08-11 23:00:00+00:00,0.15618633384974612,0.15618633384974612,3.04998240885368e-07,0.156186638847987,0.8710187013197007,0.7116448912689394,0.15618633384974617,3.0499824087905446e-07,True,ok,,0.2,0.07,0.084
2020-08-12 00:00:00+00:00,0.05957383394062531,0.05957383394062531,3.0493915068735555e-07,0.059574138879776,0.7116448912689394,0.6508552647989135,0.05957383394062532,3.049391506901949e-07,True,ok,,0.2,0.07,0.084
2020-08-12 01:00:00+00:00,0.18327188930495716,0.18327188930495716,3.0487924024269475e-07,0.1832721941841974,0.6508552647989135,0.4638431328550797,0.18327188930495722,3.0487924023533345e-07,True,ok,,0.2,0.07,0.084
2020-08-12 02:00:00+00:00,0.32649005566959854,0.32649005566959854,3.048129350036177e-07,0.32649036048253355,0.4638431328550797,0.13069001482487713,0.32649005566959854,3.048129349809946e-07,True,ok,,0.2,0.07,0.084
2020-08-12 03:00:00+00:00,0.12807520381349985,0.12807520381349985,3.0474986323358877e-07,0.12807550856336308,0.13069001482487713,1.0313417140306314e-06,0.1280752038134999,3.047498632378095e-07,True,ok,,0.2,0.07,0.084
2020-08-12 04:00:00+00:00,-0.011673888985957167,-0.011673888985957167,-0.005815262750919703,-0.01748915173687687,1.0313417140306314e-06,0.011441442547952055,-0.01167388898595699,-0.005815262750919704,True,ok,,0.3,0.1,0.084
2020-08-12 05:00:00+00:00,-0.2851463075689024,-0.2851463075689024,-0.2888012048611644,-0.5739475124300668,0.011441442547952055,0.2908848239654764,-0.2851463075689024,-0.2888012048611644,True,ok,,0.3,0.1,0.084
2020-08-12 06:00:00+00:00,-0.23573439214090985,-0.23573439214090985,-0.8940831259254456,-1.1298175180663554,0.2908848239654764,0.521904528263568,-0.23573439214090963,-0.8940831259254456,True,ok,,0.3,0.1,0.084
2020-08-12 07:00:00+00:00,-0.19262116581847089,-0.19262116581847089,-2.29654384928351,-2.489165015101981,0.521904528263568,0.7106732707656696,-0.19262116581847089,-2.29654384928351,True,ok,,0.3,0.1,0.084
2020-08-12 08:00:00+00:00,-0.1603211540189542,-0.1603211540189542,-3.45273004807455,-3.613051202093504,0.7106732707656696,0.8677880017042446,-0.16032115401895394,-3.45273004807455,True,ok,,0.3,0.1,0.084
2020-08-12 09:00:00+00:00,-0.13962641082292393,-0.13962641082292393,-4.1874610554227605,-4.327087466245684,0.8677880017042446,1.0046218843107102,-0.13962641082292274,-4.1874610554227605,True,ok,,0.3,0.1,0.084
2020-08-12 10:00:00+00:00,-0.12539257962642392,-0.12539257962642392,-4.780369932765495,-4.905762512391919,1.0046218843107102,1.1275066123446056,-0.12539257962642547,-4.780369932765495,True,ok,,0.3,0.1,0.084
2020-08-12 11:00:00+00:00,-0.11438798630782188,-0.11438798630782188,-4.355077081764373,-4.469465068072195,1.1275066123446056,1.239606838926271,-0.11438798630782324,-4.355077081764373,True,ok,,0.3,0.1,0.084
2020-08-12 12:00:00+00:00,-0.2790492390270436,-0.2790492390270436,-2.872868151367898,-3.151917390394942,1.239606838926271,1.5130750931727739,-0.2790492390270438,-2.872868151367898,True,ok,,0.3,0.1,0.084
2020-08-12 13:00:00+00:00,-0.24277974035838623,-0.24277974035838623,-2.5371172183138375,-2.7798969586722238,1.5130750931727739,1.7509992387239923,-0.24277974035838637,-2.5371172183138375,True,ok,,0.3,0.1,0.084
2020-08-12 14:00:00+00:00,-0.18947102627446188,-0.18947102627446188,-0.852720265370559,-1.042191291645021,1.7509992387239923,1.9366808444729648,-0.18947102627446213,-0.852720265370559,True,ok,,0.3,0.1,0.084
2020-08-12 15:00:00+00:00,2.2340462502157266e-07,2.2340462502157266e-07,-0.8697956955126183,-0.8697954721079932,1.9366808444729648,1.9366806165090618,2.2340462494898127e-07,-0.8697956955126183,True,ok,,0.4,0.18,0.084
2020-08-12 16:00:00+00:00,2.234046401206058e-07,2.234046401206058e-07,-1.0508268320295915,-1.0508266086249514,1.9366806165090618,1.9366803885451433,2.2340463979099274e-07,-1.0508268320295915,True,ok,,0.4,0.18,0.084
2020-08-12 17:00:00+00:00,2.2340927625236207e-07,2.2340927625236207e-07,-0.01411025707723156,-0.014110033667955308,1.9366803885451433,1.936680160576494,2.234092762975905e-07,-0.01411025707723156,True,ok,,0.4,0.18,0.084
2020-08-12 18:00:00+00:00,0.12758798399150037,0.12758798399150037,-2.428052559011462e-07,0.12758774118624447,1.936680160576494,1.8064883401770038,0.12758798399150045,-2.428052559146839e-07,True,ok,,0.4,0.18,0.084
2020-08-12 19:00:00+00:00,0.19799335743587743,0.19799335743587743,2.2567376614657242e-07,0.19799358310964357,1.8064883401770038,1.604454301977129,0.1979933574358774,2.2567376613559818e-07,True,ok,,0.2,0.07,0.084
2020-08-12 20:00:00+00:00,0.16162724620484517,0.16162724620484517,2.2567394836192634e-07,0.16162747187879353,1.604454301977129,1.4395285405436133,0.16162724620484512,2.256739483691993e-07,True,ok,,0.2,0.07,0.084
2020-08-12 21:00:00+00:00,0.08705494090457216,0.08705494090457216,2.2567372061355062e-07,0.08705516657829278,1.4395285405436133,1.3506969681920091,0.08705494090457218,2.256737206152416e-07,True,ok,,0.2,0.07,0.084
2020-08-12 22:00:00+00:00,0.1804050521316851,0.1804050521316851,2.2567417312657767e-07,0.18040527780585822,1.3506969681920091,1.1666101803025346,0.18040505213168517,2.256741731202487e-07,True,ok,,0.2,0.07,0.084
2020-08-12 23:00:00+00:00,0.10487671853156692,0.10487671853156692,2.2567392921057916e-07,0.10487694420549613,1.1666101803025346,1.059593120576446,0.10487671853156687,2.2567392921205056e-07,True,ok,,0.2,0.07,0.084
2020-08-13 00:00:00+00:00,0.07915649634736172,0.07915649634736172,2.2567374105553206e-07,0.07915672202110277,1.059593120576446,0.9788211855281177,0.07915649634736169,2.2567374105288268e-07,True,ok,,0.2,0.07,0.084
2020-08-13 01:00:00+00:00,0.21972974662998884,0.21972974662998884,2.2567424906583256e-07,0.2197299723042379,0.9788211855281177,0.7546071583546596,0.21972974662998881,2.2567424906753247e-07,True,ok,,0.2,0.07,0.084
2020-08-13 02:00:00+00:00,0.09895410748317279,0.09895410748317279,2.2567383671512342e-07,0.09895433315700951,0.7546071583546596,0.6536335792901976,0.09895410748317279,2.2567383671856915e-07,True,ok,,0.2,0.07,0.084
2020-08-13 03:00:00+00:00,0.17271305192282557,0.17271305192282557,2.2567407198526013e-07,0.17271327759689756,0.6536335792901976,0.4773957712056817,0.17271305192282543,2.256740719803135e-07,True,ok,,0.2,0.07,0.084
2020-08-13 04:00:00+00:00,0.06381277629462576,0.06381277629462576,-5.146382653364867e-09,0.0638127711482431,0.4773957712056817,0.4122806933540228,0.06381277629462577,-5.1463826538233386e-09,True,ok,,0.3,0.1,0.084
2020-08-13 05:00:00+00:00,-0.15359452248348013,-0.15359452248348013,-0.14899877251713337,-0.3025932950006135,0.4122806933540228,0.5628033253878333,-0.15359452248348024,-0.14899877251713337,True,ok,,0.3,0.1,0.084
2020-08-13 06:00:00+00:00,-0.354378450229377,-0.354378450229377,-0.982426259338135,-1.336804709567512,0.5628033253878333,0.9100942066126227,-0.354378450229377,-0.982426259338135,True,ok,,0.3,0.1,0.084
2020-08-13 07:00:00+00:00,-0.27602303718804744,-0.27602303718804744,-1.0592578614078136,-1.335280898595861,0.9100942066126227,1.1805967830569093,-0.27602303718804744,-1.0592578614078136,True,ok,,0.3,0.1,0.084
2020-08-13 08:00:00+00:00,-0.22186155247979522,-0.22186155247979522,-0.8464653066148354,-1.0683268590946307,1.1805967830569093,1.3980211044871087,-0.22186155247979553,-0.8464653066148354,True,ok,,0.3,0.1,0.084
2020-08-13 09:00:00+00:00,-0.23191472182609374,-0.23191472182609374,-2.5547072260595622,-2.786621947885656,1.3980211044871087,1.6252975318766805,-0.23191472182609355,-2.5547072260595622,True,ok,,0.3,0.1,0.084
2020-08-13 10:00:00+00:00,-0.21552261812985574,-0.21552261812985574,-4.1390074238696135,-4.354530041999469,1.6252975318766805,1.836509697643939,-0.21552261812985588,-4.1390074238696135,True,ok,,0.3,0.1,0.084
2020-08-13 11:00:00+00:00,0.6602758935908272,0.6602758935908272,-5.146372550335343e-09,0.6602758884444546,1.836509697643939,1.1627587858165644,0.6602758935908264,-5.146372541272363e-09,True,ok,,0.3,0.1,0.084
2020-08-13 12:00:00+00:00,-0.16934743113625084,-0.16934743113625084,-2.0235154129035857,-2.1928628440398366,1.1627587858165644,1.3287192683300904,-0.16934743113625014,-2.0235154129035857,True,ok,,0.3,0.1,0.084
2020-08-13 13:00:00+00:00,-0.15432107534063366,-0.15432107534063366,-2.7011821247505314,-2.855503200091165,1.3287192683300904,1.4799539221639113,-0.1543210753406335,-2.7011821247505314,True,ok,,0.3,0.1,0.084
2020-08-13 14:00:00+00:00,-0.14019975104674476,-0.14019975104674476,-2.0328213027689648,-2.1730210538157095,1.4799539221639113,1.6173496781897212,-0.14019975104674529,-2.0328213027689648,True,ok,,0.3,0.1,0.084
2020-08-13 15:00:00+00:00,8.104460635927069e-08,8.104460635927069e-08,-1.8731498984623791,-1.8731498174177728,1.6173496781897212,1.6173495954911432,8.104460635993546e-08,-1.8731498984623791,True,ok,,0.4,0.18,0.084
2020-08-13 16:00:00+00:00,2.1966137331297375e-07,2.1966137331297375e-07,-0.8605126877277169,-0.8605124680663436,1.6173495954911432,1.6173493713468847,2.1966137345953626e-07,-0.8605126877277169,True,ok,,0.4,0.18,0.084
2020-08-13 17:00:00+00:00,1.8436657193629524e-07,1.8436657193629524e-07,-0.030740452450304774,-0.030740268083732838,1.6173493713468847,1.6173491832177296,1.8436657184293202e-07,-0.030740452450304774,True,ok,,0.4,0.18,0.084
2020-08-13 18:00:00+00:00,0.13000495503618595,0.13000495503618595,-2.0434959902004834e-07,0.13000475068658693,1.6173491832177296,1.4846910658338663,0.13000495503618592,-2.043495990322046e-07,True,ok,,0.4,0.18,0.084
2020-08-13 19:00:00+00:00,0.16731319530163907,0.16731319530163907,2.770276068264632e-07,0.1673134723292459,1.4846910658338663,1.3139633155260713,0.16731319530163904,2.770276068385941e-07,True,ok,,0.2,0.07,0.084
2020-08-13 20:00:00+00:00,0.1402817785293397,0.1402817785293397,2.770022680953499e-07,0.1402820555316078,1.3139633155260713,1.1708186435573573,0.14028177852933982,2.7700226809835395e-07,True,ok,,0.2,0.07,0.084
2020-08-13 21:00:00+00:00,0.14398805626526692,0.14398805626526692,2.769758779275211e-07,0.14398833324114485,1.1708186435573573,1.0238920555315747,0.1439880562652669,2.7697587793031594e-07,True,ok,,0.2,0.07,0.084
2020-08-13 22:00:00+00:00,0.12210641763857585,0.12210641763857585,2.769484960113422e-07,0.12210669458707187,1.0238920555315747,0.8992936701860892,0.12210641763857583,2.769484960089072e-07,True,ok,,0.2,0.07,0.084
2020-08-13 23:00:00+00:00,0.14841997309552246,0.14841997309552246,2.7692026594028363e-07,0.1484202500157884,0.8992936701860892,0.747844718047801,0.14841997309552263,2.7692026593407583e-07,True,ok,,0.2,0.07,0.084
2020-08-14 00:00:00+00:00,0.12293683425897652,0.12293683425897652,2.7689091744442784e-07,0.12293711114989396,0.747844718047801,0.6223989688039473,0.1229368342589765,2.7689091744939257e-07,True,ok,,0.2,0.07,0.084
2020-08-14 01:00:00+00:00,0.12061138964942374,0.12061138964942374,2.768604165509503e-07,0.12061166650984029,0.6223989688039473,0.4993261222229027,0.12061138964942386,2.76860416545514e-07,True,ok,,0.2,0.07,0.084
2020-08-14 02:00:00+00:00,0.20702455637859998,0.20702455637859998,2.768290599530765e-07,0.20702483320765994,0.4993261222229027,0.28807657489780064,0.2070245563786,2.76829059947411e-07,True,ok,,0.2,0.07,0.084
2020-08-14 03:00:00+00:00,0.14501208418884898,0.14501208418884898,2.767972248629569e-07,0.14501236098607384,0.28807657489780064,0.1401050604193833,0.1450120841888489,2.7679722486430684e-07,True,ok,,0.2,0.07,0.084
2020-08-14 04:00:00+00:00,0.13257590030463384,0.13257590030463384,-4.253529889419738e-09,0.13257589605110395,0.1401050604193833,0.00482352949628756,0.1325759003046339,-4.2535298880132516e-09,True,ok,,0.3,0.1,0.084
2020-08-14 05:00:00+00:00,0.0047256230040238975,0.0047256230040238975,-4.254555206403832e-09,0.004725618749468691,0.00482352949628756,1.465206467255592e-06,0.004725623004023715,-4.2545552064523326e-09,True,ok,,0.3,0.1,0.084
2020-08-14 06:00:00+00:00,-0.3651185113016451,-0.3651185113016451,-0.1863357214056891,-0.5514542327073342,1.465206467255592e-06,0.3578176062820794,-0.365118511301645,-0.18633572140568913,True,ok,,0.3,0.1,0.084
2020-08-14 07:00:00+00:00,-0.38120681483596164,-0.38120681483596164,-0.3859650281109902,-0.7671718429469518,0.3578176062820794,0.7314002848213218,-0.3812068148359615,-0.3859650281109902,True,ok,,0.3,0.1,0.084
2020-08-14 08:00:00+00:00,-0.3209115056569626,-0.3209115056569626,-0.5213171922616953,-0.8422286979186578,0.7314002848213218,1.0458935603651451,-0.32091150565696236,-0.5213171922616953,True,ok,,0.3,0.1,0.084
2020-08-14 09:00:00+00:00,-0.23457560720899523,-0.23457560720899523,-0.4248507117435944,-0.6594263189525896,1.0458935603651451,1.2757776554299605,-0.2345756072089952,-0.4248507117435944,True,ok,,0.3,0.1,0.084
2020-08-14 10:00:00+00:00,-0.2313529319659161,-0.2313529319659161,-0.5673562331243384,-0.7987091650902545,1.2757776554299605,1.5025035287565582,-0.23135293196591594,-0.5673562331243384,True,ok,,0.3,0.1,0.084
2020-08-14 11:00:00+00:00,-0.28055351115691796,-0.28055351115691796,-2.363041301056041,-2.643594812212959,1.5025035287565582,1.777445969690338,-0.28055351115691823,-2.363041301056041,True,ok,,0.3,0.1,0.084
2020-08-14 12:00:00+00:00,-0.25129956821123267,-0.25129956821123267,-2.3263370416473386,-2.5776366098585712,1.777445969690338,2.023719546537346,-0.25129956821123284,-2.3263370416473386,True,ok,,0.3,0.1,0.084
2020-08-14 13:00:00+00:00,-0.23616007459356725,-0.23616007459356725,-3.1086975299710846,-3.344857604564652,2.023719546537346,2.2551564196390417,-0.23616007459356764,-3.1086975299710846,True,ok,,0.3,0.1,0.084
2020-08-14 14:00:00+00:00,-0.21667408533908494,-0.21667408533908494,-2.472515881072433,-2.6891899664115178,2.2551564196390417,2.467497023271345,-0.21667408533908492,-2.472515881072433,True,ok,,0.3,0.1,0.084
2020-08-14 15:00:00+00:00,5.762834909273096e-08,5.762834909273096e-08,-0.360074098039516,-0.3600740404111669,2.467497023271345,2.4674969644669074,5.762834918338144e-08,-0.360074098039516,True,ok,,0.4,0.18,0.084
2020-08-14 16:00:00+00:00,0.21078914284120212,0.21078914284120212,-2.1441018074885854e-07,0.21078892843102137,2.4674969644669074,2.252406002384048,0.21078914284120212,-2.1441018074558647e-07,True,ok,,0.4,0.18,0.084
2020-08-14 17:00:00+00:00,0.13712858790512664,0.13712858790512664,-2.1254954113425484e-07,0.1371283753555855,2.252406002384048,2.1124788718686127,0.1371285879051266,-2.1254954114270825e-07,True,ok,,0.4,0.18,0.084
2020-08-14 18:00:00+00:00,0.24543357908859062,0.24543357908859062,-5.38532391181068e-08,0.2454335252353515,2.1124788718686127,1.8620364442271937,0.2454335790885907,-5.38532391096133e-08,True,ok,,0.4,0.18,0.084
2020-08-14 19:00:00+00:00,0.18130181893029085,0.18130181893029085,2.9227152542610213e-07,0.18130211120181627,1.8620364442271937,1.6770345881758766,0.18130181893029085,2.922715254322873e-07,True,ok,,0.2,0.07,0.084
2020-08-14 20:00:00+00:00,0.1337276799582909,0.1337276799582909,2.9223659289701054e-07,0.1337279721948838,1.6770345881758766,1.5405777718919063,0.13372767995829085,2.9223659290213763e-07,True,ok,,0.2,0.07,0.084
2020-08-14 21:00:00+00:00,0.1767660688498259,0.1767660688498259,2.92198660573062e-07,0.17676636104848648,1.5405777718919063,1.3602042322492267,0.17676606884982587,2.921986605785294e-07,True,ok,,0.2,0.07,0.084
2020-08-14 22:00:00+00:00,0.06278351341351382,0.06278351341351382,2.921581482295821e-07,0.06278380557166205,1.3602042322492267,1.2961394226436003,0.06278351341351378,2.9215814823513814e-07,True,ok,,0.2,0.07,0.084
2020-08-14 23:00:00+00:00,0.13579034698879647,0.13579034698879647,2.921176360803912e-07,0.13579063910643255,1.2961394226436003,1.1575778440836038,0.1357903469887964,2.9211763608344074e-07,True,ok,,0.2,0.07,0.084
2020-08-15 00:00:00+00:00,0.12533909686721706,0.12533909686721706,2.9207285237586866e-07,0.12533938894006943,1.1575778440836038,1.0296808064639946,0.12533909686721706,2.9207285237241097e-07,True,ok,,0.2,0.07,0.084
2020-08-15 01:00:00+00:00,0.1080319305503046,0.1080319305503046,2.9202530701932794e-07,0.10803222257561163,1.0296808064639946,0.9194441426371531,0.10803193055030463,2.9202530701545557e-07,True,ok,,0.2,0.07,0.084
2020-08-15 02:00:00+00:00,0.1873551012183876,0.1873551012183876,9.354098146063805e-08,0.18735519475936907,0.9194441426371531,0.7282654679245127,0.18735510121838767,9.354098146575105e-08,True,ok,,0.2,0.07,0.084
2020-08-15 03:00:00+00:00,0.0839873309121379,0.0839873309121379,3.081494718976119e-07,0.0839876390616098,0.7282654679245127,0.6425641098509026,0.08398733091213793,3.0814947189699106e-07,True,ok,,0.2,0.07,0.084
2020-08-15 04:00:00+00:00,0.2508461122835734,0.2508461122835734,-3.845071261388e-09,0.25084610843850214,0.6425641098509026,0.38659868915337875,0.25084611228357356,-3.8450712884531115e-09,True,ok,,0.3,0.1,0.084
2020-08-15 05:00:00+00:00,0.37886573529983136,0.37886573529983136,-3.846028495679832e-09,0.37886573145380287,0.38659868915337875,1.0000719181668671e-06,0.3788657352998312,-3.8460285021219475e-09,True,ok,,0.3,0.1,0.084
2020-08-15 06:00:00+00:00,-0.06950177909051693,-0.06950177909051693,-0.03361866453403799,-0.10312044362455491,1.0000719181668671e-06,0.06811274358062476,-0.06950177909051698,-0.03361866453403799,True,ok,,0.3,0.1,0.084
2020-08-15 07:00:00+00:00,-0.2774198026262566,-0.2774198026262566,-0.254342107195133,-0.5317619098213896,0.06811274358062476,0.3399841501543562,-0.27741980262625654,-0.254342107195133,True,ok,,0.3,0.1,0.084
2020-08-15 08:00:00+00:00,-0.3410521796214201,-0.3410521796214201,-1.9717714544793623,-2.3128236341007824,0.3399841501543562,0.6742152861833479,-0.34105217962142065,-1.9717714544793623,True,ok,,0.3,0.1,0.084
2020-08-15 09:00:00+00:00,-0.2557668774072597,-0.2557668774072597,-3.922053312883213,-4.177820190290473,0.6742152861833479,0.9248668260424624,-0.2557668774072599,-3.922053312883213,True,ok,,0.3,0.1,0.084
2020-08-15 10:00:00+00:00,-0.2086457040834797,-0.2086457040834797,-3.610161946624759,-3.818807650708239,0.9248668260424624,1.1293396160442726,-0.20864570408347935,-3.610161946624759,True,ok,,0.3,0.1,0.084
2020-08-15 11:00:00+00:00,-0.1786101307055885,-0.1786101307055885,-2.1105778557983013,-2.2891879865038898,1.1293396160442726,1.3043775441357492,-0.17861013070558773,-2.1105778557983013,True,ok,,0.3,0.1,0.084
2020-08-15 12:00:00+00:00,-0.1625052984620443,-0.1625052984620443,-3.4985291930312834,-3.6610344914933277,1.3043775441357492,1.4636327366285526,-0.16250529846204462,-3.4985291930312834,True,ok,,0.3,0.1,0.084
2020-08-15 13:00:00+00:00,-0.14859222766045832,-0.14859222766045832,-3.087558642146789,-3.2361508698072474,1.4636327366285526,1.6092531197358018,-0.148592227660458,-3.087558642146789,True,ok,,0.3,0.1,0.084
2020-08-15 14:00:00+00:00,-0.13914885339210503,-0.13914885339210503,-3.4659115708274064,-3.6050604242195115,1.6092531197358018,1.7456189960600648,-0.13914885339210503,-3.4659115708274064,True,ok,,0.3,0.1,0.084
2020-08-15 15:00:00+00:00,2.823672784479925e-07,2.823672784479925e-07,-1.8209190121390608,-1.8209187297717824,1.7456189960600648,1.7456187079301888,2.8236727849648993e-07,-1.8209190121390608,True,ok,,0.4,0.18,0.084
2020-08-15 16:00:00+00:00,2.092862960711983e-07,2.092862960711983e-07,-1.0984270299994634,-1.0984268207131673,1.7456187079301888,1.7456184943727437,2.092862958814053e-07,-1.0984270299994634,True,ok,,0.4,0.18,0.084
2020-08-15 17:00:00+00:00,5.532269969910075e-08,5.532269969910075e-08,-0.3095596663968293,-0.3095596110741296,1.7456184943727437,1.7456184379210093,5.532269973298862e-08,-0.3095596663968293,True,ok,,0.4,0.18,0.084
2020-08-15 18:00:00+00:00,0.13299122062033594,0.13299122062033594,-2.3006472968378766e-07,0.13299099055560626,1.7456184379210093,1.6099131107574012,0.1329912206203358,-2.3006472968988482e-07,True,ok,,0.4,0.18,0.084
2020-08-15 19:00:00+00:00,0.19846844257150006,0.19846844257150006,2.7962094645284097e-07,0.19846872219244652,1.6099131107574012,1.407394291806891,0.19846844257149995,2.7962094644135557e-07,True,ok,,0.2,0.07,0.084
2020-08-15 20:00:00+00:00,0.19332769273772996,0.19332769273772996,2.7959490667139875e-07,0.19332797233263663,1.407394291806891,1.2101211359520645,0.19332769273772993,2.7959490667859816e-07,True,ok,,0.2,0.07,0.084
2020-08-15 21:00:00+00:00,0.17413485949797988,0.17413485949797988,2.795673386957187e-07,0.17413513906531858,1.2101211359520645,1.0324325038112687,0.17413485949797988,2.7956733869056017e-07,True,ok,,0.2,0.07,0.084
2020-08-15 22:00:00+00:00,0.07387749820570211,0.07387749820570211,2.7953763742649684e-07,0.07387777774333953,1.0324325038112687,0.9570473015605523,0.0738774982057021,2.795376374229222e-07,True,ok,,0.2,0.07,0.084
2020-08-15 23:00:00+00:00,0.1374596650713212,0.1374596650713212,2.7950801517739876e-07,0.13745994457933638,0.9570473015605523,0.8167823372020613,0.13745966507132126,2.795080151831135e-07,True,ok,,0.2,0.07,0.084
2020-08-16 00:00:00+00:00,0.12514305390598518,0.12514305390598518,2.7947609154699293e-07,0.12514333338207673,0.8167823372020613,0.6890853434204438,0.12514305390598518,2.794760915463814e-07,True,ok,,0.2,0.07,0.084
2020-08-16 01:00:00+00:00,0.11215947067973267,0.11215947067973267,2.79442761583204e-07,0.11215975012249425,0.6890853434204438,0.5746369039513288,0.11215947067973261,2.7944276158677903e-07,True,ok,,0.2,0.07,0.084
2020-08-16 02:00:00+00:00,0.1779496872870321,0.1779496872870321,9.060221956014303e-08,0.17794977788925165,0.5746369039513288,0.3930555903931328,0.1779496872870321,9.06022195550311e-08,True,ok,,0.2,0.07,0.084
2020-08-16 03:00:00+00:00,0.26608557155905693,0.26608557155905693,2.8935294810183976e-07,0.26608586091200503,0.3930555903931328,0.12153970104715633,0.2660855715590568,2.8935294810920545e-07,True,ok,,0.2,0.07,0.084
2020-08-16 04:00:00+00:00,0.11910770846862757,0.11910770846862757,-4.079852136684714e-09,0.11910770438877544,0.12153970104715633,1.2230179445155143e-06,0.1191077084686277,-4.079852142461499e-09,True,ok,,0.3,0.1,0.084
2020-08-16 05:00:00+00:00,-0.08585079822676842,-0.08585079822676842,-0.04379247412060863,-0.12964327234737705,1.2230179445155143e-06,0.08413500528017756,-0.08585079822676826,-0.04379247412060864,True,ok,,0.3,0.1,0.084
2020-08-16 06:00:00+00:00,-0.2716753008734777,-0.2716753008734777,-0.3387588724186491,-0.6104341732921268,0.08413500528017756,0.35037680013618566,-0.2716753008734777,-0.3387588724186491,True,ok,,0.3,0.1,0.084
2020-08-16 07:00:00+00:00,-0.26490025031161313,-0.26490025031161313,-2.0650909968617657,-2.329991247173379,0.35037680013618566,0.6099790454415666,-0.2649002503116129,-2.0650909968617657,True,ok,,0.3,0.1,0.084
2020-08-16 08:00:00+00:00,-0.19855898893929957,-0.19855898893929957,-2.5762695604481456,-2.774828549387445,0.6099790454415666,0.8045668546020801,-0.1985589889393003,-2.5762695604481456,True,ok,,0.3,0.1,0.084
2020-08-16 09:00:00+00:00,-0.16820419662087582,-0.16820419662087582,-3.9066119698701036,-4.074816166490979,0.8045668546020801,0.9694069672905384,-0.1682041966208759,-3.9066119698701036,True,ok,,0.3,0.1,0.084
2020-08-16 10:00:00+00:00,-0.147765206676703,-0.147765206676703,-4.56628686298748,-4.714052069664183,0.9694069672905384,1.1142168698337074,-0.1477652066767035,-4.56628686298748,True,ok,,0.3,0.1,0.084
2020-08-16 11:00:00+00:00,-0.13346601463893037,-0.13346601463893037,-5.068875159592979,-5.2023411742319094,1.1142168698337074,1.2450135641798592,-0.13346601463893015,-5.068875159592979,True,ok,,0.3,0.1,0.084
2020-08-16 12:00:00+00:00,-0.12175026952393742,-0.12175026952393742,-3.8917056596674215,-4.013455929191359,1.2450135641798592,1.364328828313318,-0.12175026952393765,-3.8917056596674215,True,ok,,0.3,0.1,0.084
2020-08-16 13:00:00+00:00,-0.11075912883166428,-0.11075912883166428,-2.102944988691909,-2.2137041175235734,1.364328828313318,1.472872774568349,-0.1107591288316642,-2.102944988691909,True,ok,,0.3,0.1,0.084
2020-08-16 14:00:00+00:00,-0.10302869247680202,-0.10302869247680202,-1.6826428440144896,-1.7856715364912916,1.472872774568349,1.573840893195615,-0.10302869247680241,-1.6826428440144896,True,ok,,0.3,0.1,0.084
2020-08-16 15:00:00+00:00,2.2284116707460555e-07,2.2284116707460555e-07,-1.390350174047389,-1.3903499512062218,1.573840893195615,1.573840665806669,2.22841167198397e-07,-1.390350174047389,True,ok,,0.4,0.18,0.084
2020-08-16 16:00:00+00:00,1.715779286426411e-07,1.715779286426411e-07,-0.896098145818114,-0.8960979742401853,1.573840665806669,1.57384049072715,1.715779285520569e-07,-0.896098145818114,True,ok,,0.4,0.18,0.084
2020-08-16 17:00:00+00:00,4.789146258732391e-08,4.789146258732391e-08,-0.10940845392784646,-0.10940840603638387,1.57384049072715,1.5738404418583105,4.789146261285424e-08,-0.10940845392784646,True,ok,,0.4,0.18,0.084
2020-08-16 18:00:00+00:00,0.22436394775846033,0.22436394775846033,-1.9432201719959963e-07,0.22436375343644313,1.5738404418583105,1.344897638023147,0.22436394775846025,-1.9432201719024508e-07,True,ok,,0.4,0.18,0.084
2020-08-16 19:00:00+00:00,0.18828775745135218,0.18828775745135218,2.983579868442998e-07,0.18828805580933902,1.344897638023147,1.1527672732768692,0.18828775745135212,2.9835798684900995e-07,True,ok,,0.2,0.07,0.084
2020-08-16 20:00:00+00:00,0.1291309796723523,0.1291309796723523,2.9831798872836934e-07,0.12913127799034102,1.1527672732768692,1.0210009674887546,0.12913097967235226,2.983179887354369e-07,True,ok,,0.2,0.07,0.084
2020-08-16 21:00:00+00:00,0.17897903500372497,0.17897903500372497,2.9827514308466974e-07,0.17897933327886806,1.0210009674887546,0.8383692991176066,0.17897903500372486,2.9827514307598e-07,True,ok,,0.2,0.07,0.084
2020-08-16 22:00:00+00:00,0.101080285114442,0.101080285114442,2.9823012336060994e-07,0.10108058334456536,0.8383692991176066,0.7352261510416453,0.101080285114442,2.982301233653079e-07,True,ok,,0.2,0.07,0.084
2020-08-16 23:00:00+00:00,0.13958200721199762,0.13958200721199762,2.981822813108437e-07,0.13958230539427893,0.7352261510416453,0.5927955314375661,0.13958200721199762,2.9818228130015243e-07,True,ok,,0.2,0.07,0.084
2020-08-17 00:00:00+00:00,0.12492072107159159,0.12492072107159159,1.1232796875981776e-07,0.12492083339956035,0.5927955314375661,0.4653254078951257,0.12492072107159148,1.1232796876586272e-07,True,ok,,0.2,0.07,0.084
2020-08-17 01:00:00+00:00,0.13735779866655948,0.13735779866655948,3.1266993655298947e-07,0.13735811133649603,0.4653254078951257,0.32516438884761606,0.13735779866655967,3.1266993655103113e-07,True,ok,,0.2,0.07,0.084
2020-08-17 02:00:00+00:00,0.14499138207707674,0.14499138207707674,3.125905273515528e-07,0.1449916946676041,0.32516438884761606,0.17721399897304796,0.1449913820770768,3.125905273480714e-07,True,ok,,0.2,0.07,0.084
2020-08-17 03:00:00+00:00,0.15654349318944086,0.15654349318944086,3.1250249013514697e-07,0.156543805691931,0.17721399897304796,0.017475740616475666,0.15654349318944086,3.125024901276627e-07,True,ok,,0.2,0.07,0.084
2020-08-17 04:00:00+00:00,0.017125283505427642,0.017125283505427642,-3.794668995693584e-09,0.017125279710758647,0.017475740616475666,9.61529304600861e-07,0.017125283505427715,-3.794668996428574e-09,True,ok,,0.3,0.1,0.084
2020-08-17 05:00:00+00:00,-0.12492808017282672,-0.12492808017282672,-0.04845833363341609,-0.1733864138062428,9.61529304600861e-07,0.1224304800986748,-0.12492808017282674,-0.04845833363341609,True,ok,,0.3,0.1,0.084
2020-08-17 06:00:00+00:00,-0.1013329866382926,-0.1013329866382926,-0.06646279105874092,-0.16779577769703352,0.1224304800986748,0.22173680700420156,-0.1013329866382926,-0.06646279105874092,True,ok,,0.3,0.1,0.084
2020-08-17 07:00:00+00:00,-0.48435858204110954,-0.48435858204110954,-0.46557568682754497,-0.9499342688686545,0.22173680700420156,0.6964082174044889,-0.48435858204110943,-0.46557568682754497,True,ok,,0.3,0.1,0.084
2020-08-17 08:00:00+00:00,-0.2615744312314558,-0.2615744312314558,-0.35820583944614276,-0.6197802706775986,0.6964082174044889,0.9527511600113155,-0.2615744312314556,-0.35820583944614276,True,ok,,0.3,0.1,0.084
2020-08-17 09:00:00+00:00,-0.3750191765896824,-0.3750191765896824,-1.5394977463189508,-1.9145169229086332,0.9527511600113155,1.3202699530692044,-0.3750191765896825,-1.5394977463189508,True,ok,,0.3,0.1,0.084
2020-08-17 10:00:00+00:00,-0.3248600263941239,-0.3248600263941239,-2.153281234599767,-2.478141260993891,1.3202699530692044,1.6386327789354458,-0.32486002639412437,-2.153281234599767,True,ok,,0.3,0.1,0.084
2020-08-17 11:00:00+00:00,-0.27782363662000775,-0.27782363662000775,-1.8390425729643527,-2.1168662095843604,1.6386327789354458,1.9108999428230533,-0.27782363662000725,-1.8390425729643527,True,ok,,0.3,0.1,0.084
2020-08-17 12:00:00+00:00,-0.2368350674943831,-0.2368350674943831,-1.2331500149779469,-1.46998508247233,1.9108999428230533,2.142998308967549,-0.23683506749438327,-1.2331500149779469,True,ok,,0.3,0.1,0.084
2020-08-17 13:00:00+00:00,-0.20739184653150233,-0.20739184653150233,-0.9149504683062168,-1.1223423148377192,2.142998308967549,2.346242318568421,-0.2073918465315024,-0.9149504683062168,True,ok,,0.3,0.1,0.084
2020-08-17 14:00:00+00:00,-0.0426299598411554,-0.0426299598411554,-0.050201829786595424,-0.09283178962775082,2.346242318568421,2.3880196792127535,-0.04262995984115545,-0.050201829786595424,True,ok,,0.3,0.1,0.084
2020-08-17 15:00:00+00:00,0.6258708206909167,0.6258708206909167,-6.51275321450484e-08,0.6258707555633846,2.3880196792127535,1.7493759846301855,0.6258708206909172,-6.512753215512875e-08,True,ok,,0.4,0.18,0.084
2020-08-17 16:00:00+00:00,0.05053976207204132,0.05053976207204132,-2.1398254607118972e-07,0.05053954808949525,1.7493759846301855,1.6978047988423883,0.050539762072041305,-2.1398254606846685e-07,True,ok,,0.4,0.18,0.084
2020-08-17 17:00:00+00:00,4.934426837965855e-08,4.934426837965855e-08,-0.1065550032568425,-0.10655495391257412,1.6978047988423883,1.697804748491094,4.934426833002915e-08,-0.1065550032568425,True,ok,,0.4,0.18,0.084
2020-08-17 18:00:00+00:00,0.2027085132514177,0.2027085132514177,-1.97313322958248e-07,0.20270831593809474,1.697804748491094,1.490959326805974,0.20270851325141773,-1.9731332296203243e-07,True,ok,,0.4,0.18,0.084
2020-08-17 19:00:00+00:00,0.21454206962975336,0.21454206962975336,2.914681124510654e-07,0.2145423610978658,1.490959326805974,1.27203884759194,0.21454206962975328,2.9146811245492476e-07,True,ok,,0.2,0.07,0.084
2020-08-17 20:00:00+00:00,0.12956968057269713,0.12956968057269713,2.914337827453206e-07,0.12956997200647988,1.27203884759194,1.1398248878238817,0.12956968057269705,2.914337827542138e-07,True,ok,,0.2,0.07,0.084
2020-08-17 21:00:00+00:00,0.17032331958509753,0.17032331958509753,2.9139620785767484e-07,0.17032361098130538,1.1398248878238817,0.9660255821248026,0.17032331958509755,2.9139620786842305e-07,True,ok,,0.2,0.07,0.084
2020-08-17 22:00:00+00:00,0.105433903009317,0.105433903009317,2.913568201284855e-07,0.10543419436613713,0.9660255821248026,0.858439966809173,0.10543390300931697,2.9135682012988963e-07,True,ok,,0.2,0.07,0.084
2020-08-17 23:00:00+00:00,0.11600687532479433,0.11600687532479433,2.913151694178273e-07,0.11600716663996374,0.858439966809173,0.7400656042328523,0.11600687532479428,2.913151694153654e-07,True,ok,,0.2,0.07,0.084
2020-08-18 00:00:00+00:00,0.12886276471825242,0.12886276471825242,2.91271224805989e-07,0.12886305598947723,0.7400656042328523,0.608572987173411,0.12886276471825242,2.912712248016225e-07,True,ok,,0.2,0.07,0.084
2020-08-18 01:00:00+00:00,0.13976926426184544,0.13976926426184544,2.9122472769427254e-07,0.13976955548657313,0.608572987173411,0.4659512889470381,0.13976926426184536,2.9122472769704446e-07,True,ok,,0.2,0.07,0.084
2020-08-18 02:00:00+00:00,0.12298748664590703,0.12298748664590703,2.911753157475161e-07,0.12298777782122278,0.4659512889470381,0.3404538535940717,0.12298748664590693,2.9117531574281453e-07,True,ok,,0.2,0.07,0.084
2020-08-18 03:00:00+00:00,0.1697470138093733,0.1697470138093733,2.911229029511908e-07,0.16974730493227624,0.3404538535940717,0.16724261501307855,0.16974701380937338,2.911229029598846e-07,True,ok,,0.2,0.07,0.084
2020-08-18 04:00:00+00:00,0.16389659010759244,0.16389659010759244,-4.056568470023336e-09,0.16389658605102397,0.16724261501307855,1.1965359434096268e-06,0.16389659010759247,-4.056568483735735e-09,True,ok,,0.3,0.1,0.084
2020-08-18 05:00:00+00:00,-0.12132792409482063,-0.12132792409482063,-0.057572688978093645,-0.17890061307291427,1.1965359434096268e-06,0.11890256214886762,-0.12132792409482059,-0.057572688978093645,True,ok,,0.3,0.1,0.084
2020-08-18 06:00:00+00:00,-0.3601477435009912,-0.3601477435009912,-0.27124046808702784,-0.631388211588019,0.11890256214886762,0.471847350779839,-0.3601477435009911,-0.27124046808702784,True,ok,,0.3,0.1,0.084
2020-08-18 07:00:00+00:00,-0.39480480602059886,-0.39480480602059886,-0.6172093358420949,-1.0120141418626938,0.471847350779839,0.858756060680026,-0.39480480602059875,-0.6172093358420949,True,ok,,0.3,0.1,0.084
2020-08-18 08:00:00+00:00,-0.33642103288752834,-0.33642103288752834,-0.6987368357444264,-1.0351578686319547,0.858756060680026,1.1884486729098036,-0.3364210328875285,-0.6987368357444264,True,ok,,0.3,0.1,0.084
2020-08-18 09:00:00+00:00,-0.2886558160570212,-0.2886558160570212,-0.710152144864756,-0.9988079609217771,1.1884486729098036,1.4713313726456843,-0.2886558160570211,-0.710152144864756,True,ok,,0.3,0.1,0.084
2020-08-18 10:00:00+00:00,-0.36844810329753797,-0.36844810329753797,-1.8287334586492396,-2.1971815619467776,1.4713313726456843,1.8324105138772715,-0.368448103297538,-1.8287334586492396,True,ok,,0.3,0.1,0.084
2020-08-18 11:00:00+00:00,-0.4075413164409225,-0.4075413164409225,-3.2975921929416945,-3.705133509382617,1.8324105138772715,2.2318010039893754,-0.40754131644092256,-3.2975921929416945,True,ok,,0.3,0.1,0.084
2020-08-18 12:00:00+00:00,-0.43196471291289473,-0.43196471291289473,-1.3223072257983046,-1.7542719387111994,2.2318010039893754,2.6551264226440123,-0.4319647129128947,-1.3223072257983046,True,ok,,0.3,0.1,0.084
2020-08-18 13:00:00+00:00,-0.511671524747944,-0.511671524747944,-1.6194297637310058,-2.1311012884789498,2.6551264226440123,3.1565645168969976,-0.5116715247479445,-1.6194297637310058,True,ok,,0.3,0.1,0.084
2020-08-18 14:00:00+00:00,-0.6079730073578782,-0.6079730073578782,-1.0639167511369265,-1.6718897584948047,3.1565645168969976,3.7523780641077185,-0.6079730073578782,-1.0639167511369265,True,ok,,0.3,0.1,0.084
2020-08-18 15:00:00+00:00,8.961945185959053e-08,8.961945185959053e-08,-1.4692184604263037,-1.4692183708068518,3.7523780641077185,3.752377972659298,8.961945202854353e-08,-1.4692184604263037,True,ok,,0.4,0.18,0.084
2020-08-18 16:00:00+00:00,8.961914699234796e-08,8.961914699234796e-08,-0.8425329174313749,-0.8425328278122279,3.752377972659298,3.752377881211189,8.961914705317347e-08,-0.8425329174313749,True,ok,,0.4,0.18,0.084
2020-08-18 17:00:00+00:00,0.07058678007059514,0.07058678007059514,-1.1276602512877432e-07,0.07058666730457001,3.752377881211189,3.680350554608541,0.07058678007059516,-1.1276602512507527e-07,True,ok,,0.4,0.18,0.084
2020-08-18 18:00:00+00:00,0.20179005024875935,0.20179005024875935,-1.127657281718708e-07,0.20178993748303117,3.680350554608541,3.4744423400689906,0.20179005024875937,-1.1276572816668896e-07,True,ok,,0.4,0.18,0.084
2020-08-18 19:00:00+00:00,0.06451973410817888,0.06451973410817888,0.12279465525309693,0.1873143893612758,3.4744423400689906,3.4086058766932976,0.06451973410817899,0.12279465525309693,True,ok,,0.2,0.07,0.084
2020-08-18 20:00:00+00:00,0.03367963890866585,0.03367963890866585,0.08096947216090732,0.11464911106957316,3.4086058766932976,3.3742388982150673,0.03367963890866584,0.08096947216090732,True,ok,,0.2,0.07,0.084
2020-08-18 21:00:00+00:00,0.034929634814603844,0.034929634814603844,0.1386367262418297,0.17356636105643355,3.3742388982150673,3.3385964137103694,0.034929634814603774,0.1386367262418297,True,ok,,0.2,0.07,0.084
2020-08-18 22:00:00+00:00,0.020278641363736076,0.020278641363736076,0.04166819199513447,0.061946833358870544,3.3385964137103694,3.3179039225228837,0.020278641363736062,0.04166819199513447,True,ok,,0.2,0.07,0.084
2020-08-18 23:00:00+00:00,0.0233866085821286,0.0233866085821286,0.10686261355341528,0.13024922213554388,3.3179039225228837,3.2940400362145894,0.02338660858212858,0.10686261355341528,True,ok,,0.2,0.07,0.084
2020-08-19 00:00:00+00:00,0.020999389342871946,0.020999389342871946,0.09110611054459455,0.1121054998874665,3.2940400362145894,3.2726120879055363,0.02099938934287188,0.09110611054459455,True,ok,,0.2,0.07,0.084
2020-08-19 01:00:00+00:00,0.01726406585666848,0.01726406585666848,0.0831902674063047,0.10045433326297318,3.2726120879055363,3.2549956941742417,0.017264065856668467,0.0831902674063047,True,ok,,0.2,0.07,0.084
2020-08-19 02:00:00+00:00,0.016715889519540422,0.016715889519540422,0.16614563823068668,0.1828615277502271,3.2549956941742417,3.237938664052262,0.016715889519540547,0.16614563823068668,True,ok,,0.2,0.07,0.084
2020-08-19 03:00:00+00:00,0.015322805707348952,0.015322805707348952,0.22960813918044837,0.24493094488779732,3.237938664052262,3.2223031480243547,0.015322805707348938,0.22960813918044837,True,ok,,0.2,0.07,0.084
2020-08-19 04:00:00+00:00,0.7225448878340354,0.7225448878340354,9.126033262418787e-14,0.7225448878341266,3.2223031480243547,2.48501244615289,0.7225448878340354,9.125462000962157e-14,True,ok,,0.3,0.1,0.084
2020-08-19 05:00:00+00:00,0.11057850031314449,0.11057850031314449,8.45712389008213e-14,0.11057850031322906,2.48501244615289,2.372177241751722,0.11057850031314446,8.456610434917105e-14,True,ok,,0.3,0.1,0.084
2020-08-19 06:00:00+00:00,0.08270836118319237,0.08270836118319237,8.017198016574412e-14,0.08270836118327254,2.372177241751722,2.287780954830097,0.08270836118319239,8.016871903117848e-14,True,ok,,0.3,0.1,0.084
2020-08-19 07:00:00+00:00,0.15673230602467617,0.15673230602467617,8.72635297355373e-14,0.15673230602476343,2.287780954830097,2.127850030315121,0.15673230602467633,8.726036967202676e-14,True,ok,,0.3,0.1,0.084
2020-08-19 08:00:00+00:00,0.05808308344409882,0.05808308344409882,7.26710358556204e-14,0.05808308344417149,2.127850030315121,2.0685815778211425,0.05808308344409882,7.266935684002566e-14,True,ok,,0.3,0.1,0.084
2020-08-19 09:00:00+00:00,0.1505521947647933,0.1505521947647933,8.590350653037149e-14,0.15055219476487922,2.0685815778211425,1.914956889285639,0.15055219476479328,8.589979949747838e-14,True,ok,,0.3,0.1,0.084
2020-08-19 10:00:00+00:00,0.19436650030604202,0.19436650030604202,8.740230761361545e-14,0.19436650030612942,1.914956889285639,1.716623725708045,0.19436650030604202,8.740973333084546e-14,True,ok,,0.3,0.1,0.084
2020-08-19 11:00:00+00:00,0.2921446931944055,0.2921446931944055,8.920642002863133e-14,0.2921446931944947,1.716623725708045,1.4185168959178354,0.2921446931944053,8.923071958969793e-14,True,ok,,0.3,0.1,0.084
2020-08-19 12:00:00+00:00,0.1565422223090286,0.1565422223090286,8.423817199343375e-14,0.15654222230911283,1.4185168959178354,1.2587799343780102,0.15654222230902864,8.424518258446056e-14,True,ok,,0.3,0.1,0.084
2020-08-19 13:00:00+00:00,0.17262330603591136,0.17262330603591136,8.415490526658687e-14,0.17262330603599552,1.2587799343780102,1.082633703729121,0.17262330603591156,8.414899726520008e-14,True,ok,,0.3,0.1,0.084
2020-08-19 14:00:00+00:00,0.2053518056497789,0.2053518056497789,8.434919429589627e-14,0.20535180564986324,1.082633703729121,0.873091044902816,0.205351805649779,8.435850032686824e-14,True,ok,,0.3,0.1,0.084
2020-08-19 15:00:00+00:00,0.13892708522540076,0.13892708522540076,-1.1276465408660563e-07,0.13892697246074667,0.873091044902816,0.7313287130401621,0.1389270852254007,-1.1276465409379492e-07,True,ok,,0.4,0.18,0.084
2020-08-19 16:00:00+00:00,0.08944069615540115,0.08944069615540115,-1.1276474128074643e-07,0.08944058339065987,0.7313287130401621,0.6400626965550589,0.08944069615540112,-1.1276474128158217e-07,True,ok,,0.4,0.18,0.084
2020-08-19 17:00:00+00:00,0.20770755689470724,0.20770755689470724,-1.1276465747278586e-07,0.20770744413004977,0.6400626965550589,0.4281162099278066,0.20770755689470724,-1.1276465747430477e-07,True,ok,,0.4,0.18,0.084
2020-08-19 18:00:00+00:00,0.1718080850051598,0.1718080850051598,-1.1276471184595849e-07,0.17180797224044794,0.4281162099278066,0.2528018374735619,0.17180808500516007,-1.127647118404645e-07,True,ok,,0.4,0.18,0.084
2020-08-19 19:00:00+00:00,0.015105339261385825,0.015105339261385825,0.20952693829354985,0.22463227755493567,0.2528018374735619,0.23738822598235185,0.015105339261385506,0.20952693829354985,True,ok,,0.2,0.07,0.084
2020-08-19 20:00:00+00:00,0.014726360296429236,0.014726360296429236,0.09465302850747682,0.10937938880390606,0.23738822598235185,0.22236132772068937,0.014726360296429188,0.09465302850747682,True,ok,,0.2,0.07,0.084
2020-08-19 21:00:00+00:00,0.015118632046109082,0.015118632046109082,0.07519767357270675,0.09031630561881583,0.22236132772068937,0.2069341521634352,0.0151186320461091,0.07519767357270675,True,ok,,0.2,0.07,0.084
2020-08-19 22:00:00+00:00,0.018005961183612668,0.018005961183612668,0.13162667759931257,0.14963263878292524,0.2069341521634352,0.1885607223842386,0.018005961183612765,0.13162667759931257,True,ok,,0.2,0.07,0.084
2020-08-19 23:00:00+00:00,0.015581793016767605,0.015581793016767605,0.04650490136950282,0.06208669438627042,0.1885607223842386,0.1726609335916186,0.0155817930167676,0.04650490136950282,True,ok,,0.2,0.07,0.084
2020-08-20 00:00:00+00:00,0.02205056062331541,0.02205056062331541,0.11690102279923943,0.13895158342255484,0.1726609335916186,0.15016036152701104,0.02205056062331545,0.11690102279923943,True,ok,,0.2,0.07,0.084
2020-08-20 01:00:00+00:00,0.024945792271495085,0.024945792271495085,0.10014376345826494,0.12508955572976002,0.15016036152701104,0.12470547145405687,0.02494579227149504,0.10014376345826494,True,ok,,0.2,0.07,0.084
2020-08-20 02:00:00+00:00,0.02877625701420737,0.02877625701420737,0.0785791876316742,0.10735544464588156,0.12470547145405687,0.09534194388853914,0.02877625701420738,0.0785791876316742,True,ok,,0.2,0.07,0.084
2020-08-20 03:00:00+00:00,0.056770003744992165,0.056770003744992165,0.16096496851209224,0.2177349722570844,0.09534194388853914,0.037413368638547134,0.056770003744992054,0.16096496851209224,True,ok,,0.2,0.07,0.084
2020-08-20 04:00:00+00:00,0.03666486296965276,0.03666486296965276,-1.5629934846383975e-11,0.036664862954022825,0.037413368638547134,2.431593096249851e-07,0.03666486296965276,-1.5629932087179972e-11,True,ok,,0.3,0.1,0.084
2020-08-20 05:00:00+00:00,-0.05559333700825961,-0.05559333700825961,-0.02500490562666352,-0.08059824263492313,2.431593096249851e-07,0.05448171342740404,-0.05559333700825962,-0.025004905626663524,True,ok,,0.3,0.1,0.084
2020-08-20 06:00:00+00:00,-0.379623988866827,-0.379623988866827,-0.17214788651747437,-0.5517718753843014,0.05448171342740404,0.4265132225168945,-0.3796239888668271,-0.17214788651747434,True,ok,,0.3,0.1,0.084
2020-08-20 07:00:00+00:00,-0.8094099033216273,-0.8094099033216273,-0.45420742705358363,-1.263617330375211,0.4265132225168945,1.2197349277720893,-0.8094099033216273,-0.45420742705358363,True,ok,,0.3,0.1,0.084
2020-08-20 08:00:00+00:00,-1.1811165030624475,-1.1811165030624475,-0.8102811059693467,-1.9913976090317942,1.2197349277720893,2.3772291007732878,-1.1811165030624475,-0.8102811059693468,True,ok,,0.3,0.1,0.084
2020-08-20 09:00:00+00:00,-1.5851038104617607,-1.5851038104617607,-1.3581358476178071,-2.943239658079568,2.3772291007732878,3.9306308350258132,-1.5851038104617603,-1.3581358476178071,True,ok,,0.3,0.1,0.084
2020-08-20 10:00:00+00:00,-2.109721437048423,-2.109721437048423,-2.4233400612325364,-4.53306149828096,3.9306308350258132,5.998157843333268,-2.109721437048424,-2.4233400612325364,True,ok,,0.3,0.1,0.084
2020-08-20 11:00:00+00:00,-0.7117067247417791,-0.7117067247417791,-0.7959523445517079,-1.507659069293487,5.998157843333268,6.695630433580211,-0.7117067247417793,-0.7959523445517079,True,ok,,0.3,0.1,0.084
2020-08-20 12:00:00+00:00,-1.1983866738211497,-1.1983866738211497,-1.345441312705522,-2.5438279865266717,6.695630433580211,7.870049373924938,-1.1983866738211497,-1.345441312705522,True,ok,,0.3,0.1,0.084
2020-08-20 13:00:00+00:00,-0.8672482847278868,-0.8672482847278868,-0.942928079694688,-1.8101763644225748,7.870049373924938,8.719952692958268,-0.8672482847278864,-0.942928079694688,True,ok,,0.3,0.1,0.084
2020-08-20 14:00:00+00:00,5.0,5.0,0.015964347903667075,5.015964347903667,8.719952692958268,3.6179118766317373,5.000000027252616,0.015964320651049083,True,ok,,0.3,0.1,0.084
2020-08-20 15:00:00+00:00,1.2271107503194003,1.2271107503194003,-2.4280438326584886e-07,1.227110507515017,3.6179118766317373,2.3657580497752067,1.2271107503193999,-2.428043832384794e-07,True,ok,,0.4,0.18,0.084
2020-08-20 16:00:00+00:00,2.2340433303291718e-07,2.2340433303291718e-07,-0.7438443297243706,-0.7438441063200376,2.3657580497752067,2.3657578218116013,2.234043332697154e-07,-0.7438443297243706,True,ok,,0.4,0.18,0.084
2020-08-20 17:00:00+00:00,2.2340465141712507e-07,2.2340465141712507e-07,-0.18054853836380483,-0.1805483149591534,2.3657578218116013,2.3657575938476714,2.2340465146098846e-07,-0.18054853836380483,True,ok,,0.4,0.18,0.084
2020-08-20 18:00:00+00:00,0.12971764328373803,0.12971764328373803,-2.4280268570708863e-07,0.12971740048105232,2.3657575938476714,2.233392651721408,0.12971764328373808,-2.428026857020789e-07,True,ok,,0.4,0.18,0.084
2020-08-20 19:00:00+00:00,0.12695888564124608,0.12695888564124608,2.2567575291843056e-07,0.126959111316999,2.233392651721408,2.1038427684140144,0.126958885641246,2.2567575292052038e-07,True,ok,,0.2,0.07,0.084
2020-08-20 20:00:00+00:00,0.17959813557253956,0.17959813557253956,2.2567590071687071e-07,0.17959836124844028,2.1038427684140144,1.9205793647685658,0.1795981355725396,2.256759007198353e-07,True,ok,,0.2,0.07,0.084
2020-08-20 21:00:00+00:00,0.09306927434956291,0.09306927434956291,2.2567555042762866e-07,0.09306950002511334,1.9205793647685658,1.8256107174730936,0.09306927434956287,2.2567555043209744e-07,True,ok,,0.2,0.07,0.084
2020-08-20 22:00:00+00:00,0.08811724648304056,0.08811724648304056,2.2567549749774596e-07,0.08811747215853806,1.8256107174730936,1.7356951598373378,0.08811724648304055,2.2567549749246593e-07,True,ok,,0.2,0.07,0.084
2020-08-20 23:00:00+00:00,0.15831899623404047,0.15831899623404047,2.2567580024168699e-07,0.1583192219098407,1.7356951598373378,1.5741451636801536,0.15831899623404053,2.256758002417853e-07,True,ok,,0.2,0.07,0.084
2020-08-21 00:00:00+00:00,0.07455180207734088,0.07455180207734088,2.256753236368203e-07,0.07455202775266452,1.5741451636801536,1.4980718962542956,0.07455180207734093,2.2567532363057677e-07,True,ok,,0.2,0.07,0.084
2020-08-21 01:00:00+00:00,0.18030689014336243,0.18030689014336243,8.187021696692831e-08,0.1803069720135794,1.4980718962542956,1.3140852736590278,0.18030689014336235,8.187021695397581e-08,True,ok,,0.2,0.07,0.084
2020-08-21 02:00:00+00:00,0.11614149654792968,0.11614149654792968,2.2567556423602753e-07,0.11614172222349392,1.3140852736590278,1.195573542487671,0.11614149654792966,2.256755642333417e-07,True,ok,,0.2,0.07,0.084
2020-08-21 03:00:00+00:00,0.16102882986141992,0.16102882986141992,2.2567569810116872e-07,0.16102905553711802,1.195573542487671,1.031258409976018,0.16102882986142,2.2567569809210939e-07,True,ok,,0.2,0.07,0.084
2020-08-21 04:00:00+00:00,0.13349235367479195,0.13349235367479195,-5.146335357864018e-09,0.1334923485284566,1.031258409976018,0.8950417225527609,0.1334923536747919,-5.146335346791741e-09,True,ok,,0.3,0.1,0.084
2020-08-21 05:00:00+00:00,-0.08729446281193708,-0.08729446281193708,-0.025039554394580332,-0.11233401720651741,0.8950417225527609,0.9805902961084593,-0.08729446281193706,-0.02503955439458033,True,ok,,0.3,0.1,0.084
2020-08-21 06:00:00+00:00,0.5466033231940357,0.5466033231940357,-5.1463296957265925e-09,0.546603318047706,0.9805902961084593,0.4228318030533208,0.5466033231940355,-5.1463297008707e-09,True,ok,,0.3,0.1,0.084
2020-08-21 07:00:00+00:00,0.37455002250448405,0.37455002250448405,-5.146333914574086e-09,0.37455001735815013,0.4228318030533208,0.04063790253854116,0.3745500225044839,-5.14633393052292e-09,True,ok,,0.3,0.1,0.084
2020-08-21 08:00:00+00:00,-0.8694259855669648,-0.8694259855669648,-0.6198821992650272,-1.489308184831992,0.04063790253854116,0.8926753683941667,-0.8694259855669648,-0.6198821992650272,True,ok,,0.3,0.1,0.084
2020-08-21 09:00:00+00:00,-0.40231178645836563,-0.40231178645836563,-0.5068351740950814,-0.909146960553447,0.8926753683941667,1.286940919123365,-0.40231178645836574,-0.5068351740950814,True,ok,,0.3,0.1,0.084
2020-08-21 10:00:00+00:00,-0.4064493320200633,-0.4064493320200633,-0.7629539657695543,-1.1694032977896176,1.286940919123365,1.685261264503027,-0.40644933202006334,-0.7629539657695543,True,ok,,0.3,0.1,0.084
2020-08-21 11:00:00+00:00,-0.33959582236458796,-0.33959582236458796,-0.7373184669103038,-1.0769142892748917,1.685261264503027,2.018065170420323,-0.3395958223645884,-0.7373184669103038,True,ok,,0.3,0.1,0.084
2020-08-21 12:00:00+00:00,-0.42301499623339955,-0.42301499623339955,-2.73076113206791,-3.1537761283013097,2.018065170420323,2.4326198667290546,-0.4230149962333994,-2.73076113206791,True,ok,,0.3,0.1,0.084
2020-08-21 13:00:00+00:00,-0.37131718073200304,-0.37131718073200304,-2.3812612310757735,-2.7525784118077765,2.4326198667290546,2.7965107038464176,-0.371317180732003,-2.3812612310757735,True,ok,,0.3,0.1,0.084
2020-08-21 14:00:00+00:00,-0.2809604533971982,-0.2809604533971982,-0.904603516558575,-1.1855639699557732,2.7965107038464176,3.071851948175672,-0.28096045339719855,-0.904603516558575,True,ok,,0.3,0.1,0.084
2020-08-21 15:00:00+00:00,2.809565085026833e-07,2.809565085026833e-07,-0.8336851785468314,-0.8336848975903229,3.071851948175672,3.0718516614853573,2.80956508582544e-07,-0.8336851785468314,True,ok,,0.4,0.18,0.084
2020-08-21 16:00:00+00:00,2.0888549953634872e-07,2.0888549953634872e-07,-0.1719002771385269,-0.17190006825302737,3.0718516614853573,3.071851448336888,2.088854994922512e-07,-0.1719002771385269,True,ok,,0.4,0.18,0.084
2020-08-21 17:00:00+00:00,0.8738905686802947,0.8738905686802947,-2.2596496895843643e-07,0.8738903427153257,3.071851448336888,2.180126378254955,0.8738905686802947,-2.2596496894588584e-07,True,ok,,0.4,0.18,0.084
2020-08-21 18:00:00+00:00,0.21008802399425705,0.21008802399425705,-2.2362576160284142e-07,0.21008780036849545,2.180126378254955,1.9657508435669375,0.21008802399425713,-2.2362576161147756e-07,True,ok,,0.4,0.18,0.084
2020-08-21 19:00:00+00:00,0.13157847594437902,0.13157847594437902,1.6327416313410836e-07,0.13157863921854215,1.9657508435669375,1.8314870926032856,0.13157847594437905,1.632741631251446e-07,True,ok,,0.2,0.07,0.084
2020-08-21 20:00:00+00:00,0.1249686819781731,0.1249686819781731,2.901855573750334e-07,0.12496897216373047,1.8314870926032856,1.7039680293602517,0.12496868197817317,2.901855573802888e-07,True,ok,,0.2,0.07,0.084
2020-08-21 21:00:00+00:00,0.14652548788729927,0.14652548788729927,2.9014934821436356e-07,0.14652577803664749,1.7039680293602517,1.5544522253936197,0.14652548788729916,2.9014934820820875e-07,True,ok,,0.2,0.07,0.084
2020-08-21 22:00:00+00:00,0.0969230712225014,0.0969230712225014,2.901107100800049e-07,0.09692336133321149,1.5544522253936197,1.4555511323094346,0.09692307122250138,2.9011071007949995e-07,True,ok,,0.2,0.07,0.084
2020-08-21 23:00:00+00:00,0.17921590415082064,0.17921590415082064,2.9007088764299027e-07,0.17921619422170829,1.4555511323094346,1.2726777607269646,0.17921590415082056,2.900708876519728e-07,True,ok,,0.2,0.07,0.084
2020-08-22 00:00:00+00:00,0.1093272653335518,0.1093272653335518,2.900288315899058e-07,0.1093275553623834,1.2726777607269646,1.1611193267131361,0.10932726533355182,2.9002883159664175e-07,True,ok,,0.2,0.07,0.084
2020-08-22 01:00:00+00:00,0.13697382142462075,0.13697382142462075,2.899840368941753e-07,0.13697411140865765,1.1611193267131361,1.0213501211778089,0.13697382142462067,2.8998403689170185e-07,True,ok,,0.2,0.07,0.084
2020-08-22 02:00:00+00:00,0.47022029399192394,0.47022029399192394,2.8993703210522526e-07,0.47022058392895605,1.0213501211778089,0.5415334946554375,0.47022029399192383,2.899370321153623e-07,True,ok,,0.2,0.07,0.084
2020-08-22 03:00:00+00:00,0.42870496103621686,0.42870496103621686,2.899025169367242e-07,0.4287052509387338,0.5415334946554375,0.10407945278174685,0.42870496103621686,2.8990251694632823e-07,True,ok,,0.2,0.07,0.084
2020-08-22 04:00:00+00:00,0.10199667354084244,0.10199667354084244,-4.072456039061478e-09,0.1019966694683864,0.10407945278174685,1.2144747647685472e-06,0.1019966735408424,-4.072456038760688e-09,True,ok,,0.3,0.1,0.084
2020-08-22 05:00:00+00:00,-0.10214924395434957,-0.10214924395434957,-0.058077502515911844,-0.16022674647026142,1.2144747647685472e-06,0.10010747355002735,-0.10214924395434957,-0.058077502515911844,True,ok,,0.3,0.1,0.084
2020-08-22 06:00:00+00:00,-0.24573852592989964,-0.24573852592989964,-0.732899310267884,-0.9786378361977837,0.10010747355002735,0.340931228961329,-0.24573852592989956,-0.732899310267884,True,ok,,0.3,0.1,0.084
2020-08-22 07:00:00+00:00,-0.17160109300610316,-0.17160109300610316,-1.6554038602173407,-1.8270049532234438,0.340931228961329,0.5091003001073101,-0.17160109300610338,-1.6554038602173407,True,ok,,0.3,0.1,0.084
2020-08-22 08:00:00+00:00,-0.1365506015780209,-0.1365506015780209,-2.584479676283468,-2.7210302778614888,0.5091003001073101,0.6429198896537706,-0.13655060157802149,-2.584479676283468,True,ok,,0.3,0.1,0.084
2020-08-22 09:00:00+00:00,-0.1159486991550085,-0.1159486991550085,-3.1086195489440116,-3.22456824809902,0.6429198896537706,0.7565496148256788,-0.11594869915500874,-3.1086195489440116,True,ok,,0.3,0.1,0.084
2020-08-22 10:00:00+00:00,-0.10322881697095898,-0.10322881697095898,-4.633663557494059,-4.736892374465018,0.7565496148256788,0.8577138554572187,-0.1032288169709585,-4.633663557494059,True,ok,,0.3,0.1,0.084
2020-08-22 11:00:00+00:00,-0.09335260636867293,-0.09335260636867293,-4.661052066126395,-4.754404672495068,0.8577138554572187,0.9491994096985181,-0.09335260636867151,-4.661052066126395,True,ok,,0.3,0.1,0.084
2020-08-22 12:00:00+00:00,-0.08604727007788782,-0.08604727007788782,-5.061640110717847,-5.147687380795735,0.9491994096985181,1.033525734374848,-0.0860472700778872,-5.061640110717847,True,ok,,0.3,0.1,0.084
2020-08-22 13:00:00+00:00,-0.0800839421627968,-0.0800839421627968,-4.629489139486147,-4.709573081648943,1.033525734374848,1.1120079976943889,-0.080083942162798,-4.629489139486147,True,ok,,0.3,0.1,0.084
2020-08-22 14:00:00+00:00,-0.07494759339370027,-0.07494759339370027,-3.459880091254127,-3.5348276846478273,1.1120079976943889,1.185456639220215,-0.07494759339370011,-3.459880091254127,True,ok,,0.3,0.1,0.084
2020-08-22 15:00:00+00:00,2.232123219592097e-07,2.232123219592097e-07,-2.553703059671306,-2.553702836458984,1.185456639220215,1.1854564114525397,2.2321232216751385e-07,-2.553703059671306,True,ok,,0.4,0.18,0.084
2020-08-22 16:00:00+00:00,1.8741765339669314e-07,1.8741765339669314e-07,-1.0195113081115472,-1.0195111206938938,1.1854564114525397,1.1854562202100363,1.8741765365705908e-07,-1.0195113081115472,True,ok,,0.4,0.18,0.084
2020-08-22 17:00:00+00:00,1.8623322761701644e-07,1.8623322761701644e-07,-0.14428057790359708,-0.14428039167036946,1.1854562202100363,1.1854560301761305,1.862332275252493e-07,-0.14428057790359708,True,ok,,0.4,0.18,0.084
2020-08-22 18:00:00+00:00,0.1213089444052114,0.1213089444052114,-2.0497223354731808e-07,0.12130873943297785,1.1854560301761305,1.0616713930279555,0.12130894440521149,-2.0497223354367785e-07,True,ok,,0.4,0.18,0.084
2020-08-22 19:00:00+00:00,0.06888741554816172,0.06888741554816172,3.0670828685130935e-07,0.06888772225644857,1.0616713930279555,0.9913781118563619,0.06888741554816173,3.067082868579297e-07,True,ok,,0.2,0.07,0.084
2020-08-22 20:00:00+00:00,0.1376534432489694,0.1376534432489694,3.0666467012996357e-07,0.13765374991363952,0.9913781118563619,0.850915414663536,0.13765344324896947,3.066646701215044e-07,True,ok,,0.2,0.07,0.084
2020-08-22 21:00:00+00:00,0.10163288779131271,0.10163288779131271,3.066155146586036e-07,0.10163319440682737,0.850915414663536,0.7472083863050537,0.10163288779131274,3.0661551466261276e-07,True,ok,,0.2,0.07,0.084
2020-08-22 22:00:00+00:00,0.09655080451202763,0.09655080451202763,3.065635856419613e-07,0.09655111107561327,0.7472083863050537,0.648687157211148,0.09655080451202762,3.065635856354876e-07,True,ok,,0.2,0.07,0.084
2020-08-22 23:00:00+00:00,0.12099324894219898,0.12099324894219898,3.0650824063560567e-07,0.12099355545043962,0.648687157211148,0.5252246582905368,0.12099324894219907,3.065082406306194e-07,True,ok,,0.2,0.07,0.084
2020-08-23 00:00:00+00:00,0.10988777690912765,0.10988777690912765,3.064481533948671e-07,0.10988808335728105,0.5252246582905368,0.4130942736893861,0.10988777690912764,3.064481534012041e-07,True,ok,,0.2,0.07,0.084
2020-08-23 01:00:00+00:00,0.12459599919075624,0.12459599919075624,3.0638355487389024e-07,0.12459630557431112,0.4130942736893861,0.285955499004941,0.12459599919075637,3.0638355487826194e-07,True,ok,,0.2,0.07,0.084
2020-08-23 02:00:00+00:00,0.13743302733013632,0.13743302733013632,3.063131412683884e-07,0.1374333336432776,0.285955499004941,0.14571771601500597,0.1374330273301364,3.0631314127295944e-07,True,ok,,0.2,0.07,0.084
2020-08-23 03:00:00+00:00,0.11135158268590686,0.11135158268590686,3.062356188493487e-07,0.11135188892152571,0.14571771601500597,0.03209365204979488,0.11135158268590685,3.0623561884982695e-07,True,ok,,0.2,0.07,0.084
2020-08-23 04:00:00+00:00,0.031450781877976376,0.031450781877976376,-3.867820036473901e-09,0.03145077801015634,0.03209365204979488,1.0174804312285124e-06,0.031450781877976376,-3.867820036140202e-09,True,ok,,0.3,0.1,0.084
2020-08-23 05:00:00+00:00,-0.13966330447752218,-0.13966330447752218,-0.08304330536992297,-0.22270660984744514,1.0174804312285124e-06,0.13687105586840298,-0.13966330447752232,-0.08304330536992297,True,ok,,0.3,0.1,0.084
2020-08-23 06:00:00+00:00,-0.2258066129452191,-0.2258066129452191,-0.507556906370391,-0.7333635193156101,0.13687105586840298,0.3581615365547177,-0.22580661294521912,-0.507556906370391,True,ok,,0.3,0.1,0.084
2020-08-23 07:00:00+00:00,-0.18419801139682068,-0.18419801139682068,-1.8386707259463502,-2.022868737343171,0.3581615365547177,0.538675587723602,-0.18419801139682032,-1.8386707259463502,True,ok,,0.3,0.1,0.084
2020-08-23 08:00:00+00:00,-0.1472150055501551,-0.1472150055501551,-3.335648276143705,-3.4828632816938603,0.538675587723602,0.682946293162754,-0.14721500555015585,-3.335648276143705,True,ok,,0.3,0.1,0.084
2020-08-23 09:00:00+00:00,-0.1255135897175199,-0.1255135897175199,-5.033170037692798,-5.158683627410318,0.682946293162754,0.8059496110859236,-0.1255135897175198,-5.033170037692798,True,ok,,0.3,0.1,0.084
2020-08-23 10:00:00+00:00,-0.11001222858085846,-0.11001222858085846,-4.088597785884445,-4.198610014465303,0.8059496110859236,0.9137615950951649,-0.11001222858085814,-4.088597785884445,True,ok,,0.3,0.1,0.084
2020-08-23 11:00:00+00:00,-0.09830334376228,-0.09830334376228,-2.637141454055312,-2.735444797817592,0.9137615950951649,1.0100988719821993,-0.09830334376227992,-2.637141454055312,True,ok,,0.3,0.1,0.084
2020-08-23 12:00:00+00:00,-0.09059002956799356,-0.09059002956799356,-2.813393013634319,-2.9039830432023126,1.0100988719821993,1.098877100958833,-0.09059002956799324,-2.813393013634319,True,ok,,0.3,0.1,0.084
2020-08-23 13:00:00+00:00,-0.08517654814760878,-0.08517654814760878,-3.2173289036140167,-3.3025054517616255,1.098877100958833,1.1823501181434897,-0.0851765481476086,-3.2173289036140167,True,ok,,0.3,0.1,0.084
2020-08-23 14:00:00+00:00,-0.07669169105694151,-0.07669169105694151,-1.1534556333190549,-1.2301473243759964,1.1823501181434897,1.2575079753792924,-0.07669169105694161,-1.1534556333190549,True,ok,,0.3,0.1,0.084
2020-08-23 15:00:00+00:00,2.232150722036863e-07,2.232150722036863e-07,-1.4486107451572436,-1.4486105219421714,1.2575079753792924,1.2575077476088106,2.2321507221367068e-07,-1.4486107451572436,True,ok,,0.4,0.18,0.084
2020-08-23 16:00:00+00:00,1.8733032092210777e-07,1.8733032092210777e-07,-0.48045185127368095,-0.48045166394336003,1.2575077476088106,1.257507556455422,1.8733032115928274e-07,-0.48045185127368095,True,ok,,0.4,0.18,0.084
2020-08-23 17:00:00+00:00,1.862160093069054e-07,1.862160093069054e-07,-0.19129103789544216,-0.19129085167943286,1.257507556455422,1.257507366439086,1.8621600926223675e-07,-0.19129103789544216,True,ok,,0.4,0.18,0.084
2020-08-23 18:00:00+00:00,0.11786994249503815,0.11786994249503815,-2.049541390769516e-07,0.11786973754089908,1.257507366439086,1.1372319149135368,0.1178699424950382,-2.0495413907917354e-07,True,ok,,0.4,0.18,0.084
2020-08-23 19:00:00+00:00,0.13172647099758142,0.13172647099758142,3.067308171622596e-07,0.13172677772839858,1.1372319149135368,1.0028171485894741,0.1317264709975814,3.0673081716958303e-07,True,ok,,0.2,0.07,0.084
2020-08-23 20:00:00+00:00,0.0556428321936568,0.0556428321936568,3.0668654304316645e-07,0.055643138880199845,1.0028171485894741,0.9460387483918652,0.0556428321936568,3.0668654304221555e-07,True,ok,,0.2,0.07,0.084
2020-08-23 21:00:00+00:00,0.1592284437789345,0.1592284437789345,3.0664068226271546e-07,0.15922875041961676,0.9460387483918652,0.7835607445358096,0.15922844377893455,3.066406822499653e-07,True,ok,,0.2,0.07,0.084
2020-08-23 22:00:00+00:00,0.09238733233270699,0.09238733233270699,3.0658850092013523e-07,0.09238763892120791,0.7835607445358096,0.6892879564412107,0.09238733233270705,3.065885009208921e-07,True,ok,,0.2,0.07,0.084
2020-08-23 23:00:00+00:00,0.08155872121306018,0.08155872121306018,3.0653292842908186e-07,0.08155902774598861,0.6892879564412107,0.6060647715299248,0.08155872121306017,3.065329284269774e-07,True,ok,,0.2,0.07,0.084
2020-08-24 00:00:00+00:00,0.1519767092487118,0.1519767092487118,1.2407095217881192e-07,0.15197683331966397,0.6060647715299248,0.4509864967863413,0.15197670924871184,1.240709521671284e-07,True,ok,,0.2,0.07,0.084
2020-08-24 01:00:00+00:00,0.11295703774212296,0.11295703774212296,3.2333878832724317e-07,0.11295736108091128,0.4509864967863413,0.3357242133760117,0.112957037742123,3.233387883231323e-07,True,ok,,0.2,0.07,0.084
2020-08-24 02:00:00+00:00,0.1309612877993889,0.1309612877993889,3.232436935340921e-07,0.13096161104308243,0.3357242133760117,0.20209024623377814,0.1309612877993889,3.2324369353684994e-07,True,ok,,0.2,0.07,0.084
2020-08-24 03:00:00+00:00,0.12207820456136625,0.12207820456136625,3.231355612393072e-07,0.1220785276969275,0.20209024623377814,0.07752064974258807,0.12207820456136632,3.231355612365496e-07,True,ok,,0.2,0.07,0.084
2020-08-24 04:00:00+00:00,0.07596937132094729,0.07596937132094729,-3.676516674433472e-09,0.07596936764443062,0.07752064974258807,8.830885602217897e-07,0.07596937132094726,-3.6765166777479273e-09,True,ok,,0.3,0.1,0.084
2020-08-24 05:00:00+00:00,-0.03316844321797886,-0.03316844321797886,-0.016176930470276712,-0.049345373688255575,8.830885602217897e-07,0.03250595744217951,-0.03316844321797888,-0.016176930470276716,True,ok,,0.3,0.1,0.084
2020-08-24 06:00:00+00:00,-0.1906097561376205,-0.1906097561376205,-0.16105703790641007,-0.35166679404403056,0.03250595744217951,0.2193035184570476,-0.19060975613762057,-0.16105703790641007,True,ok,,0.3,0.1,0.084
2020-08-24 07:00:00+00:00,-0.23084546223763924,-0.23084546223763924,-1.0957261612778955,-1.3265716235155347,0.2193035184570476,0.44553207144993406,-0.2308454622376395,-1.0957261612778955,True,ok,,0.3,0.1,0.084
2020-08-24 08:00:00+00:00,-0.16966500865406253,-0.16966500865406253,-1.780297301606312,-1.9499623102603745,0.44553207144993406,0.6118037799309153,-0.16966500865406245,-1.780297301606312,True,ok,,0.3,0.1,0.084
2020-08-24 09:00:00+00:00,-0.14015756016164405,-0.14015756016164405,-2.5627433345195123,-2.7029008946811564,0.6118037799309153,0.7491581888893264,-0.14015756016164396,-2.5627433345195123,True,ok,,0.3,0.1,0.084
2020-08-24 10:00:00+00:00,-0.11843911278727326,-0.11843911278727326,-1.824437774165244,-1.9428768869525173,0.7491581888893264,0.8652285194208542,-0.11843911278727308,-1.824437774165244,True,ok,,0.3,0.1,0.084
2020-08-24 11:00:00+00:00,-0.10714580506181015,-0.10714580506181015,-2.8875433082114816,-2.994689113273292,0.8652285194208542,0.9702314083814282,-0.1071458050618107,-2.8875433082114816,True,ok,,0.3,0.1,0.084
2020-08-24 12:00:00+00:00,-0.09897471530899926,-0.09897471530899926,-2.86948605844101,-2.9684607737500093,0.9702314083814282,1.0672266293842474,-0.09897471530899944,-2.86948605844101,True,ok,,0.3,0.1,0.084
2020-08-24 13:00:00+00:00,-0.07732659468331626,-0.07732659468331626,-0.4361228105003295,-0.5134494051836458,1.0672266293842474,1.1430066921738973,-0.0773265946833164,-0.4361228105003295,True,ok,,0.3,0.1,0.084
2020-08-24 14:00:00+00:00,-0.08092930280750188,-0.08092930280750188,-0.985209889494789,-1.066139192302291,1.1430066921738973,1.222317408925249,-0.08092930280750185,-0.985209889494789,True,ok,,0.3,0.1,0.084
2020-08-24 15:00:00+00:00,2.2314128500511288e-07,2.2314128500511288e-07,-0.7062881254300691,-0.7062879022887841,1.222317408925249,1.2223171812300604,2.231412850624747e-07,-0.7062881254300691,True,ok,,0.4,0.18,0.084
2020-08-24 16:00:00+00:00,1.8737794782452966e-07,1.8737794782452966e-07,-0.5340135129708805,-0.5340133255929327,1.2223171812300604,1.2223169900280728,1.8737794783571647e-07,-0.5340135129708805,True,ok,,0.4,0.18,0.084
2020-08-24 17:00:00+00:00,1.8624268594003013e-07,1.8624268594003013e-07,-0.10600509515379894,-0.106004908911113,1.2223169900280728,1.2223167999845157,1.8624268594970057e-07,-0.10600509515379894,True,ok,,0.4,0.18,0.084
2020-08-24 18:00:00+00:00,0.05976406668033273,0.05976406668033273,-1.9126191111440427e-07,0.05976387541842162,1.2223167999845157,1.161333058473972,0.05976406668033272,-1.9126191111582924e-07,True,ok,,0.4,0.18,0.084
2020-08-24 19:00:00+00:00,0.17231440163825015,0.17231440163825015,2.0967217900791368e-07,0.17231461131042916,1.161333058473972,0.9855020363941249,0.17231440163825015,2.0967217900308838e-07,True,ok,,0.2,0.07,0.084
2020-08-24 20:00:00+00:00,0.10565143877603222,0.10565143877603222,3.116084045795553e-07,0.1056517503844368,0.9855020363941249,0.8776944458063369,0.1056514387760322,3.116084045861804e-07,True,ok,,0.2,0.07,0.084
2020-08-24 21:00:00+00:00,0.06867257740387422,0.06867257740387422,3.115559044641891e-07,0.06867288895977869,0.8776944458063369,0.8076203872309551,0.06867257740387425,3.1155590445806534e-07,True,ok,,0.2,0.07,0.084
2020-08-24 22:00:00+00:00,0.1601938276660002,0.1601938276660002,3.115019971688948e-07,0.16019413916799738,0.8076203872309551,0.6441572977758528,0.16019382766600024,3.115019971815191e-07,True,ok,,0.2,0.07,0.084
2020-08-24 23:00:00+00:00,0.07088704985444362,0.07088704985444362,3.1144157437712483e-07,0.070887361296018,0.6441572977758528,0.5718235734345838,0.07088704985444362,3.1144157437952125e-07,True,ok,,0.2,0.07,0.084
2020-08-25 00:00:00+00:00,0.11776646629859656,0.11776646629859656,3.113784097230621e-07,0.11776677767700629,0.5718235734345838,0.4516537098645873,0.11776646629859663,3.1137840972873445e-07,True,ok,,0.2,0.07,0.084
2020-08-25 01:00:00+00:00,0.16274075010571948,0.16274075010571948,1.11058479607129e-07,0.16274086116419909,0.4516537098645873,0.2855917199607919,0.16274075010571956,1.1105847959665745e-07,True,ok,,0.2,0.07,0.084
2020-08-25 02:00:00+00:00,0.09931958213470049,0.09931958213470049,3.3456926545882837e-07,0.09931991670396595,0.2855917199607919,0.18424520757844448,0.0993195821347005,3.34569265462998e-07,True,ok,,0.2,0.07,0.084
2020-08-25 03:00:00+00:00,0.13012455449703236,0.13012455449703236,3.3443964625456957e-07,0.13012488893667862,0.18424520757844448,0.051465049928411444,0.13012455449703236,3.3443964624254133e-07,True,ok,,0.2,0.07,0.084
2020-08-25 04:00:00+00:00,0.05043494880350541,0.05043494880350541,-3.5588806832076436e-09,0.050434945244624725,0.051465049928411444,8.164554467435248e-07,0.05043494880350541,-3.5588806819147467e-09,True,ok,,0.3,0.1,0.084
2020-08-25 05:00:00+00:00,-0.16690140033477685,-0.16690140033477685,-0.10974056044861158,-0.27664196078338843,8.164554467435248e-07,0.16356418878352805,-0.16690140033477682,-0.1097405604486116,True,ok,,0.3,0.1,0.084
2020-08-25 06:00:00+00:00,-0.25946140284612484,-0.25946140284612484,-1.0937968902665423,-1.353258293112667,0.16356418878352805,0.41783636357273035,-0.2594614028461249,-1.0937968902665423,True,ok,,0.3,0.1,0.084
2020-08-25 07:00:00+00:00,-0.18633075577816038,-0.18633075577816038,-2.598780201348439,-2.7851109571265993,0.41783636357273035,0.6004405042353276,-0.18633075577816074,-2.598780201348439,True,ok,,0.3,0.1,0.084
2020-08-25 08:00:00+00:00,-0.14853568194393052,-0.14853568194393052,-3.0509177645722017,-3.199453446516132,0.6004405042353276,0.7460054725403795,-0.1485356819439306,-3.0509177645722017,True,ok,,0.3,0.1,0.084
2020-08-25 09:00:00+00:00,-0.12786061151681816,-0.12786061151681816,-3.8652621786523493,-3.9931227901691675,0.7460054725403795,0.8713088718268613,-0.1278606115168184,-3.8652621786523493,True,ok,,0.3,0.1,0.084
2020-08-25 10:00:00+00:00,-0.11137026260105687,-0.11137026260105687,-2.303993627310748,-2.415363889911805,0.8713088718268613,0.9804517291758971,-0.11137026260105685,-2.303993627310748,True,ok,,0.3,0.1,0.084
2020-08-25 11:00:00+00:00,-0.10019646771221402,-0.10019646771221402,-1.8035551981869091,-1.9037516658991231,0.9804517291758971,1.0786442675338668,-0.10019646771221424,-1.8035551981869091,True,ok,,0.3,0.1,0.084
2020-08-25 12:00:00+00:00,-0.08996994400920721,-0.08996994400920721,-1.1393756631482044,-1.2293456071574116,1.0786442675338668,1.1668148126628899,-0.08996994400920723,-1.1393756631482044,True,ok,,0.3,0.1,0.084
2020-08-25 13:00:00+00:00,-0.08306446350993024,-0.08306446350993024,-0.9507043383446492,-1.0337688018545794,1.1668148126628899,1.2482179869026215,-0.08306446350993045,-0.9507043383446492,True,ok,,0.3,0.1,0.084
2020-08-25 14:00:00+00:00,-0.07245776687582595,-0.07245776687582595,-0.4827989626875254,-0.5552567295633514,1.2482179869026215,1.319226598440931,-0.07245776687582571,-0.4827989626875254,True,ok,,0.3,0.1,0.084
2020-08-25 15:00:00+00:00,2.2276375744034738e-07,2.2276375744034738e-07,-0.3357441949645748,-0.33574397220081736,1.319226598440931,1.3192263711309744,2.2276375749578256e-07,-0.3357441949645748,True,ok,,0.4,0.18,0.084
2020-08-25 16:00:00+00:00,1.8718022079533547e-07,1.8718022079533547e-07,-0.1936007169629289,-0.19360052978270811,1.3192263711309744,1.3192261801307492,1.8718022080298066e-07,-0.1936007169629289,True,ok,,0.4,0.18,0.084
2020-08-25 17:00:00+00:00,0.0553313243047519,0.0553313243047519,-5.5343167083832245e-08,0.055331268961584815,1.3192261801307492,1.2627656451259004,0.05533132430475197,-5.534316708471173e-08,True,ok,,0.4,0.18,0.084
2020-08-25 18:00:00+00:00,0.06895173165240694,0.06895173165240694,-2.1045700986099813e-07,0.06895152119539708,1.2627656451259004,1.1924067352765055,0.0689517316524069,-2.104570098671258e-07,True,ok,,0.4,0.18,0.084
2020-08-25 19:00:00+00:00,0.08335131171162485,0.08335131171162485,2.9930390675614316e-07,0.08335161101553161,1.1924067352765055,1.1073543763870923,0.08335131171162488,2.9930390675625036e-07,True,ok,,0.2,0.07,0.084
2020-08-25 20:00:00+00:00,0.16555683964788975,0.16555683964788975,2.9926399325308495e-07,0.165557138911883,1.1073543763870923,0.9384188257259803,0.1655568396478898,2.9926399324861124e-07,True,ok,,0.2,0.07,0.084
2020-08-25 21:00:00+00:00,0.05673486748318804,0.05673486748318804,2.9922014216365866e-07,0.0567351667033302,0.9384188257259803,0.8805261038043599,0.05673486748318801,2.992201421624208e-07,True,ok,,0.2,0.07,0.084
2020-08-25 22:00:00+00:00,0.12539706201986253,0.12539706201986253,2.9917654936761906e-07,0.1253973611964119,0.8805261038043599,0.7525699180698063,0.12539706201986256,2.9917654936037497e-07,True,ok,,0.2,0.07,0.084
2020-08-25 23:00:00+00:00,0.12387339525793985,0.12387339525793985,2.991274826724677e-07,0.12387369438542252,0.7525699180698063,0.6261684943372147,0.12387339525793986,2.991274826675381e-07,True,ok,,0.2,0.07,0.084
2020-08-26 00:00:00+00:00,0.056448173065227925,0.056448173065227925,2.990743425412834e-07,0.056448472139570466,0.6261684943372147,0.5685683177400433,0.05644817306522791,2.9907434253916036e-07,True,ok,,0.2,0.07,0.084
2020-08-26 01:00:00+00:00,0.18357872849869558,0.18357872849869558,2.9902159037753506e-07,0.18357902752028596,0.5685683177400433,0.38124308457810907,0.1835787284986957,2.990215903750261e-07,True,ok,,0.2,0.07,0.084
2020-08-26 02:00:00+00:00,0.11879639550669606,0.11879639550669606,2.9896275581531295e-07,0.11879669446945187,0.38124308457810907,0.26002227283658247,0.11879639550669602,2.9896275581084443e-07,True,ok,,0.2,0.07,0.084
2020-08-26 03:00:00+00:00,0.10337400671076875,0.10337400671076875,2.988977686885219e-07,0.10337430560853744,0.26002227283658247,0.1545385925194715,0.10337400671076875,2.9889776868686136e-07,True,ok,,0.2,0.07,0.084
2020-08-26 04:00:00+00:00,0.15144674731577198,0.15144674731577198,-3.957174532498442e-09,0.15144674335859745,0.1545385925194715,1.0952584796608544e-06,0.15144674731577196,-3.9571745310144196e-09,True,ok,,0.3,0.1,0.084
2020-08-26 05:00:00+00:00,-0.02494004221278298,-0.02494004221278298,-0.010675178237841199,-0.03561522045062418,1.0952584796608544e-06,0.024442336627006983,-0.02494004221278299,-0.0106751782378412,True,ok,,0.3,0.1,0.084
2020-08-26 06:00:00+00:00,-0.062277544665591954,-0.062277544665591954,-0.03392467839993755,-0.0962022230655295,0.024442336627006983,0.08547433039928709,-0.06227754466559204,-0.03392467839993755,True,ok,,0.3,0.1,0.084
2020-08-26 07:00:00+00:00,-0.16991394218650752,-0.16991394218650752,-0.1339547280295011,-0.3038686702160086,0.08547433039928709,0.25198999374206443,-0.16991394218650757,-0.1339547280295011,True,ok,,0.3,0.1,0.084
2020-08-26 08:00:00+00:00,-0.20392243648164088,-0.20392243648164088,-0.3885923671682725,-0.5925148036499134,0.25198999374206443,0.4518339814940725,-0.2039224364816409,-0.3885923671682725,True,ok,,0.3,0.1,0.084
2020-08-26 09:00:00+00:00,-0.19137617738489454,-0.19137617738489454,-1.055970848334653,-1.2473470257195476,0.4518339814940725,0.6393826353312692,-0.19137617738489432,-1.055970848334653,True,ok,,0.3,0.1,0.084
2020-08-26 10:00:00+00:00,-0.16374250222333409,-0.16374250222333409,-2.0182369233162163,-2.1819794255395504,0.6393826353312692,0.7998502875101365,-0.16374250222333375,-2.0182369233162163,True,ok,,0.3,0.1,0.084
2020-08-26 11:00:00+00:00,-0.1369427534553167,-0.1369427534553167,-1.5721807445916753,-1.709123498046992,0.7998502875101365,0.9340541858963469,-0.1369427534553165,-1.5721807445916753,True,ok,,0.3,0.1,0.084
2020-08-26 12:00:00+00:00,-0.11780738791679957,-0.11780738791679957,-1.1038731886223314,-1.221680576539131,0.9340541858963469,1.0495054260548105,-0.11780738791679983,-1.1038731886223314,True,ok,,0.3,0.1,0.084
2020-08-26 13:00:00+00:00,-0.10921301333212008,-0.10921301333212008,-1.3091352758944519,-1.418348289226572,1.0495054260548105,1.156534179120288,-0.10921301333211997,-1.3091352758944519,True,ok,,0.3,0.1,0.084
2020-08-26 14:00:00+00:00,-0.0961763965157324,-0.0961763965157324,-0.8026461838312923,-0.8988225803470247,1.156534179120288,1.250787047705706,-0.09617639651573255,-0.8026461838312923,True,ok,,0.3,0.1,0.084
2020-08-26 15:00:00+00:00,2.2319824660721466e-07,2.2319824660721466e-07,-0.47538911922105814,-0.47538889602281154,1.250787047705706,1.250786819952393,2.2319824659529682e-07,-0.47538911922105814,True,ok,,0.4,0.18,0.084
2020-08-26 16:00:00+00:00,1.8735313755957606e-07,1.8735313755957606e-07,-0.2678717419129037,-0.26787155455976613,1.250786819952393,1.250786628775722,1.87353137594882e-07,-0.2678717419129037,True,ok,,0.4,0.18,0.084
2020-08-26 17:00:00+00:00,1.8624170793068995e-07,1.8624170793068995e-07,-0.09676049376372897,-0.09676030752202104,1.250786628775722,1.250786438733163,1.8624170792815605e-07,-0.09676049376372897,True,ok,,0.4,0.18,0.084
2020-08-26 18:00:00+00:00,0.1436065690210982,0.1436065690210982,-1.9125961514543377e-07,0.14360637776148305,1.250786438733163,1.1042491234055118,0.14360656902109806,-1.9125961513789287e-07,True,ok,,0.4,0.18,0.084
2020-08-26 19:00:00+00:00,0.056504666303354135,0.056504666303354135,3.059532003579779e-07,0.05650497225655449,1.1042491234055118,1.0465913006469871,0.05650466630335415,3.0595320036031937e-07,True,ok,,0.2,0.07,0.084
2020-08-26 20:00:00+00:00,0.1283223051968649,0.1283223051968649,3.059099016877731e-07,0.1283226111067666,1.0465913006469871,0.9156501728950841,0.12832230519686486,3.059099016827654e-07,True,ok,,0.2,0.07,0.084
2020-08-26 21:00:00+00:00,0.10934138820775173,0.10934138820775173,3.058611571793435e-07,0.10934169406890891,0.9156501728950841,0.8040773277851334,0.10934138820775174,3.0586115717868835e-07,True,ok,,0.2,0.07,0.084
2020-08-26 22:00:00+00:00,0.056029194228240965,0.056029194228240965,3.058085285348455e-07,0.0560295000367695,0.8040773277851334,0.7469046806134589,0.056029194228240965,3.0580852853401337e-07,True,ok,,0.2,0.07,0.084
2020-08-26 23:00:00+00:00,0.17113002757976228,0.17113002757976228,3.0575643217289894e-07,0.17113033333619446,0.7469046806134589,0.5722822034912525,0.17113002757976223,3.057564321689274e-07,True,ok,,0.2,0.07,0.084
2020-08-27 00:00:00+00:00,0.06345599992337202,0.06345599992337202,3.056970334092135e-07,0.06345630562040543,0.5722822034912525,0.507531183161281,0.06345599992337199,3.0569703340473815e-07,True,ok,,0.2,0.07,0.084
2020-08-27 01:00:00+00:00,0.13221349970345633,0.13221349970345633,3.0563561506657955e-07,0.1322138053390714,0.507531183161281,0.372619448769999,0.13221349970345636,3.056356150552146e-07,True,ok,,0.2,0.07,0.084
2020-08-27 02:00:00+00:00,0.1588557500297283,0.1588557500297283,3.055664115347856e-07,0.15885605559613983,0.372619448769999,0.21052174465803133,0.15885575002972824,3.0556641154421343e-07,True,ok,,0.2,0.07,0.084
2020-08-27 03:00:00+00:00,0.0800859165674529,0.0800859165674529,3.054904194887964e-07,0.08008622205787239,0.21052174465803133,0.12880142163001818,0.08008591656745288,3.0549041948582814e-07,True,ok,,0.2,0.07,0.084
2020-08-27 04:00:00+00:00,0.12622438895127575,0.12622438895127575,-3.876638260402743e-09,0.12622438507463749,0.12880142163001818,1.0247409612806901e-06,0.1262243889512757,-3.876638266780374e-09,True,ok,,0.3,0.1,0.084
2020-08-27 05:00:00+00:00,-0.13313759187666904,-0.13313759187666904,-0.05343213800012328,-0.18656972987679232,1.0247409612806901e-06,0.13047586478009693,-0.13313759187666901,-0.05343213800012329,True,ok,,0.3,0.1,0.084
2020-08-27 06:00:00+00:00,-0.5000649507404218,-0.5000649507404218,-0.19603760679495064,-0.6961025575353724,0.13047586478009693,0.6205395165057103,-0.5000649507404218,-0.1960376067949507,True,ok,,0.3,0.1,0.084
2020-08-27 07:00:00+00:00,-0.8556534331823831,-0.8556534331823831,-0.3401272217628444,-1.1957806549452275,0.6205395165057103,1.4590798810244456,-0.8556534331823831,-0.3401272217628444,True,ok,,0.3,0.1,0.084
2020-08-27 08:00:00+00:00,-1.0411030882073362,-1.0411030882073362,-0.5047486311074143,-1.5458517193147505,1.4590798810244456,2.479360907467635,-1.041103088207336,-0.5047486311074144,True,ok,,0.3,0.1,0.084
2020-08-27 09:00:00+00:00,-1.1384695449814186,-1.1384695449814186,-0.6179330353979249,-1.7564025803793435,2.479360907467635,3.5950610615494254,-1.1384695449814184,-0.6179330353979249,True,ok,,0.3,0.1,0.084
2020-08-27 10:00:00+00:00,-0.9317265682273155,-0.9317265682273155,-0.6148302805853358,-1.5465568488126513,3.5950610615494254,4.508153098412195,-0.9317265682273153,-0.6148302805853358,True,ok,,0.3,0.1,0.084
2020-08-27 11:00:00+00:00,-1.3969637709836915,-1.3969637709836915,-0.8284439026400441,-2.2254076736237356,4.508153098412195,5.877177593976213,-1.3969637709836913,-0.8284439026400442,True,ok,,0.3,0.1,0.084
2020-08-27 12:00:00+00:00,-1.3630935800909476,-1.3630935800909476,-0.8446412675157882,-2.2077348476067358,5.877177593976213,7.213009302465341,-1.3630935800909478,-0.8446412675157882,True,ok,,0.3,0.1,0.084
2020-08-27 13:00:00+00:00,-1.4227242718026085,-1.4227242718026085,-0.85646132415958,-2.2791855959621885,7.213009302465341,8.607279088831898,-1.4227242718026085,-0.8564613241595799,True,ok,,0.3,0.1,0.084
2020-08-27 14:00:00+00:00,-0.6836391543571706,-0.6836391543571706,-0.5208192230818643,-1.204458377439035,8.607279088831898,9.277245460101925,-0.6836391543571707,-0.5208192230818643,True,ok,,0.3,0.1,0.084
2020-08-27 15:00:00+00:00,5.635501998391135e-08,5.635501998391135e-08,-1.4913541914615527,-1.4913541351065327,9.277245460101925,9.277245402596803,5.6355020498870083e-08,-1.4913541914615527,True,ok,,0.4,0.18,0.084
2020-08-27 16:00:00+00:00,1.7899339677107662e-07,1.7899339677107662e-07,-0.3055033434380609,-0.30550316444466413,9.277245402596803,9.27724521995048,1.789933967003269e-07,-0.3055033434380609,True,ok,,0.4,0.18,0.084
2020-08-27 17:00:00+00:00,5.0,5.0,0.8635035022424988,5.863503502242499,9.27724521995048,4.175204403623949,5.000000037999218,0.8635034642432811,True,ok,,0.4,0.18,0.084
2020-08-27 18:00:00+00:00,3.0312251952537967,3.0312251952537967,-2.1170339969955876e-07,3.031224983550397,4.175204403623949,1.0821174696915037,3.0312251952537967,-2.1170339977778927e-07,True,ok,,0.4,0.18,0.084
2020-08-27 19:00:00+00:00,0.05539506260083293,0.05539506260083293,2.985047680564845e-07,0.05539536110560098,1.0821174696915037,1.025591895609021,0.05539506260083295,2.985047680556037e-07,True,ok,,0.2,0.07,0.084
2020-08-27 20:00:00+00:00,0.13520525710432768,0.13520525710432768,2.9846712235048756e-07,0.13520555557145003,1.025591895609021,0.8876273475433806,0.1352052571043276,2.9846712233820203e-07,True,ok,,0.2,0.07,0.084
2020-08-27 21:00:00+00:00,0.10267650732383883,0.10267650732383883,2.9842404099256203e-07,0.10267680574787982,0.8876273475433806,0.7828554012945654,0.10267650732383884,2.9842404098794756e-07,True,ok,,0.2,0.07,0.084
2020-08-27 22:00:00+00:00,0.07070356286353792,0.07070356286353792,2.983783325416489e-07,0.07070386124187046,0.7828554012945654,0.7107089085766696,0.07070356286353793,2.983783325367707e-07,True,ok,,0.2,0.07,0.084
2020-08-27 23:00:00+00:00,0.16620189623964512,0.16620189623964512,2.983318500848764e-07,0.1662021945714952,0.7107089085766696,0.5411151369035623,0.16620189623964496,2.9833185009753403e-07,True,ok,,0.2,0.07,0.084
2020-08-28 00:00:00+00:00,0.05006142401473651,0.05006142401473651,2.9827975299434595e-07,0.050061722294489505,0.5411151369035623,0.4900320511742393,0.050061424014736546,2.9827975299392534e-07,True,ok,,0.2,0.07,0.084
2020-08-28 01:00:00+00:00,0.14269581299763007,0.14269581299763007,2.982284517949463e-07,0.14269611122608186,0.4900320511742393,0.344424078727678,0.1426958129976301,2.982284517996082e-07,True,ok,,0.2,0.07,0.084
2020-08-28 02:00:00+00:00,0.13434084088191134,0.13434084088191134,2.9816973814988934e-07,0.1343411390516495,0.344424078727678,0.2073415880318501,0.1343408408819113,2.981697381619097e-07,True,ok,,0.2,0.07,0.084
2020-08-28 03:00:00+00:00,0.05554867432137793,0.05554867432137793,2.981051425571257e-07,0.05554897242652049,0.2073415880318501,0.15065926729575016,0.055548674321377944,2.9810514255505764e-07,True,ok,,0.2,0.07,0.084
2020-08-28 04:00:00+00:00,0.14560473085826997,0.14560473085826997,-3.967044609476389e-09,0.14560472689122536,0.15065926729575016,0.0020830113179236553,0.14560473085826992,-3.967044620927151e-09,True,ok,,0.3,0.1,0.084
2020-08-28 05:00:00+00:00,0.002040265139307696,0.002040265139307696,-1.7118619959066717e-09,0.0020402634274457,0.0020830113179236553,1.108114548455455e-06,0.0020402651393076755,-1.7118619957860904e-09,True,ok,,0.3,0.1,0.084
2020-08-28 06:00:00+00:00,-0.310320359669396,-0.310320359669396,-0.6095621690121946,-0.9198825286815906,1.108114548455455e-06,0.3041150605905565,-0.3103203596693958,-0.6095621690121946,True,ok,,0.3,0.1,0.084
2020-08-28 07:00:00+00:00,-0.20250976109505436,-0.20250976109505436,-1.8523366096453573,-2.0548463707404117,0.3041150605905565,0.5025746264637098,-0.20250976109505428,-1.8523366096453573,True,ok,,0.3,0.1,0.084
2020-08-28 08:00:00+00:00,-0.15666467761230507,-0.15666467761230507,-3.7240476058475376,-3.8807122834598426,0.5025746264637098,0.6561060105237687,-0.15666467761230463,-3.7240476058475376,True,ok,,0.3,0.1,0.084
2020-08-28 09:00:00+00:00,-0.1295326921770168,-0.1295326921770168,-2.6011148547017946,-2.7306475468788114,0.6561060105237687,0.7830480488572451,-0.12953269217701652,-2.6011148547017946,True,ok,,0.3,0.1,0.084
2020-08-28 10:00:00+00:00,-0.1135186712842895,-0.1135186712842895,-4.295276578715605,-4.408795249999894,0.7830480488572451,0.8942963467158488,-0.11351867128428916,-4.295276578715605,True,ok,,0.3,0.1,0.084
2020-08-28 11:00:00+00:00,-0.10284379004730759,-0.10284379004730759,-4.923934646761534,-5.026778436808842,0.8942963467158488,0.9950832609622102,-0.10284379004730823,-4.923934646761534,True,ok,,0.3,0.1,0.084
2020-08-28 12:00:00+00:00,-0.09380236668449271,-0.09380236668449271,-4.359884002194464,-4.453686368878957,0.9950832609622102,1.087009580313013,-0.09380236668449261,-4.359884002194464,True,ok,,0.3,0.1,0.084
2020-08-28 13:00:00+00:00,-0.08638753943417843,-0.08638753943417843,-3.1271382555420635,-3.213525794976242,1.087009580313013,1.171669368958508,-0.08638753943417818,-3.1271382555420635,True,ok,,0.3,0.1,0.084
2020-08-28 14:00:00+00:00,-0.07963244337900988,-0.07963244337900988,-1.6528333929536658,-1.7324658363326757,1.171669368958508,1.2497091634699378,-0.07963244337901021,-1.6528333929536658,True,ok,,0.3,0.1,0.084
2020-08-28 15:00:00+00:00,2.2307750691119566e-07,2.2307750691119566e-07,-0.9409498857985271,-0.9409496627210202,1.2497091634699378,1.2497089358398288,2.2307750718622588e-07,-0.9409498857985271,True,ok,,0.4,0.18,0.084
2020-08-28 16:00:00+00:00,1.87402489304489e-07,1.87402489304489e-07,-0.6008949382708043,-0.600894750868315,1.2497089358398288,1.2497087446127988,1.8740248935303386e-07,-0.6008949382708043,True,ok,,0.4,0.18,0.084
2020-08-28 17:00:00+00:00,1.862445178635319e-07,1.862445178635319e-07,-0.21165728209745735,-0.2116570958529395,1.2497087446127988,1.2497085545673725,1.8624451789881295e-07,-0.21165728209745735,True,ok,,0.4,0.18,0.084
2020-08-28 18:00:00+00:00,0.1060125280444014,0.1060125280444014,-2.0498149735925786e-07,0.10601232306290403,1.2497085545673725,1.1415325055424732,0.10601252804440141,-2.049814973610635e-07,True,ok,,0.4,0.18,0.084
2020-08-28 19:00:00+00:00,0.09389531628196691,0.09389531628196691,2.1159213195454107e-07,0.09389552787409887,1.1415325055424732,1.0457209583159763,0.09389531628196691,2.1159213196055072e-07,True,ok,,0.2,0.07,0.084
2020-08-28 20:00:00+00:00,0.08422707660283257,0.08422707660283257,3.1233013753073635e-07,0.0842273889329701,1.0457209583159763,0.9597749617824737,0.08422707660283262,3.123301375267356e-07,True,ok,,0.2,0.07,0.084
2020-08-28 21:00:00+00:00,0.1648972989711841,0.1648972989711841,3.1227863353522345e-07,0.16489761124981764,0.9597749617824737,0.7915124118118777,0.16489729897118421,3.1227863352859896e-07,True,ok,,0.2,0.07,0.084
2020-08-28 22:00:00+00:00,0.08489993054890155,0.08489993054890155,1.8052766548315446e-07,0.08490011107656703,0.7915124118118777,0.704879829619121,0.08489993054890158,1.8052766547948882e-07,True,ok,,0.2,0.07,0.084
2020-08-28 23:00:00+00:00,0.13529614946630536,0.13529614946630536,3.22876503838776e-07,0.1352964723428092,0.704879829619121,0.56682253424534,0.13529614946630533,3.228765038420487e-07,True,ok,,0.2,0.07,0.084
2020-08-29 00:00:00+00:00,0.15305212165247678,0.15305212165247678,3.22800232904763e-07,0.15305244445270969,0.56682253424534,0.410646899906078,0.15305212165247678,3.2280023290525524e-07,True,ok,,0.2,0.07,0.084
2020-08-29 01:00:00+00:00,0.09480814951747119,0.09480814951747119,3.2271587740995145e-07,0.0948084722333486,0.410646899906078,0.3139038901943727,0.09480814951747117,3.227158774146178e-07,True,ok,,0.2,0.07,0.084
2020-08-29 02:00:00+00:00,0.1703823718338094,0.1703823718338094,3.226225029351326e-07,0.17038269445631232,0.3139038901943727,0.14004432709864884,0.17038237183380953,3.226225029216113e-07,True,ok,,0.2,0.07,0.084
2020-08-29 03:00:00+00:00,0.08703720519059267,0.08703720519059267,3.2251629528134984e-07,0.08703752770688795,0.14004432709864884,0.0512308524143706,0.08703720519059266,3.225162952846514e-07,True,ok,,0.2,0.07,0.084
2020-08-29 04:00:00+00:00,0.05020536596641492,0.05020536596641492,-3.6831904748346744e-09,0.05020536228322445,0.0512308524143706,8.871425186407489e-07,0.050205365966414915,-3.6831904730369264e-09,True,ok,,0.3,0.1,0.084
2020-08-29 05:00:00+00:00,-0.10280308939635566,-0.10280308939635566,-0.06009558321039754,-0.1628986726067532,8.871425186407489e-07,0.10074791475094719,-0.10280308939635563,-0.060095583210397534,True,ok,,0.3,0.1,0.084
2020-08-29 06:00:00+00:00,-0.26617291484846284,-0.26617291484846284,-1.1258705947577377,-1.3920435096062005,0.10074791475094719,0.36159737130244074,-0.2661729148484632,-1.1258705947577377,True,ok,,0.3,0.1,0.084
2020-08-29 07:00:00+00:00,-0.16104233952453173,-0.16104233952453173,-2.567416884827446,-2.728459224351978,0.36159737130244074,0.5194188640364819,-0.16104233952453195,-2.567416884827446,True,ok,,0.3,0.1,0.084
2020-08-29 08:00:00+00:00,-0.12831127460208824,-0.12831127460208824,-3.483643126964611,-3.6119544015666993,0.5194188640364819,0.6451639131465283,-0.12831127460208844,-3.483643126964611,True,ok,,0.3,0.1,0.084
2020-08-29 09:00:00+00:00,-0.10948083135541875,-0.10948083135541875,-3.8525112863540736,-3.9619921177094923,0.6451639131465283,0.7524551278748387,-0.10948083135541922,-3.8525112863540736,True,ok,,0.3,0.1,0.084
2020-08-29 10:00:00+00:00,-0.08615952201368238,-0.08615952201368238,-0.6594245135897971,-0.7455840356034795,0.7524551278748387,0.8368914594482474,-0.08615952201368236,-0.6594245135897971,True,ok,,0.3,0.1,0.084
2020-08-29 11:00:00+00:00,-0.08738513701721029,-0.08738513701721029,-2.9612455698885602,-3.0486307069057705,0.8368914594482474,0.9225288937251135,-0.08738513701721022,-2.9612455698885602,True,ok,,0.3,0.1,0.084
2020-08-29 12:00:00+00:00,-0.08035954984259197,-0.08035954984259197,-2.6294298629352246,-2.7097894127778166,0.9225288937251135,1.0012812525708537,-0.08035954984259139,-2.6294298629352246,True,ok,,0.3,0.1,0.084
2020-08-29 13:00:00+00:00,-0.0759281415002988,-0.0759281415002988,-4.504896439846542,-4.580824581346841,1.0012812525708537,1.0756908312411464,-0.07592814150029718,-4.504896439846542,True,ok,,0.3,0.1,0.084
2020-08-29 14:00:00+00:00,-0.0708852491821359,-0.0708852491821359,-2.892590848250819,-2.963476097432955,1.0756908312411464,1.1451583754396395,-0.0708852491821357,-2.892590848250819,True,ok,,0.3,0.1,0.084
2020-08-29 15:00:00+00:00,8.10467259970693e-08,8.10467259970693e-08,-1.046901880951158,-1.046901799904432,1.1451583754396395,1.1451582927388986,8.104672589948066e-08,-1.046901880951158,True,ok,,0.4,0.18,0.084
2020-08-29 16:00:00+00:00,2.1809413536244548e-07,2.1809413536244548e-07,-0.33772285989441664,-0.3377226418002813,1.1451582927388986,1.1451580701938624,2.1809413535390935e-07,-0.33772285989441664,True,ok,,0.4,0.18,0.084
2020-08-29 17:00:00+00:00,1.845020441357259e-07,1.845020441357259e-07,-0.06037304972474107,-0.060372865222696935,1.1451580701938624,1.1451578819264705,1.845020441959773e-07,-0.06037304972474107,True,ok,,0.4,0.18,0.084
2020-08-29 18:00:00+00:00,0.09545104917034866,0.09545104917034866,-2.0448072718393107e-07,0.09545084468962148,1.1451578819264705,1.0477588521608086,0.09545104917034862,-2.0448072718045955e-07,True,ok,,0.4,0.18,0.084
2020-08-29 19:00:00+00:00,0.1316023066542309,0.1316023066542309,2.7678061564895273e-07,0.13160258343484654,1.0477588521608086,0.9134707841462872,0.1316023066542308,2.767806156603073e-07,True,ok,,0.2,0.07,0.084
2020-08-29 20:00:00+00:00,0.06686905655989797,0.06686905655989797,2.767549976273598e-07,0.0668693333148956,0.9134707841462872,0.8452370529627179,0.06686905655989799,2.767549976282065e-07,True,ok,,0.2,0.07,0.084
2020-08-29 21:00:00+00:00,0.12258727881356764,0.12258727881356764,2.7673001394556973e-07,0.12258755554358158,0.8452370529627179,0.7201479929488733,0.12258727881356755,2.7673001394046064e-07,True,ok,,0.2,0.07,0.084
2020-08-29 22:00:00+00:00,0.11670002879878383,0.11670002879878383,2.767028361300161e-07,0.11670030550161996,0.7201479929488733,0.601066330909298,0.1167000287987838,2.7670283612760975e-07,True,ok,,0.2,0.07,0.084
2020-08-29 23:00:00+00:00,0.0638800566594341,0.0638800566594341,2.766741111076554e-07,0.0638803333335452,0.601066330909298,0.5358825996241611,0.0638800566594341,2.766741111057819e-07,True,ok,,0.2,0.07,0.084
2020-08-30 00:00:00+00:00,0.15727044552549788,0.15727044552549788,2.766464972936422e-07,0.15727072217199517,0.5358825996241611,0.3754025531695714,0.15727044552549796,2.766464973062674e-07,True,ok,,0.2,0.07,0.084
2020-08-30 01:00:00+00:00,0.10633930686283946,0.10633930686283946,2.766161939504741e-07,0.10633958347903341,0.3754025531695714,0.2668930563707556,0.10633930686283942,2.7661619395333977e-07,True,ok,,0.2,0.07,0.084
2020-08-30 02:00:00+00:00,0.09911663998974704,0.09911663998974704,2.7658462503632464e-07,0.09911691657437208,0.2668930563707556,0.16575362780978925,0.09911663998974696,2.7658462503902715e-07,True,ok,,0.2,0.07,0.084
2020-08-30 03:00:00+00:00,0.14675702916281608,0.14675702916281608,2.765520031866586e-07,0.14675730571481926,0.16575362780978925,0.01600155723548713,0.14675702916281602,2.7655200318678234e-07,True,ok,,0.2,0.07,0.084
2020-08-30 04:00:00+00:00,0.01568008301331977,0.01568008301331977,-1.7498725940479076e-09,0.015680081263447176,0.01600155723548713,1.4725280179754552e-06,0.01568008301331972,-1.7498725924491356e-09,True,ok,,0.3,0.1,0.084
2020-08-30 05:00:00+00:00,-0.15345130309620691,-0.15345130309620691,-0.09869572375222097,-0.2521470268484279,1.4725280179754552e-06,0.15038374956230074,-0.1534513030962069,-0.09869572375222095,True,ok,,0.3,0.1,0.084
2020-08-30 06:00:00+00:00,-0.2579666910234657,-0.2579666910234657,-1.1594494077518864,-1.4174160987753521,0.15038374956230074,0.4031911067652971,-0.2579666910234658,-1.1594494077518864,True,ok,,0.3,0.1,0.084
2020-08-30 07:00:00+00:00,-0.18063356754272908,-0.18063356754272908,-2.464973628754588,-2.645607196297317,0.4031911067652971,0.5802120029571716,-0.18063356754272947,-2.464973628754588,True,ok,,0.3,0.1,0.084
2020-08-30 08:00:00+00:00,-0.14171471561804916,-0.14171471561804916,-2.2105194961751162,-2.3522342117931654,0.5802120029571716,0.7190924242628598,-0.14171471561804888,-2.2105194961751162,True,ok,,0.3,0.1,0.084
2020-08-30 09:00:00+00:00,-0.1233167178248733,-0.1233167178248733,-3.4251589497634085,-3.548475667588282,0.7190924242628598,0.8399428077312356,-0.12331671782487351,-3.4251589497634085,True,ok,,0.3,0.1,0.084
2020-08-30 10:00:00+00:00,-0.10976745188274784,-0.10976745188274784,-3.8915630128138625,-4.00133046469661,0.8399428077312356,0.9475149105763285,-0.10976745188274707,-3.8915630128138625,True,ok,,0.3,0.1,0.084
2020-08-30 11:00:00+00:00,-0.0982803308388065,-0.0982803308388065,-2.435133918952233,-2.5334142497910395,0.9475149105763285,1.0438296347983589,-0.09828033083880652,-2.435133918952233,True,ok,,0.3,0.1,0.084
2020-08-30 12:00:00+00:00,-0.09101280907657117,-0.09101280907657117,-2.5555140827097227,-2.646526891786294,1.0438296347983589,1.1330221876933986,-0.09101280907657218,-2.5555140827097227,True,ok,,0.3,0.1,0.084
2020-08-30 13:00:00+00:00,-0.08591588948906725,-0.08591588948906725,-3.612260494783271,-3.698176384272338,1.1330221876933986,1.2172197593926846,-0.08591588948906717,-3.612260494783271,True,ok,,0.3,0.1,0.084
2020-08-30 14:00:00+00:00,-0.0786589586843236,-0.0786589586843236,-1.5541302952619587,-1.6327892539462823,1.2172197593926846,1.2943055389033218,-0.07865895868432358,-1.5541302952619587,True,ok,,0.3,0.1,0.084
2020-08-30 15:00:00+00:00,2.2300561064447777e-07,2.2300561064447777e-07,-0.5603617545852423,-0.5603615315796316,1.2943055389033218,1.2943053113465763,2.2300561076992615e-07,-0.5603617545852423,True,ok,,0.4,0.18,0.084
2020-08-30 16:00:00+00:00,0.027291537223727482,0.027291537223727482,-2.0743602733783173e-07,0.027291329787700144,1.2943053113465763,1.2664568039754258,0.027291537223727427,-2.074360273363879e-07,True,ok,,0.4,0.18,0.084
2020-08-30 17:00:00+00:00,0.06407918417844065,0.06407918417844065,-2.061384140328304e-07,0.06407897804002662,1.2664568039754258,1.2010698813443639,0.06407918417844068,-2.0613841403650824e-07,True,ok,,0.4,0.18,0.084
2020-08-30 18:00:00+00:00,0.08302896450408354,0.08302896450408354,-2.0493613595018445e-07,0.08302875956794759,1.2010698813443639,1.1163464481769316,0.08302896450408354,-2.049361359468573e-07,True,ok,,0.4,0.18,0.084
2020-08-30 19:00:00+00:00,0.12860686003417932,0.12860686003417932,3.0676208101487745e-07,0.12860716679626033,1.1163464481769316,0.9851149583461364,0.1286068600341793,3.067620810178442e-07,True,ok,,0.2,0.07,0.084
2020-08-30 20:00:00+00:00,0.0876034153494881,0.0876034153494881,3.067168613396509e-07,0.08760372206634943,0.9851149583461364,0.8957237181935975,0.08760341534948804,3.067168613419692e-07,True,ok,,0.2,0.07,0.084
2020-08-30 21:00:00+00:00,0.08913049866762789,0.08913049866762789,3.066684766128702e-07,0.0891308053361045,0.8957237181935975,0.8047742297572426,0.08913049866762793,3.0666847661337013e-07,True,ok,,0.2,0.07,0.084
2020-08-30 22:00:00+00:00,0.14000372144888198,0.14000372144888198,3.0661711725166185e-07,0.14000402806599924,0.8047742297572426,0.6619132895032813,0.14000372144888193,3.066171172436619e-07,True,ok,,0.2,0.07,0.084
2020-08-30 23:00:00+00:00,0.061974582413323896,0.061974582413323896,3.0656044203852817e-07,0.061974888973765935,0.6619132895032813,0.5986739196937672,0.06197458241332391,3.0656044204145133e-07,True,ok,,0.2,0.07,0.084
2020-08-31 00:00:00+00:00,0.13087594359190963,0.13087594359190963,3.065029276771991e-07,0.1308762500948373,0.5986739196937672,0.46512703847753284,0.1308759435919096,3.065029276729816e-07,True,ok,,0.2,0.07,0.084
2020-08-31 01:00:00+00:00,0.15193533237890383,0.15193533237890383,3.0643824744380765e-07,0.15193563881715128,0.46512703847753284,0.3100909850296718,0.15193533237890397,3.064382474513996e-07,True,ok,,0.2,0.07,0.084
2020-08-31 02:00:00+00:00,0.07676820768251127,0.07676820768251127,9.789730999465451e-08,0.07676830557982127,0.3100909850296718,0.2317560792311909,0.07676820768251132,9.789730999225112e-08,True,ok,,0.2,0.07,0.084
2020-08-31 03:00:00+00:00,0.16235739020659828,0.16235739020659828,3.318294454768278e-07,0.16235772203604376,0.2317560792311909,0.06608527289792734,0.1623573902065982,3.3182944546515653e-07,True,ok,,0.2,0.07,0.084
2020-08-31 04:00:00+00:00,0.06476275346390951,0.06476275346390951,-3.5853441326949564e-09,0.06476274987856538,0.06608527289792734,8.305878155950852e-07,0.06476275346390953,-3.5853441288663754e-09,True,ok,,0.3,0.1,0.084
2020-08-31 05:00:00+00:00,-0.04461223939637576,-0.04461223939637576,-0.022307829593301402,-0.06692006898967716,8.305878155950852e-07,0.043720825196263836,-0.04461223939637578,-0.022307829593301402,True,ok,,0.3,0.1,0.084
2020-08-31 06:00:00+00:00,-0.26954190850892457,-0.26954190850892457,-0.3340065554045655,-0.60354846391349,0.043720825196263836,0.30787189553500993,-0.26954190850892445,-0.3340065554045655,True,ok,,0.3,0.1,0.084
2020-08-31 07:00:00+00:00,-0.16414737941390867,-0.16414737941390867,-0.3884689798510059,-0.5526163592649146,0.30787189553500993,0.4687363273606404,-0.1641473794139088,-0.3884689798510059,True,ok,,0.3,0.1,0.084
2020-08-31 08:00:00+00:00,-0.1571246092937606,-0.1571246092937606,-1.039382927504932,-1.1965075367986926,0.4687363273606404,0.6227184444685258,-0.15712460929376088,-1.039382927504932,True,ok,,0.3,0.1,0.084
2020-08-31 09:00:00+00:00,-0.13887081868892803,-0.13887081868892803,-2.482734478354021,-2.621605297042949,0.6227184444685258,0.7588118467836752,-0.13887081868892767,-2.482734478354021,True,ok,,0.3,0.1,0.084
2020-08-31 10:00:00+00:00,-0.12173014634150414,-0.12173014634150414,-3.7127588736269965,-3.8344890199685007,0.7588118467836752,0.8781073901983493,-0.12173014634150475,-3.7127588736269965,True,ok,,0.3,0.1,0.084
2020-08-31 11:00:00+00:00,-0.10918877705946173,-0.10918877705946173,-4.472189884279849,-4.58137866133931,0.8781073901983493,0.9851123917166218,-0.10918877705946135,-4.472189884279849,True,ok,,0.3,0.1,0.084
2020-08-31 12:00:00+00:00,-0.09878374694987002,-0.09878374694987002,-3.190151194637542,-3.288934941587412,0.9851123917166218,1.0819204637274944,-0.09878374694986987,-3.190151194637542,True,ok,,0.3,0.1,0.084
2020-08-31 13:00:00+00:00,-0.09002854314788333,-0.09002854314788333,-1.9910989674435107,-2.081127510591394,1.0819204637274944,1.1701484360124201,-0.090028543147883,-1.9910989674435107,True,ok,,0.3,0.1,0.084
2020-08-31 14:00:00+00:00,-0.07669945443599613,-0.07669945443599613,-0.6112209366263054,-0.6879203910623015,1.1701484360124201,1.2453139013596963,-0.07669945443599635,-0.6112209366263054,True,ok,,0.3,0.1,0.084
2020-08-31 15:00:00+00:00,2.2281271816471104e-07,2.2281271816471104e-07,-0.608262067626953,-0.6082618448142348,1.2453139013596963,1.2453136739997799,2.2281271817169504e-07,-0.608262067626953,True,ok,,0.4,0.18,0.084
2020-08-31 16:00:00+00:00,1.8708297833125442e-07,1.8708297833125442e-07,-0.3616509638821328,-0.36165077679915447,1.2453136739997799,1.2453134830987815,1.8708297836186085e-07,-0.3616509638821328,True,ok,,0.4,0.18,0.084
2020-08-31 17:00:00+00:00,1.8617066808307436e-07,1.8617066808307436e-07,-0.023514198493605434,-0.02351401232293735,1.2453134830987815,1.245313293128712,1.8617066811433703e-07,-0.023514198493605434,True,ok,,0.4,0.18,0.084
2020-08-31 18:00:00+00:00,0.1014206293607103,0.1014206293607103,-2.0502622827267558e-07,0.10142042433448202,1.245313293128712,1.1418228550055383,0.10142062936071033,-2.0502622826977616e-07,True,ok,,0.4,0.18,0.084
2020-08-31 19:00:00+00:00,0.14785352652516714,0.14785352652516714,3.0680318580111887e-07,0.14785383332835295,1.1418228550055383,0.9909519095716942,0.1478535265251673,3.068031858131347e-07,True,ok,,0.2,0.07,0.084
2020-08-31 20:00:00+00:00,0.12699377647650203,0.12699377647650203,3.067584969651538e-07,0.126994083234999,0.9909519095716942,0.861366423371182,0.12699377647650212,3.067584969703856e-07,True,ok,,0.2,0.07,0.084
2020-08-31 21:00:00+00:00,0.09769280421484763,0.09769280421484763,3.067094493103273e-07,0.09769311092429694,0.861366423371182,0.7616798884580721,0.09769280421484765,3.067094493109935e-07,True,ok,,0.2,0.07,0.084
2020-08-31 22:00:00+00:00,0.13872091582502485,0.13872091582502485,3.0665776246108223e-07,0.13872122248278732,0.7616798884580721,0.6201279335345773,0.13872091582502494,3.0665776244818324e-07,True,ok,,0.2,0.07,0.084
2020-08-31 23:00:00+00:00,0.06768369347232146,0.06768369347232146,3.0660121747017044e-07,0.06768400007353893,0.6201279335345773,0.5510629401954737,0.06768369347232145,3.066012174692207e-07,True,ok,,0.2,0.07,0.084
2020-09-01 00:00:00+00:00,0.11300566568340498,0.11300566568340498,3.065430555504456e-07,0.11300597222646053,0.5510629401954737,0.4357510364368972,0.11300566568340495,3.0654305554818967e-07,True,ok,,0.2,0.07,0.084
2020-09-01 01:00:00+00:00,0.1590885544333289,0.1590885544333289,3.06478464467963e-07,0.15908886091179336,0.4357510364368972,0.27341577681105145,0.15908855443332887,3.0647846446143514e-07,True,ok,,0.2,0.07,0.084
2020-09-01 02:00:00+00:00,0.06229422139079803,0.06229422139079803,3.064074308098408e-07,0.06229452779822884,0.27341577681105145,0.20985024477962488,0.06229422139079806,3.0640743081154676e-07,True,ok,,0.2,0.07,0.084
2020-09-01 03:00:00+00:00,0.15298497157134075,0.15298497157134075,3.063330637487205e-07,0.1529852779044045,0.20985024477962488,0.053743130931317995,0.15298497157134072,3.063330637567026e-07,True,ok,,0.2,0.07,0.084
2020-09-01 04:00:00+00:00,0.052667272088851136,0.052667272088851136,-3.866623327075658e-09,0.05266726822222781,0.053743130931317995,1.0165549392815443e-06,0.05266727208885114,-3.866623330315578e-09,True,ok,,0.3,0.1,0.084
2020-09-01 05:00:00+00:00,-0.08665957201686283,-0.08665957201686283,-0.04743824691919632,-0.13409781893605915,1.0165549392815443e-06,0.08492739713146485,-0.08665957201686282,-0.04743824691919633,True,ok,,0.3,0.1,0.084
2020-09-01 06:00:00+00:00,-0.2894227001021161,-0.2894227001021161,-1.010904124501385,-1.3003268246035011,0.08492739713146485,0.36856164323153867,-0.2894227001021158,-1.010904124501385,True,ok,,0.3,0.1,0.084
2020-09-01 07:00:00+00:00,-0.18834456603783378,-0.18834456603783378,-1.8407190307192365,-2.0290635967570703,0.36856164323153867,0.5531393179486158,-0.18834456603783334,-1.8407190307192365,True,ok,,0.3,0.1,0.084
2020-09-01 08:00:00+00:00,-0.14776474082285773,-0.14776474082285773,-2.216691380384796,-2.364456121207654,0.5531393179486158,0.6979487639550164,-0.1477647408228575,-2.216691380384796,True,ok,,0.3,0.1,0.084
2020-09-01 09:00:00+00:00,-0.1250090956833696,-0.1250090956833696,-2.254370830527615,-2.3793799262109845,0.6979487639550164,0.8204576777247186,-0.1250090956833693,-2.254370830527615,True,ok,,0.3,0.1,0.084
2020-09-01 10:00:00+00:00,-0.10993305015714316,-0.10993305015714316,-2.07384083970274,-2.183773889859883,0.8204576777247186,0.9281920668787189,-0.10993305015714237,-2.07384083970274,True,ok,,0.3,0.1,0.084
2020-09-01 11:00:00+00:00,-0.09687071076900966,-0.09687071076900966,-1.303083890957577,-1.3999546017265867,0.9281920668787189,1.0231253634323483,-0.09687071076900945,-1.303083890957577,True,ok,,0.3,0.1,0.084
2020-09-01 12:00:00+00:00,-0.08856563007559526,-0.08856563007559526,-1.1371486230146641,-1.2257142530902594,1.0231253634323483,1.1099196809064316,-0.08856563007559523,-1.1371486230146641,True,ok,,0.3,0.1,0.084
2020-09-01 13:00:00+00:00,-0.07638004097676432,-0.07638004097676432,-0.542481656157714,-0.6188616971344784,1.1099196809064316,1.1847721210636606,-0.07638004097676424,-0.542481656157714,True,ok,,0.3,0.1,0.084
2020-09-01 14:00:00+00:00,-0.07523951779825166,-0.07523951779825166,-0.7484137466132216,-0.8236532644114732,1.1847721210636606,1.2585068485059472,-0.07523951779825158,-0.7484137466132216,True,ok,,0.3,0.1,0.084
2020-09-01 15:00:00+00:00,2.234792335631397e-07,2.234792335631397e-07,-0.586731128734829,-0.5867309052555955,1.2585068485059472,1.258506620465913,2.2347923360915177e-07,-0.586731128734829,True,ok,,0.4,0.18,0.084
2020-09-01 16:00:00+00:00,1.874043085714483e-07,1.874043085714483e-07,-0.22488009221316063,-0.22487990480885206,1.258506620465913,1.2585064292370267,1.8740430865690384e-07,-0.22488009221316063,True,ok,,0.4,0.18,0.084
2020-09-01 17:00:00+00:00,1.8614194489171426e-07,1.8614194489171426e-07,-0.0015286286591304481,-0.0015284425171855564,1.2585064292370267,1.2585062392962667,1.8614194489514872e-07,-0.0015286286591304481,True,ok,,0.4,0.18,0.084
2020-09-01 18:00:00+00:00,0.08736312063977039,0.08736312063977039,-5.263719393688859e-08,0.08736306800257645,1.2585062392962667,1.1693601978271133,0.08736312063977042,-5.26371939384323e-08,True,ok,,0.4,0.18,0.084
2020-09-01 19:00:00+00:00,0.14588378438348543,0.14588378438348543,2.988292612526866e-07,0.14588408321274668,1.1693601978271133,1.020499193354169,0.14588378438348543,2.9882926125710023e-07,True,ok,,0.2,0.07,0.084
2020-09-01 20:00:00+00:00,0.12420953471112782,0.12420953471112782,2.987889926031606e-07,0.12420983350012042,1.020499193354169,0.8937547701795487,0.12420953471112779,2.987889926092383e-07,True,ok,,0.2,0.07,0.084
2020-09-01 21:00:00+00:00,0.08620836798177593,0.08620836798177593,2.987455020447838e-07,0.08620866672727798,0.8937547701795487,0.8057870477491651,0.086208367981776,2.9874550204778313e-07,True,ok,,0.2,0.07,0.084
2020-09-01 22:00:00+00:00,0.14318022887770393,0.14318022887770393,2.9870075601845514e-07,0.14318052757845995,0.8057870477491651,0.6596847733841611,0.14318022887770385,2.9870075602034217e-07,True,ok,,0.2,0.07,0.084
2020-09-01 23:00:00+00:00,0.06188909020919815,0.06188909020919815,2.986513984518102e-07,0.061889388860596604,0.6596847733841611,0.5965326405176323,0.06188909020919816,2.986513984543175e-07,True,ok,,0.2,0.07,0.084
2020-09-02 00:00:00+00:00,0.1168139514064145,0.1168139514064145,2.9860185052354993e-07,0.11681425000826502,0.5965326405176323,0.47733473091925016,0.11681395140641448,2.9860185051731037e-07,True,ok,,0.2,0.07,0.084
2020-09-02 01:00:00+00:00,0.14716842384698667,0.14716842384698667,2.985467911220674e-07,0.1471687223937778,0.47733473091925016,0.3271628698508964,0.14716842384698667,2.98546791123133e-07,True,ok,,0.2,0.07,0.084
2020-09-02 02:00:00+00:00,0.08847075715291194,0.08847075715291194,2.984872027600449e-07,0.0884710556401147,0.3271628698508964,0.23688658704180254,0.08847075715291196,2.984872027547297e-07,True,ok,,0.2,0.07,0.084
2020-09-02 03:00:00+00:00,0.18294767407745707,0.18294767407745707,2.9842419169145984e-07,0.18294797250164876,0.23688658704180254,0.05020528696276472,0.18294767407745705,2.9842419167868785e-07,True,ok,,0.2,0.07,0.084
2020-09-02 04:00:00+00:00,0.049200102504706494,0.049200102504706494,-3.963110561944205e-09,0.04920009854159593,0.05020528696276472,1.1007334723769913e-06,0.049200102504706474,-3.963110558593456e-09,True,ok,,0.3,0.1,0.084
2020-09-02 05:00:00+00:00,-0.09569373909089288,-0.09569373909089288,-0.050178680810567755,-0.14587241990146063,1.1007334723769913e-06,0.0937809650425474,-0.09569373909089289,-0.05017868081056775,True,ok,,0.3,0.1,0.084
2020-09-02 06:00:00+00:00,-0.19299022615235706,-0.19299022615235706,-0.2567295519085559,-0.44971977806091296,0.0937809650425474,0.28291138667185733,-0.19299022615235714,-0.2567295519085559,True,ok,,0.3,0.1,0.084
2020-09-02 07:00:00+00:00,-0.18614761624845588,-0.18614761624845588,-1.1725024009481007,-1.3586500171965565,0.28291138667185733,0.4653360505953441,-0.1861476162484563,-1.1725024009481007,True,ok,,0.3,0.1,0.084
2020-09-02 08:00:00+00:00,-0.14864291097138516,-0.14864291097138516,-2.989803143606077,-3.138446054577462,0.4653360505953441,0.6110061033473015,-0.14864291097138463,-2.989803143606077,True,ok,,0.3,0.1,0.084
2020-09-02 09:00:00+00:00,-0.12402336610887854,-0.12402336610887854,-4.22064449506136,-4.3446678611702385,0.6110061033473015,0.7325490021340025,-0.12402336610887883,-4.22064449506136,True,ok,,0.3,0.1,0.084
2020-09-02 10:00:00+00:00,-0.10761443065790832,-0.10761443065790832,-3.6903333461758963,-3.7979477768338046,0.7325490021340025,0.8380111441787527,-0.10761443065790768,-3.6903333461758963,True,ok,,0.3,0.1,0.084
2020-09-02 11:00:00+00:00,-0.09685082307479487,-0.09685082307479487,-3.9345961098671314,-4.031446932941926,0.8380111441787527,0.9329249507920516,-0.09685082307479506,-3.9345961098671314,True,ok,,0.3,0.1,0.084
2020-09-02 12:00:00+00:00,-0.08891295616298667,-0.08891295616298667,-4.271139112751138,-4.360052068914125,0.9329249507920516,1.0200596478317785,-0.0889129561629867,-4.271139112751138,True,ok,,0.3,0.1,0.084
2020-09-02 13:00:00+00:00,-0.08268601086168648,-0.08268601086168648,-4.496673457546602,-4.579359468408288,1.0200596478317785,1.1010919384762312,-0.08268601086168637,-4.496673457546602,True,ok,,0.3,0.1,0.084
2020-09-02 14:00:00+00:00,-0.07724068089066982,-0.07724068089066982,-3.512381557730366,-3.5896222386210357,1.1010919384762312,1.1767878057490877,-0.07724068089066999,-3.512381557730366,True,ok,,0.3,0.1,0.084
2020-09-02 15:00:00+00:00,2.2321856496532178e-07,2.2321856496532178e-07,-2.3084541534215024,-2.3084539302029374,1.1767878057490877,1.1767875779750419,2.2321856491078945e-07,-2.3084541534215024,True,ok,,0.4,0.18,0.084
2020-09-02 16:00:00+00:00,1.8736354590043192e-07,1.8736354590043192e-07,-0.9471462230721414,-0.9471460357085955,1.1767875779750419,1.17678738678775,1.87363545823933e-07,-0.9471462230721414,True,ok,,0.4,0.18,0.084
2020-09-02 17:00:00+00:00,1.862336085067806e-07,1.862336085067806e-07,-0.07094182972251793,-0.07094164348890943,1.17678738678775,1.1767871967534558,1.8623360848052024e-07,-0.07094182972251793,True,ok,,0.4,0.18,0.084
2020-09-02 18:00:00+00:00,0.11014413646596437,0.11014413646596437,-1.9125641351203093e-07,0.11014394520955086,1.1767871967534558,1.0643952207677778,0.11014413646596435,-1.9125641351195213e-07,True,ok,,0.4,0.18,0.084
2020-09-02 19:00:00+00:00,0.0946643607477532,0.0946643607477532,3.059632063123763e-07,0.09466466671095951,1.0643952207677778,0.9677989342904787,0.0946643607477532,3.0596320631430206e-07,True,ok,,0.2,0.07,0.084
2020-09-02 20:00:00+00:00,0.08549319396458561,0.08549319396458561,3.0591843031002597e-07,0.08549349988301592,0.9677989342904787,0.8805609812653913,0.0854931939645856,3.059184303134932e-07,True,ok,,0.2,0.07,0.084
2020-09-02 21:00:00+00:00,0.12296969398004869,0.12296969398004869,3.0587107217872056e-07,0.12296999985112086,0.8805609812653913,0.7550817016939131,0.12296969398004867,3.058710721825509e-07,True,ok,,0.2,0.07,0.084
2020-09-02 22:00:00+00:00,0.10211441648768552,0.10211441648768552,3.058198375788246e-07,0.1021147223075231,0.7550817016939131,0.6508833175228054,0.10211441648768559,3.0581983757594044e-07,True,ok,,0.2,0.07,0.084
2020-09-02 23:00:00+00:00,0.08514346566104958,0.08514346566104958,1.4547072450799003e-07,0.08514361113177409,0.6508833175228054,0.5640022301135711,0.0851434656610496,1.4547072451282347e-07,True,ok,,0.2,0.07,0.084
2020-09-03 00:00:00+00:00,0.12935862584152413,0.12935862584152413,3.1882088796786334e-07,0.1293589446624121,0.5640022301135711,0.4320036323160975,0.12935862584152402,3.188208879619614e-07,True,ok,,0.2,0.07,0.084
2020-09-03 01:00:00+00:00,0.10234401450480535,0.10234401450480535,3.1874121356190166e-07,0.10234433324601891,0.4320036323160975,0.3275709644540512,0.10234401450480526,3.1874121356450004e-07,True,ok,,0.2,0.07,0.084
2020-09-03 02:00:00+00:00,0.14618511937802312,0.14618511937802312,1.0266755773313818e-07,0.14618522204558085,0.3275709644540512,0.17840247529280312,0.14618511937802325,1.0266755772215801e-07,True,ok,,0.2,0.07,0.084
2020-09-03 03:00:00+00:00,0.11832917407025997,0.11832917407025997,3.536204153525846e-07,0.11832952769067533,0.17840247529280312,0.05765842011906845,0.11832917407025996,3.5362041535421836e-07,True,ok,,0.2,0.07,0.084
2020-09-03 04:00:00+00:00,0.056504532287201016,0.056504532287201016,2.2665515297948247e-10,0.05650453251385617,0.05765842011906845,7.341117204753833e-07,0.05650453228720102,2.266551523363417e-10,True,ok,,0.3,0.1,0.084
2020-09-03 05:00:00+00:00,-0.29942299241769715,-0.29942299241769715,-2.4358398276191906e-07,-0.2994232360016799,7.341117204753833e-07,0.2934352666810637,-0.29942299241769715,-2.435839827850369e-07,True,ok,,0.3,0.1,0.084
2020-09-03 06:00:00+00:00,-0.9215338722076141,-0.9215338722076141,-2.435828846403254e-07,-0.9215341157904987,0.2934352666810637,1.1965384614445256,-0.921533872207614,-2.435828846599609e-07,True,ok,,0.3,0.1,0.084
2020-09-03 07:00:00+00:00,-1.2637056145352805,-1.2637056145352805,-2.435829522529076e-07,-1.2637058581182328,1.1965384614445256,2.4349699636891007,-1.2637056145352807,-2.435829522235873e-07,True,ok,,0.3,0.1,0.084
2020-09-03 08:00:00+00:00,-1.3154383255201891,-1.3154383255201891,-2.435829751235019e-07,-1.3154385691031643,2.4349699636891007,3.724099522698886,-1.3154383255201887,-2.4358297513762386e-07,True,ok,,0.3,0.1,0.084
2020-09-03 09:00:00+00:00,-1.395891045848941,-1.395891045848941,-2.435829888902674e-07,-1.39589128943193,3.724099522698886,5.092072747630848,-1.3958910458489413,-2.435829889777742e-07,True,ok,,0.3,0.1,0.084
2020-09-03 10:00:00+00:00,-1.1140312230551914,-1.1140312230551914,-2.435829826730185e-07,-1.114031466638174,5.092072747630848,6.183823346224935,-1.1140312230551914,-2.4358298261282313e-07,True,ok,,0.3,0.1,0.084
2020-09-03 11:00:00+00:00,-1.1480808463983194,-1.1480808463983194,-2.4358298622573216e-07,-1.1480810899813056,6.183823346224935,7.308942575695288,-1.1480808463983194,-2.435829862641062e-07,True,ok,,0.3,0.1,0.084
2020-09-03 12:00:00+00:00,-0.9391256126796325,-0.9391256126796325,-2.4358297290305586e-07,-0.9391258562626054,7.308942575695288,8.229285676121329,-0.9391256126796327,-2.435829729409268e-07,True,ok,,0.3,0.1,0.084
2020-09-03 13:00:00+00:00,-0.8352162937346843,-0.8352162937346843,-2.435829608016249e-07,-0.8352165373176451,8.229285676121329,9.047797643981319,-0.8352162937346842,-2.4358296076873953e-07,True,ok,,0.3,0.1,0.084
2020-09-03 14:00:00+00:00,-0.26306497186983885,-0.26306497186983885,-2.435827646807276e-07,-0.26306521545260353,9.047797643981319,9.30560131641376,-0.26306497186983885,-2.435827646742413e-07,True,ok,,0.3,0.1,0.084
2020-09-03 15:00:00+00:00,8.961983054278644e-08,8.961983054278644e-08,-0.10310241723199876,-0.10310232761216821,9.30560131641376,9.305601224964954,8.961983047963533e-08,-0.10310241723199876,True,ok,,0.4,0.18,0.084
2020-09-03 16:00:00+00:00,8.962400908831686e-08,8.962400908831686e-08,-0.0039055733537296427,-0.0039054837297205543,9.305601224964954,9.305601133511884,8.962400908514473e-08,-0.0039055733537296427,True,ok,,0.4,0.18,0.084
2020-09-03 17:00:00+00:00,0.10073579260476144,0.10073579260476144,-1.1276655161041038e-07,0.10073567983820983,9.305601133511884,9.202809508404984,0.10073579260476143,-1.1276655160748419e-07,True,ok,,0.4,0.18,0.084
2020-09-03 18:00:00+00:00,0.08524325157260461,0.08524325157260461,-1.1276657944925272e-07,0.08524313880602516,9.202809508404984,9.115826598637021,0.08524325157260462,-1.1276657945031085e-07,True,ok,,0.4,0.18,0.084
2020-09-03 19:00:00+00:00,0.6636930098975421,0.6636930098975421,0.021618016718024324,0.6853110266155664,9.115826598637021,8.438588833435448,0.663693009897542,0.021618016718024356,True,ok,,0.2,0.07,0.084
2020-09-03 20:00:00+00:00,4.977710611183842,4.977710611183842,1.1389263838138222,6.1166369949976644,8.438588833435448,3.359292291411119,4.97771061118384,1.1389263838138222,True,ok,,0.2,0.07,0.084
2020-09-03 21:00:00+00:00,2.5448133037375427,2.5448133037375427,0.02211702910327018,2.566930332840813,3.359292291411119,0.7625440222911775,2.5448133037375427,0.0221170291032702,True,ok,,0.2,0.07,0.084
2020-09-03 22:00:00+00:00,0.12309904710102235,0.12309904710102235,0.018189175084748127,0.14128822218577047,0.7625440222911775,0.6369327497391138,0.12309904710102236,0.01818917508474812,True,ok,,0.2,0.07,0.084
2020-09-03 23:00:00+00:00,0.0688819121089581,0.0688819121089581,0.01584433791435383,0.08472625002331192,0.6369327497391138,0.5666450843218097,0.06888191210895812,0.015844337914353825,True,ok,,0.2,0.07,0.084
2020-09-04 00:00:00+00:00,0.06388319799431616,0.06388319799431616,0.015153190787019516,0.07903638878133568,0.5666450843218097,0.5014581475929156,0.06388319799431616,0.015153190787019512,True,ok,,0.2,0.07,0.084
2020-09-04 01:00:00+00:00,0.1398011179655454,0.1398011179655454,0.016907048946321418,0.15670816691186681,0.5014581475929156,0.35880394558725703,0.13980111796554534,0.016907048946321432,True,ok,,0.2,0.07,0.084
2020-09-04 02:00:00+00:00,0.06976096878388192,0.06976096878388192,0.014413920229620375,0.0841748890135023,0.35880394558725703,0.28761928356288774,0.06976096878388197,0.014413920229620372,True,ok,,0.2,0.07,0.084
2020-09-04 03:00:00+00:00,0.15152244055004616,0.15152244055004616,0.015434615087525333,0.1669570556375715,0.28761928356288774,0.13300454830773858,0.15152244055004616,0.015434615087525333,True,ok,,0.2,0.07,0.084
2020-09-04 04:00:00+00:00,0.08197749992464479,0.08197749992464479,-1.5773618522452182e-11,0.08197749990887117,0.13300454830773858,0.04935403818055002,0.0819774999246448,-1.5773613191257056e-11,True,ok,,0.3,0.1,0.084
2020-09-04 05:00:00+00:00,0.048366719481549,0.048366719481549,-1.1854761131080416e-09,0.048366718296072884,0.04935403818055002,2.4279121430687e-07,0.048366719481549005,-1.1854761136208905e-09,True,ok,,0.3,0.1,0.084
2020-09-04 06:00:00+00:00,-0.2191642877459525,-0.2191642877459525,-0.09726177058991828,-0.3164260583358708,2.4279121430687e-07,0.21478124478224775,-0.21916428774595256,-0.09726177058991828,True,ok,,0.3,0.1,0.084
2020-09-04 07:00:00+00:00,-0.30414928250490225,-0.30414928250490225,-0.2175511198183201,-0.5217004023232223,0.21478124478224775,0.5128475416370519,-0.3041492825049023,-0.21755111981832007,True,ok,,0.3,0.1,0.084
2020-09-04 08:00:00+00:00,-0.5775010048913287,-0.5775010048913287,-1.1631703409778233,-1.740671345869152,0.5128475416370519,1.0787985264305542,-0.5775010048913288,-1.1631703409778233,True,ok,,0.3,0.1,0.084
2020-09-04 09:00:00+00:00,-0.49482849973617915,-0.49482849973617915,-2.7628304464793336,-3.2576589462155128,1.0787985264305542,1.5637304561720098,-0.4948284997361789,-2.7628304464793336,True,ok,,0.3,0.1,0.084
2020-09-04 10:00:00+00:00,-0.36164512070935784,-0.36164512070935784,-1.569312631418856,-1.9309577521282137,1.5637304561720098,1.9181426744671803,-0.3616451207093574,-1.569312631418856,True,ok,,0.3,0.1,0.084
2020-09-04 11:00:00+00:00,-0.3385945866623965,-0.3385945866623965,-2.3146847562495867,-2.653279342911983,1.9181426744671803,2.249965369396329,-0.3385945866623965,-2.3146847562495867,True,ok,,0.3,0.1,0.084
2020-09-04 12:00:00+00:00,-0.308152670638147,-0.308152670638147,-2.400073686266751,-2.708226356904898,2.249965369396329,2.551954986621713,-0.30815267063814716,-2.400073686266751,True,ok,,0.3,0.1,0.084
2020-09-04 13:00:00+00:00,-0.2958216277505916,-0.2958216277505916,-3.621498870074088,-3.91732049782468,2.551954986621713,2.841860181817293,-0.2958216277505905,-3.621498870074088,True,ok,,0.3,0.1,0.084
2020-09-04 14:00:00+00:00,-0.2613954944812469,-0.2613954944812469,-1.8906317996839,-2.152027294165147,2.841860181817293,3.0980277664089146,-0.2613954944812469,-1.8906317996839,True,ok,,0.3,0.1,0.084
2020-09-04 15:00:00+00:00,2.2296308110902885e-07,2.2296308110902885e-07,-0.8645751746820408,-0.8645749517189597,3.0980277664089146,3.0980275388955665,2.2296308103984473e-07,-0.8645751746820408,True,ok,,0.4,0.18,0.084
2020-09-04 16:00:00+00:00,5.0410722790550366e-08,5.0410722790550366e-08,-0.1008968149701208,-0.10089676455939801,3.0980275388955665,3.0980274874560534,5.04107227582744e-08,-0.1008968149701208,True,ok,,0.4,0.18,0.084
2020-09-04 17:00:00+00:00,0.6956915078076659,0.6956915078076659,-2.1196282329327687e-07,0.6956912958448426,3.0980274874560534,2.3881381937747617,0.695691507807666,-2.1196282329154937e-07,True,ok,,0.4,0.18,0.084
2020-09-04 18:00:00+00:00,0.7370383871966254,0.7370383871966254,-5.5265229725876e-08,0.7370383319313957,2.3881381937747617,1.6360582068394296,0.7370383871966252,-5.526522970439502e-08,True,ok,,0.4,0.18,0.084
2020-09-04 19:00:00+00:00,0.1708440118981517,0.1708440118981517,2.93709856047375e-07,0.17084430560800776,1.6360582068394296,1.4617275824535605,0.17084401189815185,2.9370985604341394e-07,True,ok,,0.2,0.07,0.084
2020-09-04 20:00:00+00:00,0.17196015107389515,0.17196015107389515,2.9367318182815794e-07,0.17196044474707697,1.4617275824535605,1.2862580405414226,0.1719601510738952,2.936731818227838e-07,True,ok,,0.2,0.07,0.084
2020-09-04 21:00:00+00:00,0.1762991233526168,0.1762991233526168,2.9363448453278984e-07,0.17629941698710133,1.2862580405414226,1.1063609758958952,0.17629912335261694,2.9363448454262845e-07,True,ok,,0.2,0.07,0.084
2020-09-04 22:00:00+00:00,0.05997873419779785,0.05997873419779785,2.935926956618151e-07,0.059979027790493515,1.1063609758958952,1.0451581858981422,0.05997873419779786,2.9359269565895045e-07,True,ok,,0.2,0.07,0.084
2020-09-04 23:00:00+00:00,0.14729498409726252,0.14729498409726252,2.9355123920549175e-07,0.14729527764850173,1.0451581858981422,0.8948571817172621,0.14729498409726252,2.935512391976356e-07,True,ok,,0.2,0.07,0.084
2020-09-05 00:00:00+00:00,0.09536253983618909,0.09536253983618909,2.9350477355472027e-07,0.09536283334096264,0.8948571817172621,0.7975484675987019,0.09536253983618913,2.935047735484011e-07,True,ok,,0.2,0.07,0.084
2020-09-05 01:00:00+00:00,0.12173342897631154,0.12173342897631154,2.934561428025173e-07,0.12173372243245434,0.7975484675987019,0.6733306829289962,0.12173342897631148,2.934561427994335e-07,True,ok,,0.2,0.07,0.084
2020-09-05 02:00:00+00:00,0.16713026712231377,0.16713026712231377,9.385983948395626e-08,0.16713036098215325,0.6733306829289962,0.5027895940286761,0.1671302671223138,9.385983948406359e-08,True,ok,,0.2,0.07,0.084
2020-09-05 03:00:00+00:00,0.05959466179245432,0.05959466179245432,3.103782694330315e-07,0.05959497217072375,0.5027895940286761,0.44197871464862065,0.0595946617924543,3.103782694339941e-07,True,ok,,0.2,0.07,0.084
2020-09-05 04:00:00+00:00,0.1341188925256263,0.1341188925256263,-3.818995231164024e-09,0.13411888870663108,0.44197871464862065,0.30512270186736934,0.13411889252562625,-3.818995241398437e-09,True,ok,,0.3,0.1,0.084
2020-09-05 05:00:00+00:00,0.2750905498813319,0.2750905498813319,-3.820079086391814e-09,0.2750905460612528,0.30512270186736934,0.02441805913131634,0.275090549881332,-3.820079100512206e-09,True,ok,,0.3,0.1,0.084
2020-09-05 06:00:00+00:00,0.023928736479949843,0.023928736479949843,-3.821146964816391e-09,0.023928732658802878,0.02441805913131634,9.810905511921375e-07,0.023928736479949936,-3.821146963952589e-09,True,ok,,0.3,0.1,0.084
2020-09-05 07:00:00+00:00,-0.047750878090806706,-0.047750878090806706,-0.022390976341178856,-0.07014185443198556,9.810905511921375e-07,0.04679684161954176,-0.047750878090806845,-0.022390976341178852,True,ok,,0.3,0.1,0.084
2020-09-05 08:00:00+00:00,-0.3840726932623604,-0.3840726932623604,-0.2219739379649649,-0.6060466312273253,0.04679684161954176,0.42318808101665495,-0.3840726932623602,-0.22197393796496492,True,ok,,0.3,0.1,0.084
2020-09-05 09:00:00+00:00,-0.3317884501635653,-0.3317884501635653,-0.3639460948910903,-0.6957345450546556,0.42318808101665495,0.7483407621769489,-0.3317884501635653,-0.3639460948910903,True,ok,,0.3,0.1,0.084
2020-09-05 10:00:00+00:00,-0.046816104181054315,-0.046816104181054315,-0.048243993118810134,-0.09506009729986445,0.7483407621769489,0.7942205442743822,-0.04681610418105439,-0.048243993118810134,True,ok,,0.3,0.1,0.084
2020-09-05 11:00:00+00:00,-0.17277922942513685,-0.17277922942513685,-0.2741778143401036,-0.4469570437652404,0.7942205442743822,0.9635441891110162,-0.1727792294251367,-0.2741778143401036,True,ok,,0.3,0.1,0.084
2020-09-05 12:00:00+00:00,-0.16476411349311693,-0.16476411349311693,-0.35388259427725977,-0.5186467077703767,0.9635441891110162,1.1250130203342708,-0.164764113493117,-0.35388259427725977,True,ok,,0.3,0.1,0.084
2020-09-05 13:00:00+00:00,-0.18117349465825672,-0.18117349465825672,-0.670864770610299,-0.8520382652685558,1.1250130203342708,1.3025630450993624,-0.1811734946582564,-0.670864770610299,True,ok,,0.3,0.1,0.084
2020-09-05 14:00:00+00:00,-0.19944557752150205,-0.19944557752150205,-2.992883153072925,-3.192328730594427,1.3025630450993624,1.4980197110704343,-0.19944557752150247,-2.992883153072925,True,ok,,0.3,0.1,0.084
2020-09-05 15:00:00+00:00,2.2310807323844273e-07,2.2310807323844273e-07,-0.4700027115075389,-0.4700024883994657,1.4980197110704343,1.4980194834091352,2.2310807330773566e-07,-0.4700027115075389,True,ok,,0.4,0.18,0.084
2020-09-05 16:00:00+00:00,1.8737717294436962e-07,1.8737717294436962e-07,-0.12626729181223142,-0.12626710443505848,1.4980194834091352,1.4980192922079383,1.8737717295172247e-07,-0.12626729181223142,True,ok,,0.4,0.18,0.084
2020-09-05 17:00:00+00:00,0.1401277601057953,0.1401277601057953,-1.9153255612081033e-07,0.1401275685732392,1.4980192922079383,1.3550317818959023,0.14012776010579528,-1.9153255611692197e-07,True,ok,,0.4,0.18,0.084
2020-09-05 18:00:00+00:00,0.06938394724315641,0.06938394724315641,-1.915491178311468e-07,0.06938375569403858,1.3550317818959023,1.2842318357294162,0.06938394724315641,-1.9154911782456293e-07,True,ok,,0.4,0.18,0.084
2020-09-05 19:00:00+00:00,0.1229504859935627,0.1229504859935627,2.0822305953072107e-07,0.12295069421662223,1.2842318357294162,1.1587721561441482,0.12295048599356266,2.0822305953315062e-07,True,ok,,0.2,0.07,0.084
2020-09-05 20:00:00+00:00,0.1185883001408564,0.1185883001408564,3.1085528398588913e-07,0.11858861099614039,1.1587721561441482,1.037763686612662,0.11858830014085646,3.1085528398334517e-07,True,ok,,0.2,0.07,0.084
2020-09-05 21:00:00+00:00,0.14109252277901208,0.14109252277901208,3.1080354831458656e-07,0.1410928335825604,1.037763686612662,0.893791724593262,0.141092522779012,3.1080354832513673e-07,True,ok,,0.2,0.07,0.084
2020-09-05 22:00:00+00:00,0.21779435553377496,0.21779435553377496,3.107485611053562e-07,0.21779466628233607,0.893791724593262,0.6715525862934916,0.2177943555337749,3.1074856109600787e-07,True,ok,,0.2,0.07,0.084
2020-09-05 23:00:00+00:00,0.08341505040058318,0.08341505040058318,3.1069124252491864e-07,0.08341536109182571,0.6715525862934916,0.5864351879255496,0.08341505040058317,3.1069124253147674e-07,True,ok,,0.2,0.07,0.084
2020-09-06 00:00:00+00:00,0.12597082843210025,0.12597082843210025,3.1062802621772967e-07,0.12597113906012647,0.5864351879255496,0.4578935262601412,0.12597082843210025,3.106280262065807e-07,True,ok,,0.2,0.07,0.084
2020-09-06 01:00:00+00:00,0.1525448840463508,0.1525448840463508,3.1055831101189924e-07,0.15254519460466182,0.4578935262601412,0.30223548131488526,0.1525448840463507,3.105583110046583e-07,True,ok,,0.2,0.07,0.084
2020-09-06 02:00:00+00:00,0.09101088407319823,0.09101088407319823,3.104817665466886e-07,0.09101119455496477,0.30223548131488526,0.20936723226060133,0.09101088407319821,3.104817665457174e-07,True,ok,,0.2,0.07,0.084
2020-09-06 03:00:00+00:00,0.1354593836589046,0.1354593836589046,3.1039813616628997e-07,0.13545969405704075,0.20936723226060133,0.07114337138416807,0.13545938365890461,3.1039813617258936e-07,True,ok,,0.2,0.07,0.084
2020-09-06 04:00:00+00:00,0.06971954200667924,0.06971954200667924,-1.69202311883776e-09,0.06971954031465612,0.07114337138416807,9.81581434147949e-07,0.06971954200667922,-1.6920231197918083e-09,True,ok,,0.3,0.1,0.084
2020-09-06 05:00:00+00:00,-0.117427022739926,-0.117427022739926,-0.05324681143332394,-0.17067383417324994,9.81581434147949e-07,0.11507946386656162,-0.11742702273992603,-0.05324681143332393,True,ok,,0.3,0.1,0.084
2020-09-06 06:00:00+00:00,-0.340608967243346,-0.340608967243346,-0.24140341603459237,-0.5820123832779384,0.11507946386656162,0.44887625176504065,-0.34060896724334633,-0.24140341603459237,True,ok,,0.3,0.1,0.084
2020-09-06 07:00:00+00:00,-0.7070164809216299,-0.7070164809216299,-1.8796604243642712,-2.586676905285901,0.44887625176504065,1.141752403068238,-0.70701648092163,-1.8796604243642712,True,ok,,0.3,0.1,0.084
2020-09-06 08:00:00+00:00,-0.5154910816720704,-0.5154910816720704,-3.3273291431890044,-3.8428202248610748,1.141752403068238,1.646933663106867,-0.5154910816720718,-3.3273291431890044,True,ok,,0.3,0.1,0.084
2020-09-06 09:00:00+00:00,-0.42204300104931924,-0.42204300104931924,-3.886400838065791,-4.30844383911511,1.646933663106867,2.0605358041352,-0.42204300104931947,-3.886400838065791,True,ok,,0.3,0.1,0.084
2020-09-06 10:00:00+00:00,-0.3662172645955595,-0.3662172645955595,-3.663475658080918,-4.029692922676477,2.0605358041352,2.4194287234388483,-0.36621726459556037,-3.663475658080918,True,ok,,0.3,0.1,0.084
2020-09-06 11:00:00+00:00,-0.32962755332824445,-0.32962755332824445,-3.3255336633789123,-3.6551612167071568,2.4194287234388483,2.742463725700528,-0.3296275533282448,-3.3255336633789123,True,ok,,0.3,0.1,0.084
2020-09-06 12:00:00+00:00,-0.30098399875633053,-0.30098399875633053,-2.7494550203084636,-3.050439019064794,2.742463725700528,3.037428044481732,-0.3009839987563301,-2.7494550203084636,True,ok,,0.3,0.1,0.084
2020-09-06 13:00:00+00:00,-0.2755904553123725,-0.2755904553123725,-2.0736909383498943,-2.3492813936622667,3.037428044481732,3.3075066906878567,-0.2755904553123728,-2.0736909383498943,True,ok,,0.3,0.1,0.084
2020-09-06 14:00:00+00:00,-0.24003073060098457,-0.24003073060098457,-1.146892137600392,-1.3869228682013766,3.3075066906878567,3.5427368066768214,-0.2400307306009843,-1.146892137600392,True,ok,,0.3,0.1,0.084
2020-09-06 15:00:00+00:00,2.2296611534855515e-07,2.2296611534855515e-07,-0.7891729098764708,-0.7891726869103555,3.5427368066768214,3.542736579160377,2.2296611526483497e-07,-0.7891729098764708,True,ok,,0.4,0.18,0.084
2020-09-06 16:00:00+00:00,0.166587293418421,0.166587293418421,-2.0742059173017857e-07,0.16658708599782926,3.542736579160377,3.3727495450599476,0.16658729341842105,-2.074205917410363e-07,True,ok,,0.4,0.18,0.084
2020-09-06 17:00:00+00:00,0.07467747683772145,0.07467747683772145,-5.533494676357442e-08,0.07467742150277469,3.3727495450599476,3.2965480380826806,0.0746774768377215,-5.533494675842343e-08,True,ok,,0.4,0.18,0.084
2020-09-06 18:00:00+00:00,0.18365735145521153,0.18365735145521153,-1.9428676822919044e-07,0.1836571571684433,3.2965480380826806,3.1091425774140973,0.18365735145521156,-1.9428676822322815e-07,True,ok,,0.4,0.18,0.084
2020-09-06 19:00:00+00:00,0.20876922971202677,0.20876922971202677,2.984411808515386e-07,0.20876952815320762,3.1091425774140973,2.8961127511773355,0.2087692297120268,2.9844118083833197e-07,True,ok,,0.2,0.07,0.084
2020-09-06 20:00:00+00:00,0.1191790346068534,0.1191790346068534,2.9840180688911477e-07,0.1191793330086603,2.8961127511773355,2.7745014913744237,0.11917903460685347,2.984018068858817e-07,True,ok,,0.2,0.07,0.084
2020-09-06 21:00:00+00:00,0.15419997927950857,0.15419997927950857,2.9835892653706786e-07,0.1542002776384351,2.7745014913744237,2.617154573742272,0.15419997927950851,2.983589265411452e-07,True,ok,,0.2,0.07,0.084
2020-09-06 22:00:00+00:00,0.07673161834239438,0.07673161834239438,2.9831304018679283e-07,0.07673191665543456,2.617154573742272,2.538857004005135,0.07673161834239438,2.9831304018802304e-07,True,ok,,0.2,0.07,0.084
2020-09-06 23:00:00+00:00,0.1001339795944943,0.1001339795944943,2.9826582931269385e-07,0.10013427786032361,2.538857004005135,2.4366794738066715,0.1001339795944943,2.9826582930798054e-07,True,ok,,0.2,0.07,0.084
2020-09-07 00:00:00+00:00,0.13077086859704912,0.13077086859704912,2.982150000274686e-07,0.13077116681204914,2.4366794738066715,2.303239811972948,0.13077086859704914,2.9821500002129727e-07,True,ok,,0.2,0.07,0.084
2020-09-07 01:00:00+00:00,0.08696831306459048,0.08696831306459048,2.981599018792025e-07,0.08696861122449236,2.303239811972948,2.214496635376427,0.08696831306459045,2.981599018808411e-07,True,ok,,0.2,0.07,0.084
2020-09-07 02:00:00+00:00,0.19179179358675086,0.19179179358675086,9.530987324368745e-08,0.1917918888966241,2.214496635376427,2.018790723553212,0.19179179358675086,9.530987324492647e-08,True,ok,,0.2,0.07,0.084
2020-09-07 03:00:00+00:00,1.0365364592207356,1.0365364592207356,3.1796830746166904e-07,1.036536777189043,2.018790723553212,0.9611004590422574,1.0365364592207356,3.179683075464529e-07,True,ok,,0.2,0.07,0.084
2020-09-07 04:00:00+00:00,0.9418775502780435,0.9418775502780435,-3.732122055843945e-09,0.9418775465459215,0.9611004590422574,9.17942212907974e-07,0.9418775502780437,-3.732122102412514e-09,True,ok,,0.3,0.1,0.084
2020-09-07 05:00:00+00:00,-0.0369419153494344,-0.0369419153494344,-0.01806892539528228,-0.055010840744716676,9.17942212907974e-07,0.036203994984658615,-0.03694191534943435,-0.01806892539528228,True,ok,,0.3,0.1,0.084
2020-09-07 06:00:00+00:00,-0.6590415663126907,-0.6590415663126907,-0.5627136193516946,-1.2217551856643853,0.036203994984658615,0.6820647299710956,-0.6590415663126905,-0.5627136193516946,True,ok,,0.3,0.1,0.084
2020-09-07 07:00:00+00:00,-0.6108442919657211,-0.6108442919657211,-1.5811905129185067,-2.1920348048842277,0.6820647299710956,1.2806921360975023,-0.6108442919657211,-1.5811905129185067,True,ok,,0.3,0.1,0.084
2020-09-07 08:00:00+00:00,-0.48003244917594534,-0.48003244917594534,-2.337277430197554,-2.817309879373499,1.2806921360975023,1.7511239362899287,-0.4800324491759451,-2.337277430197554,True,ok,,0.3,0.1,0.084
2020-09-07 09:00:00+00:00,-0.4235189356164586,-0.4235189356164586,-3.8859935059804895,-4.309512441596948,1.7511239362899287,2.166172493194058,-0.42351893561645876,-3.8859935059804895,True,ok,,0.3,0.1,0.084
2020-09-07 10:00:00+00:00,-0.37884404500997393,-0.37884404500997393,-3.7794830534528905,-4.158327098462864,2.166172493194058,2.5374396573038327,-0.37884404500997415,-3.7794830534528905,True,ok,,0.3,0.1,0.084
2020-09-07 11:00:00+00:00,-0.3861883178546295,-0.3861883178546295,-4.537001424548657,-4.923189742403286,2.5374396573038327,2.9159042088013694,-0.3861883178546306,-4.537001424548657,True,ok,,0.3,0.1,0.084
2020-09-07 12:00:00+00:00,-0.34998665830289655,-0.34998665830289655,-3.5766146471553837,-3.9266013054582802,2.9159042088013694,3.258891133938208,-0.34998665830289705,-3.5766146471553837,True,ok,,0.3,0.1,0.084
2020-09-07 13:00:00+00:00,-0.3328439908801908,-0.3328439908801908,-4.166307459250027,-4.499151450130218,3.258891133938208,3.585078245000795,-0.33284399088019123,-4.166307459250027,True,ok,,0.3,0.1,0.084
2020-09-07 14:00:00+00:00,-0.3074610417606287,-0.3074610417606287,-2.8742264259980543,-3.181687467758683,3.585078245000795,3.886390065926211,-0.3074610417606286,-2.8742264259980543,True,ok,,0.3,0.1,0.084
2020-09-07 15:00:00+00:00,2.2340268901466231e-07,2.2340268901466231e-07,-1.878572652433937,-1.878572429031248,3.886390065926211,3.8863898379642836,2.234026889205569e-07,-1.878572652433937,True,ok,,0.4,0.18,0.084
2020-09-07 16:00:00+00:00,2.2340275951382438e-07,2.2340275951382438e-07,-0.7260619227870507,-0.7260616993842912,3.8863898379642836,3.886389610002284,2.2340275957876978e-07,-0.7260619227870507,True,ok,,0.4,0.18,0.084
2020-09-07 17:00:00+00:00,0.36383184460434476,0.36383184460434476,-2.4280284149913456e-07,0.36383160180150326,3.886389610002284,3.5151326257121362,0.3638318446043448,-2.428028414877154e-07,True,ok,,0.4,0.18,0.084
2020-09-07 18:00:00+00:00,0.20394133142029153,0.20394133142029153,-2.4280294122491775e-07,0.2039410886173503,3.5151326257121362,3.3070292263036754,0.20394133142029142,-2.4280294123204394e-07,True,ok,,0.4,0.18,0.084
2020-09-07 19:00:00+00:00,0.3395466351357987,0.3395466351357987,2.2567564744724322e-07,0.33954686081144614,3.3070292263036754,2.9605530680018397,0.33954663513579875,2.2567564742019455e-07,True,ok,,0.2,0.07,0.084
2020-09-07 20:00:00+00:00,0.25000561233902224,0.25000561233902224,8.187018257777012e-08,0.2500056942092048,2.9605530680018397,2.70544530030896,0.25000561233902213,8.1870182571344e-08,True,ok,,0.2,0.07,0.084
2020-09-07 21:00:00+00:00,0.12023230183503995,0.12023230183503995,2.2567528523698144e-07,0.12023252751032519,2.70544530030896,2.582759278028307,0.12023230183503991,2.256752852410173e-07,True,ok,,0.2,0.07,0.084
2020-09-07 22:00:00+00:00,0.21390719133838063,0.21390719133838063,2.2567552940278013e-07,0.21390741701391003,2.582759278028307,2.3644866338054693,0.21390719133838054,2.2567552941399222e-07,True,ok,,0.2,0.07,0.084
2020-09-07 23:00:00+00:00,0.7557133269740595,0.7557133269740595,2.256757565266554e-07,0.755713552649816,2.3644866338054693,1.5933505858727557,0.7557133269740594,2.2567575647478524e-07,True,ok,,0.2,0.07,0.084
2020-09-08 00:00:00+00:00,0.16130213551093991,0.16130213551093991,2.2567540561291288e-07,0.16130236118634553,1.5933505858727557,1.428756570045266,0.16130213551093994,2.2567540560659836e-07,True,ok,,0.2,0.07,0.084
2020-09-08 01:00:00+00:00,0.6041991905749478,0.6041991905749478,2.2567570601150777e-07,0.6041994162506538,1.428756570045266,0.8122267837442989,0.6041991905749479,2.2567570600435254e-07,True,ok,,0.2,0.07,0.084
2020-09-08 02:00:00+00:00,0.31312163467493564,0.31312163467493564,2.256755677887412e-07,0.31312186035050343,0.8122267837442989,0.49271491162701764,0.31312163467493564,2.256755677786813e-07,True,ok,,0.2,0.07,0.084
2020-09-08 03:00:00+00:00,0.22558733006682022,0.22558733006682022,2.2567544347151802e-07,0.2255875557422637,0.49271491162701764,0.2625237584976092,0.22558733006682016,2.256754434775477e-07,True,ok,,0.2,0.07,0.084
2020-09-08 04:00:00+00:00,0.11277802257846141,0.11277802257846141,-5.146347001327989e-09,0.11277801743211441,0.2625237584976092,0.1474441436216282,0.11277802257846138,-5.146347008182423e-09,True,ok,,0.3,0.1,0.084
2020-09-08 05:00:00+00:00,-0.0735374594311313,-0.0735374594311313,-0.032213154481911366,-0.10575061391304266,0.1474441436216282,0.21951085386413688,-0.07353745943113121,-0.03221315448191137,True,ok,,0.3,0.1,0.084
2020-09-08 06:00:00+00:00,-0.23223282292190042,-0.23223282292190042,-0.04466068557396388,-0.2768935084958643,0.21951085386413688,0.4470990203275993,-0.23223282292190045,-0.04466068557396389,True,ok,,0.3,0.1,0.084
2020-09-08 07:00:00+00:00,-0.5873672197393959,-0.5873672197393959,-0.05769732442532727,-0.6450645441647231,0.4470990203275993,1.0227188956722073,-0.5873672197393961,-0.05769732442532731,True,ok,,0.3,0.1,0.084
2020-09-08 08:00:00+00:00,-1.561104011111213,-1.561104011111213,-0.06492789992256665,-1.6260319110337798,1.0227188956722073,2.5526008265611964,-1.561104011111213,-0.06492789992256659,True,ok,,0.3,0.1,0.084
2020-09-08 09:00:00+00:00,-1.1050666735473904,-1.1050666735473904,-0.06508050834856705,-1.1701471818959575,2.5526008265611964,3.6355661666376387,-1.1050666735473906,-0.06508050834856714,True,ok,,0.3,0.1,0.084
2020-09-08 10:00:00+00:00,0.29580231077046093,0.29580231077046093,-5.146332415773003e-09,0.2958023056241285,3.6355661666376387,3.3337270740147193,0.2958023107704619,-5.146332388568471e-09,True,ok,,0.3,0.1,0.084
2020-09-08 11:00:00+00:00,-0.6397737411394507,-0.6397737411394507,-0.03604522500334206,-0.6758189661427928,3.3337270740147193,3.960705340331381,-0.6397737411394516,-0.036045225003342035,True,ok,,0.3,0.1,0.084
2020-09-08 12:00:00+00:00,-0.8712602334925196,-0.8712602334925196,-0.03678640540156153,-0.9080466388940811,3.960705340331381,4.8145403691540505,-0.8712602334925198,-0.03678640540156149,True,ok,,0.3,0.1,0.084
2020-09-08 13:00:00+00:00,-1.460278693433574,-1.460278693433574,-0.03753306976011572,-1.4978117631936898,4.8145403691540505,6.245613488718953,-1.460278693433574,-0.037533069760115806,True,ok,,0.3,0.1,0.084
2020-09-08 14:00:00+00:00,1.3430817288518895,1.3430817288518895,-5.146329362659685e-09,1.3430817237055601,6.245613488718953,4.875121928666005,1.3430817288518897,-5.1463293731292175e-09,True,ok,,0.3,0.1,0.084
2020-09-08 15:00:00+00:00,2.2340274807852722e-07,2.2340274807852722e-07,-0.2104613480876424,-0.21046112468489434,4.875121928666005,4.875121700704017,2.234027481188677e-07,-0.2104613480876424,True,ok,,0.4,0.18,0.084
2020-09-08 16:00:00+00:00,0.9788503037960637,0.9788503037960637,-8.808425111528351e-08,0.9788502157118126,4.875121700704017,3.876294860095788,0.9788503037960635,-8.808425110521655e-08,True,ok,,0.4,0.18,0.084
2020-09-08 17:00:00+00:00,1.0860550525918804,1.0860550525918804,-2.428025154266322e-07,1.086054809789365,3.876294860095788,2.768075418675502,1.0860550525918797,-2.428025155139161e-07,True,ok,,0.4,0.18,0.084
2020-09-08 18:00:00+00:00,0.29032440889394656,0.29032440889394656,-2.428026634193614e-07,0.29032416609128314,2.768075418675502,2.471826021844944,0.2903244088939465,-2.428026634121149e-07,True,ok,,0.4,0.18,0.084
2020-09-08 19:00:00+00:00,0.2680449129084149,0.2680449129084149,2.2567582808052933e-07,0.268045138584243,2.471826021844944,2.1983108045914594,0.26804491290841503,2.2567582806257152e-07,True,ok,,0.2,0.07,0.084
2020-09-08 20:00:00+00:00,0.23650782955817246,0.23650782955817246,2.2567578306098568e-07,0.23650805523395552,2.1983108045914594,1.9569762846341405,0.2365078295581724,2.2567578306511602e-07,True,ok,,0.2,0.07,0.084
2020-09-08 21:00:00+00:00,0.22545096896027864,0.22545096896027864,2.256757484497829e-07,0.22545119463602709,1.9569762846341405,1.726924275490999,0.22545096896027866,2.2567574845222073e-07,True,ok,,0.2,0.07,0.084
2020-09-08 22:00:00+00:00,0.18493194096960408,0.18493194096960408,2.2567565796660638e-07,0.18493216664526205,1.726924275490999,1.5382182132771174,0.18493194096960408,2.2567565797383022e-07,True,ok,,0.2,0.07,0.084
2020-09-08 23:00:00+00:00,0.13505594098396836,0.13505594098396836,2.2567549273766474e-07,0.1350561666594611,1.5382182132771174,1.4004060285995987,0.1350559409839684,2.2567549274454855e-07,True,ok,,0.2,0.07,0.084
2020-09-09 00:00:00+00:00,0.18339535790898615,0.18339535790898615,2.256755872731553e-07,0.18339558358457342,1.4004060285995987,1.2132679082843068,0.18339535790898617,2.2567558726664973e-07,True,ok,,0.2,0.07,0.084
2020-09-09 01:00:00+00:00,0.20504680192820046,0.20504680192820046,2.2567558480290906e-07,0.20504702760378526,1.2132679082843068,1.0040364777453266,0.20504680192820054,2.2567558480819028e-07,True,ok,,0.2,0.07,0.084
2020-09-09 02:00:00+00:00,0.29747724615281873,0.29747724615281873,2.256756416740835e-07,0.2974774718284604,1.0040364777453266,0.7004882673853075,0.2974772461528188,2.2567564169815977e-07,True,ok,,0.2,0.07,0.084
2020-09-09 03:00:00+00:00,0.2264333300255546,0.2264333300255546,2.2567548910168433e-07,0.2264335557010437,0.7004882673853075,0.4694338489918844,0.22643333002555466,2.2567548908974413e-07,True,ok,,0.2,0.07,0.084
2020-09-09 04:00:00+00:00,0.14559653286584087,0.14559653286584087,-5.146343351469795e-09,0.14559652771949752,0.4694338489918844,0.3208659583124549,0.14559653286584087,-5.146343351496771e-09,True,ok,,0.3,0.1,0.084
2020-09-09 05:00:00+00:00,0.22971353175820158,0.22971353175820158,-5.146343712292278e-09,0.22971352661185787,0.3208659583124549,0.08646439529388186,0.22971353175820158,-5.1463437210858634e-09,True,ok,,0.3,0.1,0.084
2020-09-09 06:00:00+00:00,-0.3437081704304594,-0.3437081704304594,-0.09245567051537645,-0.4361638409458359,0.08646439529388186,0.4232984023157321,-0.3437081704304594,-0.09245567051537643,True,ok,,0.3,0.1,0.084
2020-09-09 07:00:00+00:00,-1.0435958381231163,-1.0435958381231163,-0.15394906913883477,-1.197544907261951,0.4232984023157321,1.4460223236763863,-1.0435958381231165,-0.1539490691388347,True,ok,,0.3,0.1,0.084
2020-09-09 08:00:00+00:00,-0.15675559922529447,-0.15675559922529447,-0.08408505357412968,-0.24084065279942415,1.4460223236763863,1.599642810917175,-0.15675559922529442,-0.08408505357412968,True,ok,,0.3,0.1,0.084
2020-09-09 09:00:00+00:00,1.191610137137222,1.191610137137222,-5.14635845050293e-09,1.1916101319908636,1.599642810917175,0.38371409955266267,1.191610137137221,-5.146358487889742e-09,True,ok,,0.3,0.1,0.084
2020-09-09 10:00:00+00:00,-0.07583788261425699,-0.07583788261425699,-0.10372883910216378,-0.17956672171642077,0.38371409955266267,0.4580352245146345,-0.07583788261425788,-0.10372883910216378,True,ok,,0.3,0.1,0.084
2020-09-09 11:00:00+00:00,-1.5758904875884503,-1.5758904875884503,-1.3215939340000014,-2.8974844215884517,0.4580352245146345,2.0024079023513157,-1.5758904875884503,-1.3215939340000014,True,ok,,0.3,0.1,0.084
2020-09-09 12:00:00+00:00,-1.3287120953370675,-1.3287120953370675,-1.9990798397591396,-3.327791935096207,2.0024079023513157,3.304545755781642,-1.3287120953370675,-1.9990798397591396,True,ok,,0.3,0.1,0.084
2020-09-09 13:00:00+00:00,-0.4355063594763794,-0.4355063594763794,-0.5647360678551724,-1.0002424273315518,3.304545755781642,3.7313419880684937,-0.4355063594763787,-0.5647360678551724,True,ok,,0.3,0.1,0.084
2020-09-09 14:00:00+00:00,-0.3910539904809692,-0.3910539904809692,-0.5290030338269395,-0.9200570243079087,3.7313419880684937,4.114574898739844,-0.3910539904809694,-0.5290030338269395,True,ok,,0.3,0.1,0.084
2020-09-09 15:00:00+00:00,2.2276396755005479e-07,2.2276396755005479e-07,-0.1608093810699799,-0.16080915830601236,4.114574898739844,4.114574671429673,2.2276396755504347e-07,-0.1608093810699799,True,ok,,0.4,0.18,0.084
2020-09-09 16:00:00+00:00,0.6139690761662703,0.6139690761662703,-2.0734840799896403e-07,0.6139688688178623,4.114574671429673,3.488075614117152,0.6139690761662704,-2.0734840799819818e-07,True,ok,,0.4,0.18,0.084
2020-09-09 17:00:00+00:00,0.2637263558042038,0.2637263558042038,-2.0608751621908894e-07,0.26372614971668756,3.488075614117152,3.2189670877863317,0.26372635580420406,-2.0608751621956288e-07,True,ok,,0.4,0.18,0.084
2020-09-09 18:00:00+00:00,0.9355744119664583,0.9355744119664583,-1.9120314609377687e-07,0.9355742207633122,3.2189670877863317,2.264299320473619,0.9355744119664585,-1.912031460827138e-07,True,ok,,0.4,0.18,0.084
2020-09-09 19:00:00+00:00,0.25897408238045416,0.25897408238045416,3.061262232040285e-07,0.25897438850667737,2.264299320473619,2.000040052738462,0.258974082380454,3.061262231943081e-07,True,ok,,0.2,0.07,0.084
2020-09-09 20:00:00+00:00,0.16623277686700716,0.16623277686700716,3.0608443266078034e-07,0.16623308295143982,2.000040052738462,1.8304147702211075,0.16623277686700716,3.0608443266418244e-07,True,ok,,0.2,0.07,0.084
2020-09-09 21:00:00+00:00,0.231968582561348,0.231968582561348,3.060366700058381e-07,0.231968888598018,1.8304147702211075,1.5937121349544259,0.2319685825613482,3.060366699929288e-07,True,ok,,0.2,0.07,0.084
2020-09-09 22:00:00+00:00,0.1400876103093465,0.1400876103093465,3.059880363531775e-07,0.14008791629738285,1.5937121349544259,1.4507655938224397,0.1400876103093466,3.059880363509882e-07,True,ok,,0.2,0.07,0.084
2020-09-09 23:00:00+00:00,0.15057591629601025,0.15057591629601025,3.059329935217736e-07,0.15057622222900377,1.4507655938224397,1.2971166996428374,0.15057591629601016,3.059329935108921e-07,True,ok,,0.2,0.07,0.084
2020-09-10 00:00:00+00:00,0.20939458276777498,0.20939458276777498,3.0587432439665996e-07,0.20939488864209937,1.2971166996428374,1.083448758043067,0.20939458276777492,3.0587432439175077e-07,True,ok,,0.2,0.07,0.084
2020-09-10 01:00:00+00:00,0.43709553125352396,0.43709553125352396,1.0648120746248324e-07,0.4370956377347314,1.083448758043067,0.6374329098251854,0.437095531253524,1.0648120746710158e-07,True,ok,,0.2,0.07,0.084
2020-09-10 02:00:00+00:00,0.3516061984958749,0.3516061984958749,1.0647550280351581e-07,0.3516063049713777,0.6374329098251854,0.2786510746253131,0.3516061984958749,1.0647550282836892e-07,True,ok,,0.2,0.07,0.084
2020-09-10 03:00:00+00:00,0.15997074296851446,0.15997074296851446,3.682337252342016e-07,0.1599711112022397,0.2786510746253131,0.11541562261662486,0.15997074296851455,3.6823372522391424e-07,True,ok,,0.2,0.07,0.084
2020-09-10 04:00:00+00:00,0.11310664335444774,0.11310664335444774,-3.2483050138587544e-09,0.11310664010614273,0.11541562261662486,6.804182087899457e-07,0.11310664335444783,-3.248305008293089e-09,True,ok,,0.3,0.1,0.084
2020-09-10 05:00:00+00:00,-0.018511598914562447,-0.018511598914562447,-0.009041354809184235,-0.027552953723746682,6.804182087899457e-07,0.01814204735447999,-0.018511598914562458,-0.009041354809184235,True,ok,,0.3,0.1,0.084
2020-09-10 06:00:00+00:00,-0.7009634435517966,-0.7009634435517966,-0.33801448950928026,-1.0389779330610769,0.01814204735447999,0.7050862220352406,-0.7009634435517966,-0.3380144895092803,True,ok,,0.3,0.1,0.084
2020-09-10 07:00:00+00:00,-1.4422704636923664,-1.4422704636923664,-0.9596579441323585,-2.401928407824725,0.7050862220352406,2.1185112764537597,-1.442270463692366,-0.9596579441323584,True,ok,,0.3,0.1,0.084
2020-09-10 08:00:00+00:00,-0.9902270924510566,-0.9902270924510566,-1.0253629694087358,-2.0155900618597924,2.1185112764537597,3.0889338270557953,-0.9902270924510562,-1.0253629694087358,True,ok,,0.3,0.1,0.084
2020-09-10 09:00:00+00:00,-1.4862085013012298,-1.4862085013012298,-2.1899925726701492,-3.676201073971379,3.0889338270557953,4.5454181583310005,-1.4862085013012298,-2.1899925726701492,True,ok,,0.3,0.1,0.084
2020-09-10 10:00:00+00:00,-1.4215484392501363,-1.4215484392501363,-2.6352199579837245,-4.056768397233861,4.5454181583310005,5.938535628796134,-1.4215484392501367,-2.6352199579837245,True,ok,,0.3,0.1,0.084
2020-09-10 11:00:00+00:00,-1.3646645733881275,-1.3646645733881275,-2.7131916139022136,-4.077856187290341,5.938535628796134,7.275906910716499,-1.3646645733881277,-2.7131916139022136,True,ok,,0.3,0.1,0.084
2020-09-10 12:00:00+00:00,-0.7291931471592066,-0.7291931471592066,-1.1484292004289856,-1.8776223475881921,7.275906910716499,7.990516194932521,-0.7291931471592059,-1.1484292004289856,True,ok,,0.3,0.1,0.084
2020-09-10 13:00:00+00:00,-0.49953674341146337,-0.49953674341146337,-0.5858677258867572,-1.0854044692982205,7.990516194932521,8.480062203475756,-0.49953674341146287,-0.5858677258867572,True,ok,,0.3,0.1,0.084
2020-09-10 14:00:00+00:00,-0.6798871103039005,-0.6798871103039005,-0.7954460010246484,-1.4753331113285488,8.480062203475756,9.146351571573579,-0.6798871103039006,-0.7954460010246484,True,ok,,0.3,0.1,0.084
2020-09-10 15:00:00+00:00,2.829535463710897e-07,2.829535463710897e-07,-1.4509523652480691,-1.4509520822945228,9.146351571573579,9.14635128284547,2.8295354623475717e-07,-1.4509523652480691,True,ok,,0.4,0.18,0.084
2020-09-10 16:00:00+00:00,1.8165439008566153e-07,1.8165439008566153e-07,-0.7722661777143597,-0.7722659960599696,9.14635128284547,9.146351097483848,1.816543899657441e-07,-0.7722661777143597,True,ok,,0.4,0.18,0.084
2020-09-10 17:00:00+00:00,0.6879793977235165,0.6879793977235165,-2.0168788150698447e-07,0.687979196035635,9.146351097483848,8.444331303888422,0.6879793977235167,-2.016878815051322e-07,True,ok,,0.4,0.18,0.084
2020-09-10 18:00:00+00:00,0.280279645727107,0.280279645727107,-2.0169221270904814e-07,0.2802794440348943,8.444331303888422,8.158331665391374,0.28027964572710706,-2.016922127340681e-07,True,ok,,0.4,0.18,0.084
2020-09-10 19:00:00+00:00,0.211376662573104,0.211376662573104,2.8221519299265196e-07,0.211376944788297,8.158331665391374,7.9426411933780035,0.21137666257310397,2.822151929879203e-07,True,ok,,0.2,0.07,0.084
2020-09-10 20:00:00+00:00,0.2687774399779594,0.2687774399779594,2.821873603120473e-07,0.2687777221653197,7.9426411933780035,7.668378499522943,0.26877743997795944,2.8218736030363306e-07,True,ok,,0.2,0.07,0.084
2020-09-10 21:00:00+00:00,0.3012376897126633,0.3012376897126633,2.8216009134718334e-07,0.30123797187275464,7.668378499522943,7.36099310185696,0.3012376897126633,2.8216009136328485e-07,True,ok,,0.2,0.07,0.084
2020-09-10 22:00:00+00:00,0.9063784672264782,0.9063784672264782,1.156325611928466e-07,0.9063785828590394,7.36099310185696,6.436117114891166,0.9063784672264782,1.1563256119537732e-07,True,ok,,0.2,0.07,0.084
2020-09-10 23:00:00+00:00,4.999999739745647,4.999999739745647,0.17639924711844035,5.176398986864087,6.436117114891166,1.334076564130302,4.999999739745648,0.17639924711844074,True,ok,,0.2,0.07,0.084
2020-09-11 00:00:00+00:00,0.16988057159281178,0.16988057159281178,2.896974842514499e-07,0.16988086129029603,1.334076564130302,1.1607290420968206,0.16988057159281175,2.8969748425927767e-07,True,ok,,0.2,0.07,0.084
2020-09-11 01:00:00+00:00,0.17150057152230577,0.17150057152230577,2.896535493124297e-07,0.17150086117585508,1.1607290420968206,0.9857284589107943,0.17150057152230577,2.8965354931369766e-07,True,ok,,0.2,0.07,0.084
2020-09-11 02:00:00+00:00,0.3919835726733266,0.3919835726733266,9.293603331350653e-08,0.39198366560935993,0.9857284589107943,0.5857452214890324,0.39198357267332656,9.293603332856656e-08,True,ok,,0.2,0.07,0.084
2020-09-11 03:00:00+00:00,0.22573586132560594,0.22573586132560594,3.044893237824642e-07,0.22573616581492972,0.5857452214890324,0.355402505850659,0.22573586132560608,3.044893237735295e-07,True,ok,,0.2,0.07,0.084
2020-09-11 04:00:00+00:00,0.13453139741774972,0.13453139741774972,-1.701703777889918e-09,0.13453139571604594,0.355402505850659,0.21812556971009808,0.13453139741774964,-1.7017037778507334e-09,True,ok,,0.3,0.1,0.084
2020-09-11 05:00:00+00:00,0.21376204142441949,0.21376204142441949,-3.892245525882743e-09,0.21376203753217396,0.21812556971009808,1.037644363904855e-06,0.21376204142441962,-3.8922455130134146e-09,True,ok,,0.3,0.1,0.084
2020-09-11 06:00:00+00:00,-0.4271555220868909,-0.4271555220868909,-0.20504570349468054,-0.6322012255815714,1.037644363904855e-06,0.41861344928951694,-0.42715552208689084,-0.20504570349468057,True,ok,,0.3,0.1,0.084
2020-09-11 07:00:00+00:00,-0.3084676381888319,-0.3084676381888319,-0.2748653439943097,-0.5833329821831416,0.41861344928951694,0.7209117347145721,-0.3084676381888313,-0.2748653439943097,True,ok,,0.3,0.1,0.084
2020-09-11 08:00:00+00:00,-0.6435136014350402,-0.6435136014350402,-1.5751489542984556,-2.218662555733496,0.7209117347145721,1.3515550641209115,-0.6435136014350402,-1.5751489542984556,True,ok,,0.3,0.1,0.084
2020-09-11 09:00:00+00:00,-0.5326012002097702,-0.5326012002097702,-2.981626594749034,-3.514227794958804,1.3515550641209115,1.8735042403264863,-0.5326012002097693,-2.981626594749034,True,ok,,0.3,0.1,0.084
2020-09-11 10:00:00+00:00,-0.1485244323847681,-0.1485244323847681,-4.361057624784712,-4.50958205716948,1.8735042403264863,2.019058184063559,-0.14852443238476726,-4.361057624784712,True,ok,,0.3,0.1,0.084
2020-09-11 11:00:00+00:00,-0.5064369370514483,-0.5064369370514483,-3.7621825484988256,-4.268619485550274,2.019058184063559,2.515366382373978,-0.5064369370514489,-3.7621825484988256,True,ok,,0.3,0.1,0.084
2020-09-11 12:00:00+00:00,-0.445794461918231,-0.445794461918231,-3.8962379185481204,-4.342032380466351,2.515366382373978,2.9522449550538443,-0.445794461918231,-3.8962379185481204,True,ok,,0.3,0.1,0.084
2020-09-11 13:00:00+00:00,-0.39518538519513324,-0.39518538519513324,-2.9719111940742975,-3.3670965792694307,2.9522449550538443,3.3395266325450748,-0.3951853851951337,-2.9719111940742975,True,ok,,0.3,0.1,0.084
2020-09-11 14:00:00+00:00,-0.35295095858088743,-0.35295095858088743,-2.090463036783912,-2.4434139953647995,3.3395266325450748,3.6854185719543446,-0.3529509585808868,-2.090463036783912,True,ok,,0.3,0.1,0.084
2020-09-11 15:00:00+00:00,0.03192515955041226,0.03192515955041226,-2.9875206024321255e-07,0.031924860798352016,3.6854185719543446,3.6528418785355568,0.031925159550412044,-2.9875206024646065e-07,True,ok,,0.4,0.18,0.084
2020-09-11 16:00:00+00:00,2.096745728430438e-07,2.096745728430438e-07,-0.24282232075399995,-0.2428221110794271,3.6528418785355568,3.652841664581911,2.096745730315094e-07,-0.24282232075399995,True,ok,,0.4,0.18,0.084
2020-09-11 17:00:00+00:00,0.2842413458343224,0.2842413458343224,-2.008037561229692e-07,0.2842411450305663,3.652841664581911,3.362799474955051,0.2842413458343225,-2.0080375609894802e-07,True,ok,,0.4,0.18,0.084
2020-09-11 18:00:00+00:00,0.2979513959925953,0.2979513959925953,-2.008161525957064e-07,0.2979511951764427,3.362799474955051,3.058767438227913,0.29795139599259524,-2.0081615258156804e-07,True,ok,,0.4,0.18,0.084
2020-09-11 19:00:00+00:00,0.3364542443382246,0.3364542443382246,2.839935320242404e-07,0.3364545283317566,3.058767438227913,2.7154467807399287,0.3364542443382245,2.839935320202512e-07,True,ok,,0.2,0.07,0.084
2020-09-11 20:00:00+00:00,0.21525757739702894,0.21525757739702894,2.8396818319009753e-07,0.21525786136521213,2.7154467807399287,2.495796191559287,0.21525757739702905,2.8396818318389895e-07,True,ok,,0.2,0.07,0.084
2020-09-11 21:00:00+00:00,0.1989510495081955,0.1989510495081955,2.8393777723456637e-07,0.19895133344597274,2.495796191559287,2.292784916550924,0.19895104950819534,2.8393777722143783e-07,True,ok,,0.2,0.07,0.084
2020-09-11 22:00:00+00:00,0.1138814661856299,0.1138814661856299,2.8390528694632877e-07,0.11388175009091685,2.292784916550924,2.1765793388104857,0.11388146618562985,2.839052869531709e-07,True,ok,,0.2,0.07,0.084
2020-09-11 23:00:00+00:00,0.21101241087199565,0.21101241087199565,2.838709486641111e-07,0.21101269474294432,2.1765793388104857,1.9612605522064086,0.2110124108719955,2.8387094865751823e-07,True,ok,,0.2,0.07,0.084
2020-09-12 00:00:00+00:00,0.2592774101583883,0.2592774101583883,2.8383645206409014e-07,0.25927769399484035,1.9612605522064086,1.6966917663305021,0.2592774101583883,2.8383645205550207e-07,True,ok,,0.2,0.07,0.084
2020-09-12 01:00:00+00:00,0.1715277437882445,0.1715277437882445,2.8380187147569735e-07,0.17152802759011598,1.6966917663305021,1.5216634563424976,0.1715277437882445,2.838018714780259e-07,True,ok,,0.2,0.07,0.084
2020-09-12 02:00:00+00:00,0.7702497722651789,0.7702497722651789,2.8376318805811707e-07,0.7702500560283669,1.5216634563424976,0.735694300969866,0.7702497722651789,2.8376318800593454e-07,True,ok,,0.2,0.07,0.084
2020-09-12 03:00:00+00:00,0.18792588306403238,0.18792588306403238,2.8374324798075e-07,0.18792616680728036,0.735694300969866,0.543933195802486,0.18792588306403238,2.83743247978333e-07,True,ok,,0.2,0.07,0.084
2020-09-12 04:00:00+00:00,0.30696292099382677,0.30696292099382677,-4.15566347999885e-09,0.3069629168381633,0.543933195802486,0.23070572540062195,0.3069629209938268,-4.155663492508458e-09,True,ok,,0.3,0.1,0.084
2020-09-12 05:00:00+00:00,0.22609031878087196,0.22609031878087196,-4.156187866088956e-09,0.2260903146246841,0.23070572540062195,1.318481364837032e-06,0.22609031878087207,-4.156187863080565e-09,True,ok,,0.3,0.1,0.084
2020-09-12 06:00:00+00:00,-0.3042838562258414,-0.3042838562258414,-0.15975040369243393,-0.46403425991827535,1.318481364837032e-06,0.2981994975826894,-0.30428385622584153,-0.15975040369243393,True,ok,,0.3,0.1,0.084
2020-09-12 07:00:00+00:00,-0.8851740997086641,-0.8851740997086641,-1.0394237614412776,-1.9245978611499417,0.2981994975826894,1.1656701152971802,-0.8851740997086648,-1.0394237614412776,True,ok,,0.3,0.1,0.084
2020-09-12 08:00:00+00:00,-0.6477355361549422,-0.6477355361549422,-2.392690598110944,-3.040426134265886,1.1656701152971802,1.8004509407290237,-0.6477355361549426,-2.392690598110944,True,ok,,0.3,0.1,0.084
2020-09-12 09:00:00+00:00,-0.5218462783363198,-0.5218462783363198,-2.893490242004479,-3.415336520340799,1.8004509407290237,2.311860293498617,-0.5218462783363198,-2.893490242004479,True,ok,,0.3,0.1,0.084
2020-09-12 10:00:00+00:00,-0.4655876325051995,-0.4655876325051995,-3.8749074873638243,-4.340495119869024,2.311860293498617,2.768136173353713,-0.46558763250519936,-3.8749074873638243,True,ok,,0.3,0.1,0.084
2020-09-12 11:00:00+00:00,-0.4244514419575598,-0.4244514419575598,-4.484012148031163,-4.908463589988723,2.768136173353713,3.1840985864721216,-0.4244514419575609,-4.484012148031163,True,ok,,0.3,0.1,0.084
2020-09-12 12:00:00+00:00,-0.39080349904226974,-0.39080349904226974,-4.2456162957145205,-4.63641979475679,3.1840985864721216,3.5670860155335458,-0.3908034990422693,-4.2456162957145205,True,ok,,0.3,0.1,0.084
2020-09-12 13:00:00+00:00,-0.36167239609834834,-0.36167239609834834,-3.4376068993398383,-3.7992792954381867,3.5670860155335458,3.921524963709927,-0.3616723960983476,-3.4376068993398383,True,ok,,0.3,0.1,0.084
2020-09-12 14:00:00+00:00,-0.3331619452451857,-0.3331619452451857,-2.438465843090607,-2.7716277883357927,3.921524963709927,4.248023670050209,-0.33316194524518616,-2.438465843090607,True,ok,,0.3,0.1,0.084
2020-09-12 15:00:00+00:00,2.2276831090906057e-07,2.2276831090906057e-07,-1.6475411814988736,-1.6475409587305627,4.248023670050209,4.248023442735606,2.2276831111519525e-07,-1.6475411814988736,True,ok,,0.4,0.18,0.084
2020-09-12 16:00:00+00:00,0.48481512823559325,0.48481512823559325,-2.0734128819421827e-07,0.48481492089430506,4.248023442735606,3.7533141282094906,0.4848151282355936,-2.0734128816937204e-07,True,ok,,0.4,0.18,0.084
2020-09-12 17:00:00+00:00,0.2506155654866745,0.2506155654866745,-1.9151019731156183e-07,0.2506153739764772,3.7533141282094906,3.497583959345537,0.25061556548667474,-1.9151019733747897e-07,True,ok,,0.4,0.18,0.084
2020-09-12 18:00:00+00:00,0.7136607446412988,0.7136607446412988,-1.9152502994668197e-07,0.7136605531162689,3.497583959345537,2.7693587097115584,0.7136607446412987,-1.9152502991902007e-07,True,ok,,0.4,0.18,0.084
2020-09-12 19:00:00+00:00,0.7258876101898448,0.7258876101898448,3.0529426686687344e-07,0.7258879154841117,2.7693587097115584,2.0286570666606965,0.7258876101898447,3.052942669159727e-07,True,ok,,0.2,0.07,0.084
2020-09-12 20:00:00+00:00,0.7541392493370123,0.7541392493370123,3.0527218009002155e-07,0.7541395546091924,2.0286570666606965,1.259127220398439,0.7541392493370124,3.0527218006177496e-07,True,ok,,0.2,0.07,0.084
2020-09-12 21:00:00+00:00,0.2572973609720789,0.2572973609720789,3.052491157062853e-07,0.2572976662211946,1.259127220398439,0.9965788928759094,0.2572973609720789,3.0524911568347616e-07,True,ok,,0.2,0.07,0.084
2020-09-12 22:00:00+00:00,0.12590822264620616,0.12590822264620616,3.0520224925112416e-07,0.1259085278484554,0.9965788928759094,0.8681011146654949,0.12590822264620616,3.0520224925527404e-07,True,ok,,0.2,0.07,0.084
2020-09-12 23:00:00+00:00,0.09568941704625805,0.09568941704625805,3.0514735394060466e-07,0.09568972219361199,0.8681011146654949,0.7704588523733948,0.09568941704625804,3.0514735394643955e-07,True,ok,,0.2,0.07,0.084
2020-09-13 00:00:00+00:00,0.10202333399377926,0.10202333399377926,3.0508912936266785e-07,0.10202363908290862,0.7704588523733948,0.6663534095225997,0.1020233339937793,3.050891293656795e-07,True,ok,,0.2,0.07,0.084
2020-09-13 01:00:00+00:00,0.15754211150892392,0.15754211150892392,3.050265593440571e-07,0.15754241653548326,0.6663534095225997,0.5055961528808406,0.15754211150892386,3.050265593565873e-07,True,ok,,0.2,0.07,0.084
2020-09-13 02:00:00+00:00,0.110876806434093,0.110876806434093,3.04958458235971e-07,0.11087711139255124,0.5055961528808406,0.39245655447870487,0.11087680643409295,3.04958458242266e-07,True,ok,,0.2,0.07,0.084
2020-09-13 03:00:00+00:00,0.10753558425436789,0.10753558425436789,3.0488374781756367e-07,0.10753588913811571,0.39245655447870487,0.28272636646404375,0.10753558425436786,3.048837478234393e-07,True,ok,,0.2,0.07,0.084
2020-09-13 04:00:00+00:00,0.2770708289272225,0.2770708289272225,-3.8839136906609895e-09,0.2770708250433088,0.28272636646404375,1.0308240207534958e-06,0.27707082892722257,-3.883913718085415e-09,True,ok,,0.3,0.1,0.084
2020-09-13 05:00:00+00:00,-0.0059140517934475854,-0.0059140517934475854,-0.0029451255827628257,-0.008859177376210411,1.0308240207534958e-06,0.0057968015815993874,-0.0059140517934476,-0.0029451255827628252,True,ok,,0.3,0.1,0.084
2020-09-13 06:00:00+00:00,-0.3263972435611741,-0.3263972435611741,-0.2839555603889348,-0.6103528039501089,0.0057968015815993874,0.32566610027155,-0.32639724356117383,-0.2839555603889348,True,ok,,0.3,0.1,0.084
2020-09-13 07:00:00+00:00,-0.35747456233051356,-0.35747456233051356,-1.4679208063968088,-1.8253953687273223,0.32566610027155,0.6759911713554533,-0.35747456233051367,-1.4679208063968088,True,ok,,0.3,0.1,0.084
2020-09-13 08:00:00+00:00,-0.24037114303767426,-0.24037114303767426,-2.3773533612446087,-2.617724504282283,0.6759911713554533,0.911554891532374,-0.24037114303767354,-2.3773533612446087,True,ok,,0.3,0.1,0.084
2020-09-13 09:00:00+00:00,-0.2040556412374257,-0.2040556412374257,-3.810573413168163,-4.014629054405589,0.911554891532374,1.1115294199450512,-0.2040556412374249,-3.810573413168163,True,ok,,0.3,0.1,0.084
2020-09-13 10:00:00+00:00,-0.17887083693170247,-0.17887083693170247,-4.370860784539059,-4.5497316214707615,1.1115294199450512,1.2868228401381197,-0.17887083693170203,-4.370860784539059,True,ok,,0.3,0.1,0.084
2020-09-13 11:00:00+00:00,-0.16013254704775992,-0.16013254704775992,-3.7521240881212914,-3.9122566351690513,1.2868228401381197,1.4437527362449243,-0.1601325470477601,-3.7521240881212914,True,ok,,0.3,0.1,0.084
2020-09-13 12:00:00+00:00,-0.14802323022754127,-0.14802323022754127,-4.486270027523139,-4.63429325775068,1.4437527362449243,1.5888155018679146,-0.1480232302275407,-4.486270027523139,True,ok,,0.3,0.1,0.084
2020-09-13 13:00:00+00:00,-0.13653002964764394,-0.13653002964764394,-3.33005002662232,-3.466580056269964,1.5888155018679146,1.7226149309226058,-0.136530029647644,-3.33005002662232,True,ok,,0.3,0.1,0.084
2020-09-13 14:00:00+00:00,-0.12737950821973199,-0.12737950821973199,-2.666971440433361,-2.794350948653093,1.7226149309226058,1.8474468489779432,-0.12737950821973226,-2.666971440433361,True,ok,,0.3,0.1,0.084
2020-09-13 15:00:00+00:00,8.101815196503992e-08,8.101815196503992e-08,-1.064544290424812,-1.06454420940666,1.8474468489779432,1.8474467663063596,8.101815182551366e-08,-1.064544290424812,True,ok,,0.4,0.18,0.084
2020-09-13 16:00:00+00:00,0.21375139593337017,0.21375139593337017,-2.3655104483544243e-07,0.21375115938232533,1.8474467663063596,1.6293330969865942,0.21375139593336995,-2.3655104482202005e-07,True,ok,,0.4,0.18,0.084
2020-09-13 17:00:00+00:00,0.05643109980352356,0.05643109980352356,-6.825970775420354e-08,0.056431031543815804,1.6293330969865942,1.5717503420850396,0.05643109980352357,-6.825970775529326e-08,True,ok,,0.4,0.18,0.084
2020-09-13 18:00:00+00:00,0.20740059515036827,0.20740059515036827,-2.0622873656006568e-07,0.2074003889216317,1.5717503420850396,1.360117081727521,0.20740059515036813,-2.0622873656237575e-07,True,ok,,0.4,0.18,0.084
2020-09-13 19:00:00+00:00,0.19608450434441851,0.19608450434441851,2.735432436118401e-07,0.19608477788766213,1.360117081727521,1.160030852804645,0.19608450434441826,2.735432436038513e-07,True,ok,,0.2,0.07,0.084
2020-09-13 20:00:00+00:00,0.09786344859146918,0.09786344859146918,2.735209745224898e-07,0.09786372211244371,1.160030852804645,1.0601701909766152,0.0978634485914692,2.7352097452439573e-07,True,ok,,0.2,0.07,0.084
2020-09-13 21:00:00+00:00,0.1799250601186505,0.1799250601186505,2.7349781817065377e-07,0.17992533361646867,1.0601701909766152,0.8765731908555433,0.17992506011865048,2.734978181662873e-07,True,ok,,0.2,0.07,0.084
2020-09-13 22:00:00+00:00,0.07502269903372182,0.07502269903372182,2.734732251763461e-07,0.07502297250694699,0.8765731908555433,0.8000194163313373,0.07502269903372182,2.7347322516952673e-07,True,ok,,0.2,0.07,0.084
2020-09-13 23:00:00+00:00,0.1286417819937325,0.1286417819937325,2.734488655231626e-07,0.12864205544259802,0.8000194163313373,0.6687522918479368,0.12864178199373244,2.734488655200542e-07,True,ok,,0.2,0.07,0.084
2020-09-14 00:00:00+00:00,0.10002514318470372,0.10002514318470372,2.7342262329255185e-07,0.10002541660732701,0.6687522918479368,0.566685819210484,0.10002514318470371,2.7342262329800203e-07,True,ok,,0.2,0.07,0.084
2020-09-14 01:00:00+00:00,0.12327356002726185,0.12327356002726185,2.7339592864605855e-07,0.1232738334231905,0.566685819210484,0.4408964722438903,0.12327356002726175,2.733959286525397e-07,True,ok,,0.2,0.07,0.084
2020-09-14 02:00:00+00:00,0.16089994907101934,0.16089994907101934,2.7336821686874124e-07,0.1609002224392362,0.4408964722438903,0.2767128507428501,0.16089994907101943,2.733682168613555e-07,True,ok,,0.2,0.07,0.084
2020-09-14 03:00:00+00:00,0.10724272682104403,0.10724272682104403,2.7333927915540457e-07,0.10724300016032319,0.2767128507428501,0.1672814968438256,0.10724272682104409,2.733392791491587e-07,True,ok,,0.2,0.07,0.084
2020-09-14 04:00:00+00:00,0.16393434527397704,0.16393434527397704,-4.303981698816628e-09,0.16393434096999535,0.1672814968438256,1.552686706152162e-06,0.16393434527397696,-4.3039817095649235e-09,True,ok,,0.3,0.1,0.084
2020-09-14 05:00:00+00:00,-0.10467017697079317,-0.10467017697079317,-0.05549102610430151,-0.16016120307509468,1.552686706152162e-06,0.10257832611808346,-0.10467017697079316,-0.055491026104301504,True,ok,,0.3,0.1,0.084
2020-09-14 06:00:00+00:00,-0.33414238727676693,-0.33414238727676693,-0.7104972134147179,-1.0446396006914849,0.10257832611808346,0.430037865649315,-0.334142387276767,-0.7104972134147179,True,ok,,0.3,0.1,0.084
2020-09-14 07:00:00+00:00,-0.24794623755711287,-0.24794623755711287,-2.124193260877283,-2.3721394984343958,0.430037865649315,0.6730251784552856,-0.24794623755711273,-2.124193260877283,True,ok,,0.3,0.1,0.084
2020-09-14 08:00:00+00:00,-0.19623899113222398,-0.19623899113222398,-3.375766072097187,-3.572005063229411,0.6730251784552856,0.8653393897648651,-0.19623899113222448,-3.375766072097187,True,ok,,0.3,0.1,0.084
2020-09-14 09:00:00+00:00,-0.16657976709053468,-0.16657976709053468,-4.057436227207056,-4.224015994297591,0.8653393897648651,1.028587561513589,-0.16657976709053493,-4.057436227207056,True,ok,,0.3,0.1,0.084
2020-09-14 10:00:00+00:00,-0.14749322364499484,-0.14749322364499484,-4.591197447726596,-4.738690671371591,1.028587561513589,1.1731309206856841,-0.1474932236449955,-4.591197447726596,True,ok,,0.3,0.1,0.084
2020-09-14 11:00:00+00:00,-0.133637253721405,-0.133637253721405,-4.606278751945189,-4.739916005666594,1.1731309206856841,1.304095429332661,-0.1336372537214045,-4.606278751945189,True,ok,,0.3,0.1,0.084
2020-09-14 12:00:00+00:00,-0.12309601660143876,-0.12309601660143876,-4.399984585004985,-4.523080601606424,1.304095429332661,1.424729525602071,-0.12309601660143926,-4.399984585004985,True,ok,,0.3,0.1,0.084
2020-09-14 13:00:00+00:00,-0.11457680170188489,-0.11457680170188489,-3.880749259991486,-3.995326061693371,1.424729525602071,1.5370147912699181,-0.1145768017018851,-3.880749259991486,True,ok,,0.3,0.1,0.084
2020-09-14 14:00:00+00:00,-0.10706440236262438,-0.10706440236262438,-2.910753070447956,-3.0178174728105804,1.5370147912699181,1.64193790558529,-0.10706440236262453,-2.910753070447956,True,ok,,0.3,0.1,0.084
2020-09-14 15:00:00+00:00,2.809758594679579e-07,2.809758594679579e-07,-1.73094569846782,-1.7309454174919605,1.64193790558529,1.6419376188752295,2.80975859359001e-07,-1.73094569846782,True,ok,,0.4,0.18,0.084
2020-09-14 16:00:00+00:00,2.0883091569889878e-07,2.0883091569889878e-07,-0.18761073106978648,-0.18761052223887079,1.6419376188752295,1.6419374057824583,2.0883091586621463e-07,-0.18761073106978648,True,ok,,0.4,0.18,0.084
2020-09-14 17:00:00+00:00,0.05193364307455919,0.05193364307455919,-6.291286557685849e-08,0.05193358016169361,1.6419374057824583,1.5889438924410713,0.051933643074559104,-6.291286557441319e-08,True,ok,,0.4,0.18,0.084
2020-09-14 18:00:00+00:00,0.19516137008340395,0.19516137008340395,-2.0347109705443067e-07,0.1951611666123069,1.5889438924410713,1.3897996372539243,0.1951613700834039,-2.034710970415798e-07,True,ok,,0.4,0.18,0.084
2020-09-14 19:00:00+00:00,0.21098227065291067,0.21098227065291067,1.4593184594069442e-07,0.2109824165847566,1.3897996372539243,1.174511605975444,0.21098227065291067,1.4593184594565896e-07,True,ok,,0.2,0.07,0.084
2020-09-14 20:00:00+00:00,0.11673302110386427,0.11673302110386427,1.4587687913181213e-07,0.1167331669807434,1.174511605975444,1.0553962783184396,0.11673302110386428,1.4587687912703373e-07,True,ok,,0.2,0.07,0.084
2020-09-14 21:00:00+00:00,0.1379156872603094,0.1379156872603094,1.4585791749399668e-07,0.1379158331182269,1.0553962783184396,0.9146659851956749,0.13791568726030948,1.4585791749656504e-07,True,ok,,0.2,0.07,0.084
2020-09-14 22:00:00+00:00,0.07279784244473582,0.07279784244473582,2.964518883707967e-07,0.07279813889662419,0.9146659851956749,0.8403824724969648,0.0727978424447358,2.964518883655248e-07,True,ok,,0.2,0.07,0.084
2020-09-14 23:00:00+00:00,0.12974028664217446,0.12974028664217446,2.9640675194841926e-07,0.1297405830489264,0.8403824724969648,0.7079944249029093,0.12974028664217446,2.964067519358048e-07,True,ok,,0.2,0.07,0.084
2020-09-15 00:00:00+00:00,0.10315150958674996,0.10315150958674996,2.963571631015016e-07,0.10315180594391306,0.7079944249029093,0.6027377824674501,0.10315150958674994,2.963571630954824e-07,True,ok,,0.2,0.07,0.084
2020-09-15 01:00:00+00:00,0.11902812039504343,0.11902812039504343,2.96304790092794e-07,0.11902841669983352,0.6027377824674501,0.48128051675822214,0.11902812039504344,2.96304790093485e-07,True,ok,,0.2,0.07,0.084
2020-09-15 02:00:00+00:00,0.16927753726329642,0.16927753726329642,2.96248797826415e-07,0.16927783351209424,0.48128051675822214,0.30854833587730746,0.16927753726329642,2.96248797821623e-07,True,ok,,0.2,0.07,0.084
2020-09-15 03:00:00+00:00,0.14268545380263314,0.14268545380263314,2.961891016894924e-07,0.14268574999173483,0.30854833587730746,0.16295093403788588,0.14268545380263317,2.961891016939394e-07,True,ok,,0.2,0.07,0.084
2020-09-15 04:00:00+00:00,0.15969080994299928,0.15969080994299928,-3.991245195456017e-09,0.15969080595175408,0.16295093403788588,1.1279736009117691e-06,0.15969080994299933,-3.991245193047395e-09,True,ok,,0.3,0.1,0.084
2020-09-15 05:00:00+00:00,-0.09311570998960132,-0.09311570998960132,-0.0484202123862567,-0.14153592237585802,1.1279736009117691e-06,0.0912545237634102,-0.09311570998960134,-0.0484202123862567,True,ok,,0.3,0.1,0.084
2020-09-15 06:00:00+00:00,-0.367552450961236,-0.367552450961236,-0.7599713362971752,-1.1275237872584112,0.0912545237634102,0.4514559257054215,-0.36755245096123634,-0.7599713362971752,True,ok,,0.3,0.1,0.084
2020-09-15 07:00:00+00:00,-0.26505945224177685,-0.26505945224177685,-2.037588215275191,-2.302647667516968,0.4514559257054215,0.7112141889023628,-0.265059452241777,-2.037588215275191,True,ok,,0.3,0.1,0.084
2020-09-15 08:00:00+00:00,-0.21101456993555034,-0.21101456993555034,-3.42130747409089,-3.6323220440264405,0.7112141889023628,0.9180084674392021,-0.21101456993554948,-3.42130747409089,True,ok,,0.3,0.1,0.084
2020-09-15 09:00:00+00:00,-0.17848655075302888,-0.17848655075302888,-3.7388019054370147,-3.9172884561900436,0.9180084674392021,1.0929252871771704,-0.17848655075302847,-3.7388019054370147,True,ok,,0.3,0.1,0.084
2020-09-15 10:00:00+00:00,-0.15737793889603724,-0.15737793889603724,-3.640235230655955,-3.797613169551992,1.0929252871771704,1.2471556672952868,-0.15737793889603724,-3.640235230655955,True,ok,,0.3,0.1,0.084
2020-09-15 11:00:00+00:00,-0.14177773291963236,-0.14177773291963236,-3.071016550742813,-3.2127942836624452,1.2471556672952868,1.3860978455565265,-0.1417777329196325,-3.071016550742813,True,ok,,0.3,0.1,0.084
2020-09-15 12:00:00+00:00,-0.13159984933159352,-0.13159984933159352,-3.5324917570345384,-3.664091606366132,1.3860978455565265,1.515065697901488,-0.13159984933159272,-3.5324917570345384,True,ok,,0.3,0.1,0.084
2020-09-15 13:00:00+00:00,-0.1228109172747911,-0.1228109172747911,-3.3870757018926096,-3.5098866191674007,1.515065697901488,1.6354203968307832,-0.1228109172747914,-3.3870757018926096,True,ok,,0.3,0.1,0.084
2020-09-15 14:00:00+00:00,-0.11513399009025482,-0.11513399009025482,-2.8506387618510973,-2.965772751941352,1.6354203968307832,1.748251707119233,-0.11513399009025484,-2.8506387618510973,True,ok,,0.3,0.1,0.084
2020-09-15 15:00:00+00:00,2.808183514613205e-07,2.808183514613205e-07,-1.7483897887057238,-1.7483895078873724,1.748251707119233,1.7482514205698947,2.8081835133194956e-07,-1.7483897887057238,True,ok,,0.4,0.18,0.084
2020-09-15 16:00:00+00:00,2.0885637858070183e-07,2.0885637858070183e-07,-0.377405491967918,-0.3774052831115394,1.7482514205698947,1.748251207451141,2.0885637855977093e-07,-0.377405491967918,True,ok,,0.4,0.18,0.084
2020-09-15 17:00:00+00:00,0.15834004269764865,0.15834004269764865,-2.2592959780798338e-07,0.15833981676805084,1.748251207451141,1.5866797353106832,0.15834004269764868,-2.259295977991505e-07,True,ok,,0.4,0.18,0.084
2020-09-15 18:00:00+00:00,0.20320711749517772,0.20320711749517772,-2.0067285047553618e-07,0.20320691682232725,1.5866797353106832,1.3793255337849917,0.20320711749517778,-2.0067285048547582e-07,True,ok,,0.4,0.18,0.084
2020-09-15 19:00:00+00:00,0.1996855772518582,0.1996855772518582,2.842853331908035e-07,0.1996858615371914,1.3793255337849917,1.1755647406708507,0.19968557725185815,2.84285333181024e-07,True,ok,,0.2,0.07,0.084
2020-09-15 20:00:00+00:00,0.14138413249914067,0.14138413249914067,2.8425589984615307e-07,0.14138441675504052,1.1755647406708507,1.0312952177125438,0.1413841324991405,2.8425589984249844e-07,True,ok,,0.2,0.07,0.084
2020-09-15 21:00:00+00:00,0.14859116006994103,0.14859116006994103,2.8422371692315984e-07,0.14859144429365795,1.0312952177125438,0.8796715849881143,0.1485911600699412,2.842237169119504e-07,True,ok,,0.2,0.07,0.084
2020-09-15 22:00:00+00:00,0.09685002154219763,0.09685002154219763,2.8418989374279224e-07,0.09685030573209137,0.8796715849881143,0.780845032394035,0.09685002154219764,2.841898937465743e-07,True,ok,,0.2,0.07,0.084
2020-09-15 23:00:00+00:00,0.12232549375171034,0.12232549375171034,2.8415513159130157e-07,0.12232577790684193,0.780845032394035,0.6560230999943306,0.12232549375171028,2.84155131584831e-07,True,ok,,0.2,0.07,0.084
2020-09-16 00:00:00+00:00,0.10807191023805716,0.10807191023805716,2.841183312923823e-07,0.10807219435638846,0.6560230999943306,0.5457456405677417,0.10807191023805719,2.8411833129361504e-07,True,ok,,0.2,0.07,0.084
2020-09-16 01:00:00+00:00,0.13057460476651345,0.13057460476651345,2.8408009580815907e-07,0.13057488884660925,0.5457456405677417,0.4125062479488504,0.13057460476651347,2.840800958004684e-07,True,ok,,0.2,0.07,0.084
2020-09-16 02:00:00+00:00,0.13451510502646777,0.13451510502646777,2.840398043713055e-07,0.13451538906627214,0.4125062479488504,0.27524593669735264,0.1345151050264678,2.8403980438251836e-07,True,ok,,0.2,0.07,0.084
2020-09-16 03:00:00+00:00,0.13129696617550385,0.13129696617550385,2.839973229640247e-07,0.1312972501728268,0.27524593669735264,0.14126944059989974,0.1312969661755039,2.839973229511724e-07,True,ok,,0.2,0.07,0.084
2020-09-16 04:00:00+00:00,0.13844276487540946,0.13844276487540946,-4.152196531048702e-09,0.13844276072321293,0.14126944059989974,1.3131760125129066e-06,0.13844276487540946,-4.152196536575088e-09,True,ok,,0.3,0.1,0.084
2020-09-16 05:00:00+00:00,-0.11813066217147866,-0.11813066217147866,-0.05687069205408932,-0.17500135422556798,1.3131760125129066e-06,0.1157693621040616,-0.11813066217147863,-0.056870692054089324,True,ok,,0.3,0.1,0.084
2020-09-16 06:00:00+00:00,-0.6600567641858464,-0.6600567641858464,-0.6380951062565954,-1.2981518704424417,0.1157693621040616,0.7626249910061911,-0.6600567641858462,-0.6380951062565954,True,ok,,0.3,0.1,0.084
2020-09-16 07:00:00+00:00,-0.4770212955530462,-0.4770212955530462,-0.9805253460759973,-1.4575466416290435,0.7626249910061911,1.2301058606481763,-0.47702129555304623,-0.9805253460759973,True,ok,,0.3,0.1,0.084
2020-09-16 08:00:00+00:00,-0.4408388734963524,-0.4408388734963524,-1.4839068392412096,-1.924745712737562,1.2301058606481763,1.6621279566746017,-0.4408388734963525,-1.4839068392412096,True,ok,,0.3,0.1,0.084
2020-09-16 09:00:00+00:00,-0.37101374166842627,-0.37101374166842627,-2.2766193090787836,-2.64763305074721,1.6621279566746017,2.0257214235096592,-0.3710137416684266,-2.2766193090787836,True,ok,,0.3,0.1,0.084
2020-09-16 10:00:00+00:00,-0.34643104755328347,-0.34643104755328347,-3.8784570129706233,-4.224888060523907,2.0257214235096592,2.365223850111877,-0.3464310475532834,-3.8784570129706233,True,ok,,0.3,0.1,0.084
2020-09-16 11:00:00+00:00,-0.31422044240686464,-0.31422044240686464,-3.1513618718572247,-3.4655823142640894,2.365223850111877,2.6731598836706043,-0.3142204424068646,-3.1513618718572247,True,ok,,0.3,0.1,0.084
2020-09-16 12:00:00+00:00,-0.2900207082049797,-0.2900207082049797,-3.654418152865759,-3.9444388610707386,2.6731598836706043,2.9573801777114843,-0.2900207082049798,-3.654418152865759,True,ok,,0.3,0.1,0.084
2020-09-16 13:00:00+00:00,-0.27179282379841263,-0.27179282379841263,-3.3462853208812597,-3.6180781446796724,2.9573801777114843,3.2237371450339287,-0.2717928237984121,-3.3462853208812597,True,ok,,0.3,0.1,0.084
2020-09-16 14:00:00+00:00,-0.24765311186852124,-0.24765311186852124,-2.014817635407854,-2.2624707472763754,3.2237371450339287,3.4664371946650796,-0.2476531118685214,-2.014817635407854,True,ok,,0.3,0.1,0.084
2020-09-16 15:00:00+00:00,2.8127975615355183e-07,2.8127975615355183e-07,-1.087534736572922,-1.0875344552931658,3.4664371946650796,3.4664369076449204,2.812797562744373e-07,-1.087534736572922,True,ok,,0.4,0.18,0.084
2020-09-16 16:00:00+00:00,2.0885696910832863e-07,2.0885696910832863e-07,-0.35089109493746246,-0.35089088608049335,3.4664369076449204,3.466436694525564,2.0885696913064824e-07,-0.35089109493746246,True,ok,,0.4,0.18,0.084
2020-09-16 17:00:00+00:00,0.15715135696493565,0.15715135696493565,-2.2594720705537696e-07,0.1571511310177286,3.466436694525564,3.3060781670103236,0.15715135696493562,-2.259472070477413e-07,True,ok,,0.4,0.18,0.084
2020-09-16 18:00:00+00:00,0.17957656172426995,0.17957656172426995,-2.0068267111983396e-07,0.17957636104159883,3.3060781670103236,3.1228367774957624,0.17957656172426995,-2.0068267112192827e-07,True,ok,,0.4,0.18,0.084
2020-09-16 19:00:00+00:00,1.201171495222531,1.201171495222531,2.8426433762440695e-07,1.2011717794868686,3.1228367774957624,1.8971515782890982,1.2011714952225312,2.8426433758683214e-07,True,ok,,0.2,0.07,0.084
2020-09-16 20:00:00+00:00,0.13014321576655666,0.13014321576655666,2.8425421239042237e-07,0.13014350002076905,1.8971515782890982,1.7643523785273056,0.13014321576655669,2.8425421237794705e-07,True,ok,,0.2,0.07,0.084
2020-09-16 21:00:00+00:00,0.18751763253136536,0.18751763253136536,2.8422219144896843e-07,0.1875179167535568,1.7643523785273056,1.5730078555361164,0.1875176325313653,2.8422219144964685e-07,True,ok,,0.2,0.07,0.084
2020-09-16 22:00:00+00:00,0.1343194106502847,0.1343194106502847,2.8418929878815113e-07,0.13431969483958348,1.5730078555361164,1.4359472324235811,0.13431941065028458,2.841892987878837e-07,True,ok,,0.2,0.07,0.084
2020-09-16 23:00:00+00:00,0.1618862716974147,0.1618862716974147,2.8415441563622856e-07,0.16188655585183034,1.4359472324235811,1.2707571592629539,0.16188627169741476,2.8415441564617903e-07,True,ok,,0.2,0.07,0.084
2020-09-17 00:00:00+00:00,0.16655285434712264,0.16655285434712264,2.841182288049193e-07,0.16655313846535144,1.2707571592629539,1.1008052670720123,0.16655285434712275,2.841182288107928e-07,True,ok,,0.2,0.07,0.084
2020-09-17 01:00:00+00:00,0.35903132836581586,0.35903132836581586,2.840807567516812e-07,0.3590316124465726,1.1008052670720123,0.7344467687395471,0.3590313283658159,2.840807567584771e-07,True,ok,,0.2,0.07,0.084
2020-09-17 02:00:00+00:00,0.3267064943026152,0.3267064943026152,2.840488509958661e-07,0.3267067783514662,0.7344467687395471,0.4010727949613683,0.32670649430261517,2.840488510162149e-07,True,ok,,0.2,0.07,0.084
2020-09-17 03:00:00+00:00,0.19175449236647943,0.19175449236647943,8.980549054404818e-08,0.19175458217196997,0.4010727949613683,0.20540494560781783,0.19175449236647935,8.980549054017978e-08,True,ok,,0.2,0.07,0.084
2020-09-17 04:00:00+00:00,0.2012957541375383,0.2012957541375383,-3.977850965286578e-09,0.20129575015968734,0.20540494560781783,1.1148552277184809e-06,0.20129575413753836,-3.977850960207551e-09,True,ok,,0.3,0.1,0.084
2020-09-17 05:00:00+00:00,-0.05296614842668697,-0.05296614842668697,-0.02499896282366043,-0.0779651112503474,1.1148552277184809e-06,0.051907940313380946,-0.05296614842668696,-0.02499896282366043,True,ok,,0.3,0.1,0.084
2020-09-17 06:00:00+00:00,-0.6699784215932126,-0.6699784215932126,-0.35667377783590093,-1.0266521994291136,0.051907940313380946,0.7084867934747293,-0.6699784215932125,-0.35667377783590093,True,ok,,0.3,0.1,0.084
2020-09-17 07:00:00+00:00,-1.0394167863411088,-1.0394167863411088,-0.9249844647633993,-1.9644012511045081,0.7084867934747293,1.727115244089016,-1.0394167863411086,-0.9249844647633995,True,ok,,0.3,0.1,0.084
2020-09-17 08:00:00+00:00,-1.357834139422316,-1.357834139422316,-2.3689202599555,-3.726754399377816,1.727115244089016,3.0577927007228856,-1.3578341394223157,-2.3689202599555,True,ok,,0.3,0.1,0.084
2020-09-17 09:00:00+00:00,-1.1852007095638366,-1.1852007095638366,-3.354036624672038,-4.5392373342358745,3.0577927007228856,4.219289396095445,-1.1852007095638382,-3.354036624672038,True,ok,,0.3,0.1,0.084
2020-09-17 10:00:00+00:00,-1.0698128221948955,-1.0698128221948955,-3.926115332041069,-4.995928154235965,4.219289396095445,5.267705961846443,-1.0698128221948948,-3.926115332041069,True,ok,,0.3,0.1,0.084
2020-09-17 11:00:00+00:00,-0.9625394510567529,-0.9625394510567529,-3.9397803104596467,-4.9023197615164,5.267705961846443,6.21099462388206,-0.9625394510567523,-3.9397803104596467,True,ok,,0.3,0.1,0.084
2020-09-17 12:00:00+00:00,-0.9641992097730703,-0.9641992097730703,-3.7486814818362757,-4.712880691609346,6.21099462388206,7.155909849459669,-0.9641992097730698,-3.7486814818362757,True,ok,,0.3,0.1,0.084
2020-09-17 13:00:00+00:00,-0.9177180039926918,-0.9177180039926918,-3.052917842481561,-3.9706358464742526,7.155909849459669,8.055273493372507,-0.9177180039926921,-3.052917842481561,True,ok,,0.3,0.1,0.084
2020-09-17 14:00:00+00:00,-0.6860086743595997,-0.6860086743595997,-1.3855712463133145,-2.071579920672914,8.055273493372507,8.727561994244915,-0.6860086743595989,-1.3855712463133145,True,ok,,0.3,0.1,0.084
2020-09-17 15:00:00+00:00,5.742861186597281e-08,5.742861186597281e-08,-1.5611861844057022,-1.5611861269770904,8.727561994244915,8.72756193564429,5.7428611810722375e-08,-1.5611861844057022,True,ok,,0.4,0.18,0.084
2020-09-17 16:00:00+00:00,5.230461548599852e-08,5.230461548599852e-08,-0.08255867248829342,-0.08255862018367793,8.72756193564429,8.727561882272234,5.2304615327385133e-08,-0.08255867248829342,True,ok,,0.4,0.18,0.084
2020-09-17 17:00:00+00:00,1.1137508633162083,1.1137508633162083,-1.9720374733189772e-07,1.113750666112461,8.727561882272234,7.5910814095005925,1.113750863316208,-1.9720374740987758e-07,True,ok,,0.4,0.18,0.084
2020-09-17 18:00:00+00:00,0.2571418356229203,0.2571418356229203,-1.972088552459894e-07,0.25714163841406507,7.5910814095005925,7.328691781313939,0.2571418356229202,-1.972088552431922e-07,True,ok,,0.4,0.18,0.084
2020-09-17 19:00:00+00:00,0.22439059710462683,0.22439059710462683,2.9170023285729485e-07,0.2243908888048597,7.328691781313939,7.099721784268401,0.22439059710462678,2.9170023284719377e-07,True,ok,,0.2,0.07,0.084
2020-09-17 20:00:00+00:00,0.11446173597411222,0.11446173597411222,2.9166570086891497e-07,0.11446202763981309,7.099721784268401,6.982924094498899,0.11446173597411222,2.9166570087338397e-07,True,ok,,0.2,0.07,0.084
2020-09-17 21:00:00+00:00,0.1623615972415646,0.1623615972415646,2.916280390230508e-07,0.16236188886960362,6.982924094498899,6.817248995272813,0.16236159724156454,2.916280390195148e-07,True,ok,,0.2,0.07,0.084
2020-09-17 22:00:00+00:00,0.060669319490185634,0.060669319490185634,2.9158765284947874e-07,0.060669611077838484,6.817248995272813,6.755341526405276,0.06066931949018562,2.915876528499016e-07,True,ok,,0.2,0.07,0.084
2020-09-17 23:00:00+00:00,0.14527218062438116,0.14527218062438116,2.9154793235175447e-07,0.1452724721723135,6.755341526405276,6.607104607400806,0.14527218062438116,2.915479323605807e-07,True,ok,,0.2,0.07,0.084
2020-09-18 00:00:00+00:00,0.08268337520790803,0.08268337520790803,2.9150347542750144e-07,0.08268366671138346,6.607104607400806,6.5227338163723285,0.082683375207908,2.915034754314261e-07,True,ok,,0.2,0.07,0.084
2020-09-18 01:00:00+00:00,3.669312678599522,3.669312678599522,2.9145860125368017e-07,3.6693129700581233,6.5227338163723285,2.7785372055564896,3.6693126785995207,2.9145860125984154e-07,True,ok,,0.2,0.07,0.084
2020-09-18 02:00:00+00:00,2.4250216217589684,2.4250216217589684,2.9145423141585525e-07,2.4250219132132,2.7785372055564896,0.3040253466187668,2.4250216217589684,2.914542313937721e-07,True,ok,,0.2,0.07,0.084
2020-09-18 03:00:00+00:00,0.13035998625735598,0.13035998625735598,2.91445717337524e-07,0.13036027770307332,0.3040253466187668,0.1710049524786076,0.13035998625735593,2.914457173470146e-07,True,ok,,0.2,0.07,0.084
2020-09-18 04:00:00+00:00,0.1658881427783712,0.1658881427783712,-4.052348817618068e-09,0.16588813872602237,0.1710049524786076,0.0017313373986370117,0.16588814277837124,-4.05234880954114e-09,True,ok,,0.3,0.1,0.084
2020-09-18 05:00:00+00:00,0.0016955411140966807,0.0016955411140966807,-4.054579975584782e-09,0.0016955370595167051,0.0017313373986370117,1.1934046608068436e-06,0.0016955411140967137,-4.054579975554979e-09,True,ok,,0.3,0.1,0.084
2020-09-18 06:00:00+00:00,-0.39948554481283166,-0.39948554481283166,-0.36659250619720557,-0.7660780510100372,1.1934046608068436e-06,0.3914970273212358,-0.3994855448128313,-0.36659250619720557,True,ok,,0.3,0.1,0.084
2020-09-18 07:00:00+00:00,-0.37440041280070013,-0.37440041280070013,-1.6011219735481395,-1.9755223863488396,0.3914970273212358,0.7584094318659219,-0.37440041280070024,-1.6011219735481395,True,ok,,0.3,0.1,0.084
2020-09-18 08:00:00+00:00,-0.30563311202571786,-0.30563311202571786,-3.5919451857559523,-3.89757829778167,0.7584094318659219,1.0579298816511253,-0.30563311202571786,-3.5919451857559523,True,ok,,0.3,0.1,0.084
2020-09-18 09:00:00+00:00,-0.2384916004050721,-0.2384916004050721,-4.454817597066901,-4.693309197471973,1.0579298816511253,1.2916516500480961,-0.23849160040507206,-4.454817597066901,True,ok,,0.3,0.1,0.084
2020-09-18 10:00:00+00:00,-0.20960649991794167,-0.20960649991794167,-4.9961114108968,-5.205717910814742,1.2916516500480961,1.4970660199676789,-0.20960649991794147,-4.9961114108968,True,ok,,0.3,0.1,0.084
2020-09-18 11:00:00+00:00,-0.18929703705079604,-0.18929703705079604,-5.000530072001873,-5.189827109052669,1.4970660199676789,1.682577116277459,-0.189297037050796,-5.000530072001873,True,ok,,0.3,0.1,0.084
2020-09-18 12:00:00+00:00,-0.1739100032771166,-0.1739100032771166,-4.589353887710953,-4.763263890988069,1.682577116277459,1.8530089194890333,-0.17391000327711637,-4.589353887710953,True,ok,,0.3,0.1,0.084
2020-09-18 13:00:00+00:00,-0.1616561533671761,-0.1616561533671761,-3.9837797373796717,-4.145435890746848,1.8530089194890333,2.0114319497888657,-0.16165615336717645,-3.9837797373796717,True,ok,,0.3,0.1,0.084
2020-09-18 14:00:00+00:00,-0.15043024310332465,-0.15043024310332465,-2.8520820965759843,-3.002512339679309,2.0114319497888657,2.158853588030124,-0.15043024310332484,-2.8520820965759843,True,ok,,0.3,0.1,0.084
2020-09-18 15:00:00+00:00,5.7656618146495475e-08,5.7656618146495475e-08,-1.8371969115778577,-1.8371968539212395,2.158853588030124,2.15885352919684,5.765661871166937e-08,-1.8371969115778577,True,ok,,0.4,0.18,0.084
2020-09-18 16:00:00+00:00,0.4277136143356712,0.4277136143356712,-2.1370583336288718e-07,0.4277134006298378,2.15885352919684,1.7224110655890121,0.4277136143356711,-2.1370583334210935e-07,True,ok,,0.4,0.18,0.084
2020-09-18 17:00:00+00:00,0.09923992398086583,0.09923992398086583,-5.715505335679438e-08,0.09923986682581247,1.7224110655890121,1.6211458370371081,0.09923992398086572,-5.71550533622494e-08,True,ok,,0.4,0.18,0.084
2020-09-18 18:00:00+00:00,0.22468180834741522,0.22468180834741522,-1.9735519543595537e-07,0.22468161099221978,1.6211458370371081,1.3918786856621947,0.22468180834741536,-1.973551954423669e-07,True,ok,,0.4,0.18,0.084
2020-09-18 19:00:00+00:00,0.14119948622212775,0.14119948622212775,2.9137572352122554e-07,0.14119977759785127,1.3918786856621947,1.2477975772722685,0.14119948622212775,2.913757235091207e-07,True,ok,,0.2,0.07,0.084
2020-09-18 20:00:00+00:00,0.13354795845575765,0.13354795845575765,2.9133994391972173e-07,0.13354824979570157,1.2477975772722685,1.1115241502765973,0.13354795845575756,2.913399439097708e-07,True,ok,,0.2,0.07,0.084
2020-09-18 21:00:00+00:00,0.12654023652616372,0.12654023652616372,2.9130237072516607e-07,0.12654052782853445,1.1115241502765973,0.9824014599437773,0.1265402365261637,2.913023707319936e-07,True,ok,,0.2,0.07,0.084
2020-09-18 22:00:00+00:00,0.07856443091535963,0.07856443091535963,2.912623577183693e-07,0.07856472217771734,0.9824014599437773,0.9022336732954511,0.07856443091535964,2.912623577221606e-07,True,ok,,0.2,0.07,0.084
2020-09-18 23:00:00+00:00,0.14512168079335425,0.14512168079335425,2.9122181491314514e-07,0.14512197201516916,0.9022336732954511,0.7541503255471305,0.14512168079335433,2.9122181489980564e-07,True,ok,,0.2,0.07,0.084
2020-09-19 00:00:00+00:00,0.06450295885481151,0.06450295885481151,2.911771895541815e-07,0.06450325003200107,0.7541503255471305,0.6883309797769146,0.0645029588548115,2.911771895502015e-07,True,ok,,0.2,0.07,0.084
2020-09-19 01:00:00+00:00,0.1691862922695744,0.1691862922695744,2.911328475241337e-07,0.16918658340242193,0.6883309797769146,0.515691906032451,0.16918629226957457,2.911328475354885e-07,True,ok,,0.2,0.07,0.084
2020-09-19 02:00:00+00:00,0.10021648651631473,0.10021648651631473,2.910838676345451e-07,0.10021677760018237,0.515691906032451,0.4134301850974359,0.10021648651631476,2.9108386763042543e-07,True,ok,,0.2,0.07,0.084
2020-09-19 03:00:00+00:00,0.10963395903963638,0.10963395903963638,2.910316771603805e-07,0.10963425007131354,0.4134301850974359,0.3015587983222967,0.10963395903963631,2.910316771540875e-07,True,ok,,0.2,0.07,0.084
2020-09-19 04:00:00+00:00,0.29552644852997145,0.29552644852997145,-4.057764513287765e-09,0.29552644447220694,0.3015587983222967,1.197781509476581e-06,0.29552644852997145,-4.057764500857773e-09,True,ok,,0.3,0.1,0.084
2020-09-19 05:00:00+00:00,-0.06779353126558632,-0.06779353126558632,-0.033486387313080485,-0.1012799185786668,1.197781509476581e-06,0.06643885842178407,-0.06779353126558631,-0.03348638731308048,True,ok,,0.3,0.1,0.084
2020-09-19 06:00:00+00:00,-0.32068381878047897,-0.32068381878047897,-0.31813688911535914,-0.6388207078958381,0.06643885842178407,0.3807090008266535,-0.3206838187804789,-0.31813688911535914,True,ok,,0.3,0.1,0.084
2020-09-19 07:00:00+00:00,-0.38070955941828344,-0.38070955941828344,-1.6754970029099636,-2.056206562328247,0.3807090008266535,0.7538043690565712,-0.3807095594182839,-1.6754970029099636,True,ok,,0.3,0.1,0.084
2020-09-19 08:00:00+00:00,-0.37931820502541624,-0.37931820502541624,-2.9792793088646676,-3.358597513890084,0.7538043690565712,1.1255362099814792,-0.3793182050254158,-2.9792793088646676,True,ok,,0.3,0.1,0.084
2020-09-19 09:00:00+00:00,-0.3283217007527339,-0.3283217007527339,-4.1268633555128265,-4.45518505626556,1.1255362099814792,1.4472914767191585,-0.32832170075273426,-4.1268633555128265,True,ok,,0.3,0.1,0.084
2020-09-19 10:00:00+00:00,-0.32518378824987515,-0.32518378824987515,-4.746014264486477,-5.071198052736352,1.4472914767191585,1.7659715892040362,-0.3251837882498745,-4.746014264486477,True,ok,,0.3,0.1,0.084
2020-09-19 11:00:00+00:00,-0.3320139026320188,-0.3320139026320188,-4.701195771769009,-5.033209674401028,1.7659715892040362,2.0913452137834145,-0.33201390263201835,-4.701195771769009,True,ok,,0.3,0.1,0.084
2020-09-19 12:00:00+00:00,-0.340599264939212,-0.340599264939212,-4.465385762034571,-4.805985026973783,2.0913452137834145,2.4251324934238423,-0.3405992649392127,-4.465385762034571,True,ok,,0.3,0.1,0.084
2020-09-19 13:00:00+00:00,-0.5180618994976807,-0.5180618994976807,-3.5997201028222805,-4.117782002319961,2.4251324934238423,2.9328331549315694,-0.5180618994976797,-3.5997201028222805,True,ok,,0.3,0.1,0.084
2020-09-19 14:00:00+00:00,-1.0154308114353263,-1.0154308114353263,-2.1631953283171095,-3.178626139752436,2.9328331549315694,3.9279553501381894,-1.0154308114353257,-2.1631953283171095,True,ok,,0.3,0.1,0.084
2020-09-19 15:00:00+00:00,3.251195423992215e-08,3.251195423992215e-08,-1.8870430498555888,-1.8870430173436346,3.9279553501381894,3.9279553169627257,3.2511954353886824e-08,-1.8870430498555888,True,ok,,0.4,0.18,0.084
2020-09-19 16:00:00+00:00,8.961905367810274e-08,8.961905367810274e-08,-0.4732403857567064,-0.4732402961376527,3.9279553169627257,3.9279552255147117,8.961905382850279e-08,-0.4732403857567064,True,ok,,0.4,0.18,0.084
2020-09-19 17:00:00+00:00,0.06644037720830359,0.06644037720830359,-1.127658889044092e-07,0.06644026444241469,3.9279552255147117,3.8601589222409323,0.06644037720830359,-1.127658889043162e-07,True,ok,,0.4,0.18,0.084
2020-09-19 18:00:00+00:00,0.17707364068188655,0.17707364068188655,-1.1276561392992157e-07,0.17707352791627262,3.8601589222409323,3.6794715337900277,0.17707364068188658,-1.1276561393208958e-07,True,ok,,0.4,0.18,0.084
2020-09-19 19:00:00+00:00,0.03087856056608075,0.03087856056608075,0.060389217170901024,0.09126777773698178,3.6794715337900277,3.647962798518517,0.03087856056608076,0.060389217170901024,True,ok,,0.2,0.07,0.084
2020-09-19 20:00:00+00:00,0.02871453412257398,0.02871453412257398,0.12156154922230934,0.15027608334488332,3.647962798518517,3.618662253495482,0.02871453412257404,0.12156154922230934,True,ok,,0.2,0.07,0.084
2020-09-19 21:00:00+00:00,0.027130581211039034,0.027130581211039034,0.15877297455835163,0.18590355576939066,3.618662253495482,3.5909779869536056,0.027130581211039027,0.15877297455835163,True,ok,,0.2,0.07,0.084
2020-09-19 22:00:00+00:00,0.017554466149980602,0.017554466149980602,0.0689236727763135,0.0864781389262941,3.5909779869536056,3.5730652663924007,0.017554466149980574,0.0689236727763135,True,ok,,0.2,0.07,0.084
2020-09-19 23:00:00+00:00,0.015904052107998806,0.015904052107998806,0.10546650318423668,0.12137055529223549,3.5730652663924007,3.556836641792402,0.015904052107998827,0.10546650318423668,True,ok,,0.2,0.07,0.084
2020-09-20 00:00:00+00:00,0.013958142609603263,0.013958142609603263,0.1342043296755615,0.14816247228516477,3.556836641792402,3.5425936391295414,0.013958142609603241,0.1342043296755615,True,ok,,0.2,0.07,0.084
2020-09-20 01:00:00+00:00,0.010743843387991718,0.010743843387991718,0.048688406743509424,0.05943225013150114,3.5425936391295414,3.5316305336315907,0.010743843387991716,0.048688406743509424,True,ok,,0.2,0.07,0.084
2020-09-20 02:00:00+00:00,0.011415582139646718,0.011415582139646718,0.3277419725583426,0.3391575546979893,3.5316305336315907,3.5199819804278696,0.011415582139646796,0.3277419725583426,True,ok,,0.2,0.07,0.084
2020-09-20 03:00:00+00:00,0.009147867426580553,0.009147867426580553,0.07697260485890213,0.08612047228548268,3.5199819804278696,3.510647421829318,0.009147867426580553,0.07697260485890213,True,ok,,0.2,0.07,0.084
2020-09-20 04:00:00+00:00,0.21191683358084795,0.21191683358084795,1.6958656701149266e-14,0.2119168335808649,3.510647421829318,3.294405754910086,0.21191683358084784,1.6968935520969307e-14,True,ok,,0.3,0.1,0.084
2020-09-20 05:00:00+00:00,0.2123723317459986,0.2123723317459986,4.212186155427844e-13,0.2123723317464198,3.294405754910086,3.077699293944781,0.21237233174599854,4.2122140691633437e-13,True,ok,,0.3,0.1,0.084
2020-09-20 06:00:00+00:00,0.17203477821308216,0.17203477821308216,4.193867475521529e-13,0.17203477821350155,3.077699293944781,2.9021536018906153,0.1720347782130822,4.1937688799424036e-13,True,ok,,0.3,0.1,0.084
2020-09-20 07:00:00+00:00,0.2900368611013638,0.2900368611013638,4.223843497186408e-13,0.29003686110178617,2.9021536018906153,2.606197621174938,0.2900368611013637,4.2241042965863906e-13,True,ok,,0.3,0.1,0.084
2020-09-20 08:00:00+00:00,0.15178433332931304,0.15178433332931304,4.1761039071275263e-13,0.15178433332973065,2.606197621174938,2.4513156483899246,0.151784333329313,4.176099742426049e-13,True,ok,,0.3,0.1,0.084
2020-09-20 09:00:00+00:00,0.15019791640928748,0.15019791640928748,4.171107903516713e-13,0.1501979164097046,2.4513156483899246,2.2980524683804475,0.1501979164092875,4.1710533874925206e-13,True,ok,,0.3,0.1,0.084
2020-09-20 10:00:00+00:00,0.11778394418780966,0.11778394418780966,4.141964549120303e-13,0.11778394418822385,2.2980524683804475,2.1778647702296214,0.11778394418780969,4.14198597561387e-13,True,ok,,0.3,0.1,0.084
2020-09-20 11:00:00+00:00,0.1249725554700521,0.1249725554700521,4.1437686615353186e-13,0.12497255547046647,2.1778647702296214,2.050341754443854,0.12497255547005214,4.1437011824974556e-13,True,ok,,0.3,0.1,0.084
2020-09-20 12:00:00+00:00,0.3580363049661875,0.3580363049661875,4.211075932403219e-13,0.3580363049666086,2.050341754443854,1.6849985861110097,0.35803630496618755,4.211274190000271e-13,True,ok,,0.3,0.1,0.084
2020-09-20 13:00:00+00:00,0.5485781114335601,0.5485781114335601,4.2177372705509697e-13,0.5485781114339818,1.6849985861110097,1.1252250030155402,0.5485781114335603,4.2182398818028754e-13,True,ok,,0.3,0.1,0.084
2020-09-20 14:00:00+00:00,0.2669825835011858,0.2669825835011858,4.180544799226027e-13,0.26698258350160387,1.1252250030155402,0.852793795361269,0.2669825835011858,4.180608922690513e-13,True,ok,,0.3,0.1,0.084
2020-09-20 15:00:00+00:00,0.15247783527810044,0.15247783527810044,-1.1276045108754573e-07,0.15247772251764935,0.852793795361269,0.6972041675264726,0.15247783527810047,-1.1276045107736002e-07,True,ok,,0.4,0.18,0.084
2020-09-20 16:00:00+00:00,0.21369505730639773,0.21369505730639773,-1.1276044004082664e-07,0.2136949445459577,0.6972041675264726,0.479147986601577,0.21369505730639765,-1.1276044002886803e-07,True,ok,,0.4,0.18,0.084
2020-09-20 17:00:00+00:00,0.18915608520946817,0.18915608520946817,-1.1276048339503575e-07,0.18915597244898477,0.479147986601577,0.2861315731225278,0.1891560852094682,-1.1276048338566158e-07,True,ok,,0.4,0.18,0.084
2020-09-20 18:00:00+00:00,0.11180583488067422,0.11180583488067422,-1.1276060128684318e-07,0.11180572212007293,0.2861315731225278,0.1720439865095949,0.11180583488067422,-1.1276060128028318e-07,True,ok,,0.4,0.18,0.084
2020-09-20 19:00:00+00:00,0.0030450461588742983,0.0030450461588742983,0.1617782595724754,0.1648233057313497,0.1720439865095949,0.1689367965515599,0.0030450461588742064,0.1617782595724754,True,ok,,0.2,0.07,0.084
2020-09-20 20:00:00+00:00,0.0030057803284879725,0.0030057803284879725,0.0610510528539529,0.06405683318244088,0.1689367965515599,0.1658696737673885,0.0030057803284879773,0.0610510528539529,True,ok,,0.2,0.07,0.084
2020-09-20 21:00:00+00:00,0.00314895769434001,0.00314895769434001,0.13510193131026113,0.13825088900460114,0.1658696737673885,0.16265645163030687,0.0031489576943399774,0.13510193131026113,True,ok,,0.2,0.07,0.084
2020-09-20 22:00:00+00:00,0.0032165544620097464,0.0032165544620097464,0.14414763550853107,0.14736418997054082,0.16265645163030687,0.15937425319968468,0.003216554462009704,0.14414763550853107,True,ok,,0.2,0.07,0.084
2020-09-20 23:00:00+00:00,0.0032883640322501906,0.0032883640322501906,0.154129169904746,0.1574175339369962,0.15937425319968468,0.15601877969738856,0.0032883640322502053,0.154129169904746,True,ok,,0.2,0.07,0.084
2020-09-21 00:00:00+00:00,0.003317414468750224,0.003317414468750224,0.09777739613867474,0.10109481060742496,0.15601877969738856,0.1526336628925414,0.003317414468750266,0.09777739613867474,True,ok,,0.2,0.07,0.084
2020-09-21 01:00:00+00:00,0.00342396803533504,0.00342396803533504,0.13341225430334117,0.1368362223386762,0.1526336628925414,0.14913981795852604,0.0034239680353350004,0.13341225430334117,True,ok,,0.2,0.07,0.084
2020-09-21 02:00:00+00:00,0.003507443918298825,0.003507443918298825,0.13669311162083236,0.1402005555391312,0.14913981795852604,0.14556079355209867,0.003507443918298851,0.13669311162083236,True,ok,,0.2,0.07,0.084
2020-09-21 03:00:00+00:00,0.00356989517296101,0.00356989517296101,0.10832063249397865,0.11189052766693966,0.14556079355209867,0.14191804337560784,0.0035698951729609732,0.10832063249397865,True,ok,,0.2,0.07,0.084
2020-09-21 04:00:00+00:00,0.13907944424756494,0.13907944424756494,-1.3988615821247663e-11,0.13907944423357632,0.14191804337560784,2.4312299054529696e-07,0.13907944424756508,-1.3988605675043592e-11,True,ok,,0.3,0.1,0.084
2020-09-21 05:00:00+00:00,-0.06058096739740551,-0.06058096739740551,-0.03059158439730432,-0.09117255179470983,2.4312299054529696e-07,0.059369591172447944,-0.06058096739740548,-0.03059158439730432,True,ok,,0.3,0.1,0.084
2020-09-21 06:00:00+00:00,-0.3827011452007846,-0.3827011452007846,-0.6492319975448474,-1.031933142745632,0.059369591172447944,0.43441671346921684,-0.38270114520078513,-0.6492319975448474,True,ok,,0.3,0.1,0.084
2020-09-21 07:00:00+00:00,-0.2845889123972727,-0.2845889123972727,-2.1087203933394805,-2.393309305736753,0.43441671346921684,0.7133138476185441,-0.28458891239727335,-2.1087203933394805,True,ok,,0.3,0.1,0.084
2020-09-21 08:00:00+00:00,-0.22246825695772454,-0.22246825695772454,-3.3258341308834525,-3.548302387841177,0.7133138476185441,0.9313327394371141,-0.22246825695772454,-3.3258341308834525,True,ok,,0.3,0.1,0.084
2020-09-21 09:00:00+00:00,-0.18823309803441468,-0.18823309803441468,-4.086618519826288,-4.274851617860703,0.9313327394371141,1.1158011755108406,-0.18823309803441393,-4.086618519826288,True,ok,,0.3,0.1,0.084
2020-09-21 10:00:00+00:00,-0.1686192901852186,-0.1686192901852186,-4.551799651253208,-4.720418941438426,1.1158011755108406,1.2810480798923547,-0.1686192901852181,-4.551799651253208,True,ok,,0.3,0.1,0.084
2020-09-21 11:00:00+00:00,-0.15110455238252474,-0.15110455238252474,-4.592606634359983,-4.743711186742508,1.2810480798923547,1.429130541227229,-0.15110455238252485,-4.592606634359983,True,ok,,0.3,0.1,0.084
2020-09-21 12:00:00+00:00,-0.13750745806750242,-0.13750745806750242,-4.359453407023588,-4.496960865091091,1.429130541227229,1.5638878501333815,-0.1375074580675021,-4.359453407023588,True,ok,,0.3,0.1,0.084
2020-09-21 13:00:00+00:00,-0.1278975875890329,-0.1278975875890329,-3.733471276209251,-3.8613688637982837,1.5638878501333815,1.6892274859706338,-0.12789758758903408,-3.733471276209251,True,ok,,0.3,0.1,0.084
2020-09-21 14:00:00+00:00,-0.11933665966140872,-0.11933665966140872,-2.745843954230971,-2.8651806138923797,1.6892274859706338,1.8061774124388144,-0.11933665966140879,-2.745843954230971,True,ok,,0.3,0.1,0.084
2020-09-21 15:00:00+00:00,2.2303264768375186e-07,2.2303264768375186e-07,-1.442918317080928,-1.4429180940482804,1.8061774124388144,1.80617718485448,2.2303264784169944e-07,-1.442918317080928,True,ok,,0.4,0.18,0.084
2020-09-21 16:00:00+00:00,0.09067771439847935,0.09067771439847935,-2.074188967110535e-07,0.09067750697958264,1.80617718485448,1.7136489048560317,0.09067771439847923,-2.0741889670470095e-07,True,ok,,0.4,0.18,0.084
2020-09-21 17:00:00+00:00,0.14282096527938992,0.14282096527938992,-1.9151507563153203e-07,0.1428207737643143,1.7136489048560317,1.5679132259995114,0.14282096527938995,-1.9151507563626099e-07,True,ok,,0.4,0.18,0.084
2020-09-21 18:00:00+00:00,0.21749299721626336,0.21749299721626336,-1.915313259381879e-07,0.21749280568493742,1.5679132259995114,1.3459815961869979,0.21749299721626342,-1.9153132595139033e-07,True,ok,,0.4,0.18,0.084
2020-09-21 19:00:00+00:00,0.19279558387544712,0.19279558387544712,3.0525843022766175e-07,0.19279588913387735,1.3459815961869979,1.1492514085589907,0.19279558387544696,3.0525843024129517e-07,True,ok,,0.2,0.07,0.084
2020-09-21 20:00:00+00:00,0.11597363606014387,0.11597363606014387,1.9697098067872343e-07,0.11597383303112455,1.1492514085589907,1.0309109635996603,0.11597363606014388,1.9697098067934232e-07,True,ok,,0.2,0.07,0.084
2020-09-21 21:00:00+00:00,0.13501274354650733,0.13501274354650733,3.1195818567253397e-07,0.135013055504693,1.0309109635996603,0.893142857939959,0.1350127435465073,3.1195818567127364e-07,True,ok,,0.2,0.07,0.084
2020-09-21 22:00:00+00:00,0.07215304929219929,0.07215304929219929,3.11901139846138e-07,0.07215336119333914,0.893142857939959,0.8195172974377147,0.07215304929219926,3.1190113985123003e-07,True,ok,,0.2,0.07,0.084
2020-09-21 23:00:00+00:00,0.1374825215245541,0.1374825215245541,3.118423696768513e-07,0.13748283336692377,0.8195172974377147,0.6792290101677616,0.13748252152455406,3.1184236966446297e-07,True,ok,,0.2,0.07,0.084
2020-09-22 00:00:00+00:00,0.10305143837195778,0.10305143837195778,3.117767095883739e-07,0.10305175014866737,0.6792290101677616,0.5740744812167843,0.10305143837195775,3.1177670958312165e-07,True,ok,,0.2,0.07,0.084
2020-09-22 01:00:00+00:00,0.14395329949314564,0.14395329949314564,3.1170591521800795e-07,0.14395361119906086,0.5740744812167843,0.427183359285003,0.14395329949314553,3.117059152217041e-07,True,ok,,0.2,0.07,0.084
2020-09-22 02:00:00+00:00,0.13874515004267743,0.13874515004267743,9.979297271867082e-08,0.13874524983565015,0.427183359285003,0.28560667556798525,0.13874515004267737,9.97929727233339e-08,True,ok,,0.2,0.07,0.084
2020-09-22 03:00:00+00:00,0.13129946471085766,0.13129946471085766,3.409991931047074e-07,0.13129980571005076,0.28560667556798525,0.1516276299446611,0.13129946471085766,3.409991931025664e-07,True,ok,,0.2,0.07,0.084
2020-09-22 04:00:00+00:00,0.1485943073418651,0.1485943073418651,-1.6490863397056188e-09,0.14859430569277876,0.1516276299446611,7.857182681425545e-07,0.14859430734186507,-1.6490863403799205e-09,True,ok,,0.3,0.1,0.084
2020-09-22 05:00:00+00:00,-0.0367010754238428,-0.0367010754238428,-0.018017537555081432,-0.05471861297892423,7.857182681425545e-07,0.035967839633634084,-0.03670107542384281,-0.018017537555081432,True,ok,,0.3,0.1,0.084
2020-09-22 06:00:00+00:00,-0.5589513563483925,-0.5589513563483925,-0.38061533027628414,-0.9395666866246767,0.035967839633634084,0.5837401688550587,-0.5589513563483927,-0.38061533027628414,True,ok,,0.3,0.1,0.084
2020-09-22 07:00:00+00:00,-0.7641767212897335,-0.7641767212897335,-1.5032252328058402,-2.2674019540955737,0.5837401688550587,1.3326333557189975,-0.7641767212897335,-1.5032252328058402,True,ok,,0.3,0.1,0.084
2020-09-22 08:00:00+00:00,-0.6080827910051738,-0.6080827910051738,-2.795297057671632,-3.403379848676806,1.3326333557189975,1.9285544909040677,-0.6080827910051735,-2.795297057671632,True,ok,,0.3,0.1,0.084
2020-09-22 09:00:00+00:00,-0.507976313189614,-0.507976313189614,-3.641855997234475,-4.149832310424089,1.9285544909040677,2.4263712778298894,-0.5079763131896133,-3.641855997234475,True,ok,,0.3,0.1,0.084
2020-09-22 10:00:00+00:00,-0.4421657024383281,-0.4421657024383281,-3.604893522463109,-4.047059224901437,2.4263712778298894,2.8596936662194508,-0.44216570243832853,-3.604893522463109,True,ok,,0.3,0.1,0.084
2020-09-22 11:00:00+00:00,-0.40633096633815846,-0.40633096633815846,-4.053442419392125,-4.4597733857302835,2.8596936662194508,3.257898013230846,-0.4063309663381589,-4.053442419392125,True,ok,,0.3,0.1,0.084
2020-09-22 12:00:00+00:00,-0.37695603096069696,-0.37695603096069696,-3.9132621547416226,-4.29021818570232,3.257898013230846,3.627314923572329,-0.37695603096069696,-3.9132621547416226,True,ok,,0.3,0.1,0.084
2020-09-22 13:00:00+00:00,-0.3518101961944087,-0.3518101961944087,-3.357125134171583,-3.7089353303659918,3.627314923572329,3.9720889158428494,-0.35181019619440884,-3.357125134171583,True,ok,,0.3,0.1,0.084
2020-09-22 14:00:00+00:00,-0.3029456313435983,-0.3029456313435983,-1.5013012232232898,-1.8042468545668882,3.9720889158428494,4.268975634559576,-0.3029456313435986,-1.5013012232232898,True,ok,,0.3,0.1,0.084
2020-09-22 15:00:00+00:00,2.228864801612218e-07,2.228864801612218e-07,-0.6643140530063782,-0.6643138301198981,4.268975634559576,4.268975407124392,2.2288648035293213e-07,-0.6643140530063782,True,ok,,0.4,0.18,0.084
2020-09-22 16:00:00+00:00,0.6705237216182868,0.6705237216182868,-2.0798045397008025e-07,0.6705235136378328,4.268975407124392,3.5847675279220588,0.6705237216182872,-2.0798045391523801e-07,True,ok,,0.4,0.18,0.084
2020-09-22 17:00:00+00:00,0.1763901712636472,0.1763901712636472,-1.9134192608127876e-07,0.17638997992172112,3.5847675279220588,3.4047775572448677,0.17639017126364712,-1.9134192606767427e-07,True,ok,,0.4,0.18,0.084
2020-09-22 18:00:00+00:00,0.24234666327660875,0.24234666327660875,-1.9135765469413535e-07,0.24234647191895406,3.4047775572448677,3.157485043697308,0.24234666327660856,-1.9135765468183675e-07,True,ok,,0.4,0.18,0.084
2020-09-22 19:00:00+00:00,0.27370317997270677,0.27370317997270677,2.0891957297486385e-07,0.27370338889227974,3.157485043697308,2.8781960845414845,0.27370317997270693,2.0891957299622134e-07,True,ok,,0.2,0.07,0.084
2020-09-22 20:00:00+00:00,0.25532257652871176,0.25532257652871176,3.1137407791037575e-07,0.2553228879027897,2.8781960845414845,2.617662843185656,0.2553225765287118,3.1137407788412794e-07,True,ok,,0.2,0.07,0.084
2020-09-22 21:00:00+00:00,0.21932238319226488,0.21932238319226488,3.1132656619359267e-07,0.21932269451883107,2.617662843185656,2.3938644929894677,0.21932238319226482,3.11326566191838e-07,True,ok,,0.2,0.07,0.084
2020-09-22 22:00:00+00:00,0.13730488303816146,0.13730488303816146,3.112735104948694e-07,0.13730519431167196,2.3938644929894677,2.2537574694811395,0.13730488303816146,3.1127351048550497e-07,True,ok,,0.2,0.07,0.084
2020-09-22 23:00:00+00:00,0.16550538328142747,0.16550538328142747,3.1121387977783854e-07,0.16550569449530725,2.2537574694811395,2.0848744253164178,0.1655053832814275,3.1121387977694836e-07,True,ok,,0.2,0.07,0.084
2020-09-23 00:00:00+00:00,0.1769805218981868,0.1769805218981868,3.1115010379334507e-07,0.1769808330482906,2.0848744253164178,1.9042820560325537,0.1769805218981868,3.1115010379536397e-07,True,ok,,0.2,0.07,0.084
2020-09-23 01:00:00+00:00,0.7879517162973563,0.7879517162973563,3.1108178477623483e-07,0.787952027379141,1.9042820560325537,1.100249692463823,0.7879517162973562,3.110817847714221e-07,True,ok,,0.2,0.07,0.084
2020-09-23 02:00:00+00:00,0.39786654953123135,0.39786654953123135,3.1104656400549047e-07,0.39786686057779536,1.100249692463823,0.6942634174319542,0.39786654953123113,3.1104656399751687e-07,True,ok,,0.2,0.07,0.084
2020-09-23 03:00:00+00:00,0.417635355024955,0.417635355024955,3.109825112979081e-07,0.4176356660074663,0.6942634174319542,0.2681048918962858,0.4176353550249553,3.1098251128016943e-07,True,ok,,0.2,0.07,0.084
2020-09-23 04:00:00+00:00,0.18066978147264964,0.18066978147264964,-3.811750137749925e-09,0.1806697776608995,0.2681048918962858,0.08374797202623513,0.18066978147264953,-3.811750123900925e-09,True,ok,,0.3,0.1,0.084
2020-09-23 05:00:00+00:00,0.0820720571306724,0.0820720571306724,-3.812849702633514e-09,0.08207205331782269,0.08374797202623513,9.749541204362444e-07,0.08207205713067241,-3.812849699600262e-09,True,ok,,0.3,0.1,0.084
2020-09-23 06:00:00+00:00,-0.12080502588516458,-0.12080502588516458,-0.05989433773435847,-0.18069936361952305,9.749541204362444e-07,0.11838990032158173,-0.12080502588516458,-0.05989433773435847,True,ok,,0.3,0.1,0.084
2020-09-23 07:00:00+00:00,-0.6346614773661124,-0.6346614773661124,-0.6959203893189804,-1.3305818666850928,0.11838990032158173,0.7403581481403719,-0.6346614773661122,-0.6959203893189804,True,ok,,0.3,0.1,0.084
2020-09-23 08:00:00+00:00,-0.4566753656803937,-0.4566753656803937,-2.625772713917419,-3.0824480795978126,0.7403581481403719,1.1879000065071577,-0.4566753656803948,-2.625772713917419,True,ok,,0.3,0.1,0.084
2020-09-23 09:00:00+00:00,-0.3637078768175743,-0.3637078768175743,-3.8140391247436862,-4.1777470015612606,1.1879000065071577,1.5443337257883805,-0.3637078768175731,-3.8140391247436862,True,ok,,0.3,0.1,0.084
2020-09-23 10:00:00+00:00,-0.31107603253516913,-0.31107603253516913,-4.160707181869406,-4.471783214404575,1.5443337257883805,1.8491882376728461,-0.31107603253516924,-4.160707181869406,True,ok,,0.3,0.1,0.084
2020-09-23 11:00:00+00:00,-0.27723383846946525,-0.27723383846946525,-4.098233324999861,-4.3754671634693265,1.8491882376728461,2.120877399372922,-0.27723383846946503,-4.098233324999861,True,ok,,0.3,0.1,0.084
2020-09-23 12:00:00+00:00,-0.25313975407336464,-0.25313975407336464,-3.840682116612263,-4.093821870685628,2.120877399372922,2.368954358364819,-0.2531397540733647,-3.840682116612263,True,ok,,0.3,0.1,0.084
2020-09-23 13:00:00+00:00,-0.23371195051550187,-0.23371195051550187,-3.244751125405495,-3.4784630759209967,2.368954358364819,2.5979920698700107,-0.23371195051550142,-3.244751125405495,True,ok,,0.3,0.1,0.084
2020-09-23 14:00:00+00:00,-0.2129479314024727,-0.2129479314024727,-2.0418424159062925,-2.254790347308765,2.5979920698700107,2.806681042644434,-0.2129479314024722,-2.0418424159062925,True,ok,,0.3,0.1,0.084
2020-09-23 15:00:00+00:00,2.796766621626645e-07,2.796766621626645e-07,-0.42239403554925026,-0.4223937558725881,2.806681042644434,2.806680757260085,2.7967666229426887e-07,-0.42239403554925026,True,ok,,0.4,0.18,0.084
2020-09-23 16:00:00+00:00,0.15811447095853867,0.15811447095853867,-2.2920019571159855e-07,0.15811424175834296,2.806680757260085,2.645339460363617,0.15811447095853864,-2.29200195703635e-07,True,ok,,0.4,0.18,0.084
2020-09-23 17:00:00+00:00,0.24427523888310046,0.24427523888310046,-2.007850903595898e-07,0.2442750380980101,2.645339460363617,2.3960790125237184,0.24427523888310043,-2.0078509037174835e-07,True,ok,,0.4,0.18,0.084
2020-09-23 18:00:00+00:00,0.23845145070218582,0.23845145070218582,-2.0079808313311354e-07,0.23845124990410269,2.3960790125237184,2.152761205684753,0.2384514507021858,-2.007980831389005e-07,True,ok,,0.4,0.18,0.084
2020-09-23 19:00:00+00:00,0.27097029905002706,0.27097029905002706,2.840285692196076e-07,0.2709705830785963,2.152761205684753,1.8762609005316644,0.2709702990500273,2.8402856920087744e-07,True,ok,,0.2,0.07,0.084
2020-09-23 20:00:00+00:00,0.14107910478464483,0.14107910478464483,2.840007172211223e-07,0.14107938878536205,1.8762609005316644,1.7323026303432514,0.14107910478464478,2.8400071722456125e-07,True,ok,,0.2,0.07,0.084
2020-09-23 21:00:00+00:00,0.17672174369315582,0.17672174369315582,2.8396890935922237e-07,0.17672202766206518,1.7323026303432514,1.551974320452276,0.17672174369315577,2.8396890935286147e-07,True,ok,,0.2,0.07,0.084
2020-09-23 22:00:00+00:00,0.1700190214863824,0.1700190214863824,2.8393618836664025e-07,0.17001930542257077,1.551974320452276,1.378485523017192,0.17001902148638232,2.8393618837355935e-07,True,ok,,0.2,0.07,0.084
2020-09-23 23:00:00+00:00,0.14778474432266073,0.14778474432266073,2.839018604372523e-07,0.14778502822452116,1.378485523017192,1.227684763504273,0.1477847443226605,2.839018604428647e-07,True,ok,,0.2,0.07,0.084
2020-09-24 00:00:00+00:00,0.18674357681600232,0.18674357681600232,2.8386584921547e-07,0.18674386068185153,1.227684763504273,1.0371300932838623,0.18674357681600226,2.838658492044214e-07,True,ok,,0.2,0.07,0.084
2020-09-24 01:00:00+00:00,0.17676182730783435,0.17676182730783435,2.838288139517253e-07,0.1767621111366483,1.0371300932838623,0.8567608817452558,0.17676182730783435,2.838288139500072e-07,True,ok,,0.2,0.07,0.084
2020-09-24 02:00:00+00:00,0.22761535266243793,0.22761535266243793,9.154210439676902e-08,0.22761544420454233,0.8567608817452558,0.6245003178039925,0.22761535266243801,9.154210439577595e-08,True,ok,,0.2,0.07,0.084
2020-09-24 03:00:00+00:00,0.2109630652939447,0.2109630652939447,2.957070700249087e-07,0.21096336100101473,0.6245003178039925,0.4092318838305795,0.21096306529394468,2.9570707002347145e-07,True,ok,,0.2,0.07,0.084
2020-09-24 04:00:00+00:00,0.15611955972497318,0.15611955972497318,-3.997332437277734e-09,0.15611955572764075,0.4092318838305795,0.24992621064183138,0.15611955972497316,-3.997332443662584e-09,True,ok,,0.3,0.1,0.084
2020-09-24 05:00:00+00:00,0.24492657434229725,0.24492657434229725,-3.998143149885891e-09,0.2449265703441541,0.24992621064183138,1.1347823443697003e-06,0.2449265743422974,-3.998143162681244e-09,True,ok,,0.3,0.1,0.084
2020-09-24 06:00:00+00:00,-0.36409987390684495,-0.36409987390684495,-0.19842933507135485,-0.5625292089781998,1.1347823443697003e-06,0.3568190112110524,-0.364099873906845,-0.19842933507135488,True,ok,,0.3,0.1,0.084
2020-09-24 07:00:00+00:00,-0.826925970613346,-0.826925970613346,-1.162592443488218,-1.989518414101564,0.3568190112110524,1.1672064624121314,-0.826925970613346,-1.162592443488218,True,ok,,0.3,0.1,0.084
2020-09-24 08:00:00+00:00,-0.6564967743598396,-0.6564967743598396,-2.3072494630654883,-2.963746237425328,1.1672064624121314,1.8105733012847742,-0.6564967743598402,-2.3072494630654883,True,ok,,0.3,0.1,0.084
2020-09-24 09:00:00+00:00,-0.5631746426256381,-0.5631746426256381,-4.243870847662092,-4.80704549028773,1.8105733012847742,2.3624844510578997,-0.5631746426256373,-4.243870847662092,True,ok,,0.3,0.1,0.084
2020-09-24 10:00:00+00:00,-0.47769408274583114,-0.47769408274583114,-4.037619611895494,-4.515313694641325,2.3624844510578997,2.8306246521488143,-0.47769408274583197,-4.037619611895494,True,ok,,0.3,0.1,0.084
2020-09-24 11:00:00+00:00,-0.8090004463720026,-0.8090004463720026,-2.440832930014976,-3.2498333763869787,2.8306246521488143,3.623445089593377,-0.8090004463720027,-2.440832930014976,True,ok,,0.3,0.1,0.084
2020-09-24 12:00:00+00:00,-0.7242873834277872,-0.7242873834277872,-2.646115213101355,-3.370402596529142,3.623445089593377,4.333246725352608,-0.7242873834277865,-2.646115213101355,True,ok,,0.3,0.1,0.084
2020-09-24 13:00:00+00:00,-0.6364630972751621,-0.6364630972751621,-2.2415932569906722,-2.8780563542658344,4.333246725352608,4.956980560682267,-0.6364630972751624,-2.2415932569906722,True,ok,,0.3,0.1,0.084
2020-09-24 14:00:00+00:00,-0.3744430943203777,-0.3744430943203777,-0.5675732422992481,-0.9420163366196258,4.956980560682267,5.323934793116237,-0.3744430943203774,-0.5675732422992481,True,ok,,0.3,0.1,0.084
2020-09-24 15:00:00+00:00,2.2340448618818343e-07,2.2340448618818343e-07,-0.45627470224787176,-0.45627447884338557,5.323934793116237,5.323934565152475,2.2340448634408445e-07,-0.45627470224787176,True,ok,,0.4,0.18,0.084
2020-09-24 16:00:00+00:00,0.4384881933541881,0.4384881933541881,-2.428044592606149e-07,0.43848795054972883,5.323934565152475,4.876497633158406,0.438488193354188,-2.4280445924892446e-07,True,ok,,0.4,0.18,0.084
2020-09-24 17:00:00+00:00,0.3990418011107249,0.3990418011107249,-2.428042054081203e-07,0.3990415583065195,4.876497633158406,4.4693121218209315,0.39904180111072485,-2.4280420542270765e-07,True,ok,,0.4,0.18,0.084
2020-09-24 18:00:00+00:00,0.3902537978583324,0.3902537978583324,-2.4280419730349223e-07,0.3902535550541351,4.4693121218209315,4.071093960741001,0.3902537978583325,-2.4280419732084725e-07,True,ok,,0.4,0.18,0.084
2020-09-24 19:00:00+00:00,0.2423277793754654,0.2423277793754654,8.187000782866605e-08,0.24232786124547323,4.071093960741001,3.8238207164803217,0.24232777937546546,8.187000784035482e-08,True,ok,,0.2,0.07,0.084
2020-09-24 20:00:00+00:00,0.19319011216987536,0.19319011216987536,8.186999950199336e-08,0.19319019403987486,3.8238207164803217,3.6266879489600408,0.1931901121698755,8.1869999505472e-08,True,ok,,0.2,0.07,0.084
2020-09-24 21:00:00+00:00,0.1556181907968812,0.1556181907968812,2.256740703199256e-07,0.1556184164709515,3.6266879489600408,3.467893876718325,0.15561819079688113,2.256740703226173e-07,True,ok,,0.2,0.07,0.084
2020-09-24 22:00:00+00:00,0.17735683004027636,0.17735683004027636,2.2567411889218292e-07,0.17735705571439525,3.467893876718325,3.2869175195343696,0.1773568300402764,2.256741188991485e-07,True,ok,,0.2,0.07,0.084
2020-09-24 23:00:00+00:00,0.1532989688923582,0.1532989688923582,2.2567405044693345e-07,0.15329919456640864,3.2869175195343696,3.130490000256453,0.15329896889235814,2.256740504415829e-07,True,ok,,0.2,0.07,0.084
2020-09-25 00:00:00+00:00,0.21097552386616705,0.21097552386616705,2.256741624961922e-07,0.21097574954032955,3.130490000256453,2.9152088534542417,0.21097552386616703,2.2567416248445712e-07,True,ok,,0.2,0.07,0.084
2020-09-25 01:00:00+00:00,0.393473052747517,0.393473052747517,2.2567430851827552e-07,0.3934732784218255,2.9152088534542417,2.513705738405755,0.39347305274751704,2.256743084924361e-07,True,ok,,0.2,0.07,0.084
2020-09-25 02:00:00+00:00,0.15340502419977856,0.15340502419977856,2.2567401872231052e-07,0.15340524987379728,2.513705738405755,2.357169999426389,0.15340502419977842,2.256740187228439e-07,True,ok,,0.2,0.07,0.084
2020-09-25 03:00:00+00:00,0.3317968032302343,0.3317968032302343,2.2567425644881567e-07,0.33179702890449075,2.357169999426389,2.0186018328649253,0.3317968032302344,2.256742564280152e-07,True,ok,,0.2,0.07,0.084
2020-09-25 04:00:00+00:00,0.16315433851530542,0.16315433851530542,-5.146368303732274e-09,0.16315433336893712,2.0186018328649253,1.8521178139717565,0.1631543385153054,-5.146368291817392e-09,True,ok,,0.3,0.1,0.084
2020-09-25 05:00:00+00:00,0.7273698959070053,0.7273698959070053,-5.146361892194307e-09,0.7273698907606434,1.8521178139717565,1.1099036344748123,0.7273698959070052,-5.14636187796395e-09,True,ok,,0.3,0.1,0.084
2020-09-25 06:00:00+00:00,-0.043049401635936776,-0.043049401635936776,-0.03856700972727403,-0.08161641136321081,1.1099036344748123,1.1520920480780303,-0.043049401635936804,-0.03856700972727403,True,ok,,0.3,0.1,0.084
2020-09-25 07:00:00+00:00,-0.38267905041658035,-0.38267905041658035,-0.27722254262319557,-0.6599015930397759,1.1520920480780303,1.527117517486279,-0.3826790504165804,-0.27722254262319557,True,ok,,0.3,0.1,0.084
2020-09-25 08:00:00+00:00,-1.2087727698420858,-1.2087727698420858,-0.7794168258513781,-1.9881895956934639,1.527117517486279,2.7117148319315234,-1.208772769842086,-0.7794168258513781,True,ok,,0.3,0.1,0.084
2020-09-25 09:00:00+00:00,-1.3052176681613792,-1.3052176681613792,-1.021470907829342,-2.326688575990721,2.7117148319315234,3.990828146729675,-1.3052176681613785,-1.021470907829342,True,ok,,0.3,0.1,0.084
2020-09-25 10:00:00+00:00,1.5062336668586287,1.5062336668586287,-5.146364223662658e-09,1.5062336617122645,3.990828146729675,2.4538550172820948,1.5062336668586302,-5.146364297090202e-09,True,ok,,0.3,0.1,0.084
2020-09-25 11:00:00+00:00,-1.1427048131731317,-1.1427048131731317,-1.5354363713764578,-2.6781411845495895,2.4538550172820948,3.5737057341917637,-1.1427048131731317,-1.5354363713764578,True,ok,,0.3,0.1,0.084
2020-09-25 12:00:00+00:00,-1.0322900066115606,-1.0322900066115606,-1.7655035966256352,-2.7977936032371957,3.5737057341917637,4.585349940671093,-1.0322900066115608,-1.7655035966256352,True,ok,,0.3,0.1,0.084
2020-09-25 13:00:00+00:00,-0.48434007289055014,-0.48434007289055014,-0.6708644820033199,-1.15520455489387,4.585349940671093,5.060003212103832,-0.48434007289054937,-0.6708644820033199,True,ok,,0.3,0.1,0.084
2020-09-25 14:00:00+00:00,-0.49321044334473707,-0.49321044334473707,-0.5605284726148914,-1.0537389159596284,5.060003212103832,5.543349446581675,-0.49321044334473696,-0.5605284726148914,True,ok,,0.3,0.1,0.084
2020-09-25 15:00:00+00:00,0.24991117920416903,0.24991117920416903,-2.428022649048067e-07,0.24991093640190412,5.543349446581675,5.2883380392304815,0.24991117920416922,-2.4280226490356624e-07,True,ok,,0.4,0.18,0.084
2020-09-25 16:00:00+00:00,1.2876861516976321,1.2876861516976321,-2.4280165034085144e-07,1.2876859088959818,5.2883380392304815,3.9743725783145303,1.2876861516976321,-2.4280165023148503e-07,True,ok,,0.4,0.18,0.084
2020-09-25 17:00:00+00:00,0.23715574059776365,0.23715574059776365,-1.1276602690513116e-07,0.23715562783173674,3.9743725783145303,3.7323769246433427,0.23715574059776356,-1.1276602689438134e-07,True,ok,,0.4,0.18,0.084
2020-09-25 18:00:00+00:00,0.4124610844496506,0.4124610844496506,-1.1276572459140155e-07,0.412460971683926,3.7323769246433427,3.3114982670416584,0.41246108444965074,-1.1276572460954113e-07,True,ok,,0.4,0.18,0.084
2020-09-25 19:00:00+00:00,0.10912131010480045,0.10912131010480045,0.14266019104533104,0.2517815011501315,3.3114982670416584,3.200149991424515,0.10912131010480045,0.14266019104533104,True,ok,,0.2,0.07,0.084
2020-09-25 20:00:00+00:00,0.09131094610019155,0.09131094610019155,0.13966319266567329,0.23097413876586484,3.200149991424515,3.1069755566284014,0.09131094610019153,0.13966319266567329,True,ok,,0.2,0.07,0.084
2020-09-25 21:00:00+00:00,0.07555875779735427,0.07555875779735427,0.14251752002821316,0.21807627782556743,3.1069755566284014,3.029874783365795,0.07555875779735419,0.14251752002821316,True,ok,,0.2,0.07,0.084
2020-09-25 22:00:00+00:00,0.049556120966905995,0.049556120966905995,0.0806407680150192,0.1301968889819252,3.029874783365795,2.979307312991401,0.04955612096690599,0.0806407680150192,True,ok,,0.2,0.07,0.084
2020-09-25 23:00:00+00:00,0.05377735070192771,0.05377735070192771,0.11949220508664216,0.17326955578856987,2.979307312991401,2.924432465336373,0.05377735070192774,0.11949220508664216,True,ok,,0.2,0.07,0.084
2020-09-26 00:00:00+00:00,0.05951277313575187,0.05951277313575187,0.23212014382602375,0.2916329169617756,2.924432465336373,2.8637051458100955,0.059512773135751804,0.23212014382602375,True,ok,,0.2,0.07,0.084
2020-09-26 01:00:00+00:00,0.0437691979839504,0.0437691979839504,0.1319926629615391,0.1757618609454895,2.8637051458100955,2.819042698887697,0.0437691979839505,0.1319926629615391,True,ok,,0.2,0.07,0.084
2020-09-26 02:00:00+00:00,0.04837193312006183,0.04837193312006183,0.7642967588223653,0.8126686919424271,2.819042698887697,2.7696835834590625,0.048371933120061605,0.7642967588223653,True,ok,,0.2,0.07,0.084
2020-09-26 03:00:00+00:00,0.028480154356083323,0.028480154356083323,0.11625217857554117,0.1447323329316245,2.7696835834590625,2.7406222014630592,0.028480154356083406,0.11625217857554117,True,ok,,0.2,0.07,0.084
2020-09-26 04:00:00+00:00,0.3701178632391777,0.3701178632391777,4.9404924595819466e-15,0.37011786323918267,2.7406222014630592,2.36295091244349,0.3701178632391778,4.929654223615001e-15,True,ok,,0.3,0.1,0.084
2020-09-26 05:00:00+00:00,0.3132812814419791,0.3132812814419791,4.1744385725905886e-14,0.31328128144202083,2.36295091244349,2.0432761354618787,0.31328128144197914,4.172311603854241e-14,True,ok,,0.3,0.1,0.084
2020-09-26 06:00:00+00:00,0.08227767439077249,0.08227767439077249,4.0201431436570623e-07,0.08227807640508686,2.0432761354618787,1.9593193248590497,0.0822776743907725,4.0201431437112025e-07,True,ok,,0.3,0.1,0.084
2020-09-26 07:00:00+00:00,-0.15220909270281735,-0.15220909270281735,6.6058269965196814e-15,-0.15220909270281074,1.9593193248590497,2.108484235707811,-0.1522090927028172,6.614279163594072e-15,True,ok,,0.3,0.1,0.084
2020-09-26 08:00:00+00:00,-0.5813564229079138,-0.5813564229079138,-6.661338147750939e-16,-0.5813564229079144,2.108484235707811,2.6782135301575662,-0.5813564229079137,-6.7860123158708115e-16,True,ok,,0.3,0.1,0.084
2020-09-26 09:00:00+00:00,-0.30389298301145234,-0.30389298301145234,1.1657341758564144e-15,-0.3038929830114512,2.6782135301575662,2.9760286535087896,-0.30389298301145223,1.1885226512901056e-15,True,ok,,0.3,0.1,0.084
2020-09-26 10:00:00+00:00,-0.7099859124241169,-0.7099859124241169,-1.7763568394002505e-15,-0.7099859124241187,2.9760286535087896,3.6718148476844243,-0.7099859124241171,-1.733838095924188e-15,True,ok,,0.3,0.1,0.084
2020-09-26 11:00:00+00:00,-0.5745027348539362,-0.5745027348539362,-1.5543122344752192e-15,-0.5745027348539378,3.6718148476844243,4.234827527841282,-0.5745027348539361,-1.5136561559656996e-15,True,ok,,0.3,0.1,0.084
2020-09-26 12:00:00+00:00,-0.11767799603564569,-0.11767799603564569,9.992007221626409e-16,-0.11767799603564469,4.234827527841282,4.350151963956215,-0.1176779960356458,1.0038309463085126e-15,True,ok,,0.3,0.1,0.084
2020-09-26 13:00:00+00:00,0.14998036240558346,0.14998036240558346,1.4584571605968932e-07,0.14998050825129952,4.350151963956215,4.197110777828068,0.1499803624055836,1.4584571607306538e-07,True,ok,,0.3,0.1,0.084
2020-09-26 14:00:00+00:00,0.320014990094112,0.320014990094112,4.0202236495368027e-07,0.32001539211647695,4.197110777828068,3.87056486956877,0.3200149900941121,4.0202236497956813e-07,True,ok,,0.3,0.1,0.084
2020-09-26 15:00:00+00:00,0.4363219686521047,0.4363219686521047,1.6427038063149269e-09,0.4363219702948085,3.87056486956877,3.4253383709441736,0.43632196865210476,1.6427038315754865e-09,True,ok,,0.4,0.18,0.084
2020-09-26 16:00:00+00:00,1.8348641948927555,1.8348641948927555,5.95941074266193e-10,1.8348641954886966,3.4253383709441736,1.5530279679923822,1.8348641948927553,5.95941174784774e-10,True,ok,,0.4,0.18,0.084
2020-09-26 17:00:00+00:00,0.5430186647862867,0.5430186647862867,1.6427035287591707e-09,0.5430186664289902,1.5530279679923822,0.9989272896390284,0.5430186647862867,1.6427035420796648e-09,True,ok,,0.4,0.18,0.084
2020-09-26 18:00:00+00:00,0.4375225259831232,0.4375225259831232,1.6427020299580875e-09,0.4375225276258252,0.9989272896390284,0.5524757325133924,0.4375225259831232,1.642702051840306e-09,True,ok,,0.4,0.18,0.084
2020-09-26 19:00:00+00:00,-0.2311424552913403,-0.2311424552913403,0.469405622036844,0.23826316674550369,0.5524757325133924,0.7789953386989059,-0.23114245529134003,0.469405622036844,True,ok,,0.2,0.07,0.084
2020-09-26 20:00:00+00:00,-0.19094333154862347,-0.19094333154862347,0.4395844705525889,0.24864113900396545,0.7789953386989059,0.9661198036165569,-0.1909433315486236,0.4395844705525889,True,ok,,0.2,0.07,0.084
2020-09-26 21:00:00+00:00,-0.1907184407494623,-0.1907184407494623,0.33202763534342167,0.14130919459395938,0.9661198036165569,1.15302387555103,-0.19071844074946226,0.33202763534342167,True,ok,,0.2,0.07,0.084
2020-09-26 22:00:00+00:00,-0.16154007524818348,-0.16154007524818348,0.344749186080398,0.18320911083221453,1.15302387555103,1.31133314929425,-0.16154007524818348,0.344749186080398,True,ok,,0.2,0.07,0.084
2020-09-26 23:00:00+00:00,-0.15356495091563127,-0.15356495091563127,0.31339278432970896,0.1598278334140777,1.31133314929425,1.4618268011915685,-0.15356495091563124,0.31339278432970896,True,ok,,0.2,0.07,0.084
2020-09-27 00:00:00+00:00,-0.14499414886031692,-0.14499414886031692,0.2983486768212004,0.1533545279608835,1.4618268011915685,1.603921067074679,-0.14499414886031683,0.2983486768212004,True,ok,,0.2,0.07,0.084
2020-09-27 01:00:00+00:00,-0.12761717213006432,-0.12761717213006432,0.3418624500593705,0.21424527792930617,1.603921067074679,1.728985895762142,-0.12761717213006452,0.3418624500593705,True,ok,,0.2,0.07,0.084
2020-09-27 02:00:00+00:00,-0.11022898947692461,-0.11022898947692461,0.45524007275399114,0.34501108327706653,1.728985895762142,1.8370103054495281,-0.11022898947692453,0.45524007275399114,True,ok,,0.2,0.07,0.084
2020-09-27 03:00:00+00:00,-0.09640983382905255,-0.09640983382905255,0.7226485017807421,0.6262386679516896,1.8370103054495281,1.9314919426019996,-0.09640983382905263,0.7226485017807421,True,ok,,0.2,0.07,0.084
2020-09-27 04:00:00+00:00,0.15237834776095377,0.15237834776095377,4.017712160742093e-07,0.15237874953216984,1.9314919426019996,1.7760038326418428,0.15237834776095371,4.0177121606802574e-07,True,ok,,0.3,0.1,0.084
2020-09-27 05:00:00+00:00,0.5841005793004106,0.5841005793004106,4.013979667538692e-07,0.5841009806983773,1.7760038326418428,1.1799828333557096,0.5841005793004106,4.013979667708276e-07,True,ok,,0.3,0.1,0.084
2020-09-27 06:00:00+00:00,1.1563831621692433,1.1563831621692433,4.0094424313963373e-07,1.1563835631134864,1.1799828333557096,1.4815665361211927e-08,1.1563831621692435,4.0094424313875117e-07,True,ok,,0.3,0.1,0.084
2020-09-27 07:00:00+00:00,-0.8012913928989086,-0.8012913928989086,-0.20656791458432966,-1.0078593074832383,1.4815665361211927e-08,0.7852655798565957,-0.8012913928989087,-0.20656791458432966,True,ok,,0.3,0.1,0.084
2020-09-27 08:00:00+00:00,-0.6289151489962028,-0.6289151489962028,-0.24926893580901544,-0.8781840848052183,0.7852655798565957,1.4016024258728745,-0.6289151489962028,-0.24926893580901544,True,ok,,0.3,0.1,0.084
2020-09-27 09:00:00+00:00,-0.9034694907765877,-0.9034694907765877,-0.3418194993926964,-1.245288990169284,1.4016024258728745,2.2870025268339305,-0.9034694907765876,-0.34181949939269635,True,ok,,0.3,0.1,0.084
2020-09-27 10:00:00+00:00,-1.3554256914331502,-1.3554256914331502,-0.4446404766983494,-1.8000661681314996,2.2870025268339305,3.6153197044384173,-1.3554256914331502,-0.44464047669834933,True,ok,,0.3,0.1,0.084
2020-09-27 11:00:00+00:00,-0.7804383627469393,-0.7804383627469393,-0.3869469855706009,-1.1673853483175403,3.6153197044384173,4.380149299930418,-0.7804383627469392,-0.3869469855706009,True,ok,,0.3,0.1,0.084
2020-09-27 12:00:00+00:00,-0.761285302254048,-0.761285302254048,-0.4001755900197741,-1.161460892273822,4.380149299930418,5.126208896139385,-0.7612853022540481,-0.40017559001977404,True,ok,,0.3,0.1,0.084
2020-09-27 13:00:00+00:00,0.1453439977014674,0.1453439977014674,-5.1463699135556595e-09,0.14534399255509747,5.126208896139385,4.977898694403194,0.14534399770146758,-5.1463699184880614e-09,True,ok,,0.3,0.1,0.084
2020-09-27 14:00:00+00:00,-0.3050918847520886,-0.3050918847520886,-0.22411506568945083,-0.5292069504415394,4.977898694403194,5.276888741460241,-0.3050918847520885,-0.22411506568945083,True,ok,,0.3,0.1,0.084
2020-09-27 15:00:00+00:00,0.48674354210304144,0.48674354210304144,-2.4221000538560133e-07,0.48674329989303605,5.276888741460241,4.780211657681628,0.4867435421030419,-2.4221000536274023e-07,True,ok,,0.4,0.18,0.084
2020-09-27 16:00:00+00:00,0.5544909403015632,0.5544909403015632,-1.9146083385379598e-07,0.5544907488407294,4.780211657681628,4.214404575741257,0.5544909403015637,-1.9146083389585288e-07,True,ok,,0.4,0.18,0.084
2020-09-27 17:00:00+00:00,0.4051025586405002,0.4051025586405002,-1.9146994012508856e-07,0.4051023671705601,4.214404575741257,3.8010346179448287,0.40510255864050004,-1.9146994010716222e-07,True,ok,,0.4,0.18,0.084
2020-09-27 18:00:00+00:00,0.4337029410311526,0.4337029410311526,-1.914821349813245e-07,0.4337027495490176,3.8010346179448287,3.358480596484469,0.43370294103115276,-1.9148213497799854e-07,True,ok,,0.4,0.18,0.084
2020-09-27 19:00:00+00:00,0.2167925278624339,0.2167925278624339,3.0539428785836265e-07,0.21679283325672175,3.358480596484469,3.13726373131872,0.21679252786243372,3.053942878716521e-07,True,ok,,0.2,0.07,0.084
2020-09-27 20:00:00+00:00,0.19263777778087002,0.19263777778087002,3.053512380446488e-07,0.19263808313210806,3.13726373131872,2.940694570317832,0.19263777778087005,3.053512380314106e-07,True,ok,,0.2,0.07,0.084
2020-09-27 21:00:00+00:00,0.2011171114797723,0.2011171114797723,3.053047260004327e-07,0.2011174167844983,2.940694570317832,2.735473027991534,0.2011171114797722,3.053047259980492e-07,True,ok,,0.2,0.07,0.084
2020-09-27 22:00:00+00:00,0.15574300008596773,0.15574300008596773,3.052554348459413e-07,0.15574330534140257,2.735473027991534,2.576551599332383,0.15574300008596775,3.052554348423946e-07,True,ok,,0.2,0.07,0.084
2020-09-27 23:00:00+00:00,0.20784269439980227,0.20784269439980227,3.052015615789827e-07,0.20784299960136385,2.576551599332383,2.3644672172917685,0.20784269439980232,3.0520156158592943e-07,True,ok,,0.2,0.07,0.084
2020-09-28 00:00:00+00:00,0.25435713919348213,0.25435713919348213,3.0514584564711456e-07,0.2543574443393278,2.3644672172917685,2.10491911607393,0.2543571391934821,3.051458456417618e-07,True,ok,,0.2,0.07,0.084
2020-09-28 01:00:00+00:00,0.7523834211424314,0.7523834211424314,3.0508882509217017e-07,0.7523837262312565,2.10491911607393,1.337180931234714,0.7523834211424315,3.0508882509089464e-07,True,ok,,0.2,0.07,0.084
2020-09-28 02:00:00+00:00,0.18477180657713613,0.18477180657713613,3.0505595260965634e-07,0.18477211163308874,1.337180931234714,1.1486382714621262,0.18477180657713624,3.050559526013925e-07,True,ok,,0.2,0.07,0.084
2020-09-28 03:00:00+00:00,0.1833683234290632,0.1833683234290632,9.297566089250253e-08,0.1833684164047241,1.1486382714621262,0.9615277373508372,0.1833683234290632,9.297566089313847e-08,True,ok,,0.2,0.07,0.084
2020-09-28 04:00:00+00:00,0.19276292046683605,0.19276292046683605,-3.554863098331751e-09,0.19276291691197295,0.9615277373508372,0.7648308797316168,0.1927629204668359,-3.5548631025159083e-09,True,ok,,0.3,0.1,0.084
2020-09-28 05:00:00+00:00,0.11998142888209543,0.11998142888209543,-3.5563801209503865e-09,0.1199814253257153,0.7648308797316168,0.6424008502600909,0.1199814288820954,-3.556380118145744e-09,True,ok,,0.3,0.1,0.084
2020-09-28 06:00:00+00:00,0.6295520339282694,0.6295520339282694,-3.557933170306171e-09,0.6295520303703362,0.6424008502600909,8.15639407791835e-07,0.6295520339282695,-3.5579331537074476e-09,True,ok,,0.3,0.1,0.084
2020-09-28 07:00:00+00:00,-0.31323338347620294,-0.31323338347620294,-0.09492597059338598,-0.4081593540695889,8.15639407791835e-07,0.3069695314460867,-0.31323338347620283,-0.09492597059338599,True,ok,,0.3,0.1,0.084
2020-09-28 08:00:00+00:00,-0.09677056931706332,-0.09677056931706332,-0.08751353457954508,-0.1842841038966084,0.3069695314460867,0.40180468937680874,-0.09677056931706364,-0.08751353457954508,True,ok,,0.3,0.1,0.084
2020-09-28 09:00:00+00:00,-0.31093869587397693,-0.31093869587397693,-0.19271783870874204,-0.503656534582719,0.40180468937680874,0.7065246113333061,-0.3109386958739768,-0.19271783870874207,True,ok,,0.3,0.1,0.084
2020-09-28 10:00:00+00:00,-0.9602605841322118,-0.9602605841322118,-0.5356840787260315,-1.4959446628582433,0.7065246113333061,1.6475799837828737,-0.9602605841322118,-0.5356840787260315,True,ok,,0.3,0.1,0.084
2020-09-28 11:00:00+00:00,-1.0350655650220175,-1.0350655650220175,-0.9886359466223862,-2.0237015116444037,1.6475799837828737,2.661944237504451,-1.0350655650220175,-0.9886359466223863,True,ok,,0.3,0.1,0.084
2020-09-28 12:00:00+00:00,-1.080542968118526,-1.080542968118526,-1.3942389342448565,-2.4747819023633824,2.661944237504451,3.7208763462606065,-1.0805429681185263,-1.3942389342448565,True,ok,,0.3,0.1,0.084
2020-09-28 13:00:00+00:00,-0.984992994660697,-0.984992994660697,-1.5595317554607377,-2.5445247501214348,3.7208763462606065,4.68616948102809,-0.9849929946606967,-1.5595317554607377,True,ok,,0.3,0.1,0.084
2020-09-28 14:00:00+00:00,-0.06728103172233672,-0.06728103172233672,-0.06589684040169223,-0.13317787212402896,4.68616948102809,4.752104892115979,-0.06728103172233689,-0.06589684040169223,True,ok,,0.3,0.1,0.084
2020-09-28 15:00:00+00:00,0.10037304109368686,0.10037304109368686,-6.525573044424693e-08,0.10037297583795642,4.752104892115979,4.649683421612218,0.10037304109368672,-6.525573044175868e-08,True,ok,,0.4,0.18,0.084
2020-09-28 16:00:00+00:00,1.0663130853476304,1.0663130853476304,-1.9507121518103077e-07,1.0663128902764152,4.649683421612218,3.5616088447268806,1.0663130853476304,-1.9507121514931648e-07,True,ok,,0.4,0.18,0.084
2020-09-28 17:00:00+00:00,0.19871143919114323,0.19871143919114323,-1.950764464409005e-07,0.1987112441146968,3.5616088447268806,3.3588420700420407,0.19871143919114329,-1.9507644642882197e-07,True,ok,,0.4,0.18,0.084
2020-09-28 18:00:00+00:00,0.24808547288738064,0.24808547288738064,-1.9509158891151124e-07,0.24808527779579173,3.3588420700420407,3.105693628320224,0.2480854728873807,-1.950915889023913e-07,True,ok,,0.4,0.18,0.084
2020-09-28 19:00:00+00:00,0.24168931448351239,0.24168931448351239,2.965381651065524e-07,0.2416896110216775,3.105693628320224,2.859071878847252,0.2416893144835125,2.965381651014239e-07,True,ok,,0.2,0.07,0.084
2020-09-28 20:00:00+00:00,0.16540195361903884,0.16540195361903884,2.96501336233268e-07,0.16540225012037507,2.859071878847252,2.6902943751543553,0.16540195361903878,2.9650133622086645e-07,True,ok,,0.2,0.07,0.084
2020-09-28 21:00:00+00:00,0.20530478671119823,0.20530478671119823,2.9646032836949665e-07,0.2053050831715266,2.6902943751543553,2.480799694836806,0.20530478671119815,2.964603283819863e-07,True,ok,,0.2,0.07,0.084
2020-09-28 22:00:00+00:00,0.11900531480845225,0.11900531480845225,2.964178415776342e-07,0.11900561122629383,2.480799694836806,2.359365700134304,0.11900531480845228,2.964178415734849e-07,True,ok,,0.2,0.07,0.084
2020-09-28 23:00:00+00:00,0.9119205624772312,0.9119205624772312,2.9637218879052796e-07,0.91192085884942,2.359365700134304,1.4288345139330474,0.9119205624772312,2.963721887766545e-07,True,ok,,0.2,0.07,0.084
2020-09-29 00:00:00+00:00,0.15401762005724107,0.15401762005724107,2.963519332155329e-07,0.15401791640917428,1.4288345139330474,1.2716736771399442,0.15401762005724104,2.9635193321873133e-07,True,ok,,0.2,0.07,0.084
2020-09-29 01:00:00+00:00,0.5487663964148521,0.5487663964148521,2.9630036801897575e-07,0.5487666927152202,1.2716736771399442,0.711707966512544,0.548766396414852,2.963003680165865e-07,True,ok,,0.2,0.07,0.084
2020-09-29 02:00:00+00:00,0.22289114801204185,0.22289114801204185,2.962657214555797e-07,0.2228914442777633,0.711707966512544,0.48426801956148086,0.22289114801204188,2.9626572144525206e-07,True,ok,,0.2,0.07,0.084
2020-09-29 03:00:00+00:00,0.2292947021773221,0.2292947021773221,2.9620884975378736e-07,0.22929499838617184,0.48426801956148086,0.25029383366625424,0.2292947021773221,2.962088497518454e-07,True,ok,,0.2,0.07,0.084
2020-09-29 04:00:00+00:00,0.1993156424456985,0.1993156424456985,-3.990943214793319e-09,0.19931563845475528,0.25029383366625424,0.04691052504819454,0.1993156424456985,-3.9909432086490965e-09,True,ok,,0.3,0.1,0.084
2020-09-29 05:00:00+00:00,0.04597120866342812,0.04597120866342812,-3.991787650425849e-09,0.04597120467164047,0.04691052504819454,1.12845285972496e-06,0.045971208663428076,-3.991787649833379e-09,True,ok,,0.3,0.1,0.084
2020-09-29 06:00:00+00:00,-0.5367564032170726,-0.5367564032170726,-0.33476741566240187,-0.8715238188794745,1.12845285972496e-06,0.5260224036055908,-0.5367564032170726,-0.3347674156624018,True,ok,,0.3,0.1,0.084
2020-09-29 07:00:00+00:00,-0.8532749582070545,-0.8532749582070545,-1.564483177730494,-2.4177581359375484,0.5260224036055908,1.3622318626485042,-0.8532749582070549,-1.564483177730494,True,ok,,0.3,0.1,0.084
2020-09-29 08:00:00+00:00,-0.669974481940832,-0.669974481940832,-3.0862769556782568,-3.7562514376190888,1.3622318626485042,2.0188068549505194,-0.669974481940832,-3.0862769556782568,True,ok,,0.3,0.1,0.084
2020-09-29 09:00:00+00:00,-0.5528664284072482,-0.5528664284072482,-4.02499066403521,-4.577857092442458,2.0188068549505194,2.560615954789623,-0.552866428407248,-4.02499066403521,True,ok,,0.3,0.1,0.084
2020-09-29 10:00:00+00:00,-0.47877487777333405,-0.47877487777333405,-3.938101948094151,-4.416876825867485,2.560615954789623,3.0298153350074903,-0.47877487777333444,-3.938101948094151,True,ok,,0.3,0.1,0.084
2020-09-29 11:00:00+00:00,-0.4159968125154525,-0.4159968125154525,-2.700396932756734,-3.1163937452721866,3.0298153350074903,3.437492211272634,-0.41599681251545306,-2.700396932756734,True,ok,,0.3,0.1,0.084
2020-09-29 12:00:00+00:00,-0.4007977227621531,-0.4007977227621531,-3.5425024314422338,-3.943300154204387,3.437492211272634,3.8302739795795437,-0.4007977227621537,-3.5425024314422338,True,ok,,0.3,0.1,0.084
2020-09-29 13:00:00+00:00,-0.3265662843938233,-0.3265662843938233,-1.3265051608014222,-1.6530714451952455,3.8302739795795437,4.150308938285491,-0.32656628439382296,-1.3265051608014222,True,ok,,0.3,0.1,0.084
2020-09-29 14:00:00+00:00,-0.2197638143632395,-0.2197638143632395,-0.45171548576795534,-0.6714793001311948,4.150308938285491,4.365677476361466,-0.21976381436323947,-0.45171548576795534,True,ok,,0.3,0.1,0.084
2020-09-29 15:00:00+00:00,0.23428572124749483,0.23428572124749483,-2.421466767099645e-07,0.23428547910081812,4.365677476361466,4.126610413864022,0.2342857212474948,-2.421466766962604e-07,True,ok,,0.4,0.18,0.084
2020-09-29 16:00:00+00:00,0.7112066501487867,0.7112066501487867,-2.0772224806897555e-07,0.7112064424265386,4.126610413864022,3.400889342283627,0.7112066501487867,-2.0772224802103338e-07,True,ok,,0.4,0.18,0.084
2020-09-29 17:00:00+00:00,0.6521885815375593,0.6521885815375593,-1.9137795226331633e-07,0.6521883901596071,3.400889342283627,2.735390789694281,0.6521885815375594,-1.913779522435943e-07,True,ok,,0.4,0.18,0.084
2020-09-29 18:00:00+00:00,0.2326509413753543,0.2326509413753543,-1.913502409578438e-07,0.23265075002511335,2.735390789694281,2.4979918699235113,0.23265094137535436,-1.9135024095417295e-07,True,ok,,0.4,0.18,0.084
2020-09-29 19:00:00+00:00,0.2458879165227933,0.2458879165227933,3.0572390660732474e-07,0.2458882222466999,2.4979918699235113,2.2470858326553547,0.2458879165227933,3.057239065994636e-07,True,ok,,0.2,0.07,0.084
2020-09-29 20:00:00+00:00,0.1534966664367778,0.1534966664367778,3.05681705836669e-07,0.15349697211848365,2.2470858326553547,2.090456581189255,0.1534966664367779,3.056817058260829e-07,True,ok,,0.2,0.07,0.084
2020-09-29 21:00:00+00:00,0.2403778060118954,0.2403778060118954,3.056340152074455e-07,0.2403781116459106,2.090456581189255,1.8451731056669127,0.2403778060118956,3.0563401521345783e-07,True,ok,,0.2,0.07,0.084
2020-09-29 22:00:00+00:00,0.1422350555369431,0.1422350555369431,3.0558614197429e-07,0.14223536112308507,1.8451731056669127,1.7000352938945218,0.14223505553694307,3.0558614198097575e-07,True,ok,,0.2,0.07,0.084
2020-09-29 23:00:00+00:00,0.16810305524585964,0.16810305524585964,3.055315713207385e-07,0.16810336077743096,1.7000352938945218,1.5285015640518078,0.16810305524585967,3.055315713122417e-07,True,ok,,0.2,0.07,0.084
2020-09-30 00:00:00+00:00,0.17599866675421744,0.17599866675421744,3.0547362087074426e-07,0.1759989722278383,1.5285015640518078,1.348911087771994,0.17599866675421735,3.054736208659578e-07,True,ok,,0.2,0.07,0.084
2020-09-30 01:00:00+00:00,0.4103067494363297,0.4103067494363297,3.054118117851168e-07,0.4103070548481415,1.348911087771994,0.9302307312043108,0.4103067494363299,3.054118117973604e-07,True,ok,,0.2,0.07,0.084
2020-09-30 02:00:00+00:00,0.35647772325972577,0.35647772325972577,3.053608882974679e-07,0.35647802862061406,0.9302307312043108,0.5664779523678559,0.35647772325972554,3.053608882777086e-07,True,ok,,0.2,0.07,0.084
2020-09-30 03:00:00+00:00,0.17244883369582562,0.17244883369582562,3.053005104836082e-07,0.1724491389963361,0.5664779523678559,0.39050975471905425,0.17244883369582556,3.0530051047478167e-07,True,ok,,0.2,0.07,0.084
2020-09-30 04:00:00+00:00,0.21895800395869375,0.21895800395869375,-3.878902837817222e-09,0.2189580000797909,0.39050975471905425,0.16708322006732593,0.21895800395869364,-3.878902836457357e-09,True,ok,,0.3,0.1,0.084
2020-09-30 05:00:00+00:00,0.16374054881487324,0.16374054881487324,-3.879851384613886e-09,0.16374054493502185,0.16708322006732593,1.0273990879161587e-06,0.16374054881487327,-3.879851393345572e-09,True,ok,,0.3,0.1,0.084
2020-09-30 06:00:00+00:00,-0.031256731163265175,-0.031256731163265175,-0.014761387594680674,-0.04601811875794585,1.0273990879161587e-06,0.030632623939087788,-0.031256731163265224,-0.014761387594680674,True,ok,,0.3,0.1,0.084
2020-09-30 07:00:00+00:00,-0.3833267527877362,-0.3833267527877362,-0.18400762740120213,-0.5673343801889383,0.030632623939087788,0.40629284167106927,-0.3833267527877361,-0.1840076274012021,True,ok,,0.3,0.1,0.084
2020-09-30 08:00:00+00:00,-0.48276090580494396,-0.48276090580494396,-0.3966876786433882,-0.8794485844483322,0.40629284167106927,0.8793985293599144,-0.48276090580494396,-0.3966876786433882,True,ok,,0.3,0.1,0.084
2020-09-30 09:00:00+00:00,-0.9576620139687004,-0.9576620139687004,-1.7578290498386844,-2.715491063807385,0.8793985293599144,1.8179073030492408,-0.9576620139687003,-1.7578290498386844,True,ok,,0.3,0.1,0.084
2020-09-30 10:00:00+00:00,-0.8448124793197187,-0.8448124793197187,-3.991776045426079,-4.836588524745798,1.8179073030492408,2.645823532782565,-0.8448124793197196,-3.991776045426079,True,ok,,0.3,0.1,0.084
2020-09-30 11:00:00+00:00,-0.5893287894609216,-0.5893287894609216,-2.081931241096265,-2.6712600305571867,2.645823532782565,3.2233657464542684,-0.589328789460921,-2.081931241096265,True,ok,,0.3,0.1,0.084
2020-09-30 12:00:00+00:00,-0.5056982023349144,-0.5056982023349144,-1.7744643202812345,-2.280162522616149,3.2233657464542684,3.7189499847424843,-0.5056982023349151,-1.7744643202812345,True,ok,,0.3,0.1,0.084
2020-09-30 13:00:00+00:00,-0.4972908445511335,-0.4972908445511335,-2.2852471207413587,-2.782537965292492,3.7189499847424843,4.206295012402595,-0.49729084455113415,-2.2852471207413587,True,ok,,0.3,0.1,0.084
2020-09-30 14:00:00+00:00,-0.2916763936960084,-0.2916763936960084,-0.5539522113334011,-0.8456286050294095,4.206295012402595,4.492137878224684,-0.29167639369600834,-0.5539522113334011,True,ok,,0.3,0.1,0.084
2020-09-30 15:00:00+00:00,2.8017785831668807e-07,2.8017785831668807e-07,-0.11782080075342542,-0.1178205205755671,4.492137878224684,4.49213759232891,2.801778585410611e-07,-0.11782080075342542,True,ok,,0.4,0.18,0.084
2020-09-30 16:00:00+00:00,0.002013012731927922,0.002013012731927922,-2.01294142036703e-07,0.0020128114377858854,4.49213759232891,4.490083497704494,0.002013012731928021,-2.0129414203675704e-07,True,ok,,0.4,0.18,0.084
2020-09-30 17:00:00+00:00,0.9967745301939716,0.9967745301939716,-2.0128051902990052e-07,0.9967743289134525,4.490083497704494,3.472966630159625,0.9967745301939716,-2.012805190233924e-07,True,ok,,0.4,0.18,0.084
2020-09-30 18:00:00+00:00,0.22274125668425432,0.22274125668425432,-2.0128573699484953e-07,0.22274105539851732,3.472966630159625,3.245679633543039,0.2227412566842543,-2.0128573699652702e-07,True,ok,,0.4,0.18,0.084
2020-09-30 19:00:00+00:00,0.21012549435121305,0.21012549435121305,2.830337567649721e-07,0.21012577738496982,3.245679633543039,3.031265863796903,0.2101254943512131,2.830337567786916e-07,True,ok,,0.2,0.07,0.084
2020-09-30 20:00:00+00:00,0.15556524454016823,0.15556524454016823,2.830049130042589e-07,0.15556552754508124,3.031265863796903,2.872525818347752,0.1555652445401683,2.830049130000479e-07,True,ok,,0.2,0.07,0.084
2020-09-30 21:00:00+00:00,0.18239877221816914,0.18239877221816914,2.829740366194766e-07,0.18239905519220576,2.872525818347752,2.686404622206763,0.18239877221816903,2.8297403661222835e-07,True,ok,,0.2,0.07,0.084
2020-09-30 22:00:00+00:00,0.14542488380776783,0.14542488380776783,2.829421865413462e-07,0.14542516674995437,2.686404622206763,2.538011883627408,0.1454248838077679,2.829421865311811e-07,True,ok,,0.2,0.07,0.084
2020-09-30 23:00:00+00:00,0.18857585600098925,0.18857585600098925,2.8290866865843256e-07,0.1885761389096579,2.538011883627408,2.3455875407692557,0.1885758560009893,2.829086686667721e-07,True,ok,,0.2,0.07,0.084
2020-10-01 00:00:00+00:00,0.18670480077399174,0.18670480077399174,2.8287437195406717e-07,0.1867050836483637,2.3455875407692557,2.1550724379386517,0.18670480077399168,2.8287437195432705e-07,True,ok,,0.2,0.07,0.084
2020-10-01 01:00:00+00:00,0.6243031909674529,0.6243031909674529,2.8283892805625044e-07,0.624303473806381,2.1550724379386517,1.5180283655228832,0.6243031909674532,2.8283892803746087e-07,True,ok,,0.2,0.07,0.084
2020-10-01 02:00:00+00:00,0.3764015222681862,0.3764015222681862,2.828174202607059e-07,0.37640180508560644,1.5180283655228832,1.1339451795349382,0.37640152226818624,2.82817420286384e-07,True,ok,,0.2,0.07,0.084
2020-10-01 03:00:00+00:00,0.19530968955615827,0.19530968955615827,2.827856968867781e-07,0.19530997234185515,1.1339451795349382,0.9346495779470216,0.19530968955615824,2.8278569688083524e-07,True,ok,,0.2,0.07,0.084
2020-10-01 04:00:00+00:00,0.15170505971299408,0.15170505971299408,-4.1688827112640325e-09,0.15170505554411137,0.9346495779470216,0.7798484966072318,0.15170505971299414,-4.168882711732009e-09,True,ok,,0.3,0.1,0.084
2020-10-01 05:00:00+00:00,0.7642502171636691,0.7642502171636691,-4.169463552194941e-09,0.7642502129942056,0.7798484966072318,1.3362361407365242e-06,0.7642502171636691,-4.169463540821645e-09,True,ok,,0.3,0.1,0.084
2020-10-01 06:00:00+00:00,-0.42980106959586706,-0.42980106959586706,-0.23430609802727653,-0.6641071676231436,1.3362361407365242e-06,0.42120638444009045,-0.42980106959586706,-0.2343060980272765,True,ok,,0.3,0.1,0.084
2020-10-01 07:00:00+00:00,-0.9090160697634264,-0.9090160697634264,-1.1428007052104063,-2.0518167749738327,0.42120638444009045,1.3120421328082483,-0.9090160697634263,-1.1428007052104063,True,ok,,0.3,0.1,0.084
2020-10-01 08:00:00+00:00,-0.585223634686129,-0.585223634686129,-1.2219943263907205,-1.8072179610768495,1.3120421328082483,1.8855612948006548,-0.5852236346861297,-1.2219943263907205,True,ok,,0.3,0.1,0.084
2020-10-01 09:00:00+00:00,-0.553788072556239,-0.553788072556239,-1.9934148093098834,-2.5472028818661223,1.8855612948006548,2.428273605905769,-0.553788072556239,-1.9934148093098834,True,ok,,0.3,0.1,0.084
2020-10-01 10:00:00+00:00,-0.5084719961862718,-0.5084719961862718,-2.7861015892055034,-3.2945735853917753,2.428273605905769,2.9265761621683155,-0.508471996186272,-2.7861015892055034,True,ok,,0.3,0.1,0.084
2020-10-01 11:00:00+00:00,-0.4042803413151077,-0.4042803413151077,-1.5086309851774096,-1.9129113264925173,2.9265761621683155,3.322770896657121,-0.40428034131510826,-1.5086309851774096,True,ok,,0.3,0.1,0.084
2020-10-01 12:00:00+00:00,-0.39657249440122433,-0.39657249440122433,-1.9134973856492192,-2.3100698800504436,3.322770896657121,3.7114119411703212,-0.3965724944012254,-1.9134973856492192,True,ok,,0.3,0.1,0.084
2020-10-01 13:00:00+00:00,-0.1087028955172969,-0.1087028955172969,-0.13215919931060718,-0.24086209482790408,3.7114119411703212,3.817940778777272,-0.10870289551729691,-0.13215919931060718,True,ok,,0.3,0.1,0.084
2020-10-01 14:00:00+00:00,-0.9296282714884346,-0.9296282714884346,-0.17073991154250157,-1.1003681830309362,3.817940778777272,4.728976484835938,-0.9296282714884345,-0.17073991154250157,True,ok,,0.3,0.1,0.084
2020-10-01 15:00:00+00:00,0.029160154018407318,0.029160154018407318,-2.4280625321448923e-07,0.029159911212154103,4.728976484835938,4.699221225633481,0.029160154018407197,-2.428062532152826e-07,True,ok,,0.4,0.18,0.084
2020-10-01 16:00:00+00:00,0.41736391457227034,0.41736391457227034,-2.4280405658272386e-07,0.41736367176821376,4.699221225633481,4.273339680151572,0.41736391457227046,-2.428040565725709e-07,True,ok,,0.4,0.18,0.084
2020-10-01 17:00:00+00:00,0.29968622916951093,0.29968622916951093,-2.428041159241445e-07,0.299685986365395,4.273339680151572,3.967537405488806,0.299686229169511,-2.428041159321697e-07,True,ok,,0.4,0.18,0.084
2020-10-01 18:00:00+00:00,0.3160987981252467,0.3160987981252467,-2.4280408267296494e-07,0.31609855532116404,3.967537405488806,3.6449876114834523,0.31609879812524677,-2.4280408265173115e-07,True,ok,,0.4,0.18,0.084
2020-10-01 19:00:00+00:00,0.23658386273145438,0.23658386273145438,8.187002831228085e-08,0.2365839446014827,3.6449876114834523,3.4035755066554376,0.2365838627314544,8.187002831890878e-08,True,ok,,0.2,0.07,0.084
2020-10-01 20:00:00+00:00,0.19367991340106808,0.19367991340106808,2.2567431706699281e-07,0.19368013907538514,3.4035755066554376,3.2059429419604704,0.19367991340106805,2.2567431707072503e-07,True,ok,,0.2,0.07,0.084
2020-10-01 21:00:00+00:00,0.14437938541529602,0.14437938541529602,2.2567419852292936e-07,0.14437961108949454,3.2059429419604704,3.0586170384754743,0.14437938541529605,2.2567419851839112e-07,True,ok,,0.2,0.07,0.084
2020-10-01 22:00:00+00:00,0.21909144616418533,0.21909144616418533,8.187002470405602e-08,0.21909152803421003,3.0586170384754743,2.835054338307938,0.21909144616418538,8.187002470052834e-08,True,ok,,0.2,0.07,0.084
2020-10-01 23:00:00+00:00,0.13526583496493663,0.13526583496493663,8.187000066772754e-08,0.1352659168349373,2.835054338307938,2.697027976098819,0.13526583496493663,8.187000067089151e-08,True,ok,,0.2,0.07,0.084
2020-10-02 00:00:00+00:00,0.8482388301497199,0.8482388301497199,2.2567456114952478e-07,0.848239055824281,2.697027976098819,1.8314781494154313,0.8482388301497198,2.256745611502281e-07,True,ok,,0.2,0.07,0.084
2020-10-02 01:00:00+00:00,0.3546587466048011,0.3546587466048011,2.256744294215629e-07,0.35465897227923054,1.8314781494154313,1.4695814692064506,0.3546587466048014,2.2567442941984827e-07,True,ok,,0.2,0.07,0.084
2020-10-02 02:00:00+00:00,0.3274311349836279,0.3274311349836279,2.256743816264617e-07,0.32743136065800954,1.4695814692064506,1.1354680661619323,0.3274311349836279,2.2567438163999802e-07,True,ok,,0.2,0.07,0.084
2020-10-02 03:00:00+00:00,0.22343857987410842,0.22343857987410842,2.2567424165509387e-07,0.22343880554835008,1.1354680661619323,0.907469515269985,0.2234385798741086,2.2567424166845152e-07,True,ok,,0.2,0.07,0.084
2020-10-02 04:00:00+00:00,0.1598832825996839,0.1598832825996839,-5.146367415553854e-09,0.15988327745331649,0.907469515269985,0.7443233085356137,0.15988328259968385,-5.146367405681796e-09,True,ok,,0.3,0.1,0.084
2020-10-02 05:00:00+00:00,0.11311018038572726,0.11311018038572726,-5.146372550335343e-09,0.11311017523935471,0.7443233085356137,0.6289047571216063,0.11311018038572732,-5.146372554419143e-09,True,ok,,0.3,0.1,0.084
2020-10-02 06:00:00+00:00,-0.2859027766190553,-0.2859027766190553,-0.21477650240140767,-0.5006792790204629,0.6289047571216063,0.9090894782082806,-0.2859027766190552,-0.2147765024014077,True,ok,,0.3,0.1,0.084
2020-10-02 07:00:00+00:00,-0.6845514432523073,-0.6845514432523073,-0.48762180559995116,-1.1721732488522585,0.9090894782082806,1.5799498925955417,-0.6845514432523078,-0.48762180559995116,True,ok,,0.3,0.1,0.084
2020-10-02 08:00:00+00:00,-1.1722753192775306,-1.1722753192775306,-1.5389003960021403,-2.711175715279671,1.5799498925955417,2.728779705487522,-1.1722753192775301,-1.5389003960021403,True,ok,,0.3,0.1,0.084
2020-10-02 09:00:00+00:00,-1.1782377779483042,-1.1782377779483042,-2.824996143411843,-4.003233921360147,2.728779705487522,3.8834527278768602,-1.1782377779483042,-2.824996143411843,True,ok,,0.3,0.1,0.084
2020-10-02 10:00:00+00:00,-1.0921622504194408,-1.0921622504194408,-3.7853264960291453,-4.877488746448586,3.8834527278768602,4.953771733287912,-1.09216225041944,-3.7853264960291453,True,ok,,0.3,0.1,0.084
2020-10-02 11:00:00+00:00,-0.9769364166842958,-0.9769364166842958,-3.573711765369288,-4.550648182053584,4.953771733287912,5.9111694216385215,-0.976936416684297,-3.573711765369288,True,ok,,0.3,0.1,0.084
2020-10-02 12:00:00+00:00,-0.7641409419232457,-0.7641409419232457,-1.961395326205136,-2.7255362681283817,5.9111694216385215,6.660027544723302,-0.7641409419232463,-1.961395326205136,True,ok,,0.3,0.1,0.084
2020-10-02 13:00:00+00:00,1.9127487719682201,1.9127487719682201,-1.866996557353673e-09,1.9127487701012236,6.660027544723302,4.708243083531241,1.9127487719682204,-1.8669966046019958e-09,True,ok,,0.3,0.1,0.084
2020-10-02 14:00:00+00:00,-0.5277991744675532,-0.5277991744675532,-1.0315505141396957,-1.5593496886072489,4.708243083531241,5.225486274509443,-0.5277991744675533,-1.0315505141396957,True,ok,,0.3,0.1,0.084
2020-10-02 15:00:00+00:00,0.3942249570651794,0.3942249570651794,-2.9854480299018604e-07,0.3942246585203764,5.225486274509443,4.823215910157219,0.3942249570651793,-2.985448029920678e-07,True,ok,,0.4,0.18,0.084
2020-10-02 16:00:00+00:00,0.12981147215461047,0.12981147215461047,-2.0072810644200523e-07,0.12981127142650403,4.823215910157219,4.690755224285168,0.12981147215461072,-2.007281064333953e-07,True,ok,,0.4,0.18,0.084
2020-10-02 17:00:00+00:00,0.24513364292344791,0.24513364292344791,-6.256042273111717e-08,0.24513358036302518,4.690755224285168,4.440618853955119,0.24513364292344797,-6.256042273431043e-08,True,ok,,0.4,0.18,0.084
2020-10-02 18:00:00+00:00,0.39847539738502596,0.39847539738502596,-2.0313216314571392e-07,0.3984751942528628,4.440618853955119,4.034011305603052,0.39847539738502596,-2.0313216315701752e-07,True,ok,,0.4,0.18,0.084
2020-10-02 19:00:00+00:00,0.2322912762190928,0.2322912762190928,2.7937100666175496e-07,0.23229155559009945,4.034011305603052,3.7969793910937732,0.23229127621909307,2.793710066592328e-07,True,ok,,0.2,0.07,0.084
2020-10-02 20:00:00+00:00,0.2534374427546184,0.2534374427546184,2.793455334271222e-07,0.2534377221001518,3.7969793910937732,3.5383697556298768,0.2534374427546183,2.7934553343163933e-07,True,ok,,0.2,0.07,0.084
2020-10-02 21:00:00+00:00,0.18626097067827838,0.18626097067827838,2.7931960205895834e-07,0.18626124999788043,3.5383697556298768,3.3483075406520415,0.18626097067827838,2.793196020547056e-07,True,ok,,0.2,0.07,0.084
2020-10-02 22:00:00+00:00,0.1653322485954964,0.1653322485954964,2.792910001880866e-07,0.16533252788649658,3.3483075406520415,3.179601164534188,0.1653322485954963,2.7929100018668573e-07,True,ok,,0.2,0.07,0.084
2020-10-02 23:00:00+00:00,0.16762927629550572,0.16762927629550572,2.792610033774956e-07,0.1676295555565091,3.179601164534188,3.0085508825999985,0.1676292762955056,2.7926100338203564e-07,True,ok,,0.2,0.07,0.084
2020-10-03 00:00:00+00:00,0.14842838709692113,0.14842838709692113,2.7922981335470887e-07,0.1484286663267345,3.0085508825999985,2.8570933447459974,0.14842838709692116,2.7922981336097066e-07,True,ok,,0.2,0.07,0.084
2020-10-03 01:00:00+00:00,0.21468233209590185,0.21468233209590185,2.7919736100834314e-07,0.21468261129326285,2.8570933447459974,2.638029740566506,0.21468233209590176,2.7919736102083343e-07,True,ok,,0.2,0.07,0.084
2020-10-03 02:00:00+00:00,0.4229289426848598,0.4229289426848598,2.79165112415658e-07,0.4229292218499722,2.638029740566506,2.20646959496971,0.42292894268485975,2.7916511239130824e-07,True,ok,,0.2,0.07,0.084
2020-10-03 03:00:00+00:00,0.17438097118169094,0.17438097118169094,2.7913884981245474e-07,0.17438125032054075,2.20646959496971,2.028529828457781,0.17438097118169077,2.79138849822084e-07,True,ok,,0.2,0.07,0.084
2020-10-03 04:00:00+00:00,0.30940575408140947,0.30940575408140947,-4.22001045219389e-09,0.309405749861399,2.028529828457781,1.7128096712318528,0.3094057540814095,-4.220010443274577e-09,True,ok,,0.3,0.1,0.084
2020-10-03 05:00:00+00:00,0.30325279482269196,0.30325279482269196,-4.220461036208434e-09,0.3032527906022309,1.7128096712318528,1.403368043861759,0.3032527948226921,-4.22046103101851e-09,True,ok,,0.3,0.1,0.084
2020-10-03 06:00:00+00:00,0.7562922776882577,0.7562922776882577,-4.220912286356793e-09,0.7562922734673454,1.403368043861759,0.6316412298941492,0.7562922776882578,-4.220912280366546e-09,True,ok,,0.3,0.1,0.084
2020-10-03 07:00:00+00:00,0.5854313032033949,0.5854313032033949,-4.221164306983383e-09,0.5854312989822306,0.6316412298941492,0.034262349074358434,0.5854313032033949,-4.221164351616681e-09,True,ok,,0.3,0.1,0.084
2020-10-03 08:00:00+00:00,0.03357571760218344,0.03357571760218344,-4.221547840466133e-09,0.0335757133806356,0.034262349074358434,1.4127455998172445e-06,0.0335757176021836,-4.221547839068701e-09,True,ok,,0.3,0.1,0.084
2020-10-03 09:00:00+00:00,-1.207679003959712,-1.207679003959712,-0.776175437067363,-1.983854441027075,1.4127455998172445e-06,1.1835268366261176,-1.207679003959712,-0.776175437067363,True,ok,,0.3,0.1,0.084
2020-10-03 10:00:00+00:00,-1.6375000214113848,-1.6375000214113848,-2.6107361122727584,-4.248236133684143,1.1835268366261176,2.788276857609275,-1.637500021411386,-2.6107361122727584,True,ok,,0.3,0.1,0.084
2020-10-03 11:00:00+00:00,-1.2080637731831763,-1.2080637731831763,-2.9420654659553405,-4.150129239138517,2.788276857609275,3.9721793553287874,-1.2080637731831743,-2.9420654659553405,True,ok,,0.3,0.1,0.084
2020-10-03 12:00:00+00:00,-0.9563524669298067,-0.9563524669298067,-2.500845935621227,-3.457198402551034,3.9721793553287874,4.909404772919998,-0.9563524669298064,-2.500845935621227,True,ok,,0.3,0.1,0.084
2020-10-03 13:00:00+00:00,-0.29907547290301945,-0.29907547290301945,-0.37692087067923247,-0.6759963435822519,4.909404772919998,5.202498736364957,-0.2990754729030195,-0.37692087067923247,True,ok,,0.3,0.1,0.084
2020-10-03 14:00:00+00:00,-0.016548655053596893,-0.016548655053596893,-0.01650473550304537,-0.03305339055664226,5.202498736364957,5.218716418317482,-0.016548655053596914,-0.01650473550304537,True,ok,,0.3,0.1,0.084
2020-10-03 15:00:00+00:00,0.1862985631660767,0.1862985631660767,-2.975199246690874e-07,0.18629826564615204,5.218716418317482,5.02861584365822,0.18629856316607687,-2.9751992467828077e-07,True,ok,,0.4,0.18,0.084
2020-10-03 16:00:00+00:00,0.517312737773534,0.517312737773534,-2.3098892676376437e-07,0.5173125067846073,5.02861584365822,4.500745703072981,0.517312737773534,-2.3098892679482038e-07,True,ok,,0.4,0.18,0.084
2020-10-03 17:00:00+00:00,0.4518552285264532,0.4518552285264532,-2.004720036086205e-07,0.4518550280544496,4.500745703072981,4.039668939270478,0.4518552285264533,-2.0047200362968126e-07,True,ok,,0.4,0.18,0.084
2020-10-03 18:00:00+00:00,0.3205727554356877,0.3205727554356877,-2.0048179510956388e-07,0.3205725549538926,4.039668939270478,3.7125538827034497,0.32057275543568775,-2.0048179508750928e-07,True,ok,,0.4,0.18,0.084
2020-10-03 19:00:00+00:00,0.2599579930202905,0.2599579930202905,2.846820408852757e-07,0.2599582777023314,3.7125538827034497,3.44729062451948,0.2599579930202907,2.846820408660602e-07,True,ok,,0.2,0.07,0.084
2020-10-03 20:00:00+00:00,0.2273668819820313,0.2273668819820313,2.8465369436569965e-07,0.22736716663572568,3.44729062451948,3.2152836020888356,0.2273668819820314,2.846536943672931e-07,True,ok,,0.2,0.07,0.084
2020-10-03 21:00:00+00:00,0.19254732667970062,0.19254732667970062,2.846230995334764e-07,0.19254761130280015,3.2152836020888356,3.0188067381299573,0.1925473266797007,2.846230995334574e-07,True,ok,,0.2,0.07,0.084
2020-10-03 22:00:00+00:00,0.16238002109211103,0.16238002109211103,2.8459017745174897e-07,0.16238030568228848,3.0188067381299573,2.8531128390563745,0.16238002109211105,2.845901774397542e-07,True,ok,,0.2,0.07,0.084
2020-10-03 23:00:00+00:00,0.2718507716705988,0.2718507716705988,2.8455549583306095e-07,0.2718510562260946,2.8531128390563745,2.5757140924537225,0.2718507716705988,2.845554958568125e-07,True,ok,,0.2,0.07,0.084
2020-10-04 00:00:00+00:00,0.2103358264058812,0.2103358264058812,2.8452244213439393e-07,0.21033611092832333,2.5757140924537225,2.361085698162007,0.21033582640588128,2.8452244213200683e-07,True,ok,,0.2,0.07,0.084
2020-10-04 01:00:00+00:00,0.15972124318908584,0.15972124318908584,2.844853771444278e-07,0.159721527674463,2.361085698162007,2.198104837764981,0.15972124318908598,2.844853771356137e-07,True,ok,,0.2,0.07,0.084
2020-10-04 02:00:00+00:00,0.32855543676589954,0.32855543676589954,2.8444553334949774e-07,0.3285557212114329,2.198104837764981,1.8628441880038589,0.32855543676589954,2.8444553336026e-07,True,ok,,0.2,0.07,0.084
2020-10-04 03:00:00+00:00,0.6585958259991631,0.6585958259991631,8.982170018878577e-08,0.6585959158208633,1.8628441880038589,1.1908076308618556,0.6585958259991633,8.982170020830387e-08,True,ok,,0.2,0.07,0.084
2020-10-04 04:00:00+00:00,0.11567361487971081,0.11567361487971081,-3.9699311754626265e-09,0.11567361090977964,1.1908076308618556,1.0727733299641915,0.11567361487971081,-3.969931179514928e-09,True,ok,,0.3,0.1,0.084
2020-10-04 05:00:00+00:00,0.7579990361332098,0.7579990361332098,-3.970776263351183e-09,0.7579990321624336,1.0727733299641915,0.29930492574663037,0.7579990361332095,-3.970776278591057e-09,True,ok,,0.3,0.1,0.084
2020-10-04 06:00:00+00:00,0.2933177410223554,0.2933177410223554,-3.971185658091514e-09,0.29331773705116976,0.29930492574663037,1.1083768799435845e-06,0.29331774102235547,-3.971185638284264e-09,True,ok,,0.3,0.1,0.084
2020-10-04 07:00:00+00:00,-0.03562062025950583,-0.03562062025950583,-0.017586864708817325,-0.05320748496832316,1.1083768799435845e-06,0.034909316231195656,-0.03562062025950602,-0.017586864708817325,True,ok,,0.3,0.1,0.084
2020-10-04 08:00:00+00:00,-1.362841433895337,-1.362841433895337,-1.6230299856891865,-2.9858714195845235,0.034909316231195656,1.370493921448626,-1.3628414338953365,-1.6230299856891865,True,ok,,0.3,0.1,0.084
2020-10-04 09:00:00+00:00,-0.5598725649208962,-0.5598725649208962,-3.6533628565371616,-4.213235421458058,1.370493921448626,1.9191690350711044,-0.5598725649208962,-3.6533628565371616,True,ok,,0.3,0.1,0.084
2020-10-04 10:00:00+00:00,-0.4232430813856176,-0.4232430813856176,-0.5579166873510638,-0.9811597687366814,1.9191690350711044,2.3339472548290097,-0.4232430813856178,-0.5579166873510638,True,ok,,0.3,0.1,0.084
2020-10-04 11:00:00+00:00,-0.392155198252198,-0.392155198252198,-0.5965109758260638,-0.9886661740782619,2.3339472548290097,2.7182593491161637,-0.39215519825219775,-0.5965109758260638,True,ok,,0.3,0.1,0.084
2020-10-04 12:00:00+00:00,-0.6688456025991556,-0.6688456025991556,-2.7593456068258937,-3.4281912094250493,2.7182593491161637,3.3737280396633365,-0.6688456025991552,-2.7593456068258937,True,ok,,0.3,0.1,0.084
2020-10-04 13:00:00+00:00,-0.29746486755895873,-0.29746486755895873,-0.4229804494462387,-0.7204453170051974,3.3737280396633365,3.665243609871116,-0.29746486755895873,-0.4229804494462387,True,ok,,0.3,0.1,0.084
2020-10-04 14:00:00+00:00,-0.5108544123671486,-0.5108544123671486,-2.38664390939479,-2.8974983217619386,3.665243609871116,4.1658809339909215,-0.5108544123671479,-2.38664390939479,True,ok,,0.3,0.1,0.084
2020-10-04 15:00:00+00:00,1.8286681524593007e-07,1.8286681524593007e-07,-0.27047906936031935,-0.2704788864935041,4.1658809339909215,4.165880747392131,1.8286681559899516e-07,-0.27047906936031935,True,ok,,0.4,0.18,0.084
2020-10-04 16:00:00+00:00,0.25675866320215307,0.25675866320215307,-2.028778588458735e-07,0.2567584603242942,4.165880747392131,3.9038821114715665,0.2567586632021533,-2.0287785886843682e-07,True,ok,,0.4,0.18,0.084
2020-10-04 17:00:00+00:00,0.41657100817707077,0.41657100817707077,-2.0288970936643835e-07,0.4165708052873614,3.9038821114715665,3.4788096541480247,0.416571008177071,-2.0288970938866074e-07,True,ok,,0.4,0.18,0.084
2020-10-04 18:00:00+00:00,0.9848950381967713,0.9848950381967713,-2.0289950519725153e-07,0.9848948352972661,3.4788096541480247,2.4738147172125435,0.9848950381967712,-2.0289950518338152e-07,True,ok,,0.4,0.18,0.084
2020-10-04 19:00:00+00:00,0.21837477575898287,0.21837477575898287,2.798349316712745e-07,0.21837505559391454,2.4738147172125435,2.250983313376847,0.21837477575898284,2.798349316687831e-07,True,ok,,0.2,0.07,0.084
2020-10-04 20:00:00+00:00,0.19284549783545354,0.19284549783545354,2.798085979582865e-07,0.1928457776440515,2.250983313376847,2.054202193136588,0.19284549783545363,2.798085979643634e-07,True,ok,,0.2,0.07,0.084
2020-10-04 21:00:00+00:00,0.16575244256742258,0.16575244256742258,2.797806846754902e-07,0.16575272234810726,2.054202193136588,1.8850670476596263,0.16575244256742258,2.797806846812234e-07,True,ok,,0.2,0.07,0.084
2020-10-04 22:00:00+00:00,0.17456249805929538,0.17456249805929538,2.7975133101709737e-07,0.1745627778106264,1.8850670476596263,1.7069420496399372,0.17456249805929533,2.7975133101597743e-07,True,ok,,0.2,0.07,0.084
2020-10-04 23:00:00+00:00,0.16724463698829056,0.16724463698829056,2.797209736615791e-07,0.16724491670926422,1.7069420496399372,1.5362842567947428,0.16724463698829048,2.7972097365177317e-07,True,ok,,0.2,0.07,0.084
2020-10-05 00:00:00+00:00,0.13544813674257122,0.13544813674257122,2.7968917393206283e-07,0.13544841643174516,1.5362842567947428,1.3980718723635477,0.13544813674257122,2.7968917394155246e-07,True,ok,,0.2,0.07,0.084
2020-10-05 01:00:00+00:00,0.7394804425908257,0.7394804425908257,2.796564039231342e-07,0.7394807222472296,1.3980718723635477,0.6434999921688276,0.7394804425908259,2.796564039586668e-07,True,ok,,0.2,0.07,0.084
2020-10-05 02:00:00+00:00,0.1518899150631309,0.1518899150631309,2.796390175252572e-07,0.15189019470214843,0.6434999921688276,0.48851028292073484,0.1518899150631309,2.7963901751165996e-07,True,ok,,0.2,0.07,0.084
2020-10-05 03:00:00+00:00,0.18169738664483048,0.18169738664483048,2.796028555074326e-07,0.181697666247686,0.48851028292073484,0.3031047863443772,0.18169738664483048,2.796028555196212e-07,True,ok,,0.2,0.07,0.084
2020-10-05 04:00:00+00:00,0.19377514370420418,0.19377514370420418,-4.2134409017347e-09,0.19377513949076328,0.3031047863443772,0.10537504787069948,0.19377514370420426,-4.213440895287451e-09,True,ok,,0.3,0.1,0.084
2020-10-05 05:00:00+00:00,0.10326617365449804,0.10326617365449804,-4.213980123179972e-09,0.10326616944051792,0.10537504787069948,1.4012844769956123e-06,0.10326617365449803,-4.213980127671885e-09,True,ok,,0.3,0.1,0.084
2020-10-05 06:00:00+00:00,-0.06024328269746625,-0.06024328269746625,-0.023871940660311577,-0.08411522335777782,1.4012844769956123e-06,0.05903981832799392,-0.06024328269746627,-0.02387194066031158,True,ok,,0.3,0.1,0.084
2020-10-05 07:00:00+00:00,-0.1131791164067751,-0.1131791164067751,-0.05750952245519912,-0.17068863886197422,0.05903981832799392,0.1699553524066335,-0.11317911640677504,-0.05750952245519912,True,ok,,0.3,0.1,0.084
2020-10-05 08:00:00+00:00,-0.3446746532286096,-0.3446746532286096,-0.17955427571829097,-0.5242289289469005,0.1699553524066335,0.5077365125706709,-0.34467465322860974,-0.17955427571829094,True,ok,,0.3,0.1,0.084
2020-10-05 09:00:00+00:00,-2.442186605746241,-2.442186605746241,-1.4364402351024261,-3.8786268408486673,0.5077365125706709,2.901079386201987,-2.442186605746241,-1.4364402351024264,True,ok,,0.3,0.1,0.084
2020-10-05 10:00:00+00:00,-1.9521950228023954,-1.9521950228023954,-1.64596947718775,-3.5981644999901454,2.901079386201987,4.814230508548334,-1.9521950228023952,-1.64596947718775,True,ok,,0.3,0.1,0.084
2020-10-05 11:00:00+00:00,-0.19653323952566587,-0.19653323952566587,-0.18609457385924244,-0.3826278133849083,4.814230508548334,5.006833083283487,-0.1965332395256661,-0.18609457385924244,True,ok,,0.3,0.1,0.084
2020-10-05 12:00:00+00:00,-0.29441175911713413,-0.29441175911713413,-0.296912758341201,-0.5913245174583351,5.006833083283487,5.295356607218278,-0.2944117591171342,-0.296912758341201,True,ok,,0.3,0.1,0.084
2020-10-05 13:00:00+00:00,-0.3583617512805173,-0.3583617512805173,-0.38213556349716693,-0.7404973147776842,5.295356607218278,5.646551123473185,-0.35836175128051745,-0.38213556349716693,True,ok,,0.3,0.1,0.084
2020-10-05 14:00:00+00:00,0.6856891762426259,0.6856891762426259,-1.8544298319156383e-09,0.6856891743881961,5.646551123473185,4.946868290572547,0.6856891762426255,-1.8544298767317716e-09,True,ok,,0.3,0.1,0.084
2020-10-05 15:00:00+00:00,0.06779907267316777,0.06779907267316777,-8.777223965694692e-08,0.06779898490092812,4.946868290572547,4.877685563355029,0.06779907267316779,-8.777223965733389e-08,True,ok,,0.4,0.18,0.084
2020-10-05 16:00:00+00:00,0.9434747917927813,0.9434747917927813,-2.04349642207724e-07,0.9434745874431391,4.877685563355029,3.91495618397464,0.9434747917927814,-2.0434964218710884e-07,True,ok,,0.4,0.18,0.084
2020-10-05 17:00:00+00:00,0.5706354397140025,0.5706354397140025,-2.0435425229781146e-07,0.5706352353597502,3.91495618397464,3.3326751230419847,0.5706354397140025,-2.0435425225597065e-07,True,ok,,0.4,0.18,0.084
2020-10-05 18:00:00+00:00,0.24041423243174104,0.24041423243174104,-2.043620331015905e-07,0.24041402806970794,3.3326751230419847,3.0873544777034736,0.240414232431741,-2.0436203310844235e-07,True,ok,,0.4,0.18,0.084
2020-10-05 19:00:00+00:00,0.20447719504290254,0.20447719504290254,2.7700543306363734e-07,0.2044774720483356,3.0873544777034736,2.878704278680104,0.20447719504290257,2.770054330538286e-07,True,ok,,0.2,0.07,0.084
2020-10-05 20:00:00+00:00,0.1832874452888949,0.1832874452888949,2.7698079899107775e-07,0.1832877222696939,2.878704278680104,2.691676273283272,0.18328744528889482,2.769807989957554e-07,True,ok,,0.2,0.07,0.084
2020-10-05 21:00:00+00:00,0.20633950130137624,0.20633950130137624,2.7695504023483863e-07,0.20633977825641647,2.691676273283272,2.4811257617512554,0.20633950130137615,2.7695504024593445e-07,True,ok,,0.2,0.07,0.084
2020-10-05 22:00:00+00:00,0.1417022504248566,0.1417022504248566,2.7692864187911503e-07,0.14170252735349848,2.4811257617512554,2.336531628664667,0.14170225042485657,2.769286418673558e-07,True,ok,,0.2,0.07,0.084
2020-10-05 23:00:00+00:00,0.18549586206416127,0.18549586206416127,2.7690059759000185e-07,0.18549613896475886,2.336531628664667,2.1472501367624615,0.18549586206416122,2.7690059759760773e-07,True,ok,,0.2,0.07,0.084
2020-10-06 00:00:00+00:00,0.1595367787290213,0.1595367787290213,2.768719924439722e-07,0.15953705560101375,2.1472501367624615,1.9844575054063172,0.15953677872902128,2.768719924523643e-07,True,ok,,0.2,0.07,0.084
2020-10-06 01:00:00+00:00,0.4893697507156718,0.4893697507156718,2.768423374432949e-07,0.48937002755800924,1.9844575054063172,1.4851006169209378,0.48936975071567185,2.7684233742613237e-07,True,ok,,0.2,0.07,0.084
2020-10-06 02:00:00+00:00,0.24064050077727187,0.24064050077727187,2.768212147841176e-07,0.24064077759848665,1.4851006169209378,1.2395490855155582,0.2406405007772719,2.768212147957806e-07,True,ok,,0.2,0.07,0.084
2020-10-06 03:00:00+00:00,0.14008733440521345,0.14008733440521345,2.767905629974532e-07,0.14008761119577645,1.2395490855155582,1.0966028259184015,0.14008733440521345,2.767905630086716e-07,True,ok,,0.2,0.07,0.084
2020-10-06 04:00:00+00:00,0.17533761562423225,0.17533761562423225,-4.253615709659542e-09,0.17533761137061654,1.0966028259184015,0.9176868916079605,0.17533761562423228,-4.2536157190828776e-09,True,ok,,0.3,0.1,0.084
2020-10-06 05:00:00+00:00,0.8541232748229963,0.8541232748229963,-4.254093632916067e-09,0.8541232705689027,0.9176868916079605,0.046132529543678524,0.8541232748229963,-4.254093616539315e-09,True,ok,,0.3,0.1,0.084
2020-10-06 06:00:00+00:00,0.04520844291882737,0.04520844291882737,-4.254358219879517e-09,0.04520843866446915,0.046132529543678524,1.465340793455061e-06,0.04520844291882737,-4.254358219982974e-09,True,ok,,0.3,0.1,0.084
2020-10-06 07:00:00+00:00,-0.2444403792384025,-0.2444403792384025,-0.1129897796731345,-0.357430158911537,1.465340793455061e-06,0.2395530369944279,-0.24444037923840256,-0.11298977967313449,True,ok,,0.3,0.1,0.084
2020-10-06 08:00:00+00:00,-2.123368242880442,-2.123368242880442,-0.9920328060845738,-3.115401048965016,0.2395530369944279,2.320453915017261,-2.1233682428804412,-0.9920328060845739,True,ok,,0.3,0.1,0.084
2020-10-06 09:00:00+00:00,-1.0720324529737773,-1.0720324529737773,-0.8708209072689026,-1.9428533602426798,2.320453915017261,3.371045718931563,-1.0720324529737775,-0.8708209072689025,True,ok,,0.3,0.1,0.084
2020-10-06 10:00:00+00:00,-0.29130139409289413,-0.29130139409289413,-0.2898290102044331,-0.5811304042973272,3.371045718931563,3.656521085142599,-0.29130139409289324,-0.2898290102044331,True,ok,,0.3,0.1,0.084
2020-10-06 11:00:00+00:00,-0.6217216785269094,-0.6217216785269094,-0.7088742140919898,-1.3305958926188992,3.656521085142599,4.26580833009897,-0.6217216785269096,-0.7088742140919898,True,ok,,0.3,0.1,0.084
2020-10-06 12:00:00+00:00,-0.4336750009721907,-0.4336750009721907,-0.49392212918273315,-0.9275971301549238,4.26580833009897,4.690809831051717,-0.43367500097219086,-0.49392212918273315,True,ok,,0.3,0.1,0.084
2020-10-06 13:00:00+00:00,-0.06328188143684654,-0.06328188143684654,-0.06138427501725752,-0.12466615645410406,4.690809831051717,4.7528260748598266,-0.06328188143684663,-0.06138427501725751,True,ok,,0.3,0.1,0.084
2020-10-06 14:00:00+00:00,-0.42590953441202406,-0.42590953441202406,-0.5317666859202284,-0.9576762203322524,4.7528260748598266,5.1702174185836105,-0.42590953441202417,-0.5317666859202284,True,ok,,0.3,0.1,0.084
2020-10-06 15:00:00+00:00,0.3316346077119936,0.3316346077119936,-1.9238554704870126e-07,0.33163441532644655,5.1702174185836105,4.831814757653005,0.3316346077119934,-1.923855470704705e-07,True,ok,,0.4,0.18,0.084
2020-10-06 16:00:00+00:00,1.284030009626514,1.284030009626514,-1.9239821513750144e-07,1.284029817228299,4.831814757653005,3.52158005395248,1.2840300096265145,-1.923982150903489e-07,True,ok,,0.4,0.18,0.084
2020-10-06 17:00:00+00:00,0.25366208373991744,0.25366208373991744,-5.610805209332881e-08,0.25366202763186535,3.52158005395248,3.2627411929933805,0.2536620837399174,-5.61080520919853e-08,True,ok,,0.4,0.18,0.084
2020-10-06 18:00:00+00:00,0.20642261167848833,0.20642261167848833,-1.9514512389351424e-07,0.20642241653336443,3.2627411929933805,3.0521058749541066,0.20642261167848827,-1.9514512388563408e-07,True,ok,,0.4,0.18,0.084
2020-10-06 19:00:00+00:00,0.25731467486075554,0.25731467486075554,2.964113954839753e-07,0.257314971272151,3.0521058749541066,2.7895398801982334,0.2573146748607554,2.9641139549733674e-07,True,ok,,0.2,0.07,0.084
2020-10-06 20:00:00+00:00,0.15999914800348922,0.15999914800348922,2.9637525775227935e-07,0.15999944437874697,2.7895398801982334,2.626275443459979,0.15999914800348922,2.9637525776152334e-07,True,ok,,0.2,0.07,0.084
2020-10-06 21:00:00+00:00,0.17326737038717205,0.17326737038717205,2.963341723394297e-07,0.1732676667213444,2.626275443459979,2.4494720042893956,0.17326737038717202,2.963341723275063e-07,True,ok,,0.2,0.07,0.084
2020-10-06 22:00:00+00:00,0.2027084813881027,0.2027084813881027,2.9629123479701924e-07,0.2027087776793375,2.4494720042893956,2.242626615117862,0.20270848138810277,2.962912348056561e-07,True,ok,,0.2,0.07,0.084
2020-10-06 23:00:00+00:00,0.8340217344295474,0.8340217344295474,2.962471871148509e-07,0.8340220306767345,2.242626615117862,1.3915840289652626,0.8340217344295473,2.9624718710654196e-07,True,ok,,0.2,0.07,0.084
2020-10-07 00:00:00+00:00,0.20026136235957442,0.20026136235957442,1.0961395066622082e-07,0.2002614719735251,1.3915840289652626,1.1872357000269214,0.20026136235957437,1.0961395066667037e-07,True,ok,,0.2,0.07,0.084
2020-10-07 01:00:00+00:00,0.19613077289027925,0.19613077289027925,3.101955224071862e-07,0.19613108308580166,1.1872357000269214,0.9871022583021466,0.19613077289027928,3.1019552240671025e-07,True,ok,,0.2,0.07,0.084
2020-10-07 02:00:00+00:00,0.3560820234711155,0.3560820234711155,3.101227832313924e-07,0.35608233359389874,0.9871022583021466,0.623753254760192,0.35608202347111556,3.1012278320418286e-07,True,ok,,0.2,0.07,0.084
2020-10-07 03:00:00+00:00,0.2264004118198018,0.2264004118198018,3.100560248270323e-07,0.22640072187582663,0.623753254760192,0.39273242637263917,0.22640041181980186,3.1005602482417665e-07,True,ok,,0.2,0.07,0.084
2020-10-07 04:00:00+00:00,0.14210217053103252,0.14210217053103252,-3.822722222102115e-09,0.1421021667083103,0.39273242637263917,0.24773021154505495,0.1421021705310326,-3.822722221041245e-09,True,ok,,0.3,0.1,0.084
2020-10-07 05:00:00+00:00,0.18277396272422516,0.18277396272422516,-3.8238024413495e-09,0.18277395890042272,0.24773021154505495,0.06122616794890681,0.18277396272422528,-3.823802433691981e-09,True,ok,,0.3,0.1,0.084
2020-10-07 06:00:00+00:00,0.06000068030152847,0.06000068030152847,-3.824892715054151e-09,0.060000676476635754,0.06122616794890681,9.839677553094561e-07,0.060000680301528574,-3.824892713916585e-09,True,ok,,0.3,0.1,0.084
2020-10-07 07:00:00+00:00,-0.1114775406421594,-0.1114775406421594,-0.046619244760412765,-0.15809678540257216,9.839677553094561e-07,0.10924897379707152,-0.1114775406421594,-0.046619244760412765,True,ok,,0.3,0.1,0.084
2020-10-07 08:00:00+00:00,-0.39700032015397935,-0.39700032015397935,-0.18511806183643853,-0.5821183819904179,0.10924897379707152,0.4983092875479713,-0.39700032015397924,-0.18511806183643853,True,ok,,0.3,0.1,0.084
2020-10-07 09:00:00+00:00,-0.6009075829325055,-0.6009075829325055,-0.3846525242653841,-0.9855601071978896,0.4983092875479713,1.0871987188218266,-0.6009075829325055,-0.38465252426538415,True,ok,,0.3,0.1,0.084
2020-10-07 10:00:00+00:00,-1.7975027600759608,-1.7975027600759608,-1.1925079055470211,-2.990010665622982,1.0871987188218266,2.8487514236962683,-1.7975027600759608,-1.1925079055470211,True,ok,,0.3,0.1,0.084
2020-10-07 11:00:00+00:00,-0.8664820216432911,-0.8664820216432911,-0.9228469562881221,-1.7893289779314132,2.8487514236962683,3.6979038049066935,-0.8664820216432916,-0.9228469562881221,True,ok,,0.3,0.1,0.084
2020-10-07 12:00:00+00:00,-1.7538015576802732,-1.7538015576802732,-2.5955968006742585,-4.349398358354532,3.6979038049066935,5.416629331433361,-1.7538015576802735,-2.5955968006742585,True,ok,,0.3,0.1,0.084
2020-10-07 13:00:00+00:00,-0.19106800317342898,-0.19106800317342898,-0.18984672647729461,-0.3809147296507236,5.416629331433361,5.603875974543321,-0.19106800317342915,-0.18984672647729461,True,ok,,0.3,0.1,0.084
2020-10-07 14:00:00+00:00,0.19786324529869104,0.19786324529869104,-4.197102249081652e-09,0.1978632411015888,5.603875974543321,5.401974703830371,0.19786324529869134,-4.197102245493913e-09,True,ok,,0.3,0.1,0.084
2020-10-07 15:00:00+00:00,0.10309165498256882,0.10309165498256882,-2.0246584488126107e-07,0.10309145251672394,5.401974703830371,5.296779137521627,0.1030916549825686,-2.0246584488015556e-07,True,ok,,0.4,0.18,0.084
2020-10-07 16:00:00+00:00,1.12224102863611,1.12224102863611,-2.0247659948680052e-07,1.1222408261595105,5.296779137521627,4.151635230750086,1.1222410286361095,-2.02476599488809e-07,True,ok,,0.4,0.18,0.084
2020-10-07 17:00:00+00:00,0.2622116190671858,0.2622116190671858,-2.0248094562136387e-07,0.2622114165862402,4.151635230750086,3.8840723541509172,0.26221161906718593,-2.0248094564212282e-07,True,ok,,0.4,0.18,0.084
2020-10-07 18:00:00+00:00,0.30245656395123366,0.30245656395123366,-2.0249319687692946e-07,0.3024563614580368,3.8840723541509172,3.575443207261903,0.30245656395123366,-2.0249319688188047e-07,True,ok,,0.4,0.18,0.084
2020-10-07 19:00:00+00:00,0.2144958028749107,0.2144958028749107,2.806204413008384e-07,0.214496083495352,3.575443207261903,3.356569939022198,0.21449580287491068,2.8062044130249875e-07,True,ok,,0.2,0.07,0.084
2020-10-07 20:00:00+00:00,0.18509019165172513,0.18509019165172513,2.805934914695829e-07,0.1850904722452166,3.356569939022198,3.1677023965204376,0.18509019165172508,2.8059349146877737e-07,True,ok,,0.2,0.07,0.084
2020-10-07 21:00:00+00:00,0.13294777510790295,0.13294777510790295,2.805647426329383e-07,0.1329480556726456,3.1677023965204376,3.0320414015123736,0.13294777510790295,2.805647426351497e-07,True,ok,,0.2,0.07,0.084
2020-10-07 22:00:00+00:00,0.2227505524733202,0.2227505524733202,2.8053470418898385e-07,0.2227508330080244,3.0320414015123736,2.804744919396741,0.22275055247332018,2.805347041920508e-07,True,ok,,0.2,0.07,0.084
2020-10-07 23:00:00+00:00,0.1320002752780882,0.1320002752780882,2.8050740868978963e-07,0.13200055578549688,2.804744919396741,2.670050760949712,0.1320002752780882,2.8050740868370724e-07,True,ok,,0.2,0.07,0.084
2020-10-08 00:00:00+00:00,0.1422759827891032,0.1422759827891032,0.0006031282200704424,0.14287911100917364,2.670050760949712,2.524871186675117,0.14227598278910317,0.0006031282200704339,True,ok,,0.2,0.07,0.084
2020-10-08 01:00:00+00:00,0.7105977853409667,0.7105977853409667,0.02762832634129042,0.7382261116822572,2.524871186675117,1.7997714057149468,0.7105977853409668,0.027628326341290407,True,ok,,0.2,0.07,0.084
2020-10-08 02:00:00+00:00,0.1730142819122333,0.1730142819122333,0.10764802346403177,0.2806623053762651,1.7997714057149468,1.6232262200902188,0.17301428191223345,0.10764802346403177,True,ok,,0.2,0.07,0.084
2020-10-08 03:00:00+00:00,0.19228129288969326,0.19228129288969326,0.2337387916794954,0.42602008456918866,1.6232262200902188,1.4270208191823686,0.19228129288969337,0.2337387916794954,True,ok,,0.2,0.07,0.084
2020-10-08 04:00:00+00:00,0.15798983307679473,0.15798983307679473,2.498001805406602e-16,0.15798983307679498,1.4270208191823686,1.2658067037978842,0.15798983307679484,2.4096162326892297e-16,True,ok,,0.3,0.1,0.084
2020-10-08 05:00:00+00:00,0.8335933182707128,0.8335933182707128,9.43689570931383e-15,0.8335933182707222,1.2658067037978842,0.4152012769910344,0.8335933182707129,9.438438963501912e-15,True,ok,,0.3,0.1,0.084
2020-10-08 06:00:00+00:00,0.03727873375062042,0.03727873375062042,-2.5146551507759796e-14,0.037278733750595275,0.4152012769910344,0.3771617527557074,0.037278733750620255,-2.5143379666709648e-14,True,ok,,0.3,0.1,0.084
2020-10-08 07:00:00+00:00,-0.1566891308037794,-0.1566891308037794,-2.4357932845719965e-07,-0.15668937438310784,0.3771617527557074,0.5307171009434112,-0.15668913080377944,-2.4357932844850274e-07,True,ok,,0.3,0.1,0.084
2020-10-08 08:00:00+00:00,-0.2150968054051522,-0.2150968054051522,-2.435795727895318e-07,-0.21509704898472498,0.5307171009434112,0.7415119702404603,-0.21509680540515222,-2.4357957279964886e-07,True,ok,,0.3,0.1,0.084
2020-10-08 09:00:00+00:00,-0.5155643370661961,-0.5155643370661961,-2.435798585054272e-07,-0.5155645806460546,0.7415119702404603,1.2467650205653324,-0.5155643370661962,-2.435798585170044e-07,True,ok,,0.3,0.1,0.084
2020-10-08 10:00:00+00:00,-1.5465112656885032,-1.5465112656885032,-2.435799908440117e-07,-1.546511509268494,1.2467650205653324,2.7623460609400654,-1.5465112656885032,-2.4357999082781767e-07,True,ok,,0.3,0.1,0.084
2020-10-08 11:00:00+00:00,-0.701582234157976,-0.701582234157976,-2.435799582034548e-07,-0.7015824777379343,2.7623460609400654,3.449896650414882,-0.7015822341579759,-2.4357995824924037e-07,True,ok,,0.3,0.1,0.084
2020-10-08 12:00:00+00:00,-0.6735863981592795,-0.6735863981592795,-2.435799668631944e-07,-0.6735866417392463,3.449896650414882,4.110011320610976,-0.6735863981592792,-2.4357996682677096e-07,True,ok,,0.3,0.1,0.084
2020-10-08 13:00:00+00:00,0.04460033287813022,0.04460033287813022,-2.8373137173076657e-14,0.04460033287810185,4.110011320610976,4.064500776857782,0.044600332878129915,-2.8373191487226758e-14,True,ok,,0.3,0.1,0.084
2020-10-08 14:00:00+00:00,-0.2705219510732651,-0.2705219510732651,-2.435798223121566e-07,-0.2705221946530874,4.064500776857782,4.3296122889095825,-0.2705219510732652,-2.435798223005358e-07,True,ok,,0.3,0.1,0.084
2020-10-08 15:00:00+00:00,0.6181490691850856,0.6181490691850856,-1.1276567790652336e-07,0.6181489564194077,4.3296122889095825,3.6988479325982704,0.6181490691850854,-1.1276567790025122e-07,True,ok,,0.4,0.18,0.084
2020-10-08 16:00:00+00:00,1.0789547127091423,1.0789547127091423,-1.1276566991291759e-07,1.0789545999434724,3.6988479325982704,2.5978737359562887,1.0789547127091428,-1.1276566990962599e-07,True,ok,,0.4,0.18,0.084
2020-10-08 17:00:00+00:00,0.22827855694989146,0.22827855694989146,-1.1276569411577952e-07,0.22827844418419735,2.5978737359562887,2.3649364329461955,0.2282785569498914,-1.1276569412437946e-07,True,ok,,0.4,0.18,0.084
2020-10-08 18:00:00+00:00,0.28443611273650354,0.28443611273650354,-1.127655377408665e-07,0.2844359999709658,2.3649364329461955,2.0746955015824162,0.28443611273650343,-1.1276553773978852e-07,True,ok,,0.4,0.18,0.084
2020-10-08 19:00:00+00:00,0.023482593303283866,0.023482593303283866,0.1622979347599606,0.18578052806324447,2.0746955015824162,2.050733671681106,0.02348259330328389,0.1622979347599606,True,ok,,0.2,0.07,0.084
2020-10-08 20:00:00+00:00,0.018779652553469195,0.018779652553469195,0.18092798648112027,0.19970763903458946,2.050733671681106,2.0315707609122597,0.01877965255346927,0.18092798648112027,True,ok,,0.2,0.07,0.084
2020-10-08 21:00:00+00:00,0.015448867907639136,0.015448867907639136,0.1702212436293406,0.18567011153697974,2.0315707609122597,2.015806609986097,0.01544886790763909,0.1702212436293406,True,ok,,0.2,0.07,0.084
2020-10-08 22:00:00+00:00,0.014099780683646812,0.014099780683646812,0.9336124143604482,0.947712195044095,2.015806609986097,2.0014190786762533,0.01409978068364649,0.9336124143604482,True,ok,,0.2,0.07,0.084
2020-10-08 23:00:00+00:00,0.011088521381366345,0.011088521381366345,0.13840781168525595,0.1494963330666223,2.0014190786762533,1.9901042609401653,0.011088521381366278,0.13840781168525595,True,ok,,0.2,0.07,0.084
2020-10-09 00:00:00+00:00,0.009657128754990835,0.009657128754990835,0.14241248239967128,0.1520696111546621,1.9901042609401653,1.9802500479248686,0.009657128754990828,0.14241248239967128,True,ok,,0.2,0.07,0.084
2020-10-09 01:00:00+00:00,0.008866646794676636,0.008866646794676636,0.36616699193696245,0.3750336387316391,1.9802500479248686,1.9712024491547904,0.008866646794676622,0.36616699193696245,True,ok,,0.2,0.07,0.084
2020-10-09 02:00:00+00:00,0.007629880597502636,0.007629880597502636,0.23113200862708058,0.23876188922458322,1.9712024491547904,1.9634168567083592,0.007629880597502773,0.23113200862708058,True,ok,,0.2,0.07,0.084
2020-10-09 03:00:00+00:00,0.006718210576856148,0.006718210576856148,0.24081192855416006,0.2475301391310162,1.9634168567083592,1.9565615397932,0.0067182105768561285,0.24081192855416006,True,ok,,0.2,0.07,0.084
2020-10-09 04:00:00+00:00,0.14981247209423615,0.14981247209423615,1.9392820682639922e-13,0.14981247209443008,1.9565615397932,1.8036916703092856,0.14981247209423615,1.939416606276346e-13,True,ok,,0.3,0.1,0.084
2020-10-09 05:00:00+00:00,0.142897773069445,0.142897773069445,4.020065134113793e-07,0.14289817507595842,1.8036916703092856,1.6578776161567907,0.14289777306944507,4.0200651339832845e-07,True,ok,,0.3,0.1,0.084
2020-10-09 06:00:00+00:00,0.014564412360929969,0.014564412360929969,4.0201124229359564e-07,0.014564814372172262,1.6578776161567907,1.6430159708905356,0.01456441236092997,4.020112422936342e-07,True,ok,,0.3,0.1,0.084
2020-10-09 07:00:00+00:00,-0.5222240965391128,-0.5222240965391128,1.0103029524088925e-14,-0.5222240965391027,1.6430159708905356,2.1547955854988663,-0.5222240965391128,1.0079840916954716e-14,True,ok,,0.3,0.1,0.084
2020-10-09 08:00:00+00:00,-0.819454253065359,-0.819454253065359,1.2212453270876722e-15,-0.8194542530653578,2.1547955854988663,2.957860753502918,-0.8194542530653592,1.2269169683236822e-15,True,ok,,0.3,0.1,0.084
2020-10-09 09:00:00+00:00,-2.3815919581040648,-2.3815919581040648,7.549516567451064e-15,-2.381591958104057,2.957860753502918,5.291820872444902,-2.3815919581040643,7.327663769891022e-15,True,ok,,0.3,0.1,0.084
2020-10-09 10:00:00+00:00,-1.681746677124547,-1.681746677124547,1.1102230246251565e-15,-1.681746677124546,5.291820872444902,6.939932616026958,-1.6817466771245468,1.0514037897700182e-15,True,ok,,0.3,0.1,0.084
2020-10-09 11:00:00+00:00,-1.1766611677706935,-1.1766611677706935,1.1102230246251565e-15,-1.1766611677706924,6.939932616026958,8.093060560442238,-1.176661167770693,1.1058436262255143e-15,True,ok,,0.3,0.1,0.084
2020-10-09 12:00:00+00:00,-1.026050159865786,-1.026050159865786,7.993605777301127e-15,-1.026050159865778,8.093060560442238,9.098589717110709,-1.0260501598657858,8.082497146786863e-15,True,ok,,0.3,0.1,0.084
2020-10-09 13:00:00+00:00,-0.23558639832174608,-0.23558639832174608,1.2739809207573671e-14,-0.23558639832173334,9.098589717110709,9.32946438746602,-0.23558639832174608,1.273944994832638e-14,True,ok,,0.3,0.1,0.084
2020-10-09 14:00:00+00:00,0.7873452547419558,0.7873452547419558,4.020243331570583e-07,0.787345656766289,9.32946438746602,8.526050862219126,0.7873452547419559,4.02024333120059e-07,True,ok,,0.3,0.1,0.084
2020-10-09 15:00:00+00:00,2.2594716716996515,2.2594716716996515,1.6427157412124416e-09,2.259471673342367,8.526050862219126,6.220467523750093,2.2594716716996515,1.642715893672947e-09,True,ok,,0.4,0.18,0.084
2020-10-09 16:00:00+00:00,4.858442090870877,4.858442090870877,5.959437388014521e-10,4.858442091466821,6.220467523750093,1.2628735534736881,4.858442090870876,5.959434733314649e-10,True,ok,,0.4,0.18,0.084
2020-10-09 17:00:00+00:00,0.7333120562391703,0.7333120562391703,1.6427140758779046e-09,0.7333120578818844,1.2628735534736881,0.5145959450663715,0.7333120562391705,1.64271410131985e-09,True,ok,,0.4,0.18,0.084
2020-10-09 18:00:00+00:00,0.39327972131278044,0.39327972131278044,1.642710800719982e-09,0.39327972295549124,0.5145959450663715,0.11329010699210573,0.39327972131278033,1.642710784373613e-09,True,ok,,0.4,0.18,0.084
2020-10-09 19:00:00+00:00,-0.286359647244392,-0.286359647244392,0.5935309256866694,0.30717127844227743,0.11329010699210573,0.3939225612916099,-0.28635964724439206,0.5935309256866694,True,ok,,0.2,0.07,0.084
2020-10-09 20:00:00+00:00,-0.19758487746699874,-0.19758487746699874,0.4431975163829082,0.24561263891590948,0.3939225612916099,0.5875557412092687,-0.19758487746699863,0.4431975163829082,True,ok,,0.2,0.07,0.084
2020-10-09 21:00:00+00:00,-0.16761686515445579,-0.16761686515445579,0.3584411706464331,0.19082430549197732,0.5875557412092687,0.7518202690606354,-0.16761686515445554,0.3584411706464331,True,ok,,0.2,0.07,0.084
2020-10-09 22:00:00+00:00,-0.14455223297489309,-0.14455223297489309,0.3368334550984628,0.1922812221235697,0.7518202690606354,0.8934814573760306,-0.1445522329748933,0.3368334550984628,True,ok,,0.2,0.07,0.084
2020-10-09 23:00:00+00:00,-0.13026051288405324,-0.13026051288405324,0.3207948181015842,0.19053430521753098,0.8934814573760306,1.0211367600024028,-0.1302605128840531,0.3207948181015842,True,ok,,0.2,0.07,0.084
2020-10-10 00:00:00+00:00,-0.12508031185378304,-0.12508031185378304,0.27193164501365363,0.1468513331598706,1.0211367600024028,1.1437154656191102,-0.12508031185378296,0.27193164501365363,True,ok,,0.2,0.07,0.084
2020-10-10 01:00:00+00:00,-0.1047341034359407,-0.1047341034359407,0.34428121424516106,0.23954711080922036,1.1437154656191102,1.2463548869863321,-0.1047341034359407,0.34428121424516106,True,ok,,0.2,0.07,0.084
2020-10-10 02:00:00+00:00,-0.08357113664709559,-0.08357113664709559,0.7730525233854507,0.6894813867383551,1.2463548869863321,1.3282546009004859,-0.08357113664709556,0.7730525233854507,True,ok,,0.2,0.07,0.084
2020-10-10 03:00:00+00:00,-0.10138569402367514,-0.10138569402367514,0.25937174942431146,0.15798605540063632,1.3282546009004859,1.4276125810436875,-0.10138569402367496,0.25937174942431146,True,ok,,0.2,0.07,0.084
2020-10-10 04:00:00+00:00,0.1834563203141982,0.1834563203141982,4.017704827996571e-07,0.183456722084681,1.4276125810436875,1.240412254192465,0.18345632031419834,4.0177048278604925e-07,True,ok,,0.3,0.1,0.084
2020-10-10 05:00:00+00:00,0.3879878601036234,0.3879878601036234,4.0140212154149424e-07,0.38798826150574495,1.240412254192465,0.84450627449489,0.38798786010362335,4.014021215507366e-07,True,ok,,0.3,0.1,0.084
2020-10-10 06:00:00+00:00,0.8276161490049923,0.8276161490049923,3.8620169029446316e-07,0.8276165352066825,0.84450627449489,0.0,0.8276161502783821,3.849283002440632e-07,True,ok,,0.3,0.1,0.084
2020-10-10 07:00:00+00:00,-0.861411710237652,-0.861411710237652,-0.38906185708035057,-1.2504735673180025,0.0,0.8441834760328989,-0.8614117102376521,-0.3890618570803505,True,ok,,0.3,0.1,0.084
2020-10-10 08:00:00+00:00,-0.8910494584136726,-0.8910494584136726,-0.6641444481018213,-1.5551939065154938,0.8441834760328989,1.717411945278298,-0.8910494584136726,-0.6641444481018213,True,ok,,0.3,0.1,0.084
2020-10-10 09:00:00+00:00,-1.1242870743667381,-1.1242870743667381,-1.1718889870579787,-2.296176061424717,1.717411945278298,2.8192132781577017,-1.1242870743667388,-1.1718889870579787,True,ok,,0.3,0.1,0.084
2020-10-10 10:00:00+00:00,-0.2573674842630761,-0.2573674842630761,-0.2690408793974669,-0.526408363660543,2.8192132781577017,3.0714334127355163,-0.25736748426307643,-0.2690408793974669,True,ok,,0.3,0.1,0.084
2020-10-10 11:00:00+00:00,-0.9614498345706872,-0.9614498345706872,-1.9092091171987917,-2.870658951769479,3.0714334127355163,4.01365425061479,-0.9614498345706874,-1.9092091171987917,True,ok,,0.3,0.1,0.084
2020-10-10 12:00:00+00:00,-0.9767088020301333,-0.9767088020301333,-2.6386886593355157,-3.615397461365649,4.01365425061479,4.970828876604321,-0.9767088020301329,-2.6386886593355157,True,ok,,0.3,0.1,0.084
2020-10-10 13:00:00+00:00,-0.8953962249806255,-0.8953962249806255,-2.6214750651701046,-3.51687129015073,4.970828876604321,5.848317177085334,-0.8953962249806255,-2.6214750651701046,True,ok,,0.3,0.1,0.084
2020-10-10 14:00:00+00:00,-0.629506244593234,-0.629506244593234,-1.2740873057502065,-1.9035935503434405,5.848317177085334,6.465233296786703,-0.6295062445932339,-1.2740873057502065,True,ok,,0.3,0.1,0.084
2020-10-10 15:00:00+00:00,0.10608538461610914,0.10608538461610914,-2.420714323714268e-07,0.10608514254467677,6.465233296786703,6.356982904321286,0.10608538461610932,-2.4207143237037977e-07,True,ok,,0.4,0.18,0.084
2020-10-10 16:00:00+00:00,0.6454303009851508,0.6454303009851508,-1.9148837637761318e-07,0.6454301094967744,6.356982904321286,5.698380556377255,0.6454303009851508,-1.914883763656086e-07,True,ok,,0.4,0.18,0.084
2020-10-10 17:00:00+00:00,0.3679795522496628,0.3679795522496628,-1.9149702812359948e-07,0.36797936075263465,5.698380556377255,5.322891217346987,0.3679795522496628,-1.91497028146668e-07,True,ok,,0.4,0.18,0.084
2020-10-10 18:00:00+00:00,0.5005606926111273,0.5005606926111273,-1.9150984531535187e-07,0.500560501101282,5.322891217346987,4.812115000396857,0.5005606926111272,-1.9150984534464793e-07,True,ok,,0.4,0.18,0.084
2020-10-10 19:00:00+00:00,0.19438872237297475,0.19438872237297475,3.053258601504183e-07,0.1943890276988349,4.812115000396857,4.61375916124076,0.1943887223729747,3.053258601628732e-07,True,ok,,0.2,0.07,0.084
2020-10-10 20:00:00+00:00,0.2738537229268379,0.2738537229268379,3.052822126203836e-07,0.2738540282090505,4.61375916124076,4.3343165868256195,0.2738537229268379,3.052822126446547e-07,True,ok,,0.2,0.07,0.084
2020-10-10 21:00:00+00:00,0.15623869477659272,0.15623869477659272,3.052391960856049e-07,0.1562390000157888,4.3343165868256195,4.174889347257667,0.15623869477659275,3.052391960923137e-07,True,ok,,0.2,0.07,0.084
2020-10-10 22:00:00+00:00,0.15671444463506692,0.15671444463506692,3.051886091898215e-07,0.1567147498236761,4.174889347257667,4.014976648650456,0.15671444463506695,3.051886091870809e-07,True,ok,,0.2,0.07,0.084
2020-10-10 23:00:00+00:00,0.23121136102527629,0.23121136102527629,3.0513488327721383e-07,0.23121166616015956,4.014976648650456,3.779046688420582,0.23121136102527606,3.0513488327792063e-07,True,ok,,0.2,0.07,0.084
2020-10-11 00:00:00+00:00,0.13593391707513147,0.13593391707513147,3.050800156667588e-07,0.13593422215514714,3.779046688420582,3.640338609772489,0.13593391707513136,3.0508001565412684e-07,True,ok,,0.2,0.07,0.084
2020-10-11 01:00:00+00:00,0.34871975081667256,0.34871975081667256,3.0501777925628915e-07,0.3487200558344518,3.640338609772489,3.2845021293473127,0.3487197508166725,3.0501777924742945e-07,True,ok,,0.2,0.07,0.084
2020-10-11 02:00:00+00:00,0.2738321394427507,0.2738321394427507,3.049628052309572e-07,0.27383244440555593,3.2845021293473127,3.0050815788955263,0.27383213944275075,3.049628052264424e-07,True,ok,,0.2,0.07,0.084
2020-10-11 03:00:00+00:00,0.7105576955802207,0.7105576955802207,3.0489693414459396e-07,0.7105580004771549,3.0050815788955263,2.280022705854485,0.7105576955802209,3.0489693414364724e-07,True,ok,,0.2,0.07,0.084
2020-10-11 04:00:00+00:00,0.1600800032930532,0.1600800032930532,-3.883271204596639e-09,0.160079999409782,2.280022705854485,2.116675763718716,0.16008000329305316,-3.8832711920293e-09,True,ok,,0.3,0.1,0.084
2020-10-11 05:00:00+00:00,0.6312797278925196,0.6312797278925196,-3.884239263562961e-09,0.6312797240082804,2.116675763718716,1.472512776073288,0.6312797278925198,-3.8842392173551074e-09,True,ok,,0.3,0.1,0.084
2020-10-11 06:00:00+00:00,1.443061508142533,1.443061508142533,-1.7006245300876799e-09,1.4430615064419086,1.472512776073288,1.0330707029826414e-06,1.443061508142533,-1.7006245446584502e-09,True,ok,,0.3,0.1,0.084
2020-10-11 07:00:00+00:00,-0.4012122277085969,-0.4012122277085969,-0.19394518792367332,-0.5951574156322702,1.0330707029826414e-06,0.3931890162251279,-0.4012122277085967,-0.19394518792367332,True,ok,,0.3,0.1,0.084
2020-10-11 08:00:00+00:00,-1.0049548070527856,-1.0049548070527856,-0.783983522470217,-1.7889383295230026,0.3931890162251279,1.3780447271368579,-1.004954807052786,-0.7839835224702169,True,ok,,0.3,0.1,0.084
2020-10-11 09:00:00+00:00,-1.3326217598769938,-1.3326217598769938,-2.403154916741375,-3.735776676618369,1.3780447271368579,2.6840140518163116,-1.332621759876994,-2.403154916741375,True,ok,,0.3,0.1,0.084
2020-10-11 10:00:00+00:00,-1.1988340769612993,-1.1988340769612993,-3.1483854932358835,-4.347219570197183,2.6840140518163116,3.8588714472383847,-1.198834076961299,-3.1483854932358835,True,ok,,0.3,0.1,0.084
2020-10-11 11:00:00+00:00,-0.8987083497868156,-0.8987083497868156,-2.3441535108059792,-3.242861860592795,3.8588714472383847,4.739605630029464,-0.8987083497868155,-2.3441535108059792,True,ok,,0.3,0.1,0.084
2020-10-11 12:00:00+00:00,-0.6665674248903253,-0.6665674248903253,-1.4352136256805728,-2.101781050570898,4.739605630029464,5.392841706421983,-0.6665674248903252,-1.4352136256805728,True,ok,,0.3,0.1,0.084
2020-10-11 13:00:00+00:00,-0.6392384387728369,-0.6392384387728369,-1.4634525144745547,-2.1026909532473916,5.392841706421983,6.019295376419363,-0.6392384387728371,-1.4634525144745547,True,ok,,0.3,0.1,0.084
2020-10-11 14:00:00+00:00,-0.2564827697543287,-0.2564827697543287,-0.30592057897291647,-0.5624033487272452,6.019295376419363,6.270648490778605,-0.25648276975432865,-0.30592057897291647,True,ok,,0.3,0.1,0.084
2020-10-11 15:00:00+00:00,0.8763816357499924,0.8763816357499924,-8.805927587118845e-08,0.8763815476907165,6.270648490778605,5.37638151552351,0.8763816357499922,-8.805927584409184e-08,True,ok,,0.4,0.18,0.084
2020-10-11 16:00:00+00:00,1.3246413599777618,1.3246413599777618,-2.3808558102800248e-07,1.3246411218921808,5.37638151552351,4.024706658403345,1.3246413599777613,-2.3808558092352517e-07,True,ok,,0.4,0.18,0.084
2020-10-11 17:00:00+00:00,0.995772179288125,0.995772179288125,-2.0397748079492573e-07,0.9957719753106442,4.024706658403345,3.0086125979052585,0.995772179288125,-2.0397748076850526e-07,True,ok,,0.4,0.18,0.084
2020-10-11 18:00:00+00:00,0.2644978430397659,0.2644978430397659,-2.0398239458652156e-07,0.26449763905737134,3.0086125979052585,2.7387168397014157,0.2644978430397661,-2.0398239460612905e-07,True,ok,,0.4,0.18,0.084
2020-10-11 19:00:00+00:00,0.21927413909209886,0.21927413909209886,2.777281092603001e-07,0.21927441682020812,2.7387168397014157,2.5149677181788657,0.21927413909209884,2.7772810927096945e-07,True,ok,,0.2,0.07,0.084
2020-10-11 20:00:00+00:00,0.1874407500439904,0.1874407500439904,2.7770327015730345e-07,0.18744102774726057,2.5149677181788657,2.323701646705406,0.1874407500439905,2.777032701503004e-07,True,ok,,0.2,0.07,0.084
2020-10-11 21:00:00+00:00,0.1737639722810058,0.1737639722810058,2.7767692667435284e-07,0.17376424995793247,2.323701646705406,2.146391470908461,0.17376397228100574,2.7767692668026603e-07,True,ok,,0.2,0.07,0.084
2020-10-11 22:00:00+00:00,0.16283602797152125,0.16283602797152125,2.7764941407104615e-07,0.16283630562093532,2.146391470908461,1.980232258692623,0.16283602797152122,2.7764941406569635e-07,True,ok,,0.2,0.07,0.084
2020-10-11 23:00:00+00:00,0.27590750074271886,0.27590750074271886,2.776210384913824e-07,0.27590777836375735,1.980232258692623,1.6986939926286242,0.2759075007427188,2.7762103850762343e-07,True,ok,,0.2,0.07,0.084
2020-10-12 00:00:00+00:00,0.14060547286337957,0.14060547286337957,2.7759406631688854e-07,0.1406057504574459,1.6986939926286242,1.5552190203190532,0.14060547286337965,2.7759406630329176e-07,True,ok,,0.2,0.07,0.084
2020-10-12 01:00:00+00:00,0.8650196112666053,0.8650196112666053,2.7756357900976525e-07,0.8650198888301843,1.5552190203190532,0.6725459475980274,0.8650196112666054,2.775635789622367e-07,True,ok,,0.2,0.07,0.084
2020-10-12 02:00:00+00:00,0.13390880578263437,0.13390880578263437,2.775493214146607e-07,0.13390908333195578,0.6725459475980274,0.535904309044319,0.13390880578263442,2.775493214092196e-07,True,ok,,0.2,0.07,0.084
2020-10-12 03:00:00+00:00,0.21767272205961366,0.21767272205961366,2.775157894041591e-07,0.21767299957540306,0.535904309044319,0.3137892865345091,0.2176727220596138,2.7751578941085755e-07,True,ok,,0.2,0.07,0.084
2020-10-12 04:00:00+00:00,0.19798922644652484,0.19798922644652484,-4.2431642088835986e-09,0.19798922220336063,0.3137892865345091,0.11175946362989192,0.19798922644652472,-4.243164198461222e-09,True,ok,,0.3,0.1,0.084
2020-10-12 05:00:00+00:00,0.10952285542369324,0.10952285542369324,-4.243667819925356e-09,0.10952285118002542,0.11175946362989192,1.4478914294319134e-06,0.10952285542369322,-4.24366781590773e-09,True,ok,,0.3,0.1,0.084
2020-10-12 06:00:00+00:00,-0.05465989260796883,-0.05465989260796883,-0.026137714272028947,-0.08079760687999778,1.4478914294319134e-06,0.05356814264723889,-0.05465989260796892,-0.026137714272028944,True,ok,,0.3,0.1,0.084
2020-10-12 07:00:00+00:00,-1.0922789991267567,-1.0922789991267567,-0.5799758598087166,-1.6722548589354733,0.05356814264723889,1.1240015617914605,-1.0922789991267567,-0.5799758598087166,True,ok,,0.3,0.1,0.084
2020-10-12 08:00:00+00:00,-0.5115254381060234,-0.5115254381060234,-0.5106326330014935,-1.0221580711075169,1.1240015617914605,1.6252964911353633,-0.5115254381060235,-0.5106326330014935,True,ok,,0.3,0.1,0.084
2020-10-12 09:00:00+00:00,-1.0835934652540937,-1.0835934652540937,-1.9567346252254538,-3.0403280904795476,1.6252964911353633,2.687218087084375,-1.0835934652540937,-1.9567346252254538,True,ok,,0.3,0.1,0.084
2020-10-12 10:00:00+00:00,-0.869496054121031,-0.869496054121031,-2.208476703507472,-3.077972757628503,2.687218087084375,3.5393242201229853,-0.869496054121031,-2.208476703507472,True,ok,,0.3,0.1,0.084
2020-10-12 11:00:00+00:00,-0.5388418679097615,-0.5388418679097615,-1.048733515481382,-1.5875753833911435,3.5393242201229853,4.067389250674552,-0.5388418679097616,-1.048733515481382,True,ok,,0.3,0.1,0.084
2020-10-12 12:00:00+00:00,-0.34089581974689187,-0.34089581974689187,-0.5171448400464174,-0.8580406597933092,4.067389250674552,4.401467154026506,-0.3408958197468917,-0.5171448400464174,True,ok,,0.3,0.1,0.084
2020-10-12 13:00:00+00:00,-0.42397067674098377,-0.42397067674098377,-0.8200564432462382,-1.244027119987222,4.401467154026506,4.816958417232669,-0.42397067674098365,-0.8200564432462382,True,ok,,0.3,0.1,0.084
2020-10-12 14:00:00+00:00,-0.3748050907434958,-0.3748050907434958,-0.6883285131397502,-1.063133603883246,4.816958417232669,5.184267406161295,-0.37480509074349555,-0.6883285131397502,True,ok,,0.3,0.1,0.084
2020-10-12 15:00:00+00:00,1.8287810028827511e-07,1.8287810028827511e-07,-0.018828368374119088,-0.0188281854960188,5.184267406161295,5.184267219550988,1.8287810026938564e-07,-0.018828368374119088,True,ok,,0.4,0.18,0.084
2020-10-12 16:00:00+00:00,1.2029855332231862,1.2029855332231862,-2.0288633217901975e-07,1.202985330336854,5.184267219550988,3.956730961159982,1.202985533223186,-2.028863322352815e-07,True,ok,,0.4,0.18,0.084
2020-10-12 17:00:00+00:00,0.22844281429604973,0.22844281429604973,-2.0289046520627352e-07,0.22844261140558453,3.956730961159982,3.7236260486129926,0.22844281429604982,-2.0289046521658935e-07,True,ok,,0.4,0.18,0.084
2020-10-12 18:00:00+00:00,0.3812614798739427,0.3812614798739427,-2.0290297320091355e-07,0.3812612769709695,3.7236260486129926,3.3345837222110104,0.38126147987394265,-2.0290297318216201e-07,True,ok,,0.4,0.18,0.084
2020-10-12 19:00:00+00:00,0.17644232361928075,0.17644232361928075,1.487061503935294e-07,0.17644247232543114,3.3345837222110104,3.1545405348443976,0.1764423236192807,1.4870615039935917e-07,True,ok,,0.2,0.07,0.084
2020-10-12 20:00:00+00:00,0.3183788808379498,0.3183788808379498,2.8460483431080874e-07,0.3183791654427841,3.1545405348443976,2.8296641258260813,0.3183788808379497,2.846048342934794e-07,True,ok,,0.2,0.07,0.084
2020-10-12 21:00:00+00:00,0.14995299318291622,0.14995299318291622,2.8457716577667824e-07,0.149953277760082,2.8296641258260813,2.676650867476167,0.1499529931829162,2.8457716578861304e-07,True,ok,,0.2,0.07,0.084
2020-10-12 22:00:00+00:00,0.14380038201394613,0.14380038201394613,2.8454347200668195e-07,0.14380066655741813,2.676650867476167,2.529915783788467,0.14380038201394607,2.8454347201742895e-07,True,ok,,0.2,0.07,0.084
2020-10-12 23:00:00+00:00,0.5431601163550919,0.5431601163550919,1.0708656039692954e-07,0.5431602234416523,2.529915783788467,1.9756707670995977,0.5431601163550916,1.0708656042435665e-07,True,ok,,0.2,0.07,0.084
2020-10-13 00:00:00+00:00,0.5539454846141012,0.5539454846141012,2.9365778397849596e-07,0.5539457782718852,1.9756707670995977,1.4104202725954127,0.5539454846141013,2.936577840293793e-07,True,ok,,0.2,0.07,0.084
2020-10-13 01:00:00+00:00,0.6994072320916372,0.6994072320916372,2.936278988840968e-07,0.6994075257195361,1.4104202725954127,0.6967394235223134,0.6994072320916372,2.9362789888469925e-07,True,ok,,0.2,0.07,0.084
2020-10-13 02:00:00+00:00,0.17100895610754013,0.17100895610754013,2.936008474119234e-07,0.17100924970838755,0.6967394235223134,0.5222404887187011,0.17100895610754022,2.936008474228217e-07,True,ok,,0.2,0.07,0.084
2020-10-13 03:00:00+00:00,0.18762467858589935,0.18762467858589935,2.9354561792427347e-07,0.18762497213151727,0.5222404887187011,0.33078673505962014,0.1876246785858995,2.935456179209487e-07,True,ok,,0.2,0.07,0.084
2020-10-13 04:00:00+00:00,0.17545797617542488,0.17545797617542488,-4.025046129729759e-09,0.17545797215037875,0.33078673505962014,0.151747983860207,0.1754579761754249,-4.0250461333440445e-09,True,ok,,0.3,0.1,0.084
2020-10-13 05:00:00+00:00,0.1487118839991198,0.1487118839991198,-4.025817984532054e-09,0.14871187997330182,0.151747983860207,1.163452941876919e-06,0.14871188399911983,-4.025817985208998e-09,True,ok,,0.3,0.1,0.084
2020-10-13 06:00:00+00:00,-0.007545586466008582,-0.007545586466008582,-0.0036582861872511852,-0.011203872653259768,1.163452941876919e-06,0.007395838189630287,-0.0075455864660086075,-0.003658286187251185,True,ok,,0.3,0.1,0.084
2020-10-13 07:00:00+00:00,-0.19692097024835337,-0.19692097024835337,-0.07827882557426874,-0.2751997958226221,0.007395838189630287,0.2003783890330166,-0.1969209702483534,-0.07827882557426874,True,ok,,0.3,0.1,0.084
2020-10-13 08:00:00+00:00,-0.40565917504091326,-0.40565917504091326,-0.20152085809139514,-0.6071800331323084,0.2003783890330166,0.5979243805731116,-0.40565917504091326,-0.20152085809139514,True,ok,,0.3,0.1,0.084
2020-10-13 09:00:00+00:00,-0.7827048945370809,-0.7827048945370809,-0.4596329426173915,-1.2423378371544724,0.5979243805731116,1.364975177219451,-0.7827048945370811,-0.4596329426173915,True,ok,,0.3,0.1,0.084
2020-10-13 10:00:00+00:00,-1.2529944822377264,-1.2529944822377264,-0.8486251845108503,-2.1016196667485767,1.364975177219451,2.592909769812423,-1.2529944822377261,-0.8486251845108504,True,ok,,0.3,0.1,0.084
2020-10-13 11:00:00+00:00,-1.3785763469539596,-1.3785763469539596,-1.1810782835376008,-2.5596546304915604,2.592909769812423,3.943914589827303,-1.3785763469539594,-1.1810782835376008,True,ok,,0.3,0.1,0.084
2020-10-13 12:00:00+00:00,-1.5186413741659606,-1.5186413741659606,-1.5523605636659035,-3.071001937831864,3.943914589827303,5.432183136509944,-1.5186413741659606,-1.5523605636659035,True,ok,,0.3,0.1,0.084
2020-10-13 13:00:00+00:00,-0.8705786649497842,-0.8705786649497842,-0.9760281726845983,-1.8466068376343825,5.432183136509944,6.285350228160732,-0.8705786649497846,-0.9760281726845983,True,ok,,0.3,0.1,0.084
2020-10-13 14:00:00+00:00,0.395739173688783,0.395739173688783,-5.146320314342034e-09,0.39573916854246266,6.285350228160732,5.881534744804831,0.3957391736887828,-5.146320288985962e-09,True,ok,,0.3,0.1,0.084
2020-10-13 15:00:00+00:00,0.5982600294999001,0.5982600294999001,-1.1276593547826508e-07,0.5982599167339646,5.881534744804831,5.271065326947791,0.5982600294999,-1.1276593546188672e-07,True,ok,,0.4,0.18,0.084
2020-10-13 16:00:00+00:00,0.923407008655424,0.923407008655424,-4.0909079901396694e-08,0.9234069677463441,5.271065326947791,4.328813277299399,0.9234070086554241,-4.0909079917883284e-08,True,ok,,0.4,0.18,0.084
2020-10-13 17:00:00+00:00,1.0367547181127235,1.0367547181127235,1.64266111823963e-09,1.0367547197553846,4.328813277299399,3.2709002996333547,1.0367547181127237,1.6426611117084878e-09,True,ok,,0.4,0.18,0.084
2020-10-13 18:00:00+00:00,0.25156810967366894,0.25156810967366894,1.6426940363523101e-09,0.251568111316363,3.2709002996333547,3.0141981469051213,0.25156810967366894,1.6426940396482564e-09,True,ok,,0.4,0.18,0.084
2020-10-13 19:00:00+00:00,-0.1710764631976814,-0.1710764631976814,0.39880915777055403,0.22773269457287262,3.0141981469051213,3.181853080838849,-0.1710764631976813,0.39880915777055403,True,ok,,0.2,0.07,0.084
2020-10-13 20:00:00+00:00,-0.17123521183178053,-0.17123521183178053,0.369550211769792,0.1983149999380115,3.181853080838849,3.349663588433994,-0.17123521183178045,0.369550211769792,True,ok,,0.2,0.07,0.084
2020-10-13 21:00:00+00:00,-0.15464281197063223,-0.15464281197063223,0.4396978951792463,0.28505508320861406,3.349663588433994,3.5012135441652137,-0.1546428119706322,0.4396978951792463,True,ok,,0.2,0.07,0.084
2020-10-13 22:00:00+00:00,-0.17058882655192137,-0.17058882655192137,0.33005574322960823,0.15946691667768687,3.5012135441652137,3.668390594186097,-0.17058882655192134,0.33005574322960823,True,ok,,0.2,0.07,0.084
2020-10-13 23:00:00+00:00,-0.16429955224550583,-0.16429955224550583,0.33756246871243095,0.17326291646692513,3.668390594186097,3.8294041553866927,-0.1642995522455059,0.33756246871243095,True,ok,,0.2,0.07,0.084
2020-10-14 00:00:00+00:00,-0.16629496742902047,-0.16629496742902047,0.31472710606274834,0.14843213863372787,3.8294041553866927,3.9923732234671325,-0.1662949674290204,0.31472710606274834,True,ok,,0.2,0.07,0.084
2020-10-14 01:00:00+00:00,-0.12060809879095591,-0.12060809879095591,1.047876210562963,0.9272681117720072,3.9923732234671325,4.110569160282269,-0.12060809879095585,1.047876210562963,True,ok,,0.2,0.07,0.084
2020-10-14 02:00:00+00:00,-0.1651863512434327,-0.1651863512434327,0.29021451779979096,0.12502816655635826,4.110569160282269,4.272451784500833,-0.1651863512434327,0.29021451779979096,True,ok,,0.2,0.07,0.084
2020-10-14 03:00:00+00:00,-0.14088961695478258,-0.14088961695478258,0.39353833880337663,0.25264872184859405,4.272451784500833,4.41052360911652,-0.14088961695478264,0.39353833880337663,True,ok,,0.2,0.07,0.084
2020-10-14 04:00:00+00:00,0.14423940005018496,0.14423940005018496,4.053965458050701e-07,0.14423980544673076,4.41052360911652,4.263340547840821,0.14423940005018496,4.053965457919068e-07,True,ok,,0.3,0.1,0.084
2020-10-14 05:00:00+00:00,0.13041505101773473,0.13041505101773473,6.160022154866329e-07,0.13041566701995022,4.263340547840821,4.1302639651696635,0.13041505101773465,6.160022154822363e-07,True,ok,,0.3,0.1,0.084
2020-10-14 06:00:00+00:00,0.09284811754906282,0.09284811754906282,6.159069534938943e-07,0.09284873345601631,4.1302639651696635,4.035520988078783,0.09284811754906307,6.159069534976218e-07,True,ok,,0.3,0.1,0.084
2020-10-14 07:00:00+00:00,-0.16394662370616106,-0.16394662370616106,9.88369441845549e-10,-0.16394662271779162,4.035520988078783,4.196188679310821,-0.16394662370616106,9.883694450918287e-10,True,ok,,0.3,0.1,0.084
2020-10-14 08:00:00+00:00,-0.33837488350869055,-0.33837488350869055,9.880296025777113e-10,-0.33837488252066095,4.196188679310821,4.527796065149338,-0.33837488350869055,9.880296263030694e-10,True,ok,,0.3,0.1,0.084
2020-10-14 09:00:00+00:00,0.14473268955177765,0.14473268955177765,6.155970990462389e-07,0.1447333051488767,4.527796065149338,4.380109647239361,0.14473268955177793,6.155970990441612e-07,True,ok,,0.3,0.1,0.084
2020-10-14 10:00:00+00:00,-0.6173608671543375,-0.6173608671543375,9.873493134193723e-10,-0.6173608661669882,4.380109647239361,4.985123297050611,-0.6173608671543376,9.873492971276514e-10,True,ok,,0.3,0.1,0.084
2020-10-14 11:00:00+00:00,-0.2617591967867849,-0.2617591967867849,9.87122161788534e-10,-0.2617591957996627,4.985123297050611,5.24164730990166,-0.261759196786785,9.8712216877612e-10,True,ok,,0.3,0.1,0.084
2020-10-14 12:00:00+00:00,-0.7206336887161522,-0.7206336887161522,9.867551220565929e-10,-0.7206336877293971,5.24164730990166,5.94786832484349,-0.7206336887161523,9.867551768308953e-10,True,ok,,0.3,0.1,0.084
2020-10-14 13:00:00+00:00,0.6967962454899026,0.6967962454899026,6.152095500810972e-07,0.6967968606994527,5.94786832484349,5.236851747812977,0.6967962454899029,6.152095500761616e-07,True,ok,,0.3,0.1,0.084
2020-10-14 14:00:00+00:00,1.6447802193458112,1.6447802193458112,6.15127327519005e-07,1.6447808344731387,5.236851747812977,3.5585045852152097,1.6447802193458116,6.151273274122385e-07,True,ok,,0.3,0.1,0.084
2020-10-14 15:00:00+00:00,1.3045755419765144,1.3045755419765144,7.086575770642867e-10,1.304575542685172,3.5585045852152097,2.2273050525861136,1.3045755419765148,7.086576018641415e-10,True,ok,,0.4,0.18,0.084
2020-10-14 16:00:00+00:00,1.0310563270666984,1.0310563270666984,2.4974178280956494e-09,1.0310563295641162,2.2273050525861136,1.175206759660911,1.0310563270666981,2.4974179361158446e-09,True,ok,,0.4,0.18,0.084
2020-10-14 17:00:00+00:00,0.8782151638357665,0.8782151638357665,2.4972222067987104e-09,0.8782151663329887,1.175206759660911,0.2790688373795166,0.8782151638357665,2.4972221993278575e-09,True,ok,,0.4,0.18,0.084
2020-10-14 18:00:00+00:00,0.27348624714591324,0.27348624714591324,2.4969887268966318e-09,0.27348624964290197,0.2790688373795166,1.2382510337083374e-06,0.2734862471459133,2.4969887424130677e-09,True,ok,,0.4,0.18,0.084
2020-10-14 19:00:00+00:00,-1.2520792822553302,-1.2520792822553302,1.4374045878205284,0.18532530556519822,1.2382510337083374e-06,1.2270389348612571,-1.2520792822553302,1.4374045878205284,True,ok,,0.2,0.07,0.084
2020-10-14 20:00:00+00:00,-0.806489348826116,-0.806489348826116,1.0058758767935692,0.1993865279674531,1.2270389348612571,2.0173984967108507,-0.8064893488261161,1.0058758767935692,True,ok,,0.2,0.07,0.084
2020-10-14 21:00:00+00:00,-0.6558462187481113,-0.6558462187481113,0.9035801635615217,0.2477339448134104,2.0173984967108507,2.6601277910839998,-0.6558462187481113,0.9035801635615217,True,ok,,0.2,0.07,0.084
2020-10-14 22:00:00+00:00,-0.6269698371232493,-0.6269698371232493,0.7662077259336191,0.13923788881036986,2.6601277910839998,3.274558231464784,-0.6269698371232492,0.7662077259336191,True,ok,,0.2,0.07,0.084
2020-10-14 23:00:00+00:00,-0.5741326617022948,-0.5741326617022948,0.7388472447945607,0.16471458309226578,3.274558231464784,3.837208239933033,-0.5741326617022949,0.7388472447945607,True,ok,,0.2,0.07,0.084
2020-10-15 00:00:00+00:00,-0.5560886355865462,-0.5560886355865462,0.6928114689868485,0.1367228334003023,3.837208239933033,4.382175102807848,-0.5560886355865462,0.6928114689868485,True,ok,,0.2,0.07,0.084
2020-10-15 01:00:00+00:00,-0.37155138846760893,-0.37155138846760893,1.746697974803638,1.375146586336029,4.382175102807848,4.7462954635061045,-0.3715513884676101,1.746697974803638,True,ok,,0.2,0.07,0.084
2020-10-15 02:00:00+00:00,-0.5085104479959146,-0.5085104479959146,0.6772600867652764,0.16874963876936178,4.7462954635061045,5.244635702542101,-0.5085104479959145,0.6772600867652764,True,ok,,0.2,0.07,0.084
2020-10-15 03:00:00+00:00,-0.4825960065877241,-0.4825960065877241,0.6961982571028139,0.2136022505150898,5.244635702542101,5.71757978899807,-0.48259600658772406,0.6961982571028139,True,ok,,0.2,0.07,0.084
2020-10-15 04:00:00+00:00,0.1496909922136135,0.1496909922136135,1.4666849376676616e-07,0.14969113888210728,5.71757978899807,5.564833878576016,0.1496909922136135,1.466684937638278e-07,True,ok,,0.3,0.1,0.084
2020-10-15 05:00:00+00:00,0.1819392605749029,0.1819392605749029,5.172656055985048e-07,0.1819397778405085,5.564833878576016,5.379181571866931,0.18193926057490306,5.172656056053056e-07,True,ok,,0.3,0.1,0.084
2020-10-15 06:00:00+00:00,0.09064204688877939,0.09064204688877939,1.9436337424239003e-07,0.09064224125215363,5.379181571866931,5.286689687286543,0.09064204688877946,1.9436337423744272e-07,True,ok,,0.3,0.1,0.084
2020-10-15 07:00:00+00:00,-0.01887975926333047,-0.01887975926333047,7.271998662961021e-10,-0.018879758536130605,5.286689687286543,5.305191851364607,-0.018879759263330402,7.271998662826964e-10,True,ok,,0.3,0.1,0.084
2020-10-15 08:00:00+00:00,-0.01227599219268243,-0.01227599219268243,7.270115585933379e-10,-0.012275991465670872,5.305191851364607,5.317222323713436,-0.012275992192682402,7.270115591095763e-10,True,ok,,0.3,0.1,0.084
2020-10-15 09:00:00+00:00,-0.17152677591616333,-0.17152677591616333,7.266941493000445e-10,-0.17152677518946918,5.317222323713436,5.485318564111275,-0.17152677591616336,7.266941433594094e-10,True,ok,,0.3,0.1,0.084
2020-10-15 10:00:00+00:00,-0.5624463504329485,-0.5624463504329485,7.264447932087137e-10,-0.5624463497065038,5.485318564111275,6.036515987535565,-0.5624463504329488,7.264447684084364e-10,True,ok,,0.3,0.1,0.084
2020-10-15 11:00:00+00:00,0.17721638958583763,0.17721638958583763,5.402898264894596e-07,0.17721692987566412,6.036515987535565,5.855682936937772,0.1772163895858379,5.402898264869778e-07,True,ok,,0.3,0.1,0.084
2020-10-15 12:00:00+00:00,-0.3599124123450828,-0.3599124123450828,7.260280154852694e-10,-0.3599124116190548,5.855682936937772,6.208397101035953,-0.35991241234508276,7.26027996688305e-10,True,ok,,0.3,0.1,0.084
2020-10-15 13:00:00+00:00,0.6951771673954193,0.6951771673954193,5.401687258599353e-07,0.6951777075641452,6.208397101035953,5.499032644510015,0.6951771673954195,5.401687258768001e-07,True,ok,,0.3,0.1,0.084
2020-10-15 14:00:00+00:00,0.9371802075912818,0.9371802075912818,5.401292838547178e-07,0.9371807477205657,5.499032644510015,4.5427263102331965,0.9371802075912825,5.401292838724478e-07,True,ok,,0.3,0.1,0.084
2020-10-15 15:00:00+00:00,2.340353118457081,2.340353118457081,2.270382548630323e-09,2.3403531207274635,4.5427263102331965,2.1546108832361752,2.3403531184570805,2.270382516994394e-09,True,ok,,0.4,0.18,0.084
2020-10-15 16:00:00+00:00,0.8710311574240125,0.8710311574240125,2.270337362553221e-09,0.8710311596943499,2.1546108832361752,1.2658035797422849,0.8710311574240124,2.270337325056728e-09,True,ok,,0.4,0.18,0.084
2020-10-15 17:00:00+00:00,0.6686742743280818,0.6686742743280818,2.270212795529858e-09,0.6686742765982946,1.2658035797422849,0.5834828916524054,0.6686742743280818,2.270212816106088e-09,True,ok,,0.4,0.18,0.084
2020-10-15 18:00:00+00:00,0.5718115794475394,0.5718115794475394,2.2700561430610833e-09,0.5718115817175955,0.5834828916524054,1.6881345080710375e-06,0.5718115794475395,2.270056130923826e-09,True,ok,,0.4,0.18,0.084
2020-10-15 19:00:00+00:00,-1.8217596650690764,-1.8217596650690764,2.0727490814908607,0.2509894164217844,1.6881345080710375e-06,1.785326159902203,-1.8217596650690766,2.0727490814908607,True,ok,,0.2,0.07,0.084
2020-10-15 20:00:00+00:00,-1.250499325217355,-1.250499325217355,1.4258866589203962,0.17538733370304121,1.785326159902203,3.010815498615211,-1.250499325217355,1.4258866589203962,True,ok,,0.2,0.07,0.084
2020-10-15 21:00:00+00:00,-1.0945326735379084,-1.0945326735379084,1.2039170624377116,0.1093843888998031,3.010815498615211,4.083457518682361,-1.0945326735379084,1.2039170624377116,True,ok,,0.2,0.07,0.084
2020-10-15 22:00:00+00:00,-0.9568114906344192,-0.9568114906344192,1.1743651293469843,0.2175536387125651,4.083457518682361,5.021132779504092,-0.9568114906344194,1.1743651293469843,True,ok,,0.2,0.07,0.084
2020-10-15 23:00:00+00:00,-0.9621662220037869,-0.9621662220037869,1.074051721912976,0.1118854999091891,5.021132779504092,5.964055677067803,-0.9621662220037869,1.074051721912976,True,ok,,0.2,0.07,0.084
2020-10-16 00:00:00+00:00,-0.8414099770156707,-0.8414099770156707,1.216029338495748,0.37461936148007724,5.964055677067803,6.78863745454316,-0.8414099770156708,1.216029338495748,True,ok,,0.2,0.07,0.084
2020-10-16 01:00:00+00:00,-0.7360587038387096,-0.7360587038387096,1.5422214246249109,0.8061627207862012,6.78863745454316,7.509974984305096,-0.7360587038387095,1.5422214246249109,True,ok,,0.2,0.07,0.084
2020-10-16 02:00:00+00:00,-0.9398552807006435,-0.9398552807006435,1.0804189198540182,0.14056363915337464,7.509974984305096,8.431033159391726,-0.9398552807006435,1.0804189198540182,True,ok,,0.2,0.07,0.084
2020-10-16 03:00:00+00:00,-0.8929051518946953,-0.8929051518946953,1.2471497627261674,0.35424461083147213,8.431033159391726,9.306080208248527,-0.8929051518946951,1.2471497627261674,True,ok,,0.2,0.07,0.084
2020-10-16 04:00:00+00:00,0.5515932481068745,0.5515932481068745,3.901224960856098e-07,0.5515936382293706,9.306080208248527,8.743229955078247,0.5515932481068746,3.9012249608193985e-07,True,ok,,0.3,0.1,0.084
2020-10-16 05:00:00+00:00,0.6336352618346653,0.6336352618346653,5.966375231647447e-07,0.6336358584721885,8.743229955078247,8.096663361369405,0.6336352618346653,5.966375231661991e-07,True,ok,,0.3,0.1,0.084
2020-10-16 06:00:00+00:00,1.859673467755031,1.859673467755031,5.965946408004186e-07,1.8596740643496719,8.096663361369405,6.199037373864272,1.8596734677550313,5.965946409023526e-07,True,ok,,0.3,0.1,0.084
2020-10-16 07:00:00+00:00,0.6677224821715341,0.6677224821715341,5.96577108269436e-07,0.6677230787486423,6.199037373864272,5.517687902260666,0.6677224821715336,5.965771082975791e-07,True,ok,,0.3,0.1,0.084
2020-10-16 08:00:00+00:00,-0.3042196418720807,-0.3042196418720807,9.276113210887615e-10,-0.3042196409444694,5.517687902260666,5.815823151295305,-0.3042196418720808,9.276113357999821e-10,True,ok,,0.3,0.1,0.084
2020-10-16 09:00:00+00:00,-1.5656177173991372,-1.5656177173991372,9.273262158160378e-10,-1.565617716471811,5.815823151295305,7.350128514346459,-1.5656177173991372,9.273262877094826e-10,True,ok,,0.3,0.1,0.084
2020-10-16 10:00:00+00:00,-1.6814458438645574,-1.6814458438645574,9.27248722248919e-10,-1.6814458429373087,7.350128514346459,8.997945441333727,-1.6814458438645576,9.272486641048894e-10,True,ok,,0.3,0.1,0.084
2020-10-16 11:00:00+00:00,-0.34153977232664173,-0.34153977232664173,9.271797773990897e-10,-0.34153977139946196,8.997945441333727,9.332654418213835,-0.3415397723266419,9.27179777760044e-10,True,ok,,0.3,0.1,0.084
2020-10-16 12:00:00+00:00,0.2206292384302617,0.2206292384302617,5.963064559910691e-07,0.22062983473671768,9.332654418213835,9.107522542264588,0.22062923843026136,5.9630645600068e-07,True,ok,,0.3,0.1,0.084
2020-10-16 13:00:00+00:00,0.06941582824241971,0.06941582824241971,5.961935264503504e-07,0.06941642443594616,9.107522542264588,9.036690064466201,0.06941582824241949,5.961935264482408e-07,True,ok,,0.3,0.1,0.084
2020-10-16 14:00:00+00:00,0.7907785368414338,0.7907785368414338,5.960675386607051e-07,0.7907791329089725,9.036690064466201,8.229773190138207,0.7907785368414342,5.960675386335826e-07,True,ok,,0.3,0.1,0.084
2020-10-16 15:00:00+00:00,1.4724875014151928,1.4724875014151928,7.028926329866181e-10,1.4724875021180854,8.229773190138207,6.727234923388011,1.4724875014151926,7.02892530389337e-10,True,ok,,0.4,0.18,0.084
2020-10-16 16:00:00+00:00,0.9015185188640028,0.9015185188640028,2.4449878788246338e-09,0.9015185213089907,6.727234923388011,5.807318067404334,0.9015185188640027,2.444987860045795e-09,True,ok,,0.4,0.18,0.084
2020-10-16 17:00:00+00:00,0.6911703875200522,0.6911703875200522,2.4447921465053923e-09,0.6911703899648444,5.807318067404334,5.102042161771628,0.6911703875200523,2.444792147843416e-09,True,ok,,0.4,0.18,0.084
2020-10-16 18:00:00+00:00,5.0,5.0,0.5409551488399469,5.540955148839947,5.102042161771628,1.345445097555853e-06,5.000000025931392,0.5409551229085561,True,ok,,0.4,0.18,0.084
2020-10-16 19:00:00+00:00,-0.7671852899064828,-0.7671852899064828,1.741052318415728,0.9738670285092452,1.345445097555853e-06,0.7518429295534507,-0.7671852899064825,1.741052318415728,True,ok,,0.2,0.07,0.084
2020-10-16 20:00:00+00:00,-0.5558131015784419,-0.5558131015784419,0.7717507404307733,0.2159376388523314,0.7518429295534507,1.2965397691003235,-0.5558131015784421,0.7717507404307733,True,ok,,0.2,0.07,0.084
2020-10-16 21:00:00+00:00,-0.462691505616318,-0.462691505616318,0.6420772834500446,0.17938577783372653,1.2965397691003235,1.749977444604315,-0.4626915056163181,0.6420772834500446,True,ok,,0.2,0.07,0.084
2020-10-16 22:00:00+00:00,-0.41659857849502124,-0.41659857849502124,0.5717033840810944,0.15510480558607323,1.749977444604315,2.1582440515294357,-0.4165985784950213,0.5717033840810944,True,ok,,0.2,0.07,0.084
2020-10-16 23:00:00+00:00,-0.38369528732251795,-0.38369528732251795,0.5341287597677938,0.15043347244527588,2.1582440515294357,2.534265433105503,-0.3836952873225177,0.5341287597677938,True,ok,,0.2,0.07,0.084
2020-10-17 00:00:00+00:00,-0.35038875268522923,-0.35038875268522923,0.5298501973439323,0.17946144465870312,2.534265433105503,2.877646410737028,-0.35038875268522945,0.5298501973439323,True,ok,,0.2,0.07,0.084
2020-10-17 01:00:00+00:00,-0.3413863371828396,-0.3413863371828396,0.49148194826237357,0.15009561107953398,2.877646410737028,3.2122050211762105,-0.34138633718283967,0.49148194826237357,True,ok,,0.2,0.07,0.084
2020-10-17 02:00:00+00:00,-0.23649629843958964,-0.23649629843958964,1.1890279920676894,0.9525316936280998,3.2122050211762105,3.443971393647008,-0.23649629843958953,1.1890279920676894,True,ok,,0.2,0.07,0.084
2020-10-17 03:00:00+00:00,-0.32380230834529844,-0.32380230834529844,0.4482413084855946,0.12443900014029616,3.443971393647008,3.7612976558254005,-0.32380230834529833,0.44824130848559457,True,ok,,0.2,0.07,0.084
2020-10-17 04:00:00+00:00,0.3244454033877861,0.3244454033877861,4.03335384091541e-07,0.3244458067231702,3.7612976558254005,3.4302309176745984,0.32444540338778605,4.0333538409080595e-07,True,ok,,0.3,0.1,0.084
2020-10-17 05:00:00+00:00,0.687172543631142,0.687172543631142,5.954058829304998e-07,0.6871731390370249,3.4302309176745984,2.7290344445815964,0.6871725436311424,5.954058829116136e-07,True,ok,,0.3,0.1,0.084
2020-10-17 06:00:00+00:00,0.793867998069241,0.793867998069241,5.95367215305842e-07,0.7938685934364563,2.7290344445815964,1.9189650587966565,0.7938679980692412,5.953672153145114e-07,True,ok,,0.3,0.1,0.084
2020-10-17 07:00:00+00:00,0.007751441958160117,0.007751441958160117,5.95279270587494e-07,0.007752037237430704,1.9189650587966565,1.9110554241454727,0.007751441958159969,5.952792705871745e-07,True,ok,,0.3,0.1,0.084
2020-10-17 08:00:00+00:00,0.1446851941033102,0.1446851941033102,5.952368077044579e-07,0.14468578934011792,1.9110554241454727,1.7634174709788297,0.1446851941033103,5.9523680770162e-07,True,ok,,0.3,0.1,0.084
2020-10-17 09:00:00+00:00,0.4775115828151847,0.4775115828151847,5.951258025271855e-07,0.4775121779409872,1.7634174709788297,1.276160753820478,0.4775115828151844,5.951258025394911e-07,True,ok,,0.3,0.1,0.084
2020-10-17 10:00:00+00:00,0.12832953874884417,0.12832953874884417,5.950306352364709e-07,0.1283301337794794,1.276160753820478,1.145212244893086,0.1283295387488444,5.950306352411792e-07,True,ok,,0.3,0.1,0.084
2020-10-17 11:00:00+00:00,-0.1458623360365663,-0.1458623360365663,1.219875866986797e-10,-0.1458623359145787,1.145212244893086,1.288157334208921,-0.1458623360365664,1.2198758322163735e-10,True,ok,,0.3,0.1,0.084
2020-10-17 12:00:00+00:00,-0.9274811254344096,-0.9274811254344096,9.222375085826684e-10,-0.9274811245121721,1.288157334208921,2.1970888371346424,-0.9274811254344094,9.222374870283992e-10,True,ok,,0.3,0.1,0.084
2020-10-17 13:00:00+00:00,-1.0011452728576118,-1.0011452728576118,9.220206820259591e-10,-1.001145271935591,2.1970888371346424,3.178211204535102,-1.0011452728576122,9.220206322193464e-10,True,ok,,0.3,0.1,0.084
2020-10-17 14:00:00+00:00,-0.0527191736265662,-0.0527191736265662,9.218428312363081e-10,-0.05271917270472337,3.178211204535102,3.2298759946891367,-0.05271917362656635,9.218428288715751e-10,True,ok,,0.3,0.1,0.084
2020-10-17 15:00:00+00:00,0.44002246986468785,0.44002246986468785,2.4400786946543462e-09,0.44002247230476654,3.2298759946891367,2.780873474419047,0.4400224698646877,2.4400786735304964e-09,True,ok,,0.4,0.18,0.084
2020-10-17 16:00:00+00:00,1.0739549324442872,1.0739549324442872,2.4397446285462365e-09,1.0739549348840318,2.780873474419047,1.6850010943738558,1.0739549324442867,2.4397445791800037e-09,True,ok,,0.4,0.18,0.084
2020-10-17 17:00:00+00:00,1.1080318571093046,1.1080318571093046,2.4395818698508265e-09,1.1080318595488865,1.6850010943738558,0.5543563422215041,1.1080318571093046,2.439581833954442e-09,True,ok,,0.4,0.18,0.084
2020-10-17 18:00:00+00:00,0.5432679139830002,0.5432679139830002,2.439420887512256e-09,0.5432679164224211,0.5543563422215041,1.327953136454063e-06,0.5432679139830002,2.4394209104646393e-09,True,ok,,0.4,0.18,0.084
2020-10-17 19:00:00+00:00,-1.875810279065158,-1.875810279065158,2.3729521690373145,0.4971418899721566,1.327953136454063e-06,1.8382954014369912,-1.8758102790651576,2.3729521690373145,True,ok,,0.2,0.07,0.084
2020-10-17 20:00:00+00:00,-1.3325283224359257,-1.3325283224359257,1.5221314337692429,0.1896031113333172,1.8382954014369912,3.1441731574241985,-1.3325283224359257,1.5221314337692429,True,ok,,0.2,0.07,0.084
2020-10-17 21:00:00+00:00,-1.1167998458025292,-1.1167998458025292,1.3254629291545121,0.20866308335198297,3.1441731574241985,4.238637006310677,-1.1167998458025294,1.3254629291545121,True,ok,,0.2,0.07,0.084
2020-10-17 22:00:00+00:00,-1.0630788248699279,-1.0630788248699279,1.214816186520925,0.1517373616509971,4.238637006310677,5.280454254683207,-1.063078824869928,1.214816186520925,True,ok,,0.2,0.07,0.084
2020-10-17 23:00:00+00:00,-1.0208911831164613,-1.0208911831164613,1.166772155308484,0.14588097219202265,5.280454254683207,6.2809276141373385,-1.0208911831164613,1.166772155308484,True,ok,,0.2,0.07,0.084
2020-10-18 00:00:00+00:00,-0.9978625883216382,-0.9978625883216382,1.1614988661747563,0.1636362778531181,6.2809276141373385,7.258832950692544,-0.9978625883216382,1.1614988661747563,True,ok,,0.2,0.07,0.084
2020-10-18 01:00:00+00:00,-1.004850290002571,-1.004850290002571,1.1727621787079305,0.1679118887053594,7.258832950692544,8.243586234895064,-1.004850290002571,1.1727621787079305,True,ok,,0.2,0.07,0.084
2020-10-18 02:00:00+00:00,-0.947760804180273,-0.947760804180273,1.365615333142515,0.4178545289622419,8.243586234895064,9.172391822991731,-0.947760804180273,1.365615333142515,True,ok,,0.2,0.07,0.084
2020-10-18 03:00:00+00:00,-0.9402350945028771,-0.9402350945028771,1.6362561519947103,0.6960210574918332,9.172391822991731,10.09382221560455,-0.940235094502877,1.6362561519947103,True,ok,,0.2,0.07,0.084
2020-10-18 04:00:00+00:00,0.16343444213176558,0.16343444213176558,3.91212058165058e-07,0.16343483334382375,10.09382221560455,9.927052376694586,0.16343444213176553,3.9121205817302016e-07,True,ok,,0.3,0.1,0.084
2020-10-18 05:00:00+00:00,0.5597006019868791,0.5597006019868791,5.67578108956468e-07,0.559701169564988,9.927052376694586,9.355929313442669,0.5597006019868791,5.675781089206833e-07,True,ok,,0.3,0.1,0.084
2020-10-18 06:00:00+00:00,1.9819967010310646,1.9819967010310646,5.675443879304964e-07,1.9819972685754526,9.355929313442669,7.333483700145664,1.9819967010310653,5.675443879837898e-07,True,ok,,0.3,0.1,0.084
2020-10-18 07:00:00+00:00,1.411965972248224,1.411965972248224,5.675330783105892e-07,1.4119665397813024,7.333483700145664,5.8927020958107414,1.4119659722482243,5.67533078215465e-07,True,ok,,0.3,0.1,0.084
2020-10-18 08:00:00+00:00,-0.24500937983797672,-0.24500937983797672,8.286163977189176e-10,-0.24500937900936032,5.8927020958107414,6.1328112880519585,-0.24500937983797688,8.286164069075775e-10,True,ok,,0.3,0.1,0.084
2020-10-18 09:00:00+00:00,0.068151208967072,0.068151208967072,5.674481060452541e-07,0.06815177641517804,6.1328112880519585,6.063269238085558,0.06815120896707196,5.674481060453297e-07,True,ok,,0.3,0.1,0.084
2020-10-18 10:00:00+00:00,-0.15024992591200048,-0.15024992591200048,8.281433594437004e-10,-0.15024992508385712,6.063269238085558,6.210514165479319,-0.15024992591200043,8.281433562854612e-10,True,ok,,0.3,0.1,0.084
2020-10-18 11:00:00+00:00,0.07172233790017966,0.07172233790017966,5.673047661636232e-07,0.07172290520494583,6.210514165479319,6.137328106397503,0.07172233790017957,5.673047661578708e-07,True,ok,,0.3,0.1,0.084
2020-10-18 12:00:00+00:00,0.8756764152227214,0.8756764152227214,5.672305961601509e-07,0.8756769824533176,6.137328106397503,5.243780743925338,0.8756764152227218,5.672305961122956e-07,True,ok,,0.3,0.1,0.084
2020-10-18 13:00:00+00:00,0.6644372079603396,0.6644372079603396,5.671914173888126e-07,0.664437775151757,5.243780743925338,4.5657835929454,0.6644372079603392,5.671914173441855e-07,True,ok,,0.3,0.1,0.084
2020-10-18 14:00:00+00:00,0.35471434268648516,0.35471434268648516,5.671346929858601e-07,0.35471490982117815,4.5657835929454,4.203830182040823,0.35471434268648516,5.6713469296216e-07,True,ok,,0.3,0.1,0.084
2020-10-18 15:00:00+00:00,1.639133842530749,1.639133842530749,2.3582373831487757e-09,1.6391338448889863,4.203830182040823,2.531244628438018,1.6391338425307496,2.3582373217501938e-09,True,ok,,0.4,0.18,0.084
2020-10-18 16:00:00+00:00,0.6153097924751345,0.6153097924751345,2.3581511188197624e-09,0.6153097948332856,2.531244628438018,1.9033774932593093,0.6153097924751345,2.358151088408676e-09,True,ok,,0.4,0.18,0.084
2020-10-18 17:00:00+00:00,1.638918050545874,1.638918050545874,2.357936956798312e-09,1.638918052903811,1.9033774932593093,0.23101213555943767,1.6389180505458734,2.357936950087229e-09,True,ok,,0.4,0.18,0.084
2020-10-18 18:00:00+00:00,0.22639044210366163,0.22639044210366163,2.357843170708307e-09,0.2263904444615048,0.23101213555943767,1.480351619675968e-06,0.22639044210366163,2.3578431806230782e-09,True,ok,,0.4,0.18,0.084
2020-10-18 19:00:00+00:00,-0.09745983877301129,-0.09745983877301129,0.35580756134841107,0.2583477225753998,1.480351619675968e-06,0.09551212234917074,-0.09745983877301134,0.35580756134841107,True,ok,,0.2,0.07,0.084
2020-10-18 20:00:00+00:00,-0.05537349171465661,-0.05537349171465661,0.20453388070357556,0.14916038898891895,0.09551212234917074,0.14977814422953423,-0.05537349171465647,0.20453388070357556,True,ok,,0.2,0.07,0.084
2020-10-18 21:00:00+00:00,-0.040103041803067174,-0.040103041803067174,0.22412306904053536,0.1840200272374682,0.14977814422953423,0.18907912519654005,-0.04010304180306705,0.22412306904053536,True,ok,,0.2,0.07,0.084
2020-10-18 22:00:00+00:00,-0.03427924395106302,-0.03427924395106302,0.18951574424341733,0.1552365002923543,0.18907912519654005,0.2226727842685818,-0.034279243951062945,0.18951574424341733,True,ok,,0.2,0.07,0.084
2020-10-18 23:00:00+00:00,-0.029805744843665577,-0.029805744843665577,0.19165341159732824,0.16184766675366266,0.2226727842685818,0.25188241421537405,-0.02980574484366578,0.19165341159732824,True,ok,,0.2,0.07,0.084
2020-10-19 00:00:00+00:00,-0.027266617294982004,-0.027266617294982004,0.17012220059716202,0.14285558330218,0.25188241421537405,0.27860369916445643,-0.027266617294981896,0.17012220059716202,True,ok,,0.2,0.07,0.084
2020-10-19 01:00:00+00:00,-0.022074548247300596,-0.022074548247300596,0.9366705496789782,0.9145960014316776,0.27860369916445643,0.300236756446811,-0.022074548247300714,0.9366705496789782,True,ok,,0.2,0.07,0.084
2020-10-19 02:00:00+00:00,-0.022738032472350733,-0.022738032472350733,0.19136031029643488,0.16862227782408415,0.300236756446811,0.32252002826971476,-0.02273803247235083,0.19136031029643488,True,ok,,0.2,0.07,0.084
2020-10-19 03:00:00+00:00,-0.021194389794779278,-0.021194389794779278,0.20016602901205008,0.1789716392172708,0.32252002826971476,0.34329053026859846,-0.021194389794779393,0.20016602901205008,True,ok,,0.2,0.07,0.084
2020-10-19 04:00:00+00:00,0.19564804270756628,0.19564804270756628,4.01783396164479e-07,0.19564844449096244,0.34329053026859846,0.1436496703629186,0.1956480427075663,4.017833961599305e-07,True,ok,,0.3,0.1,0.084
2020-10-19 05:00:00+00:00,0.11436329267200866,0.11436329267200866,4.014156555487425e-07,0.11436369408766421,0.1436496703629186,0.02695243294250159,0.11436329267200865,4.014156555418259e-07,True,ok,,0.3,0.1,0.084
2020-10-19 06:00:00+00:00,0.02641336931813593,0.02641336931813593,4.006552387914031e-07,0.02641376997337472,0.02695243294250159,1.5270934312222595e-08,0.026413369318135888,4.0065523879268443e-07,True,ok,,0.3,0.1,0.084
2020-10-19 07:00:00+00:00,-0.239121379416333,-0.239121379416333,-0.06417612923201321,-0.3032975086483462,1.5270934312222595e-08,0.23433896709894064,-0.23912137941633307,-0.0641761292320132,True,ok,,0.3,0.1,0.084
2020-10-19 08:00:00+00:00,-0.7844073608683441,-0.7844073608683441,-0.12144757056245425,-0.9058549314307983,0.23433896709894064,1.003058180749918,-0.784407360868344,-0.12144757056245421,True,ok,,0.3,0.1,0.084
2020-10-19 09:00:00+00:00,-1.1724374053023818,-1.1724374053023818,-0.14436674357168156,-1.3168041488740634,1.003058180749918,2.1520468379462523,-1.172437405302382,-0.14436674357168164,True,ok,,0.3,0.1,0.084
2020-10-19 10:00:00+00:00,-3.555398634595998,-3.555398634595998,-0.17801938491532754,-3.7334180195113253,2.1520468379462523,5.63633749985033,-3.555398634595998,-0.17801938491532754,True,ok,,0.3,0.1,0.084
2020-10-19 11:00:00+00:00,-1.8785200486399307,-1.8785200486399307,-0.1621576355783776,-2.0406776842183083,5.63633749985033,7.477287147517462,-1.8785200486399305,-0.16215763557837756,True,ok,,0.3,0.1,0.084
2020-10-19 12:00:00+00:00,-0.41982938484076676,-0.41982938484076676,-0.034293227980695284,-0.45412261282146205,7.477287147517462,7.888719944661413,-0.4198293848407669,-0.03429322798069529,True,ok,,0.3,0.1,0.084
2020-10-19 13:00:00+00:00,0.38663827768500153,0.38663827768500153,-5.146322534788084e-09,0.386638272538679,7.888719944661413,7.4941910898807995,0.38663827768500125,-5.146322539382487e-09,True,ok,,0.3,0.1,0.084
2020-10-19 14:00:00+00:00,0.4391614876010348,0.4391614876010348,-5.146317538784473e-09,0.43916148245471726,7.4941910898807995,7.046067122940968,0.4391614876010349,-5.146317544083109e-09,True,ok,,0.3,0.1,0.084
2020-10-19 15:00:00+00:00,0.5507703123156059,0.5507703123156059,-2.428017752409417e-07,0.5507700695138307,7.046067122940968,6.484056600169942,0.5507703123156059,-2.4280177519258036e-07,True,ok,,0.4,0.18,0.084
2020-10-19 16:00:00+00:00,1.4896310944912516,1.4896310944912516,-2.428011853794487e-07,1.4896308516900663,6.484056600169942,4.964024871097236,1.4896310944912514,-2.4280118533007375e-07,True,ok,,0.4,0.18,0.084
2020-10-19 17:00:00+00:00,0.6520706971502711,0.6520706971502711,-1.1276567146722982e-07,0.6520705843845996,4.964024871097236,4.298646608699,0.6520706971502709,-1.1276567144853232e-07,True,ok,,0.4,0.18,0.084
2020-10-19 18:00:00+00:00,0.4820665577930466,0.4820665577930466,-1.1276558964379291e-07,0.48206644502745694,4.298646608699,3.806741957889769,0.48206655779304675,-1.1276558964055373e-07,True,ok,,0.4,0.18,0.084
2020-10-19 19:00:00+00:00,0.05645439322113205,0.05645439322113205,0.15676749561774184,0.21322188883887389,3.806741957889769,3.7491354341947365,0.05645439322113187,0.15676749561774184,True,ok,,0.2,0.07,0.084
2020-10-19 20:00:00+00:00,0.0448189913802422,0.0448189913802422,0.14147448053892397,0.18629347191916618,3.7491354341947365,3.7034017695210197,0.04481899138024235,0.14147448053892397,True,ok,,0.2,0.07,0.084
2020-10-19 21:00:00+00:00,0.04469374959047351,0.04469374959047351,0.2513587500058044,0.2960524995962779,3.7034017695210197,3.6577959025919653,0.04469374959047356,0.2513587500058044,True,ok,,0.2,0.07,0.084
2020-10-19 22:00:00+00:00,0.029084612122861717,0.029084612122861717,0.09789797115886721,0.12698258328172893,3.6577959025919653,3.628117726956392,0.029084612122861758,0.09789797115886721,True,ok,,0.2,0.07,0.084
2020-10-19 23:00:00+00:00,0.029663751396440036,0.029663751396440036,0.16060133202516114,0.19026508342160117,3.628117726956392,3.597848592878392,0.029663751396440136,0.16060133202516114,True,ok,,0.2,0.07,0.084
2020-10-20 00:00:00+00:00,0.02651739104071521,0.02651739104071521,0.2377353873807928,0.264252778421508,3.597848592878392,3.570790030591948,0.026517391040715283,0.2377353873807928,True,ok,,0.2,0.07,0.084
2020-10-20 01:00:00+00:00,0.024383760262050913,0.024383760262050913,1.28751360389075,1.311897364152801,3.570790030591948,3.5459086425694473,0.024383760262050514,1.28751360389075,True,ok,,0.2,0.07,0.084
2020-10-20 02:00:00+00:00,0.019777944282805104,0.019777944282805104,0.44723736127868385,0.46701530556148896,3.5459086425694473,3.5257270667706666,0.019777944282805004,0.44723736127868385,True,ok,,0.2,0.07,0.084
2020-10-20 03:00:00+00:00,0.01695358612334069,0.01695358612334069,0.23064749730101586,0.24760108342435655,3.5257270667706666,3.5084274890937883,0.016953586123340757,0.23064749730101586,True,ok,,0.2,0.07,0.084
2020-10-20 04:00:00+00:00,0.2115466110652629,0.2115466110652629,7.185918526886326e-14,0.21154661106533476,3.5084274890937883,3.2925636002516834,0.2115466110652629,7.185329956635348e-14,True,ok,,0.3,0.1,0.084
2020-10-20 05:00:00+00:00,0.1155056598902494,0.1155056598902494,1.6861512186494565e-14,0.11550565989026626,3.2925636002516834,3.174700681996327,0.11550565989024943,1.6864605597199188e-14,True,ok,,0.3,0.1,0.084
2020-10-20 06:00:00+00:00,0.023013200729503434,0.023013200729503434,1.4583905743117964e-07,0.023013346568560866,3.174700681996327,3.1512178241090787,0.023013200729503417,1.4583905743220397e-07,True,ok,,0.3,0.1,0.084
2020-10-20 07:00:00+00:00,-0.2102405210866406,-0.2102405210866406,-3.7692071686024065e-14,-0.2102405210866783,3.1512178241090787,3.3572535347739865,-0.21024052108664057,-3.770567085182116e-14,True,ok,,0.3,0.1,0.084
2020-10-20 08:00:00+00:00,-0.8165780077698422,-0.8165780077698422,-1.6542323066914832e-14,-0.8165780077698588,3.3572535347739865,4.1574999823884315,-0.8165780077698422,-1.654847056556182e-14,True,ok,,0.3,0.1,0.084
2020-10-20 09:00:00+00:00,-0.9280293371533076,-0.9280293371533076,6.661338147750939e-16,-0.9280293371533069,4.1574999823884315,5.0669687327986725,-0.9280293371533076,6.642542892806708e-16,True,ok,,0.3,0.1,0.084
2020-10-20 10:00:00+00:00,-1.4519305057150218,-1.4519305057150218,2.4424906541753444e-15,-1.4519305057150194,5.0669687327986725,6.489860628399394,-1.4519305057150218,2.421595735171254e-15,True,ok,,0.3,0.1,0.084
2020-10-20 11:00:00+00:00,0.3445940311710596,0.3445940311710596,4.020232263202139e-07,0.3445944331942859,6.489860628399394,6.138234065979946,0.3445940311710606,4.0202322633405545e-07,True,ok,,0.3,0.1,0.084
2020-10-20 12:00:00+00:00,0.2349090747541027,0.2349090747541027,4.0202295331637217e-07,0.234909476777056,6.138234065979946,5.898530928475759,0.23490907475410258,4.0202295332949514e-07,True,ok,,0.3,0.1,0.084
2020-10-20 13:00:00+00:00,0.42819986772281743,0.42819986772281743,4.0202332407535124e-07,0.4282002697461415,5.898530928475759,5.461592287942272,0.4281998677228175,4.0202332410018873e-07,True,ok,,0.3,0.1,0.084
2020-10-20 14:00:00+00:00,0.8717903392052541,0.8717903392052541,4.020235297996777e-07,0.8717907412287839,5.461592287942272,4.572010309161401,0.8717903392052541,4.020235298411304e-07,True,ok,,0.3,0.1,0.084
2020-10-20 15:00:00+00:00,1.13538575018631,1.13538575018631,1.6427101900973184e-09,1.1353857518290202,4.572010309161401,3.413453421216187,1.1353857501863107,1.6427102055980472e-09,True,ok,,0.4,0.18,0.084
2020-10-20 16:00:00+00:00,1.8149532707738825,1.8149532707738825,5.959417404000078e-10,1.8149532713698242,3.413453421216187,1.5614602877734496,1.8149532707738827,5.959417697272426e-10,True,ok,,0.4,0.18,0.084
2020-10-20 17:00:00+00:00,0.9614754120956469,0.9614754120956469,1.6427091908965963e-09,0.9614754137383561,1.5614602877734496,0.5803629284921772,0.9614754120956468,1.642709241493132e-09,True,ok,,0.4,0.18,0.084
2020-10-20 18:00:00+00:00,0.28353847078985583,0.28353847078985583,1.6427046389821953e-09,0.2835384724325605,0.5803629284921772,0.29103795829844675,0.2835384707898558,1.6427046512319953e-09,True,ok,,0.4,0.18,0.084
2020-10-20 19:00:00+00:00,-0.357775941181078,-0.357775941181078,0.5673202740217855,0.20954433284070753,0.29103795829844675,0.6416583806559032,-0.35777594118107797,0.5673202740217855,True,ok,,0.2,0.07,0.084
2020-10-20 20:00:00+00:00,-0.28147736375504356,-0.28147736375504356,0.4377224744919963,0.15624511073695274,0.6416583806559032,0.9175061971358458,-0.2814773637550435,0.4377224744919963,True,ok,,0.2,0.07,0.084
2020-10-20 21:00:00+00:00,-0.2226567418914216,-0.2226567418914216,0.4512393530151424,0.2285826111237208,0.9175061971358458,1.135709804189439,-0.22265674189142173,0.4512393530151424,True,ok,,0.2,0.07,0.084
2020-10-20 22:00:00+00:00,-0.21864969316319893,-0.21864969316319893,0.3525925263430967,0.13394283317989775,1.135709804189439,1.3499865034893739,-0.21864969316319904,0.3525925263430967,True,ok,,0.2,0.07,0.084
2020-10-20 23:00:00+00:00,-0.18599257508323294,-0.18599257508323294,0.3827446308050457,0.19675205572181279,1.3499865034893739,1.532259227070942,-0.1859925750832329,0.3827446308050457,True,ok,,0.2,0.07,0.084
2020-10-21 00:00:00+00:00,-0.16296054740522292,-0.16296054740522292,0.42227876944582254,0.2593182220405996,1.532259227070942,1.6919605635280606,-0.16296054740522267,0.42227876944582254,True,ok,,0.2,0.07,0.084
2020-10-21 01:00:00+00:00,-0.1318027644027009,-0.1318027644027009,0.7078320159172417,0.5760292515145408,1.6919605635280606,1.8211272726427075,-0.13180276440270106,0.7078320159172417,True,ok,,0.2,0.07,0.084
2020-10-21 02:00:00+00:00,-0.14140336034829915,-0.14140336034829915,0.4311381939755765,0.28973483362727737,1.8211272726427075,1.9597025657840406,-0.14140336034829926,0.4311381939755765,True,ok,,0.2,0.07,0.084
2020-10-21 03:00:00+00:00,-0.1357821101642689,-0.1357821101642689,0.41443419384198493,0.27865208367771604,1.9597025657840406,2.092769033745024,-0.13578211016426908,0.41443419384198493,True,ok,,0.2,0.07,0.084
2020-10-21 04:00:00+00:00,0.18645646286693798,0.18645646286693798,3.9840915910804853e-07,0.1864568612760971,2.092769033745024,1.9025073369420262,0.1864564628669379,3.9840915909637535e-07,True,ok,,0.3,0.1,0.084
2020-10-21 05:00:00+00:00,0.1315314903404941,0.1315314903404941,3.984040721494164e-07,0.13153188874456626,1.9025073369420262,1.7682915304721343,0.131531490340494,3.9840407215060915e-07,True,ok,,0.3,0.1,0.084
2020-10-21 06:00:00+00:00,0.1572602813059486,0.1572602813059486,4.0326537228962955e-07,0.1572606845713209,1.7682915304721343,1.6078218556701458,0.1572602813059486,4.0326537230166293e-07,True,ok,,0.3,0.1,0.084
2020-10-21 07:00:00+00:00,0.18853525592957804,0.18853525592957804,3.967743135990798e-07,0.18853565270389164,1.6078218556701458,1.4154389414562907,0.1885352559295782,3.96774313596029e-07,True,ok,,0.3,0.1,0.084
2020-10-21 08:00:00+00:00,0.8690319381260875,0.8690319381260875,4.057642960519914e-07,0.8690323438903835,1.4154389414562907,0.5286716576541606,0.8690319381260873,4.0576429605575994e-07,True,ok,,0.3,0.1,0.084
2020-10-21 09:00:00+00:00,0.5180982071496426,0.5180982071496426,4.054377461537584e-07,0.5180986125873888,0.5286716576541606,1.770554569624494e-08,0.5180982071496425,4.054377461530154e-07,True,ok,,0.3,0.1,0.084
2020-10-21 10:00:00+00:00,-0.655061140447723,-0.655061140447723,-2.435793087229854e-07,-0.6550613840270317,1.770554569624494e-08,0.6419599353443143,-0.6550611404477232,-2.435793086899542e-07,True,ok,,0.3,0.1,0.084
2020-10-21 11:00:00+00:00,-0.7057303341075076,-0.7057303341075076,-2.435794119737267e-07,-0.7057305776869196,0.6419599353443143,1.3335756627696718,-0.7057303341075079,-2.435794119740398e-07,True,ok,,0.3,0.1,0.084
2020-10-21 12:00:00+00:00,-0.9464840647147486,-0.9464840647147486,-2.4357947858710816e-07,-0.9464843082942271,1.3335756627696718,2.261130046190125,-0.9464840647147486,-2.4357947857126303e-07,True,ok,,0.3,0.1,0.084
2020-10-21 13:00:00+00:00,-0.005303259461881399,-0.005303259461881399,-2.435670348709118e-07,-0.00530350302891627,2.261130046190125,2.266327240462769,-0.0053032594618811265,-2.435670348704839e-07,True,ok,,0.3,0.1,0.084
2020-10-21 14:00:00+00:00,-0.8487401894872236,-0.8487401894872236,-2.435795168898025e-07,-0.8487404330667405,2.266327240462769,3.098092626160248,-0.8487401894872239,-2.4357951685059367e-07,True,ok,,0.3,0.1,0.084
2020-10-21 15:00:00+00:00,8.96188598886738e-08,8.96188598886738e-08,-0.16264927200637314,-0.16264918238751325,3.098092626160248,3.0980925347124315,8.961885972649103e-08,-0.16264927200637314,True,ok,,0.4,0.18,0.084
2020-10-21 16:00:00+00:00,0.7836101018294148,0.7836101018294148,-1.1276555589301296e-07,0.7836099890638589,3.0980925347124315,2.298490389988539,0.7836101018294147,-1.1276555587104708e-07,True,ok,,0.4,0.18,0.084
2020-10-21 17:00:00+00:00,0.41751433505636093,0.41751433505636093,-1.1276558026240835e-07,0.41751422229078067,2.298490389988539,1.8724553542167421,0.4175143350563609,-1.1276558027142605e-07,True,ok,,0.4,0.18,0.084
2020-10-21 18:00:00+00:00,0.3823196418963155,0.3823196418963155,-1.127655914756609e-07,0.38231952913072403,1.8724553542167421,1.4823332706490733,0.38231964189631534,-1.1276559149576444e-07,True,ok,,0.4,0.18,0.084
2020-10-21 19:00:00+00:00,0.08242771727478601,0.08242771727478601,0.16211908835600367,0.24454680563078968,1.4823332706490733,1.398223355062557,0.08242771727478618,0.16211908835600367,True,ok,,0.2,0.07,0.084
2020-10-21 20:00:00+00:00,0.10257621942666076,0.10257621942666076,0.2256917245887368,0.32826794401539755,1.398223355062557,1.293553743402699,0.10257621942666062,0.2256917245887368,True,ok,,0.2,0.07,0.084
2020-10-21 21:00:00+00:00,0.0694899632864269,0.0694899632864269,0.10241164757280799,0.1719016108592349,1.293553743402699,1.2226456176002225,0.06948996328642704,0.10241164757280799,True,ok,,0.2,0.07,0.084
2020-10-21 22:00:00+00:00,0.05997296550022867,0.05997296550022867,0.07803272907190224,0.1380056945721309,1.2226456176002225,1.1614487140285605,0.05997296550022856,0.07803272907190224,True,ok,,0.2,0.07,0.084
2020-10-21 23:00:00+00:00,0.07401533411309458,0.07401533411309458,0.09604386034311205,0.17005919445620662,1.1614487140285605,1.0859228628927498,0.07401533411309455,0.09604386034311205,True,ok,,0.2,0.07,0.084
2020-10-22 00:00:00+00:00,0.262869762264588,0.262869762264588,0.7246896564587306,0.9875594187233186,1.0859228628927498,0.8176884116023537,0.2628697622645873,0.7246896564587306,True,ok,,0.2,0.07,0.084
2020-10-22 01:00:00+00:00,0.10023775416773985,0.10023775416773985,0.11339935685499765,0.2136371110227375,0.8176884116023537,0.715404988982211,0.10023775416773988,0.11339935685499765,True,ok,,0.2,0.07,0.084
2020-10-22 02:00:00+00:00,0.22625812307684617,0.22625812307684617,0.23200840493352265,0.4582665280103688,0.715404988982211,0.48452935318951085,0.22625812307684628,0.23200840493352265,True,ok,,0.2,0.07,0.084
2020-10-22 03:00:00+00:00,0.08617623955191862,0.08617623955191862,0.07224423265144213,0.15842047220336075,0.48452935318951085,0.39659441487122654,0.08617623955191865,0.07224423265144213,True,ok,,0.2,0.07,0.084
2020-10-22 04:00:00+00:00,0.2145199723317677,0.2145199723317677,-1.534355975607582e-11,0.21451997231642414,0.39659441487122654,0.17769648392044318,0.21451997233176764,-1.5343572457515267e-11,True,ok,,0.3,0.1,0.084
2020-10-22 05:00:00+00:00,0.127502612500807,0.127502612500807,-1.184232184536782e-09,0.1275026113165748,0.17769648392044318,0.04759177728696665,0.127502612500807,-1.1842321822763423e-09,True,ok,,0.3,0.1,0.084
2020-10-22 06:00:00+00:00,0.04663970422826365,0.04663970422826365,-1.1843223138296999e-09,0.046639703043941334,0.04759177728696665,2.423601670048514e-07,0.04663970422826359,-1.1843223154069027e-09,True,ok,,0.3,0.1,0.084
2020-10-22 07:00:00+00:00,-0.175427150478835,-0.175427150478835,-0.06356743481344052,-0.23899458529227552,2.423601670048514e-07,0.1719188498294253,-0.17542715047883517,-0.06356743481344052,True,ok,,0.3,0.1,0.084
2020-10-22 08:00:00+00:00,-0.6763286810984415,-0.6763286810984415,-0.10947415502410796,-0.7858028361225494,0.1719188498294253,0.8347209573058979,-0.6763286810984415,-0.10947415502410798,True,ok,,0.3,0.1,0.084
2020-10-22 09:00:00+00:00,-1.9868277179057958,-1.9868277179057958,-0.14173214993710492,-2.1285598678429007,0.8347209573058979,2.7818121208535778,-1.986827717905797,-0.14173214993710495,True,ok,,0.3,0.1,0.084
2020-10-22 10:00:00+00:00,-1.526158911654905,-1.526158911654905,-0.14354433818371204,-1.669703249838617,2.7818121208535778,4.277447854275385,-1.5261589116549052,-0.14354433818371193,True,ok,,0.3,0.1,0.084
2020-10-22 11:00:00+00:00,-0.6034437225558228,-0.6034437225558228,-0.12777203176424157,-0.7312157543200644,4.277447854275385,4.868822702380092,-0.6034437225558228,-0.12777203176424154,True,ok,,0.3,0.1,0.084
2020-10-22 12:00:00+00:00,-0.6729882970287818,-0.6729882970287818,-0.06897960816238735,-0.7419679051911692,4.868822702380092,5.528351233468298,-0.6729882970287818,-0.06897960816238739,True,ok,,0.3,0.1,0.084
2020-10-22 13:00:00+00:00,0.21368797885719418,0.21368797885719418,-5.146335024797111e-09,0.21368797371085915,5.528351233468298,5.310302275450753,0.21368797885719398,-5.146335026506139e-09,True,ok,,0.3,0.1,0.084
2020-10-22 14:00:00+00:00,-0.732417948021874,-0.732417948021874,-0.029116055491652082,-0.7615340035135261,5.310302275450753,6.02807186451219,-0.732417948021874,-0.029116055491652085,True,ok,,0.3,0.1,0.084
2020-10-22 15:00:00+00:00,0.7477906029369927,0.7477906029369927,-1.127659858823904e-07,0.7477904901710068,6.02807186451219,5.265020228862197,0.7477906029369922,-1.1276598585898039e-07,True,ok,,0.4,0.18,0.084
2020-10-22 16:00:00+00:00,1.0197046954189033,1.0197046954189033,-1.1276553024686109e-07,1.019704582653373,5.265020228862197,4.224505233536785,1.019704695418903,-1.1276553014786115e-07,True,ok,,0.4,0.18,0.084
2020-10-22 17:00:00+00:00,0.21140563680838306,0.21140563680838306,1.6426633941968305e-09,0.21140563845104646,4.224505233536785,4.008785195977211,0.21140563680838298,1.642663397990989e-09,True,ok,,0.4,0.18,0.084
2020-10-22 18:00:00+00:00,0.326950388439603,0.326950388439603,5.959396864874122e-10,0.3269503890355427,4.008785195977211,3.675162350630677,0.3269503884396032,5.959396788728586e-10,True,ok,,0.4,0.18,0.084
2020-10-22 19:00:00+00:00,-0.145216416657116,-0.145216416657116,0.41164252749960883,0.26642611084249285,3.675162350630677,3.8174744389546507,-0.1452164166571159,0.41164252749960883,True,ok,,0.2,0.07,0.084
2020-10-22 20:00:00+00:00,-0.1637594677683778,-0.1637594677683778,0.3000920235021644,0.1363325557337866,3.8174744389546507,3.977958717367661,-0.1637594677683779,0.3000920235021644,True,ok,,0.2,0.07,0.084
2020-10-22 21:00:00+00:00,-0.14914253805500685,-0.14914253805500685,0.347504205144999,0.19836166708999217,3.977958717367661,4.1241184046615675,-0.14914253805500688,0.347504205144999,True,ok,,0.2,0.07,0.084
2020-10-22 22:00:00+00:00,-0.15607070807030599,-0.15607070807030599,0.30371970817192534,0.14764900010161935,4.1241184046615675,4.277067698570467,-0.15607070807030599,0.30371970817192534,True,ok,,0.2,0.07,0.084
2020-10-22 23:00:00+00:00,-0.15640270362479372,-0.15640270362479372,0.29228745349032553,0.1358847498655318,4.277067698570467,4.430342348122765,-0.15640270362479355,0.29228745349032553,True,ok,,0.2,0.07,0.084
2020-10-23 00:00:00+00:00,-0.1330093692279516,-0.1330093692279516,0.4102333691785727,0.27722399995062114,4.430342348122765,4.5606915299661575,-0.13300936922795142,0.4102333691785727,True,ok,,0.2,0.07,0.084
2020-10-23 01:00:00+00:00,-0.11690206946987147,-0.11690206946987147,0.6436936811916522,0.5267916117217807,4.5606915299661575,4.675255558046631,-0.11690206946987157,0.6436936811916522,True,ok,,0.2,0.07,0.084
2020-10-23 02:00:00+00:00,-0.12370926564142692,-0.12370926564142692,0.4780562091258393,0.35434694348441237,4.675255558046631,4.7964906383752295,-0.12370926564142694,0.4780562091258393,True,ok,,0.2,0.07,0.084
2020-10-23 03:00:00+00:00,-0.12933653704874182,-0.12933653704874182,0.3985599541533562,0.2692234171046144,4.7964906383752295,4.923240444682996,-0.12933653704874185,0.3985599541533562,True,ok,,0.2,0.07,0.084
2020-10-23 04:00:00+00:00,0.17499476394369792,0.17499476394369792,4.0308653073695133e-07,0.17499516703022866,4.923240444682996,4.7446743590261615,0.17499476394369784,4.030865307356983e-07,True,ok,,0.3,0.1,0.084
2020-10-23 05:00:00+00:00,0.1380555040791033,0.1380555040791033,5.793192917324941e-07,0.13805608339839504,4.7446743590261615,4.603801395680137,0.13805550407910328,5.793192917398745e-07,True,ok,,0.3,0.1,0.084
2020-10-23 06:00:00+00:00,0.09182504154419764,0.09182504154419764,5.792537525334263e-07,0.09182562079795017,4.603801395680137,4.510102373696262,0.09182504154419759,5.792537525322636e-07,True,ok,,0.3,0.1,0.084
2020-10-23 07:00:00+00:00,0.7266769187281982,0.7266769187281982,5.791870920646147e-07,0.7266774979152902,4.510102373696262,3.7685953137695294,0.7266769187281984,5.791870920822207e-07,True,ok,,0.3,0.1,0.084
2020-10-23 08:00:00+00:00,-0.16532327483936188,-0.16532327483936188,8.694777120510366e-10,-0.16532327396988417,3.7685953137695294,3.930612123112104,-0.16532327483936188,8.694777040669124e-10,True,ok,,0.3,0.1,0.084
2020-10-23 09:00:00+00:00,-0.0705061544502795,-0.0705061544502795,8.692190578418746e-10,-0.07050615358106044,3.930612123112104,3.999708154473378,-0.07050615445027955,8.692190581750503e-10,True,ok,,0.3,0.1,0.084
2020-10-23 10:00:00+00:00,-0.12644736754587876,-0.12644736754587876,8.689451658216996e-10,-0.1264473666769336,3.999708154473378,4.123626574668339,-0.12644736754587868,8.689451698733402e-10,True,ok,,0.3,0.1,0.084
2020-10-23 11:00:00+00:00,0.2699074037860601,0.2699074037860601,5.789117358823148e-07,0.269907982697796,4.123626574668339,3.8482108565192985,0.26990740378606026,5.789117358872279e-07,True,ok,,0.3,0.1,0.084
2020-10-23 12:00:00+00:00,0.11016952502329824,0.11016952502329824,5.78829478500853e-07,0.11017010385277674,3.8482108565192985,3.7357929738424636,0.11016952502329823,5.788294784969082e-07,True,ok,,0.3,0.1,0.084
2020-10-23 13:00:00+00:00,0.03256654404100309,0.03256654404100309,5.787221411604482e-07,0.03256712276314425,3.7357929738424636,3.702561806453685,0.032566544041003155,5.787221411577237e-07,True,ok,,0.3,0.1,0.084
2020-10-23 14:00:00+00:00,0.4362758201821995,0.4362758201821995,5.786251764394734e-07,0.43627639880737595,3.702561806453685,3.2573823981045016,0.4362758201821995,5.786251764245777e-07,True,ok,,0.3,0.1,0.084
2020-10-23 15:00:00+00:00,1.3063026649179574,1.3063026649179574,2.3932789083858097e-09,1.3063026673112363,3.2573823981045016,1.9244204951269939,1.3063026649179579,2.39327887650788e-09,True,ok,,0.4,0.18,0.084
2020-10-23 16:00:00+00:00,0.9195274022230023,0.9195274022230023,2.3931593373660576e-09,0.9195274046161617,1.9244204951269939,0.9861272275525017,0.9195274022230024,2.3931593785354575e-09,True,ok,,0.4,0.18,0.084
2020-10-23 17:00:00+00:00,0.7297558857538332,0.7297558857538332,2.392990472444012e-09,0.7297558881468237,0.9861272275525017,0.24147836453838611,0.729755885753833,2.3929904765145232e-09,True,ok,,0.4,0.18,0.084
2020-10-23 18:00:00+00:00,0.2366474143260239,0.2366474143260239,2.3927772818677084e-09,0.23664741671880118,0.24147836453838611,1.411144484181337e-06,0.23664741432602387,2.3927772943288043e-09,True,ok,,0.4,0.18,0.084
2020-10-23 19:00:00+00:00,-0.9529426991881955,-0.9529426991881955,1.298222255293067,0.34527955610487143,1.411144484181337e-06,0.9338852563489157,-0.9529426991881953,1.298222255293067,True,ok,,0.2,0.07,0.084
2020-10-23 20:00:00+00:00,-0.43292470931795757,-0.43292470931795757,2.5785611894612925,2.145636480143335,0.9338852563489157,1.358151471480514,-0.4329247093179577,2.5785611894612925,True,ok,,0.2,0.07,0.084
2020-10-23 21:00:00+00:00,-0.3311235392236407,-0.3311235392236407,4.884777510996367,4.553653971772726,1.358151471480514,1.6826525399196819,-0.3311235392236404,4.884777510996367,True,ok,,0.2,0.07,0.084
2020-10-23 22:00:00+00:00,-0.4505371426580985,-0.4505371426580985,0.6133684482917494,0.16283130563365092,1.6826525399196819,2.1241789397246182,-0.4505371426580986,0.6133684482917494,True,ok,,0.2,0.07,0.084
2020-10-23 23:00:00+00:00,-0.42444613927316466,-0.42444613927316466,0.5454478616063311,0.1210017223331664,2.1241789397246182,2.5401361562123195,-0.42444613927316466,0.5454478616063311,True,ok,,0.2,0.07,0.084
2020-10-24 00:00:00+00:00,-0.371364580051621,-0.371364580051621,0.5686096075275079,0.19724502747588693,2.5401361562123195,2.904073444662908,-0.3713645800516209,0.5686096075275079,True,ok,,0.2,0.07,0.084
2020-10-24 01:00:00+00:00,-0.3611273402891614,-0.3611273402891614,0.5320570626803959,0.17092972239123447,2.904073444662908,3.2579782381462863,-0.3611273402891615,0.5320570626803959,True,ok,,0.2,0.07,0.084
2020-10-24 02:00:00+00:00,-0.29799105603868664,-0.29799105603868664,0.668793416369374,0.3708023603306873,3.2579782381462863,3.550009473064199,-0.29799105603868664,0.668793416369374,True,ok,,0.2,0.07,0.084
2020-10-24 03:00:00+00:00,-0.3342578702765282,-0.3342578702765282,0.49113248136019494,0.1568746110836667,3.550009473064199,3.877582185935197,-0.33425787027652815,0.4911324813601949,True,ok,,0.2,0.07,0.084
2020-10-24 04:00:00+00:00,0.30614167712938306,0.30614167712938306,4.056704220323226e-07,0.3061420827998051,3.877582185935197,3.565192719476643,0.30614167712938317,4.05670422031885e-07,True,ok,,0.3,0.1,0.084
2020-10-24 05:00:00+00:00,0.3581854248329104,0.3581854248329104,4.0773642345781624e-07,0.35818583256933384,3.565192719476643,3.1996973880144894,0.3581854248329102,4.077364234840721e-07,True,ok,,0.3,0.1,0.084
2020-10-24 06:00:00+00:00,0.6662404489129118,0.6662404489129118,6.880285970956024e-07,0.6662411369415089,3.1996973880144894,2.519860195246212,0.6662404489129118,6.880285970786655e-07,True,ok,,0.3,0.1,0.084
2020-10-24 07:00:00+00:00,0.4309649860484986,0.4309649860484986,3.214827310471513e-07,0.43096530753122964,2.519860195246212,2.0801000054008054,0.43096498604849864,3.214827310692608e-07,True,ok,,0.3,0.1,0.084
2020-10-24 08:00:00+00:00,0.7592640381971688,0.7592640381971688,8.409055567426549e-07,0.7592648791027256,2.0801000054008054,1.3053407827506331,0.7592640381971689,8.409055567615681e-07,True,ok,,0.3,0.1,0.084
2020-10-24 09:00:00+00:00,-0.16900458227839482,-0.16900458227839482,1.995072163030187e-10,-0.1690045820788876,1.3053407827506331,1.47096527338346,-0.1690045822783949,1.9950722167257372e-10,True,ok,,0.3,0.1,0.084
2020-10-24 10:00:00+00:00,-0.4498819445237771,-0.4498819445237771,1.495410684171361e-09,-0.4498819430283664,1.47096527338346,1.9118495790167616,-0.4498819445237772,1.4954106856971362e-09,True,ok,,0.3,0.1,0.084
2020-10-24 11:00:00+00:00,-1.0183344282905347,-1.0183344282905347,1.4944165904751117e-09,-1.018334426796118,1.9118495790167616,2.9098173187414855,-1.0183344282905347,1.4944165645222552e-09,True,ok,,0.3,0.1,0.084
2020-10-24 12:00:00+00:00,-0.7746082480652492,-0.7746082480652492,1.4939002257463585e-09,-0.774608246571349,2.9098173187414855,3.66893340184543,-0.7746082480652489,1.4939002530702075e-09,True,ok,,0.3,0.1,0.084
2020-10-24 13:00:00+00:00,-0.30102041220324083,-0.30102041220324083,1.4932386438459844e-09,-0.3010204107100022,3.66893340184543,3.963933405804606,-0.30102041220324055,1.493238645129305e-09,True,ok,,0.3,0.1,0.084
2020-10-24 14:00:00+00:00,-0.1379869589363046,-0.1379869589363046,1.492036660888374e-09,-0.13798695744426795,3.963933405804606,4.099160625562185,-0.13798695893630444,1.4920366572144827e-09,True,ok,,0.3,0.1,0.084
2020-10-24 15:00:00+00:00,2.040172131943914,2.040172131943914,2.93425639341649e-09,2.0401721348781705,4.099160625562185,2.017352327660231,2.040172131943913,2.934256495601161e-09,True,ok,,0.4,0.18,0.084
2020-10-24 16:00:00+00:00,0.8792901787472583,0.8792901787472583,2.934038900725966e-09,0.8792901816812972,2.017352327660231,1.1201174513875185,0.8792901787472586,2.9340388561339847e-09,True,ok,,0.4,0.18,0.084
2020-10-24 17:00:00+00:00,0.7321838321305187,0.7321838321305187,2.9335212037295832e-09,0.73218383506404,1.1201174513875185,0.3729910920706626,0.7321838321305186,2.933521256194989e-09,True,ok,,0.4,0.18,0.084
2020-10-24 18:00:00+00:00,0.36553046870725353,0.36553046870725353,2.9329096373764685e-09,0.36553047164016317,0.3729910920706626,8.178795875557476e-07,0.3655304687072535,2.9329096241233356e-09,True,ok,,0.4,0.18,0.084
2020-10-24 19:00:00+00:00,-1.9654569071229824,-1.9654569071229824,2.195676545677238,0.23021963855425537,8.178795875557476e-07,1.9261485868601103,-1.9654569071229824,2.195676545677238,True,ok,,0.2,0.07,0.084
2020-10-24 20:00:00+00:00,-1.3798442033349638,-1.3798442033349638,1.5941722594266965,0.2143280560917327,1.9261485868601103,3.2783959061283747,-1.3798442033349636,1.5941722594266965,True,ok,,0.2,0.07,0.084
2020-10-24 21:00:00+00:00,-1.2199952278355861,-1.2199952278355861,1.340561922190597,0.12056669435501097,3.2783959061283747,4.473991229407249,-1.2199952278355861,1.340561922190597,True,ok,,0.2,0.07,0.084
2020-10-24 22:00:00+00:00,-1.1029040353092239,-1.1029040353092239,1.2878364519708045,0.18493241666158064,4.473991229407249,5.554837184010288,-1.1029040353092239,1.2878364519708045,True,ok,,0.2,0.07,0.084
2020-10-24 23:00:00+00:00,-1.0794715060511484,-1.0794715060511484,1.256297756204266,0.17682625015311762,5.554837184010288,6.612719259940413,-1.0794715060511484,1.256297756204266,True,ok,,0.2,0.07,0.084
2020-10-25 00:00:00+00:00,-1.0729959386105934,-1.0729959386105934,1.2077487717836035,0.13475283317301018,6.612719259940413,7.664255279778795,-1.0729959386105932,1.2077487717836035,True,ok,,0.2,0.07,0.084
2020-10-25 01:00:00+00:00,-1.0791630526729288,-1.0791630526729288,1.2494824134615918,0.17031936078866305,7.664255279778795,8.721835071398266,-1.079163052672929,1.2494824134615918,True,ok,,0.2,0.07,0.084
2020-10-25 02:00:00+00:00,-1.1331872180606382,-1.1331872180606382,1.3142102738418966,0.18102305578125835,8.721835071398266,9.83235854509769,-1.1331872180606384,1.3142102738418966,True,ok,,0.2,0.07,0.084
2020-10-25 03:00:00+00:00,-1.228898586623332,-1.228898586623332,1.4793515028984618,0.25045291627512994,9.83235854509769,11.036679159988555,-1.2288985866233317,1.4793515028984618,True,ok,,0.2,0.07,0.084
2020-10-25 04:00:00+00:00,-1.4919333399577153,-1.4919333399577153,1.835795895469507,0.34386255551179185,11.036679159988555,12.498773833147116,-1.491933339957715,1.835795895469507,True,ok,,0.2,0.07,0.084
2020-10-25 05:00:00+00:00,0.3397527760063475,0.3397527760063475,3.9125467077294473e-07,0.3397531672610183,12.498773833147116,12.15208732701819,0.33975277600634757,3.9125467078770915e-07,True,ok,,0.3,0.1,0.084
2020-10-25 06:00:00+00:00,0.32224609006431987,0.32224609006431987,4.1492740210369305e-07,0.32224650499172197,12.15208732701819,11.823264786136232,0.3222460900643197,4.1492740211646425e-07,True,ok,,0.3,0.1,0.084
2020-10-25 07:00:00+00:00,3.0333186389388462,3.0333186389388462,5.793486752558863e-07,3.0333192182875215,11.823264786136232,8.728041685178226,3.0333186389388453,5.793486753511752e-07,True,ok,,0.3,0.1,0.084
2020-10-25 08:00:00+00:00,0.7770273289943763,0.7770273289943763,5.793407767962222e-07,0.7770279083351531,8.728041685178226,7.935156655592128,0.7770273289943765,5.793407767561572e-07,True,ok,,0.3,0.1,0.084
2020-10-25 09:00:00+00:00,1.088271269985322,1.088271269985322,5.793064883352628e-07,1.0882718492918104,7.935156655592128,6.824675767852003,1.0882712699853203,5.793064883581134e-07,True,ok,,0.3,0.1,0.084
2020-10-25 10:00:00+00:00,-0.3704043498618563,-0.3704043498618563,8.699257980637753e-10,-0.3704043489919305,6.824675767852003,7.187672030716622,-0.3704043498618557,8.699257955978359e-10,True,ok,,0.3,0.1,0.084
2020-10-25 11:00:00+00:00,-0.20310514163786747,-0.20310514163786747,8.697104980637249e-10,-0.20310514076815697,7.187672030716622,7.386715069521732,-0.20310514163786714,8.697105042283929e-10,True,ok,,0.3,0.1,0.084
2020-10-25 12:00:00+00:00,0.06119988941912381,0.06119988941912381,5.791328516122074e-07,0.061200468551975425,7.386715069521732,7.324266202767524,0.06119988941912384,5.791328516136578e-07,True,ok,,0.3,0.1,0.084
2020-10-25 13:00:00+00:00,0.3741921801573639,0.3741921801573639,5.79052484517284e-07,0.3741927592098484,7.324266202767524,6.942437447504908,0.37419218015736383,5.790524844914772e-07,True,ok,,0.3,0.1,0.084
2020-10-25 14:00:00+00:00,2.3899801615033747,2.3899801615033747,5.789734696115545e-07,2.3899807404768443,6.942437447504908,4.503682180664729,2.389980161503373,5.789734696333347e-07,True,ok,,0.3,0.1,0.084
2020-10-25 15:00:00+00:00,0.7405730570959796,0.7405730570959796,5.789556336566193e-07,0.7405736360516133,4.503682180664729,3.7479953877096475,0.7405730570959794,5.789556336986477e-07,True,ok,,0.3,0.1,0.084
2020-10-25 16:00:00+00:00,1.6818441334304706,1.6818441334304706,2.394368259217572e-09,1.6818441358248388,3.7479953877096475,2.03182790461733,1.681844133430471,2.394368246757278e-09,True,ok,,0.4,0.18,0.084
2020-10-25 17:00:00+00:00,0.8756326384205032,0.8756326384205032,2.3942798854648117e-09,0.8756326408147831,2.03182790461733,1.1383252123515106,0.8756326384205032,2.3942799157477467e-09,True,ok,,0.4,0.18,0.084
2020-10-25 18:00:00+00:00,0.7284617748611659,0.7284617748611659,2.3941039151154087e-09,0.7284617772552698,1.1383252123515106,0.3949968706564434,0.7284617748611658,2.3941038790581293e-09,True,ok,,0.4,0.18,0.084
2020-10-25 19:00:00+00:00,0.3870955524983288,0.3870955524983288,2.393893250296486e-09,0.387095554892222,0.3949968706564434,1.408923454848665e-06,0.3870955524983288,2.3938932541008712e-09,True,ok,,0.4,0.18,0.084
2020-10-25 20:00:00+00:00,-0.9750058451957707,-0.9750058451957707,1.4238856521302328,0.44887980693446206,1.408923454848665e-06,0.9555071372153101,-0.9750058451957709,1.4238856521302328,True,ok,,0.2,0.07,0.084
2020-10-25 21:00:00+00:00,-0.5291351836531065,-0.5291351836531065,1.2975039048971755,0.768368721244069,0.9555071372153101,1.4740596171953544,-0.5291351836531066,1.2975039048971755,True,ok,,0.2,0.07,0.084
2020-10-25 22:00:00+00:00,-0.5352944439762601,-0.5352944439762601,0.7306478050503898,0.1953533610741297,1.4740596171953544,1.9986481722920892,-0.5352944439762602,0.7306478050503898,True,ok,,0.2,0.07,0.084
2020-10-25 23:00:00+00:00,-0.48480883719503387,-0.48480883719503387,0.645610864611263,0.1608020274162292,1.9986481722920892,2.4737608327432223,-0.48480883719503387,0.645610864611263,True,ok,,0.2,0.07,0.084
2020-10-26 00:00:00+00:00,-0.4469038247166439,-0.4469038247166439,0.6044647418159607,0.15756091709931677,2.4737608327432223,2.9117265809655333,-0.44690382471664386,0.6044647418159607,True,ok,,0.2,0.07,0.084
2020-10-26 01:00:00+00:00,-0.41919780209864044,-0.41919780209864044,0.5788804966264783,0.15968269452783787,2.9117265809655333,3.3225404270222008,-0.4191978020986405,0.5788804966264783,True,ok,,0.2,0.07,0.084
2020-10-26 02:00:00+00:00,-0.3198250125582025,-0.3198250125582025,0.8860711535972033,0.5662461410390008,3.3225404270222008,3.6359689393292394,-0.3198250125582026,0.8860711535972033,True,ok,,0.2,0.07,0.084
2020-10-26 03:00:00+00:00,-0.33240536949697186,-0.33240536949697186,0.7037455911722086,0.3713402216752367,3.6359689393292394,3.9617262014362717,-0.3324053694969718,0.7037455911722086,True,ok,,0.2,0.07,0.084
2020-10-26 04:00:00+00:00,-0.37317798226398113,-0.37317798226398113,0.5270726208129383,0.1538946385489571,3.9617262014362717,4.327440624054973,-0.37317798226398113,0.5270726208129383,True,ok,,0.2,0.07,0.084
2020-10-26 05:00:00+00:00,0.19286799226651957,0.19286799226651957,1.4675673148945023e-07,0.19286813902325106,4.327440624054973,4.130636550313627,0.19286799226651957,1.467567314963252e-07,True,ok,,0.3,0.1,0.084
2020-10-26 06:00:00+00:00,0.10531084662176282,0.10531084662176282,5.4254369188933e-07,0.10531138916545471,4.130636550313627,4.023176502740399,0.10531084662176281,5.42543691883163e-07,True,ok,,0.3,0.1,0.084
2020-10-26 07:00:00+00:00,-0.0038391679649259825,-0.0038391679649259825,7.352259625767466e-10,-0.00383916722970002,4.023176502740399,4.026938887346026,-0.003839167964925959,7.352259627383044e-10,True,ok,,0.3,0.1,0.084
2020-10-26 08:00:00+00:00,-0.0569074223042312,-0.0569074223042312,7.346993916024225e-10,-0.05690742156953181,4.026938887346026,4.082708161204173,-0.05690742230423137,7.346993910945853e-10,True,ok,,0.3,0.1,0.084
2020-10-26 09:00:00+00:00,-0.24473672577448957,-0.24473672577448957,7.344409802545471e-10,-0.2447367250400486,4.082708161204173,4.322550152463172,-0.24473672577448954,7.344409919771426e-10,True,ok,,0.3,0.1,0.084
2020-10-26 10:00:00+00:00,-0.3277151082134299,-0.3277151082134299,7.342061403292632e-10,-0.3277151074792238,4.322550152463172,4.643710958512334,-0.3277151082134299,7.34206153327177e-10,True,ok,,0.3,0.1,0.084
2020-10-26 11:00:00+00:00,-0.5589005546246555,-0.5589005546246555,7.339924223970229e-10,-0.5589005538906631,4.643710958512334,5.191433502044497,-0.5589005546246556,7.339924474978929e-10,True,ok,,0.3,0.1,0.084
2020-10-26 12:00:00+00:00,-0.03984066979699997,-0.03984066979699997,7.338666896394841e-10,-0.03984066906313328,5.191433502044497,5.230477358445556,-0.03984066979700011,7.338666924222305e-10,True,ok,,0.3,0.1,0.084
2020-10-26 13:00:00+00:00,0.36389761051224484,0.36389761051224484,5.421508140757147e-07,0.3638981526630589,5.230477358445556,4.859153266086123,0.36389761051224484,5.421508140665755e-07,True,ok,,0.3,0.1,0.084
2020-10-26 14:00:00+00:00,0.4442229070469864,0.4442229070469864,5.420946009859762e-07,0.4442234491415874,4.859153266086123,4.405864585425933,0.4442229070469864,5.42094600985694e-07,True,ok,,0.3,0.1,0.084
2020-10-26 15:00:00+00:00,0.8860341504474247,0.8860341504474247,5.420391580024386e-07,0.8860346924865827,4.405864585425933,3.50174810537754,0.8860341504474247,5.420391580466051e-07,True,ok,,0.3,0.1,0.084
2020-10-26 16:00:00+00:00,1.297823235411088,1.297823235411088,2.2768793517258246e-09,1.2978232376879673,3.50174810537754,2.177438681488675,1.2978232354110881,2.2768793059894187e-09,True,ok,,0.4,0.18,0.084
2020-10-26 17:00:00+00:00,1.3441284708169807,1.3441284708169807,2.2767936425083235e-09,1.3441284730937744,2.177438681488675,0.8058790173897148,1.3441284708169803,2.2767935831672375e-09,True,ok,,0.4,0.18,0.084
2020-10-26 18:00:00+00:00,0.5930598016383136,0.5930598016383136,2.276709043513847e-09,0.5930598039150227,0.8058790173897148,0.20071595449347635,0.5930598016383137,2.2767090391914412e-09,True,ok,,0.4,0.18,0.084
2020-10-26 19:00:00+00:00,0.19669999773671912,0.19669999773671912,2.2765263008039938e-09,0.19670000001324542,0.20071595449347635,1.6710886609205833e-06,0.19669999773671917,2.27652629573608e-09,True,ok,,0.4,0.18,0.084
2020-10-26 20:00:00+00:00,-0.2295470169179345,-0.2295470169179345,0.659851960789432,0.4303049438714975,1.6710886609205833e-06,0.22495774766823673,-0.2295470169179344,0.659851960789432,True,ok,,0.2,0.07,0.084
2020-10-26 21:00:00+00:00,-0.15446342568466145,-0.15446342568466145,0.30635748123131623,0.15189405554665478,0.22495774766823673,0.376331904839205,-0.15446342568466137,0.30635748123131623,True,ok,,0.2,0.07,0.084
2020-10-26 22:00:00+00:00,-0.11565545446065498,-0.11565545446065498,0.29680225994044657,0.1811468054797916,0.376331904839205,0.48967425021064687,-0.11565545446065487,0.29680225994044657,True,ok,,0.2,0.07,0.084
2020-10-26 23:00:00+00:00,-0.09517684608626442,-0.09517684608626442,0.28559987348776456,0.19042302740150013,0.48967425021064687,0.582947559375186,-0.09517684608626452,0.28559987348776456,True,ok,,0.2,0.07,0.084
2020-10-27 00:00:00+00:00,-0.09111301357505566,-0.09111301357505566,0.21990037470682977,0.1287873611317741,0.582947559375186,0.6722383126787406,-0.09111301357505568,0.21990037470682977,True,ok,,0.2,0.07,0.084
2020-10-27 01:00:00+00:00,-0.07800707964259793,-0.07800707964259793,0.24559552436827015,0.16758844472567222,0.6722383126787406,0.7486852507284866,-0.078007079642598,0.24559552436827015,True,ok,,0.2,0.07,0.084
2020-10-27 02:00:00+00:00,-0.05792098249849631,-0.05792098249849631,0.924626813965276,0.8667058314667797,0.7486852507284866,0.805447813577013,-0.05792098249849631,0.924626813965276,True,ok,,0.2,0.07,0.084
2020-10-27 03:00:00+00:00,-0.06453570644062925,-0.06453570644062925,0.2694742897139871,0.20493858327335787,0.805447813577013,0.8686928058888297,-0.06453570644062928,0.2694742897139871,True,ok,,0.2,0.07,0.084
2020-10-27 04:00:00+00:00,-0.06477623282348888,-0.06477623282348888,0.20698337155523347,0.1422071387317446,0.8686928058888297,0.9321735140558488,-0.06477623282348892,0.20698337155523347,True,ok,,0.2,0.07,0.084
2020-10-27 05:00:00+00:00,0.7012317088006558,0.7012317088006558,4.016546450991143e-07,0.7012321104553009,0.9321735140558488,0.21663095405517963,0.7012317088006556,4.0165464515300704e-07,True,ok,,0.3,0.1,0.084
2020-10-27 06:00:00+00:00,0.21229833497407602,0.21229833497407602,3.8626714371492454e-07,0.21229872124121973,0.21663095405517963,0.0,0.21229833631476536,3.849264544122248e-07,True,ok,,0.3,0.1,0.084
2020-10-27 07:00:00+00:00,-0.39408916024423274,-0.39408916024423274,-0.09365598232306188,-0.4877451425672946,0.0,0.3862073770393481,-0.3940891602442328,-0.09365598232306188,True,ok,,0.3,0.1,0.084
2020-10-27 08:00:00+00:00,-0.25777366200711005,-0.25777366200711005,-0.1025726594384791,-0.36034632144558915,0.3862073770393481,0.638825565806316,-0.2577736620071103,-0.10257265943847907,True,ok,,0.3,0.1,0.084
2020-10-27 09:00:00+00:00,-3.0124535795680973,-3.0124535795680973,-0.23257398252289718,-3.2450275620909945,0.638825565806316,3.5910300737830516,-3.012453579568097,-0.23257398252289735,True,ok,,0.3,0.1,0.084
2020-10-27 10:00:00+00:00,-2.010260758094441,-2.010260758094441,-0.22514478973872754,-2.2354055478331687,3.5910300737830516,5.561085616715604,-2.010260758094441,-0.22514478973872754,True,ok,,0.3,0.1,0.084
2020-10-27 11:00:00+00:00,-1.465681857204206,-1.465681857204206,-0.21766585997315957,-1.6833477171773656,5.561085616715604,6.997453836775726,-1.465681857204206,-0.2176658599731596,True,ok,,0.3,0.1,0.084
2020-10-27 12:00:00+00:00,-0.9882979548360813,-0.9882979548360813,-0.20337842348912893,-1.1916763783252102,6.997453836775726,7.965985832515086,-0.9882979548360812,-0.20337842348912893,True,ok,,0.3,0.1,0.084
2020-10-27 13:00:00+00:00,-0.22819963054118858,-0.22819963054118858,-0.11524530056079318,-0.34344493110198177,7.965985832515086,8.18962147044545,-0.22819963054118858,-0.11524530056079317,True,ok,,0.3,0.1,0.084
2020-10-27 14:00:00+00:00,0.5852189961002913,0.5852189961002913,-6.05653849294896e-09,0.5852189900437528,8.18962147044545,7.592459229526786,0.585218996100291,-6.056538448917625e-09,True,ok,,0.3,0.1,0.084
2020-10-27 15:00:00+00:00,1.048126600435001,1.048126600435001,-6.039255540102317e-09,1.0481265943957454,7.592459229526786,6.522942290307397,1.0481266004350014,-6.03925549175399e-09,True,ok,,0.3,0.1,0.084
2020-10-27 16:00:00+00:00,1.228387538160133,1.228387538160133,-2.0243364051708568e-07,1.2283873357264925,6.522942290307397,5.269485618715425,1.2283875381601335,-2.0243364062317438e-07,True,ok,,0.4,0.18,0.084
2020-10-27 17:00:00+00:00,1.0576493114088483,1.0576493114088483,-2.0243735887603975e-07,1.0576491089714894,5.269485618715425,4.190251627481906,1.0576493114088479,-2.0243735892447476e-07,True,ok,,0.4,0.18,0.084
2020-10-27 18:00:00+00:00,0.7096341186027575,0.7096341186027575,-2.0244196352603439e-07,0.709633916160794,4.190251627481906,3.466135179928072,0.7096341186027576,-2.024419634982791e-07,True,ok,,0.4,0.18,0.084
2020-10-27 19:00:00+00:00,0.32038460469610935,0.32038460469610935,-2.024488400254043e-07,0.32038440224726933,3.466135179928072,3.139212113911634,0.3203846046961093,-2.0244884003026077e-07,True,ok,,0.4,0.18,0.084
2020-10-27 20:00:00+00:00,0.4672559580820176,0.4672559580820176,1.5116624879629725e-07,0.4672561092482664,3.139212113911634,2.6624203199503915,0.46725595808201775,1.5116624877248917e-07,True,ok,,0.2,0.07,0.084
2020-10-27 21:00:00+00:00,0.6480315159579382,0.6480315159579382,2.855572170945564e-07,0.6480318015151553,2.6624203199503915,2.00116367101372,0.6480315159579383,2.855572171011629e-07,True,ok,,0.2,0.07,0.084
2020-10-27 22:00:00+00:00,0.20266174241874882,0.20266174241874882,2.855389555078691e-07,0.20266202795770433,2.00116367101372,1.794365974668058,0.2026617424187488,2.8553895552156686e-07,True,ok,,0.2,0.07,0.084
2020-10-27 23:00:00+00:00,0.1544944647638026,0.1544944647638026,2.8550545144723216e-07,0.15449475026925405,1.794365974668058,1.6367185616437696,0.1544944647638026,2.8550545145008433e-07,True,ok,,0.2,0.07,0.084
2020-10-28 00:00:00+00:00,0.13531554801177328,0.13531554801177328,2.8546937941298367e-07,0.1353158334811527,1.6367185616437696,1.4986414718358376,0.13531554801177328,2.8546937942424227e-07,True,ok,,0.2,0.07,0.084
2020-10-28 01:00:00+00:00,0.1848894369658937,0.1848894369658937,2.8543169847128347e-07,0.18488972239759216,1.4986414718358376,1.3099787810543135,0.1848894369658937,2.854316984696413e-07,True,ok,,0.2,0.07,0.084
2020-10-28 02:00:00+00:00,0.502292993772393,0.502292993772393,2.8539329899324173e-07,0.502293279165692,1.3099787810543135,0.7974349098579941,0.502292993772393,2.8539329902159256e-07,True,ok,,0.2,0.07,0.084
2020-10-28 03:00:00+00:00,0.19031982564146369,0.19031982564146369,2.8536569693371483e-07,0.19032011100716062,0.7974349098579941,0.6032310061422148,0.19031982564146366,2.853656969244878e-07,True,ok,,0.2,0.07,0.084
2020-10-28 04:00:00+00:00,0.20838665825581304,0.20838665825581304,2.853229068844332e-07,0.20838694357871992,0.6032310061422148,0.3905915589424056,0.20838665825581293,2.85322906889928e-07,True,ok,,0.2,0.07,0.084
2020-10-28 05:00:00+00:00,0.16663600414473784,0.16663600414473784,-4.1340353640340055e-09,0.16663600001070247,0.3905915589424056,0.22055482001920373,0.16663600414473773,-4.134035360393632e-09,True,ok,,0.3,0.1,0.084
2020-10-28 06:00:00+00:00,0.21614245932181875,0.21614245932181875,-4.1346638890438214e-09,0.21614245518715486,0.22055482001920373,1.2900989805053609e-06,0.2161424593218187,-4.13466388411852e-09,True,ok,,0.3,0.1,0.084
2020-10-28 07:00:00+00:00,-0.22763312576920583,-0.22763312576920583,-0.10678176019833022,-0.33441488596753605,1.2900989805053609e-06,0.22308175335280223,-0.2276331257692058,-0.10678176019833022,True,ok,,0.3,0.1,0.084
2020-10-28 08:00:00+00:00,-1.5462017686235465,-1.5462017686235465,-0.805384022844891,-2.3515857914684375,0.22308175335280223,1.7383594866038778,-1.5462017686235463,-0.8053840228448911,True,ok,,0.3,0.1,0.084
2020-10-28 09:00:00+00:00,-0.6419853994031577,-0.6419853994031577,-2.963494686860959,-3.6054800862641168,1.7383594866038778,2.3675051780189724,-0.6419853994031577,-2.963494686860959,True,ok,,0.3,0.1,0.084
2020-10-28 10:00:00+00:00,-0.5072354708888389,-0.5072354708888389,-0.386933509437028,-0.8941689803258669,2.3675051780189724,2.8645959394900347,-0.5072354708888389,-0.386933509437028,True,ok,,0.3,0.1,0.084
2020-10-28 11:00:00+00:00,-1.4883104047350648,-1.4883104047350648,-1.5175055358422522,-3.005815940577317,2.8645959394900347,4.323140136130398,-1.4883104047350648,-1.5175055358422522,True,ok,,0.3,0.1,0.084
2020-10-28 12:00:00+00:00,-1.3335959985720272,-1.3335959985720272,-1.6218721300226484,-2.9554681285946756,4.323140136130398,5.630064214730985,-1.333595998572028,-1.6218721300226484,True,ok,,0.3,0.1,0.084
2020-10-28 13:00:00+00:00,-0.7507674187496682,-0.7507674187496682,-0.9217735066784769,-1.6725409254281451,5.630064214730985,6.36581628510566,-0.7507674187496683,-0.9217735066784769,True,ok,,0.3,0.1,0.084
2020-10-28 14:00:00+00:00,-0.40435558722531795,-0.40435558722531795,-0.45541086136398534,-0.8597664485893033,6.36581628510566,6.762084760586471,-0.40435558722531795,-0.45541086136398534,True,ok,,0.3,0.1,0.084
2020-10-28 15:00:00+00:00,0.4233198115153442,0.4233198115153442,-3.906056478264475e-09,0.4233198076092877,6.762084760586471,6.330125769244283,0.4233198115153439,-3.9060564794245425e-09,True,ok,,0.3,0.1,0.084
2020-10-28 16:00:00+00:00,0.8423685197556033,0.8423685197556033,-1.924610568693197e-07,0.8423683272945465,6.330125769244283,5.470566055207954,0.8423685197556032,-1.924610568455571e-07,True,ok,,0.4,0.18,0.084
2020-10-28 17:00:00+00:00,1.0005370556834978,1.0005370556834978,-1.9246773286241137e-07,1.000536863215765,5.470566055207954,4.449609875939078,1.0005370556834978,-1.9246773296944547e-07,True,ok,,0.4,0.18,0.084
2020-10-28 18:00:00+00:00,0.8656670545083442,0.8656670545083442,-1.9247354798856975e-07,0.8656668620347963,4.449609875939078,3.566276146848931,0.8656670545083446,-1.924735479860143e-07,True,ok,,0.4,0.18,0.084
2020-10-28 19:00:00+00:00,0.23089683179313616,0.23089683179313616,-1.9248049806797063e-07,0.2308966393126381,3.566276146848931,3.3306671348151187,0.23089683179313625,-1.9248049806611565e-07,True,ok,,0.4,0.18,0.084
2020-10-28 20:00:00+00:00,0.24782241964073487,0.24782241964073487,3.0285784100025914e-07,0.24782272249857587,3.3306671348151187,3.0777871147735523,0.24782241964073484,3.028578410139288e-07,True,ok,,0.2,0.07,0.084
2020-10-28 21:00:00+00:00,0.16739091904758846,0.16739091904758846,3.0281742982585236e-07,0.16739122186501829,3.0777871147735523,2.906980054520911,0.16739091904758843,3.028174298395235e-07,True,ok,,0.2,0.07,0.084
2020-10-28 22:00:00+00:00,0.18114753022845637,0.18114753022845637,3.0277183279969755e-07,0.18114783300028917,2.906980054520911,2.722135635920445,0.18114753022845637,3.0277183279664384e-07,True,ok,,0.2,0.07,0.084
2020-10-28 23:00:00+00:00,0.12407675289228856,0.12407675289228856,3.0272356051075366e-07,0.12407705561584907,2.722135635920445,2.5955267043977015,0.12407675289228856,3.027235605129111e-07,True,ok,,0.2,0.07,0.084
2020-10-29 00:00:00+00:00,0.17558853065254904,0.17558853065254904,3.0267156536645246e-07,0.1755888333241144,2.5955267043977015,2.41635473434408,0.175588530652549,3.0267156536884887e-07,True,ok,,0.2,0.07,0.084
2020-10-29 01:00:00+00:00,0.269437669059704,0.269437669059704,3.0261701655653894e-07,0.26943797167672057,2.41635473434408,2.141418337344382,0.2694376690597041,3.0261701653886147e-07,True,ok,,0.2,0.07,0.084
2020-10-29 02:00:00+00:00,0.5363973644523202,0.5363973644523202,3.025636036158019e-07,0.5363976670159238,2.141418337344382,1.594074087903239,0.5363973644523202,3.0256360361057594e-07,True,ok,,0.2,0.07,0.084
2020-10-29 03:00:00+00:00,0.26433433629496805,0.26433433629496805,3.025231369302439e-07,0.264334638818105,1.594074087903239,1.3243451733165368,0.2643343362949681,3.0252313694023244e-07,True,ok,,0.2,0.07,0.084
2020-10-29 04:00:00+00:00,0.24225675285991383,0.24225675285991383,3.024597664269546e-07,0.24225705531968025,1.3243451733165368,1.0771444050921348,0.24225675285991377,3.0245976642712094e-07,True,ok,,0.2,0.07,0.084
2020-10-29 05:00:00+00:00,0.5620154203737431,0.5620154203737431,-3.913175339320674e-09,0.5620154164605677,1.0771444050921348,0.5036592822617847,0.562015420373743,-3.913175307552931e-09,True,ok,,0.3,0.1,0.084
2020-10-29 06:00:00+00:00,0.49358506195081747,0.49358506195081747,-3.913742108174745e-09,0.49358505803707536,0.5036592822617847,1.0557813586720144e-06,0.49358506195081747,-3.91374210887201e-09,True,ok,,0.3,0.1,0.084
2020-10-29 07:00:00+00:00,-0.5651422774260112,-0.5651422774260112,-0.20990320693879805,-0.7750454843648092,1.0557813586720144e-06,0.5538404876588496,-0.5651422774260111,-0.20990320693879802,True,ok,,0.3,0.1,0.084
2020-10-29 08:00:00+00:00,-1.2215005003457988,-1.2215005003457988,-0.4496583282817621,-1.671158828627561,0.5538404876588496,1.7509109779977325,-1.2215005003457982,-0.44965832828176205,True,ok,,0.3,0.1,0.084
2020-10-29 09:00:00+00:00,-1.0418341530470707,-1.0418341530470707,-0.5602583224398272,-1.602092475486898,1.7509109779977325,2.771908447983862,-1.0418341530470707,-0.5602583224398271,True,ok,,0.3,0.1,0.084
2020-10-29 10:00:00+00:00,-2.211915067825201,-2.211915067825201,-0.471086402702777,-2.683001470527978,2.771908447983862,4.939585214452558,-2.211915067825201,-0.47108640270277713,True,ok,,0.3,0.1,0.084
2020-10-29 11:00:00+00:00,-1.9709755748667381,-1.9709755748667381,-0.47335553061497193,-2.44433110548171,4.939585214452558,6.871141277821962,-1.9709755748667386,-0.47335553061497193,True,ok,,0.3,0.1,0.084
2020-10-29 12:00:00+00:00,-1.2858428819381726,-1.2858428819381726,-0.4181231392825395,-1.7039660212207122,6.871141277821962,8.13126730212137,-1.2858428819381729,-0.41812313928253947,True,ok,,0.3,0.1,0.084
2020-10-29 13:00:00+00:00,-1.8208850819472453,-1.8208850819472453,-0.10225910083637113,-1.9231441827836164,8.13126730212137,9.91573468242967,-1.820885081947245,-0.10225910083637109,True,ok,,0.3,0.1,0.084
2020-10-29 14:00:00+00:00,0.49597264702197125,0.49597264702197125,-5.00155472593633e-14,0.49597264702192123,9.91573468242967,9.40964014465215,0.495972647021971,-4.999292805229918e-14,True,ok,,0.3,0.1,0.084
2020-10-29 15:00:00+00:00,1.607483487550611,1.607483487550611,-1.0658141036401503e-14,1.6074834875506003,9.40964014465215,7.769350871641322,1.6074834875506114,-1.0634481794737413e-14,True,ok,,0.3,0.1,0.084
2020-10-29 16:00:00+00:00,1.2790683719342013,1.2790683719342013,-1.1276552536187978e-07,1.279068259168676,7.769350871641322,6.464179063545198,1.2790683719342013,-1.1276552545804851e-07,True,ok,,0.4,0.18,0.084
2020-10-29 17:00:00+00:00,0.7567670530422872,0.7567670530422872,1.6426703330907344e-09,0.7567670546849575,6.464179063545198,5.691967784930619,0.7567670530422871,1.642670353824209e-09,True,ok,,0.4,0.18,0.084
2020-10-29 18:00:00+00:00,0.807842635983627,0.807842635983627,1.6427025295584485e-09,0.8078426376263296,5.691967784930619,4.867638564539163,0.807842635983627,1.6427025748099173e-09,True,ok,,0.4,0.18,0.084
2020-10-29 19:00:00+00:00,0.3575029142244667,0.3575029142244667,1.642702418536146e-09,0.3575029158671691,4.867638564539163,4.502839672473381,0.3575029142244666,1.6427024076626497e-09,True,ok,,0.4,0.18,0.084
2020-10-29 20:00:00+00:00,-0.41775055623843194,-0.41775055623843194,0.6354493621666623,0.2176988059282303,4.502839672473381,4.912235217587044,-0.41775055623843205,0.6354493621666623,True,ok,,0.2,0.07,0.084
2020-10-29 21:00:00+00:00,-0.31383778063240647,-0.31383778063240647,0.463480669557217,0.14964288892481054,4.912235217587044,5.219796242606803,-0.3138377806324065,0.463480669557217,True,ok,,0.2,0.07,0.084
2020-10-29 22:00:00+00:00,-0.4313627349872598,-0.4313627349872598,0.6125842349415891,0.1812214999543293,5.219796242606803,5.642531722894318,-0.43136273498725997,0.6125842349415891,True,ok,,0.2,0.07,0.084
2020-10-29 23:00:00+00:00,-0.3265790612576053,-0.3265790612576053,1.1511205596590348,0.8245414984014295,5.642531722894318,5.962579202926771,-0.32657906125760555,1.1511205596590348,True,ok,,0.2,0.07,0.084
2020-10-30 00:00:00+00:00,-0.42233097489961424,-0.42233097489961424,0.5997621417524595,0.17743116685284524,5.962579202926771,6.3764635583283935,-0.422330974899614,0.5997621417524595,True,ok,,0.2,0.07,0.084
2020-10-30 01:00:00+00:00,-0.4309374307253746,-0.4309374307253746,0.5728775414141141,0.14194011068873946,6.3764635583283935,6.798782240439261,-0.43093743072537455,0.5728775414141141,True,ok,,0.2,0.07,0.084
2020-10-30 02:00:00+00:00,-0.36118155572641963,-0.36118155572641963,0.789360168324204,0.42817861259778434,6.798782240439261,7.152740165051152,-0.36118155572641963,0.789360168324204,True,ok,,0.2,0.07,0.084
2020-10-30 03:00:00+00:00,-0.41380557551354946,-0.41380557551354946,0.6143785202341357,0.2005729447205863,7.152740165051152,7.55826962905443,-0.41380557551354946,0.6143785202341357,True,ok,,0.2,0.07,0.084
2020-10-30 04:00:00+00:00,-0.40959344945134746,-0.40959344945134746,0.6340478935392235,0.22445444408787607,7.55826962905443,7.959671209516751,-0.40959344945134746,0.6340478935392235,True,ok,,0.2,0.07,0.084
2020-10-30 05:00:00+00:00,0.2032441366734062,0.2032441366734062,3.9102150778402844e-07,0.203244527694914,7.959671209516751,7.752279233319397,0.20324413667340624,3.910215077900369e-07,True,ok,,0.3,0.1,0.084
2020-10-30 06:00:00+00:00,0.11253492549125833,0.11253492549125833,5.67519777852632e-07,0.11253549301103619,7.752279233319397,7.637447676695665,0.11253492549125835,5.675197778511617e-07,True,ok,,0.3,0.1,0.084
2020-10-30 07:00:00+00:00,0.13549786154019325,0.13549786154019325,3.938949756088217e-07,0.13549825543516886,7.637447676695665,7.499184552675059,0.13549786154019328,3.938949756031066e-07,True,ok,,0.3,0.1,0.084
2020-10-30 08:00:00+00:00,0.5412593019902145,0.5412593019902145,5.821099106073646e-07,0.5412598841001252,7.499184552675059,6.946879142480963,0.5412593019902145,5.821099106192049e-07,True,ok,,0.3,0.1,0.084
2020-10-30 09:00:00+00:00,0.561837605326947,0.561837605326947,5.820634130238034e-07,0.5618381873903601,6.946879142480963,6.373575463575915,0.5618376053269467,5.820634129872206e-07,True,ok,,0.3,0.1,0.084
2020-10-30 10:00:00+00:00,-0.2410362053746749,-0.2410362053746749,8.792997163720173e-10,-0.2410362044953752,6.373575463575915,6.6097909448430965,-0.24103620537467493,8.792997301247571e-10,True,ok,,0.3,0.1,0.084
2020-10-30 11:00:00+00:00,-0.14023239958606387,-0.14023239958606387,8.790465577668272e-10,-0.14023239870701731,6.6097909448430965,6.747218696437439,-0.14023239958606387,8.790465491675874e-10,True,ok,,0.3,0.1,0.084
2020-10-30 12:00:00+00:00,0.5047255213734101,0.5047255213734101,5.818575911087365e-07,0.5047261032310012,6.747218696437439,6.232192654219674,0.5047255213734106,5.818575910740574e-07,True,ok,,0.3,0.1,0.084
2020-10-30 13:00:00+00:00,0.37941392186409634,0.37941392186409634,5.817968734000978e-07,0.37941450366096974,6.232192654219674,5.845035591093046,0.3794139218640962,5.817968733839396e-07,True,ok,,0.3,0.1,0.084
2020-10-30 14:00:00+00:00,0.39489095494981924,0.39489095494981924,5.817157825438457e-07,0.3948915366656018,5.845035591093046,5.442085637062618,0.394890954949819,5.817157825677454e-07,True,ok,,0.3,0.1,0.084
2020-10-30 15:00:00+00:00,1.3123167043774473,1.3123167043774473,5.816245034484524e-07,1.3123172860019507,5.442085637062618,4.102986959126447,1.3123167043774477,5.816245035152188e-07,True,ok,,0.3,0.1,0.084
2020-10-30 16:00:00+00:00,0.9143472240499911,0.9143472240499911,2.4023787403848473e-09,0.9143472264523699,4.102986959126447,3.169979587646864,0.9143472240499908,2.402378768816538e-09,True,ok,,0.4,0.18,0.084
2020-10-30 17:00:00+00:00,1.959249355319336,1.959249355319336,2.4022064337714255e-09,1.9592493577215424,3.169979587646864,1.1707455516067253,1.959249355319336,2.4022064436083558e-09,True,ok,,0.4,0.18,0.084
2020-10-30 18:00:00+00:00,0.8583374989303665,0.8583374989303665,2.402128052025887e-09,0.8583375013324945,1.1707455516067253,0.2948909608614534,0.8583374989303664,2.402128013660754e-09,True,ok,,0.4,0.18,0.084
2020-10-30 19:00:00+00:00,0.2889917755187839,0.2889917755187839,2.401938925533642e-09,0.28899177792072284,0.2948909608614534,1.394005551436095e-06,0.288991775518784,2.401938900020175e-09,True,ok,,0.4,0.18,0.084
2020-10-30 20:00:00+00:00,-0.9253279889862592,-0.9253279889862592,1.1537829333663836,0.22845494438012434,1.394005551436095e-06,0.9068228232120855,-0.9253279889862592,1.1537829333663836,True,ok,,0.2,0.07,0.084
2020-10-30 21:00:00+00:00,-0.5865495012700066,-0.5865495012700066,0.8112267237311773,0.22467722246117075,0.9068228232120855,1.4816413344566919,-0.5865495012700066,0.8112267237311773,True,ok,,0.2,0.07,0.084
2020-10-30 22:00:00+00:00,-0.48954302721451737,-0.48954302721451737,0.6962354161782169,0.2066923889636996,1.4816413344566919,1.9613935011269188,-0.4895430272145174,0.6962354161782169,True,ok,,0.2,0.07,0.084
2020-10-30 23:00:00+00:00,-0.28740944246147215,-0.28740944246147215,5.357209294114783,5.069799851653311,1.9613935011269188,2.2430547547391617,-0.28740944246147204,5.357209294114783,True,ok,,0.2,0.07,0.084
2020-10-31 00:00:00+00:00,-0.2878434488657782,-0.2878434488657782,1.7165591941903358,1.4287157453245576,2.2430547547391617,2.5251413346276244,-0.2878434488657786,1.7165591941903358,True,ok,,0.2,0.07,0.084
2020-10-31 01:00:00+00:00,-0.39303451099783177,-0.39303451099783177,0.5267221218757163,0.13368761087788456,2.5251413346276244,2.9103151554054993,-0.3930345109978318,0.5267221218757163,True,ok,,0.2,0.07,0.084
2020-10-31 02:00:00+00:00,-0.3518867568152731,-0.3518867568152731,0.5508457847546456,0.19895902793937253,2.9103151554054993,3.255164177084467,-0.35188675681527304,0.5508457847546456,True,ok,,0.2,0.07,0.084
2020-10-31 03:00:00+00:00,-0.34413917602052957,-0.34413917602052957,0.5164215928834414,0.17228241686291176,3.255164177084467,3.592420569584586,-0.34413917602052957,0.5164215928834414,True,ok,,0.2,0.07,0.084
2020-10-31 04:00:00+00:00,-0.33898683628434545,-0.33898683628434545,0.4879863363974089,0.14899950011306345,3.592420569584586,3.9246276691432445,-0.33898683628434545,0.4879863363974089,True,ok,,0.2,0.07,0.084
2020-10-31 05:00:00+00:00,0.30672766788948963,0.30672766788948963,3.876724243845331e-07,0.306728055561914,3.9246276691432445,3.6116402529294795,0.30672766788948974,3.8767242440561325e-07,True,ok,,0.3,0.1,0.084
2020-10-31 06:00:00+00:00,0.3647516685154613,0.3647516685154613,5.967575560372751e-07,0.36475226527301735,3.6116402529294795,3.2394446728116617,0.3647516685154614,5.967575560447498e-07,True,ok,,0.3,0.1,0.084
2020-10-31 07:00:00+00:00,0.5817274981914745,0.5817274981914745,5.966957122849337e-07,0.5817280948871868,3.2394446728116617,2.6458451848611775,0.5817274981914746,5.966957123305912e-07,True,ok,,0.3,0.1,0.084
2020-10-31 08:00:00+00:00,-0.02953026492663282,-0.02953026492663282,9.280421153778917e-10,-0.029530263998590704,2.6458451848611775,2.6747848444892774,-0.029530264926633014,9.280421148311971e-10,True,ok,,0.3,0.1,0.084
2020-10-31 09:00:00+00:00,0.4858180349118295,0.4858180349118295,5.96561707477683e-07,0.485818631473537,2.6747848444892774,2.179052155803737,0.4858180349118296,5.96561707465515e-07,True,ok,,0.3,0.1,0.084
2020-10-31 10:00:00+00:00,-0.8935818525788076,-0.8935818525788076,9.275128443064773e-10,-0.8935818516512948,2.179052155803737,3.0547623713309684,-0.8935818525788074,9.275128329998874e-10,True,ok,,0.3,0.1,0.084
2020-10-31 11:00:00+00:00,-1.1355688319488597,-1.1355688319488597,9.273752876737262e-10,-1.1355688310214844,3.0547623713309684,4.167619826640851,-1.1355688319488593,9.273753161015411e-10,True,ok,,0.3,0.1,0.084
2020-10-31 12:00:00+00:00,-0.42764219146925164,-0.42764219146925164,9.272682066630011e-10,-0.42764219054198344,4.167619826640851,4.586709174280718,-0.4276421914692518,9.272682244439407e-10,True,ok,,0.3,0.1,0.084
2020-10-31 13:00:00+00:00,0.13519196585169035,0.13519196585169035,5.963415589116394e-07,0.13519256219324927,4.586709174280718,4.448758188717768,0.1351919658516904,5.963415589157474e-07,True,ok,,0.3,0.1,0.084
2020-10-31 14:00:00+00:00,0.2332920970280198,0.2332920970280198,5.962285818117419e-07,0.23329269325660162,4.448758188717768,4.210705028485095,0.23329209702801978,5.962285818108014e-07,True,ok,,0.3,0.1,0.084
2020-10-31 15:00:00+00:00,0.31355498207243354,0.31355498207243354,5.961019203803986e-07,0.3135555781743539,4.210705028485095,3.890750965145877,0.3135549820724332,5.961019203548804e-07,True,ok,,0.3,0.1,0.084
2020-10-31 16:00:00+00:00,1.2962742970554044,1.2962742970554044,2.4439539281218003e-09,1.2962742994993584,3.890750965145877,2.568022090599546,1.296274297055404,2.4439539242769333e-09,True,ok,,0.4,0.18,0.084
2020-10-31 17:00:00+00:00,1.8679026090396502,1.8679026090396502,2.4438175927343764e-09,1.8679026114834678,2.568022090599546,0.6619990201509234,1.8679026090396496,2.443817543780886e-09,True,ok,,0.4,0.18,0.084
2020-10-31 18:00:00+00:00,0.29332419177565666,0.29332419177565666,2.443720559242024e-09,0.2933241942193772,0.6619990201509234,0.3626886203798452,0.2933241917756566,2.443720552680906e-09,True,ok,,0.4,0.18,0.084
2020-10-31 19:00:00+00:00,0.3554335527994405,0.3554335527994405,2.443309332633703e-09,0.35543355524274983,0.3626886203798452,1.3216049059017188e-06,0.3554335527994405,2.443309357761754e-09,True,ok,,0.4,0.18,0.084
2020-10-31 20:00:00+00:00,-0.46176227310857404,-0.46176227310857404,0.7148969952301308,0.2531347221215568,1.3216049059017188e-06,0.45252834925130847,-0.4617622731085741,0.7148969952301308,True,ok,,0.2,0.07,0.084
2020-10-31 21:00:00+00:00,-0.2800565137642014,-0.2800565137642014,0.5417650968039092,0.2617085830397078,0.45252834925130847,0.7269837327402258,-0.2800565137642014,0.5417650968039092,True,ok,,0.2,0.07,0.084
2020-10-31 22:00:00+00:00,-0.2415819269532763,-0.2415819269532763,0.4161529548282229,0.1745710278749466,0.7269837327402258,0.9637340211544365,-0.2415819269532763,0.4161529548282229,True,ok,,0.2,0.07,0.084
2020-10-31 23:00:00+00:00,-0.20324678911891186,-0.20324678911891186,0.40699501122626913,0.20374822210735727,0.9637340211544365,1.1629158744909702,-0.2032467891189117,0.40699501122626913,True,ok,,0.2,0.07,0.084
2020-11-01 00:00:00+00:00,-0.199142803083465,-0.199142803083465,0.3286186086097745,0.1294758055263095,1.1629158744909702,1.358075821512766,-0.19914280308346496,0.3286186086097745,True,ok,,0.2,0.07,0.084
2020-11-01 01:00:00+00:00,-0.17962716332455878,-0.17962716332455878,0.32489308004293577,0.145265916718377,1.358075821512766,1.5341104415708335,-0.1796271633245587,0.32489308004293577,True,ok,,0.2,0.07,0.084
2020-11-01 02:00:00+00:00,-0.1528137238401943,-0.1528137238401943,0.3813386406135666,0.2285249167733723,1.5341104415708335,1.683867890934224,-0.152813723840194,0.3813386406135666,True,ok,,0.2,0.07,0.084
2020-11-01 03:00:00+00:00,-0.14602005493793682,-0.14602005493793682,0.35999088874810764,0.21397083381017082,1.683867890934224,1.826967544773402,-0.14602005493793677,0.35999088874810764,True,ok,,0.2,0.07,0.084
2020-11-01 04:00:00+00:00,-0.1190609820503799,-0.1190609820503799,0.5845630093023656,0.4655020272519857,1.826967544773402,1.9436473071827742,-0.11906098205037992,0.5845630093023656,True,ok,,0.2,0.07,0.084
2020-11-01 05:00:00+00:00,0.30186759816988423,0.30186759816988423,4.0177056426227153e-07,0.3018679999404485,1.9436473071827742,1.6356191457849332,0.3018675981698843,4.017705642761764e-07,True,ok,,0.3,0.1,0.084
2020-11-01 06:00:00+00:00,0.3987247647349558,0.3987247647349558,4.0274085066904775e-07,0.3987251674758065,1.6356191457849332,1.2287571409533455,0.39872476473495577,4.027408506599035e-07,True,ok,,0.3,0.1,0.084
2020-11-01 07:00:00+00:00,1.2041819810261494,1.2041819810261494,4.0216228502920615e-07,1.2041823831884344,1.2287571409533455,1.7457274736898398e-08,1.2041819810261498,4.021622850750059e-07,True,ok,,0.3,0.1,0.084
2020-11-01 08:00:00+00:00,-0.36467383519235547,-0.36467383519235547,-2.4358100086940837e-07,-0.36467407877335634,1.7457274736898398e-08,0.3573803759457831,-0.3646738351923554,-2.43581000888732e-07,True,ok,,0.3,0.1,0.084
2020-11-01 09:00:00+00:00,-1.3598355849565522,-1.3598355849565522,-2.435813157841693e-07,-1.359835828537868,0.3573803759457831,1.6900192492032042,-1.3598355849565524,-2.4358131588969685e-07,True,ok,,0.3,0.1,0.084
2020-11-01 10:00:00+00:00,-1.5599328779074793,-1.5599328779074793,-2.43581355308109e-07,-1.5599331214888346,1.6900192492032042,3.218753469552534,-1.5599328779074795,-2.4358135524409134e-07,True,ok,,0.3,0.1,0.084
2020-11-01 11:00:00+00:00,-1.0874570104544603,-1.0874570104544603,-2.435813510892615e-07,-1.0874572540358114,3.218753469552534,4.284461339797906,-1.08745701045446,-2.4358135109522015e-07,True,ok,,0.3,0.1,0.084
2020-11-01 12:00:00+00:00,-0.7876160066210538,-0.7876160066210538,-2.435813372114737e-07,-0.787616250202391,4.284461339797906,5.0563250262865385,-0.7876160066210537,-2.4358133719416975e-07,True,ok,,0.3,0.1,0.084
2020-11-01 13:00:00+00:00,0.12539556224377102,0.12539556224377102,-3.658184866139891e-14,0.12539556224373444,5.0563250262865385,4.928370370935752,0.12539556224377074,-3.6591858881414016e-14,True,ok,,0.3,0.1,0.084
2020-11-01 14:00:00+00:00,0.27153681410448977,0.27153681410448977,-3.0753177782116836e-14,0.271536814104459,4.928370370935752,4.651291989196476,0.27153681410449,-3.075364371888194e-14,True,ok,,0.3,0.1,0.084
2020-11-01 15:00:00+00:00,0.112685566042613,0.112685566042613,-3.8039016381219426e-14,0.11268556604257496,4.651291989196476,4.536306717724422,0.11268556604261294,-3.803686302410158e-14,True,ok,,0.3,0.1,0.084
2020-11-01 16:00:00+00:00,0.495525986916233,0.495525986916233,-1.1276602313037287e-07,0.4955258741502099,4.536306717724422,4.030667955565001,0.495525986916233,-1.1276602311938589e-07,True,ok,,0.4,0.18,0.084
2020-11-01 17:00:00+00:00,0.8023471405128495,0.8023471405128495,-1.127660128608099e-07,0.8023470277468366,4.030667955565001,3.2119463836131135,0.8023471405128497,-1.1276601284703416e-07,True,ok,,0.4,0.18,0.084
2020-11-01 18:00:00+00:00,0.4351107790648997,0.4351107790648997,-1.1276603384402506e-07,0.43511066629886586,3.2119463836131135,2.7679557927305627,0.43511077906489964,-1.1276603387157069e-07,True,ok,,0.4,0.18,0.084
2020-11-01 19:00:00+00:00,0.966849664687438,0.966849664687438,-1.127660175237466e-07,0.9668495519214205,2.7679557927305627,1.7813745022331768,0.9668496646874378,-1.1276601749864153e-07,True,ok,,0.4,0.18,0.084
2020-11-01 20:00:00+00:00,0.1682072229409298,0.1682072229409298,0.03579058283195777,0.20399780577288756,1.7813745022331768,1.6097344788240648,0.16820722294092993,0.035790582831957775,True,ok,,0.2,0.07,0.084
2020-11-01 21:00:00+00:00,0.17370458996214164,0.17370458996214164,0.0353570213590958,0.20906161132123743,1.6097344788240648,1.4324848972300428,0.1737045899621416,0.0353570213590958,True,ok,,0.2,0.07,0.084
2020-11-01 22:00:00+00:00,0.11176959566567805,0.11176959566567805,0.030924293488650265,0.14269388915432832,1.4324848972300428,1.3184342894079224,0.111769595665678,0.030924293488650265,True,ok,,0.2,0.07,0.084
2020-11-01 23:00:00+00:00,0.1638727683835889,0.1638727683835889,0.03335106501840901,0.19722383340199792,1.3184342894079224,1.1512171788124235,0.16387276838358883,0.03335106501840901,True,ok,,0.2,0.07,0.084
2020-11-02 00:00:00+00:00,0.14410796166986195,0.14410796166986195,0.03154645502636852,0.17565441669623047,1.1512171788124235,1.0041682383329724,0.14410796166986195,0.031546455026368506,True,ok,,0.2,0.07,0.084
2020-11-02 01:00:00+00:00,0.15482349560993205,0.15482349560993205,0.03113822641964789,0.18596172202957995,1.0041682383329724,0.8461850795473275,0.15482349560993197,0.031138226419647884,True,ok,,0.2,0.07,0.084
2020-11-02 02:00:00+00:00,0.1390743763707925,0.1390743763707925,0.029383735262402372,0.16845811163319488,0.8461850795473275,0.7042724505975392,0.13907437637079262,0.02938373526240236,True,ok,,0.2,0.07,0.084
2020-11-02 03:00:00+00:00,0.16050131108239568,0.16050131108239568,0.02914277215790123,0.1896440832402969,0.7042724505975392,0.5404956025542783,0.16050131108239576,0.029142772157901245,True,ok,,0.2,0.07,0.084
2020-11-02 04:00:00+00:00,0.18825240206073454,0.18825240206073454,0.028400792350861043,0.21665319441159558,0.5404956025542783,0.34840131473720226,0.18825240206073446,0.028400792350861053,True,ok,,0.2,0.07,0.084
2020-11-02 05:00:00+00:00,0.1368943054485587,0.1368943054485587,-1.539124383498347e-11,0.13689430543316747,0.34840131473720226,0.20871324795295867,0.13689430544855874,-1.539124463561835e-11,True,ok,,0.3,0.1,0.084
2020-11-02 06:00:00+00:00,0.2045387439145288,0.2045387439145288,-3.13631343118459e-11,0.20453874388316567,0.20871324795295867,2.4395854150705e-07,0.20453874391452873,-3.136312195249044e-11,True,ok,,0.3,0.1,0.084
2020-11-02 07:00:00+00:00,-0.07662660354921547,-0.07662660354921547,-0.02714791950318643,-0.1037745230524019,2.4395854150705e-07,0.07509431543677267,-0.07662660354921541,-0.027147919503186436,True,ok,,0.3,0.1,0.084
2020-11-02 08:00:00+00:00,-0.1667776930115401,-0.1667776930115401,-0.06246789112441056,-0.22924558413595067,0.07509431543677267,0.23853645458808198,-0.16677769301154022,-0.06246789112441055,True,ok,,0.3,0.1,0.084
2020-11-02 09:00:00+00:00,-0.23359394235907846,-0.23359394235907846,-0.0951742436902733,-0.32876818604935176,0.23853645458808198,0.46745851809997885,-0.23359394235907852,-0.0951742436902733,True,ok,,0.3,0.1,0.084
2020-11-02 10:00:00+00:00,-0.645932757286174,-0.645932757286174,-0.18495951324222748,-0.8308922705284015,0.46745851809997885,1.1004726202404294,-0.6459327572861739,-0.18495951324222748,True,ok,,0.3,0.1,0.084
2020-11-02 11:00:00+00:00,-2.326536936372589,-2.326536936372589,-0.395812775831339,-2.722349712203928,1.1004726202404294,3.3804788178855665,-2.326536936372589,-0.39581277583133895,True,ok,,0.3,0.1,0.084
2020-11-02 12:00:00+00:00,-0.8389240896457246,-0.8389240896457246,-0.18485605968567853,-1.0237801493314032,3.3804788178855665,4.202624425738376,-0.8389240896457246,-0.18485605968567848,True,ok,,0.3,0.1,0.084
2020-11-02 13:00:00+00:00,-0.5066897139320697,-0.5066897139320697,-0.16449129470949486,-0.6711810086415646,4.202624425738376,4.699180345391804,-0.5066897139320696,-0.16449129470949486,True,ok,,0.3,0.1,0.084
2020-11-02 14:00:00+00:00,-0.1332326902994006,-0.1332326902994006,-0.08217574750639625,-0.21540843780579685,4.699180345391804,4.829748381885217,-0.13323269029940057,-0.08217574750639625,True,ok,,0.3,0.1,0.084
2020-11-02 15:00:00+00:00,0.2175589650095668,0.2175589650095668,-1.8548252933570097e-09,0.21755896315474152,4.829748381885217,4.607749437997904,0.21755896500956673,-1.854825289625299e-09,True,ok,,0.3,0.1,0.084
2020-11-02 16:00:00+00:00,0.21036350787268493,0.21036350787268493,-2.026059867377139e-07,0.2103633052666982,4.607749437997904,4.393092797311491,0.2103635078726848,-2.026059867343288e-07,True,ok,,0.4,0.18,0.084
2020-11-02 17:00:00+00:00,0.316821814337964,0.316821814337964,-2.0261830213641474e-07,0.3168216117196619,4.393092797311491,4.069805231660507,0.3168218143379642,-2.026183021615628e-07,True,ok,,0.4,0.18,0.084
2020-11-02 18:00:00+00:00,0.540215590323476,0.540215590323476,-2.0262943445370496e-07,0.5402153876940415,4.069805231660507,3.5185648333712463,0.540215590323476,-2.0262943449644585e-07,True,ok,,0.4,0.18,0.084
2020-11-02 19:00:00+00:00,0.21618803580144086,0.21618803580144086,-2.0263796726704975e-07,0.2161878331634736,3.5185648333712463,3.297964796839164,0.2161880358014408,-2.0263796725642454e-07,True,ok,,0.4,0.18,0.084
2020-11-02 20:00:00+00:00,0.4051044150268495,0.4051044150268495,2.803330169109941e-07,0.40510469535986643,3.297964796839164,2.88459294477095,0.4051044150268494,2.803330169365296e-07,True,ok,,0.2,0.07,0.084
2020-11-02 21:00:00+00:00,0.1906731644361333,0.1906731644361333,2.803117918337428e-07,0.19067344474792514,2.88459294477095,2.6900284912646915,0.19067316443613325,2.803117918387254e-07,True,ok,,0.2,0.07,0.084
2020-11-02 22:00:00+00:00,0.13181477537048122,0.13181477537048122,2.802833027892859e-07,0.131815055653784,2.6900284912646915,2.55552361843767,0.13181477537048125,2.8028330278432104e-07,True,ok,,0.2,0.07,0.084
2020-11-02 23:00:00+00:00,0.17339835848257207,0.17339835848257207,2.802533050627609e-07,0.17339863873587713,2.55552361843767,2.3785865179452497,0.17339835848257193,2.8025330506188143e-07,True,ok,,0.2,0.07,0.084
2020-11-03 00:00:00+00:00,0.14986227524168969,0.14986227524168969,2.8022241924108293e-07,0.14986255546410893,2.3785865179452497,2.2256658289231175,0.14986227524168974,2.802224192299893e-07,True,ok,,0.2,0.07,0.084
2020-11-03 01:00:00+00:00,0.17636046960029367,0.17636046960029367,2.801901098636872e-07,0.17636074979040353,2.2256658289231175,2.045706166065675,0.1763604696002936,2.801901098768117e-07,True,ok,,0.2,0.07,0.084
2020-11-03 02:00:00+00:00,1.124966385690785,1.124966385690785,2.801573113497824e-07,1.1249666658480963,2.045706166065675,0.8977812827077312,1.124966385690785,2.8015731132095754e-07,True,ok,,0.2,0.07,0.084
2020-11-03 03:00:00+00:00,0.3885438297313571,0.3885438297313571,2.8014559377842474e-07,0.38854410987695087,0.8977812827077312,0.5013079870634892,0.3885438297313572,2.801455938007711e-07,True,ok,,0.2,0.07,0.084
2020-11-03 04:00:00+00:00,0.17717208086756966,0.17717208086756966,2.8011691483031953e-07,0.1771723609844845,0.5013079870634892,0.32052014944352014,0.17717208086756953,2.801169148381671e-07,True,ok,,0.2,0.07,0.084
2020-11-03 05:00:00+00:00,0.15506675405179432,0.15506675405179432,-4.206183734645208e-09,0.15506674984561059,0.32052014944352014,0.16228876775801573,0.15506675405179443,-4.206183729571695e-09,True,ok,,0.3,0.1,0.084
2020-11-03 06:00:00+00:00,0.1590416299000256,0.1590416299000256,-4.206733628109305e-09,0.15904162569329197,0.16228876775801573,1.3903090100297888e-06,0.15904162990002546,-4.20673362271418e-09,True,ok,,0.3,0.1,0.084
2020-11-03 07:00:00+00:00,-0.6906146355041711,-0.6906146355041711,-0.31041735111405355,-1.0010319866182247,1.3903090100297888e-06,0.6768037331030977,-0.690614635504171,-0.3104173511140535,True,ok,,0.3,0.1,0.084
2020-11-03 08:00:00+00:00,-1.3255305849275165,-1.3255305849275165,-0.7877262116067005,-2.113256796534217,0.6768037331030977,1.975823706332064,-1.3255305849275165,-0.7877262116067005,True,ok,,0.3,0.1,0.084
2020-11-03 09:00:00+00:00,-0.975155039947937,-0.975155039947937,-0.8856892061811219,-1.8608442461290589,1.975823706332064,2.9314756454810422,-0.975155039947937,-0.8856892061811219,True,ok,,0.3,0.1,0.084
2020-11-03 10:00:00+00:00,-1.5287870131113048,-1.5287870131113048,-1.8487279549895135,-3.3775149681008183,2.9314756454810422,4.429686918330121,-1.5287870131113053,-1.8487279549895135,True,ok,,0.3,0.1,0.084
2020-11-03 11:00:00+00:00,-1.5006121779118993,-1.5006121779118993,-2.4463062512344256,-3.946918429146325,4.429686918330121,5.900286852683782,-1.500612177911899,-2.4463062512344256,True,ok,,0.3,0.1,0.084
2020-11-03 12:00:00+00:00,-0.9827026602090969,-0.9827026602090969,-0.981085405692016,-1.9637880659011129,5.900286852683782,6.863335459688697,-0.9827026602090974,-0.981085405692016,True,ok,,0.3,0.1,0.084
2020-11-03 13:00:00+00:00,-0.2484526108413999,-0.2484526108413999,-0.23865468354680114,-0.48710729438820105,6.863335459688697,7.106819018313269,-0.24845261084139988,-0.23865468354680114,True,ok,,0.3,0.1,0.084
2020-11-03 14:00:00+00:00,-0.02656816552306183,-0.02656816552306183,-0.02589228194006962,-0.05246044746313145,7.106819018313269,7.13285582052587,-0.026568165523061724,-0.02589228194006962,True,ok,,0.3,0.1,0.084
2020-11-03 15:00:00+00:00,0.6119720978409089,0.6119720978409089,-1.8546553182119396e-09,0.6119720959862536,7.13285582052587,6.508394496198411,0.6119720978409088,-1.854655347161865e-09,True,ok,,0.3,0.1,0.084
2020-11-03 16:00:00+00:00,1.3043293439798,1.3043293439798,-2.0261993949333146e-07,1.3043291413598606,6.508394496198411,5.177446186014942,1.3043293439797998,-2.0261993939561856e-07,True,ok,,0.4,0.18,0.084
2020-11-03 17:00:00+00:00,1.551226121777514,1.551226121777514,-2.0262355637790108e-07,1.5512259191539577,5.177446186014942,3.5945623882827844,1.5512261217775147,-2.026235564725488e-07,True,ok,,0.4,0.18,0.084
2020-11-03 18:00:00+00:00,0.47432464773395233,0.47432464773395233,-2.0262670369364244e-07,0.47432444510724864,3.5945623882827844,3.110557645697119,0.47432464773395233,-2.0262670371557416e-07,True,ok,,0.4,0.18,0.084
2020-11-03 19:00:00+00:00,0.21876453410573404,0.21876453410573404,-6.183837117368363e-08,0.21876447226736287,3.110557645697119,2.8873285292626965,0.2187645341057343,-6.183837117734225e-08,True,ok,,0.4,0.18,0.084
2020-11-03 20:00:00+00:00,0.38431616927366063,0.38431616927366063,2.7584651507428504e-07,0.3843164451201757,2.8873285292626965,2.4951691728610017,0.3843161692736606,2.7584651507547046e-07,True,ok,,0.2,0.07,0.084
2020-11-03 21:00:00+00:00,0.13436272404401897,0.13436272404401897,2.7582702302741957e-07,0.134362999871042,2.4951691728610017,2.3580643524079212,0.13436272404401908,2.7582702302230937e-07,True,ok,,0.2,0.07,0.084
2020-11-03 22:00:00+00:00,0.19527319626634082,0.19527319626634082,2.7580170400276494e-07,0.19527347206804482,2.3580643524079212,2.1588059888708386,0.19527319626634093,2.758017040100532e-07,True,ok,,0.2,0.07,0.084
2020-11-03 23:00:00+00:00,0.1657916134304661,0.1657916134304661,2.7577610239859496e-07,0.1657918892065685,2.1588059888708386,1.989630873125465,0.16579161343046608,2.7577610241243934e-07,True,ok,,0.2,0.07,0.084
2020-11-04 00:00:00+00:00,0.2959434467184974,0.2959434467184974,2.757494552696471e-07,0.2959437224679527,1.989630873125465,1.687647764229039,0.2959434467184975,2.7574945526125847e-07,True,ok,,0.2,0.07,0.084
2020-11-04 01:00:00+00:00,0.16641186319291776,0.16641186319291776,2.7572479302517827e-07,0.16641213891771078,1.687647764229039,1.5178397405627964,0.16641186319291762,2.7572479301853473e-07,True,ok,,0.2,0.07,0.084
2020-11-04 02:00:00+00:00,0.8766800319620667,0.8766800319620667,2.75696447893381e-07,0.8766803076585146,1.5178397405627964,0.623268279377014,0.8766800319620668,2.7569644786201144e-07,True,ok,,0.2,0.07,0.084
2020-11-04 03:00:00+00:00,0.17588700218201658,0.17588700218201658,2.756833932804348e-07,0.17588727786540986,0.623268279377014,0.44379174653822157,0.1758870021820166,2.756833932830356e-07,True,ok,,0.2,0.07,0.084
2020-11-04 04:00:00+00:00,0.18688147427424012,0.18688147427424012,2.756524326852361e-07,0.1868817499266728,0.44379174653822157,0.25309636462573165,0.1868814742742401,2.756524326848802e-07,True,ok,,0.2,0.07,0.084
2020-11-04 05:00:00+00:00,0.1990762512002839,0.1990762512002839,-1.7518256567594648e-09,0.19907624944845825,0.25309636462573165,0.04995733278870726,0.19907625120028408,-1.7518256659560634e-09,True,ok,,0.3,0.1,0.084
2020-11-04 06:00:00+00:00,0.04895672067225741,0.04895672067225741,-4.272078024669668e-09,0.04895671640017939,0.04995733278870726,1.4953680364318545e-06,0.04895672067225741,-4.272078025540827e-09,True,ok,,0.3,0.1,0.084
2020-11-04 07:00:00+00:00,-0.8247517733644251,-0.8247517733644251,-0.34983444396828356,-1.1745862173327086,1.4953680364318545e-06,0.808258233265173,-0.8247517733644252,-0.34983444396828356,True,ok,,0.3,0.1,0.084
2020-11-04 08:00:00+00:00,-1.1245319220346097,-1.1245319220346097,-0.5421853402620485,-1.6667172622966582,0.808258233265173,1.9102995168590904,-1.1245319220346097,-0.5421853402620486,True,ok,,0.3,0.1,0.084
2020-11-04 09:00:00+00:00,-0.5111901355840185,-0.5111901355840185,-0.49640507622094554,-1.007595211804964,1.9102995168590904,2.4112658497314285,-0.5111901355840189,-0.4964050762209455,True,ok,,0.3,0.1,0.084
2020-11-04 10:00:00+00:00,-1.6870566983063129,-1.6870566983063129,-2.255543780453997,-3.9426004787603097,2.4112658497314285,4.064581414071615,-1.687056698306313,-2.255543780453997,True,ok,,0.3,0.1,0.084
2020-11-04 11:00:00+00:00,-1.4175731224217816,-1.4175731224217816,-2.369185096964918,-3.7867582193866998,4.064581414071615,5.453803074044961,-1.417573122421782,-2.369185096964918,True,ok,,0.3,0.1,0.084
2020-11-04 12:00:00+00:00,-0.9689881015572779,-0.9689881015572779,-1.5049718909545147,-2.4739599925117925,5.453803074044961,6.403411413571093,-0.9689881015572777,-1.5049718909545147,True,ok,,0.3,0.1,0.084
2020-11-04 13:00:00+00:00,-1.1652640038798863,-1.1652640038798863,-2.0538029077812365,-3.219066911661123,6.403411413571093,7.545370137373382,-1.1652640038798867,-2.0538029077812365,True,ok,,0.3,0.1,0.084
2020-11-04 14:00:00+00:00,-0.2992360127477523,-0.2992360127477523,-0.3304482431813511,-0.6296842559291034,7.545370137373382,7.83862142986618,-0.2992360127477522,-0.3304482431813511,True,ok,,0.3,0.1,0.084
2020-11-04 15:00:00+00:00,1.3188577996857747,1.3188577996857747,-4.200731540393576e-09,1.3188577954850431,7.83862142986618,6.492848164880695,1.318857799685775,-4.2007314942837885e-09,True,ok,,0.3,0.1,0.084
2020-11-04 16:00:00+00:00,0.8214312718684084,0.8214312718684084,-2.0258722610577706e-07,0.8214310692811823,6.492848164880695,5.654652989504768,0.8214312718684079,-2.0258722608411986e-07,True,ok,,0.4,0.18,0.084
2020-11-04 17:00:00+00:00,0.8950800094002672,0.8950800094002672,-2.0259296040769925e-07,0.8950798068073068,5.654652989504768,4.741306041137149,0.8950800094002672,-2.0259296039182855e-07,True,ok,,0.4,0.18,0.084
2020-11-04 18:00:00+00:00,1.0216087548146842,1.0216087548146842,-6.439919553180573e-08,1.0216086904154886,4.741306041137149,3.6988481280609404,1.0216087548146844,-6.439919555019314e-08,True,ok,,0.4,0.18,0.084
2020-11-04 19:00:00+00:00,0.28248942729514204,0.28248942729514204,-2.0486925733642636e-07,0.2824892224258847,3.6988481280609404,3.4105936104128363,0.2824894272951422,-2.0486925732464942e-07,True,ok,,0.4,0.18,0.084
2020-11-04 20:00:00+00:00,0.18139989049500058,0.18139989049500058,2.760509733856775e-07,0.18140016654597396,3.4105936104128363,3.225491681336305,0.1813998904950006,2.760509733927077e-07,True,ok,,0.2,0.07,0.084
2020-11-04 21:00:00+00:00,0.21256355683913403,0.21256355683913403,2.7602668700721367e-07,0.21256383286582103,3.225491681336305,3.0085900927249436,0.21256355683913394,2.760266870035702e-07,True,ok,,0.2,0.07,0.084
2020-11-04 22:00:00+00:00,0.25911241842541566,0.25911241842541566,2.760022862480227e-07,0.2591126944277019,3.0085900927249436,2.7441896657602336,0.2591124184254156,2.760022862233596e-07,True,ok,,0.2,0.07,0.084
2020-11-04 23:00:00+00:00,0.14441852980141145,0.14441852980141145,2.7597793963995976e-07,0.1444188057793511,2.7441896657602336,2.5968238190240993,0.14441852980141145,2.7597793965020986e-07,True,ok,,0.2,0.07,0.084
2020-11-05 00:00:00+00:00,0.3330978077358425,0.3330978077358425,2.7595098617272384e-07,0.3330980836868287,2.5968238190240993,2.256928096844668,0.3330978077358426,2.759509861824234e-07,True,ok,,0.2,0.07,0.084
2020-11-05 01:00:00+00:00,0.12417294647693959,0.12417294647693959,2.7592711655810565e-07,0.12417322240405615,2.256928096844668,2.130221008602893,0.12417294647693956,2.759271165570853e-07,True,ok,,0.2,0.07,0.084
2020-11-05 02:00:00+00:00,1.2789760581436167,1.2789760581436167,2.758984014583632e-07,1.2789763340420182,2.130221008602893,0.8251433982522638,1.2789760581436178,2.758984015360795e-07,True,ok,,0.2,0.07,0.084
2020-11-05 03:00:00+00:00,0.170585390722312,0.170585390722312,2.7588914763843064e-07,0.17058566661145963,0.8251433982522638,0.6510766730254148,0.170585390722312,2.758891476452499e-07,True,ok,,0.2,0.07,0.084
2020-11-05 04:00:00+00:00,0.20175085554181235,0.20175085554181235,8.860635722363064e-08,0.20175094414816958,0.6510766730254148,0.44520845308478996,0.20175085554181238,8.860635721728804e-08,True,ok,,0.2,0.07,0.084
2020-11-05 05:00:00+00:00,0.13946419869664098,0.13946419869664098,-4.139239284661755e-09,0.1394641945574017,0.44520845308478996,0.30289804625148287,0.13946419869664098,-4.139239276793711e-09,True,ok,,0.3,0.1,0.084
2020-11-05 06:00:00+00:00,0.29683881205823015,0.29683881205823015,-1.7343839697758767e-09,0.2968388103238462,0.30289804625148287,1.299253288844504e-06,0.29683881205823026,-1.7343839463138059e-09,True,ok,,0.3,0.1,0.084
2020-11-05 07:00:00+00:00,-0.0856022020966121,-0.0856022020966121,-0.03565144383464641,-0.12125364593125851,1.299253288844504e-06,0.0838914573079687,-0.08560220209661208,-0.03565144383464641,True,ok,,0.3,0.1,0.084
2020-11-05 08:00:00+00:00,-0.3292537490408367,-0.3292537490408367,-0.14160895516303196,-0.47086270420386866,0.0838914573079687,0.4065601313679887,-0.32925374904083665,-0.14160895516303196,True,ok,,0.3,0.1,0.084
2020-11-05 09:00:00+00:00,-0.5861912623130023,-0.5861912623130023,-0.3075060173502848,-0.8936972796632872,0.4065601313679887,0.9810275684347309,-0.5861912623130023,-0.3075060173502848,True,ok,,0.3,0.1,0.084
2020-11-05 10:00:00+00:00,-1.7354891198869997,-1.7354891198869997,-0.7701438418033804,-2.50563296169038,0.9810275684347309,2.681806905923991,-1.7354891198870002,-0.7701438418033805,True,ok,,0.3,0.1,0.084
2020-11-05 11:00:00+00:00,-2.6926513424179137,-2.6926513424179137,-1.3142276145670118,-4.0068789569849255,2.681806905923991,5.320605221493546,-2.6926513424179137,-1.3142276145670118,True,ok,,0.3,0.1,0.084
2020-11-05 12:00:00+00:00,-2.226455422559683,-2.226455422559683,-1.2043262859353225,-3.4307817084950054,5.320605221493546,7.502531535602035,-2.2264554225596838,-1.2043262859353225,True,ok,,0.3,0.1,0.084
2020-11-05 13:00:00+00:00,-1.245821057744231,-1.245821057744231,-0.8208952638309994,-2.0667163215752304,7.502531535602035,8.72343617219138,-1.2458210577442317,-0.8208952638309995,True,ok,,0.3,0.1,0.084
2020-11-05 14:00:00+00:00,0.6315043465481357,0.6315043465481357,-5.130608160541783e-09,0.6315043414175275,8.72343617219138,8.07904398183614,0.6315043465481357,-5.130608196242817e-09,True,ok,,0.3,0.1,0.084
2020-11-05 15:00:00+00:00,1.3909005747036198,1.3909005747036198,-5.116154611073398e-09,1.3909005695874652,8.07904398183614,6.65975768111816,1.3909005747036198,-5.1161545700051544e-09,True,ok,,0.3,0.1,0.084
2020-11-05 16:00:00+00:00,1.0969601314572568,1.0969601314572568,-1.9217419389150336e-07,1.096959939283063,6.65975768111816,5.540410608202592,1.0969601314572572,-1.9217419386763334e-07,True,ok,,0.4,0.18,0.084
2020-11-05 17:00:00+00:00,1.3144342462625662,1.3144342462625662,-1.9217927360593023e-07,1.3144340540832926,5.540410608202592,4.199151173240789,1.3144342462625662,-1.9217927357195071e-07,True,ok,,0.4,0.18,0.084
2020-11-05 18:00:00+00:00,1.2341831357529671,1.2341831357529671,-1.9218367830475813e-07,1.2341829435692888,4.199151173240789,2.9397806265540884,1.2341831357529671,-1.92183678218788e-07,True,ok,,0.4,0.18,0.084
2020-11-05 19:00:00+00:00,0.38129724914749724,0.38129724914749724,-5.4587128650585015e-08,0.3812971945603686,2.9397806265540884,2.550701800893377,0.3812972491474973,-5.458712864540865e-08,True,ok,,0.4,0.18,0.084
2020-11-05 20:00:00+00:00,0.20312844800111376,0.20312844800111376,1.9037236723140616e-07,0.203128638373481,2.550701800893377,2.343427874361628,0.20312844800111374,1.9037236722087e-07,True,ok,,0.2,0.07,0.084
2020-11-05 21:00:00+00:00,0.1440194479225683,0.1440194479225683,3.0222217831110676e-07,0.1440197501447466,2.343427874361628,2.196469254032477,0.14401944792256827,3.022221783020647e-07,True,ok,,0.2,0.07,0.084
2020-11-05 22:00:00+00:00,0.1995526701103347,0.1995526701103347,3.0217726720849214e-07,0.1995529722876019,2.196469254032477,1.9928440804505025,0.19955267011033484,3.021772672093459e-07,True,ok,,0.2,0.07,0.084
2020-11-05 23:00:00+00:00,0.11797122541810409,0.11797122541810409,3.021318515233906e-07,0.11797152754995562,1.9928440804505025,1.8724652790034575,0.11797122541810404,3.0213185152505154e-07,True,ok,,0.2,0.07,0.084
2020-11-06 00:00:00+00:00,0.14850146109199047,0.14850146109199047,0.022265650148502403,0.17076711124049287,1.8724652790034575,1.7209331758483652,0.14850146109199042,0.022265650148502392,True,ok,,0.2,0.07,0.084
2020-11-06 01:00:00+00:00,0.22580853381193428,0.22580853381193428,0.04196179908874853,0.2677703329006828,1.7209331758483652,1.4905163046116976,0.2258085338119343,0.04196179908874854,True,ok,,0.2,0.07,0.084
2020-11-06 02:00:00+00:00,0.09262302217805096,0.09262302217805096,0.6762859784464995,0.7689090006245505,1.4905163046116976,1.396003016674911,0.09262302217805082,0.6762859784464995,True,ok,,0.2,0.07,0.084
2020-11-06 03:00:00+00:00,0.0596120137990023,0.0596120137990023,0.16674754141630335,0.22635955521530565,1.396003016674911,1.3351744311657248,0.05961201379900223,0.16674754141630335,True,ok,,0.2,0.07,0.084
2020-11-06 04:00:00+00:00,0.051075612827584146,0.051075612827584146,0.10931160951543696,0.1603872223430211,1.3351744311657248,1.2830564588926796,0.05107561282758408,0.10931160951543696,True,ok,,0.2,0.07,0.084
2020-11-06 05:00:00+00:00,0.18207738889058375,0.18207738889058375,8.604228440844963e-16,0.1820773888905846,1.2830564588926796,1.0972632049226962,0.1820773888905838,8.645002030208388e-16,True,ok,,0.3,0.1,0.084
2020-11-06 06:00:00+00:00,0.058745822830950284,0.058745822830950284,-1.0824674490095276e-15,0.0587458228309492,1.0972632049226962,1.037318487748257,0.058745822830950346,-1.0844717803136025e-15,True,ok,,0.3,0.1,0.084
2020-11-06 07:00:00+00:00,-0.3886422862959748,-0.3886422862959748,-2.43579133862859e-07,-0.38864252987510867,1.037318487748257,1.4181879283183123,-0.38864228629597475,-2.4357913384795594e-07,True,ok,,0.3,0.1,0.084
2020-11-06 08:00:00+00:00,-0.374373909709221,-0.374373909709221,-2.4357916694750514e-07,-0.37437415328838797,1.4181879283183123,1.785074359833349,-0.37437390970922096,-2.4357916694169365e-07,True,ok,,0.3,0.1,0.084
2020-11-06 09:00:00+00:00,-0.4876278664503534,-0.4876278664503534,-2.43579243608405e-07,-0.487628110029597,1.785074359833349,2.262949668954695,-0.4876278664503534,-2.4357924358523367e-07,True,ok,,0.3,0.1,0.084
2020-11-06 10:00:00+00:00,-0.7905186461873142,-0.7905186461873142,-2.4357932038032715e-07,-0.7905188897666345,2.262949668954695,3.037657942218263,-0.7905186461873143,-2.4357932038800884e-07,True,ok,,0.3,0.1,0.084
2020-11-06 11:00:00+00:00,-0.38650119961007146,-0.38650119961007146,-2.435792424426708e-07,-0.3865014431893139,3.037657942218263,3.416429117836133,-0.3865011996100717,-2.435792424322127e-07,True,ok,,0.3,0.1,0.084
2020-11-06 12:00:00+00:00,-0.690814765634528,-0.690814765634528,-2.43579336478561e-07,-0.6908150092138645,3.416429117836133,4.0934275881579705,-0.6908147656345281,-2.4357933645545215e-07,True,ok,,0.3,0.1,0.084
2020-11-06 13:00:00+00:00,-1.8928373389278552,-1.8928373389278552,-2.4357940597852235e-07,-1.8928375825072612,4.0934275881579705,5.948408180307268,-1.8928373389278552,-2.435794060837121e-07,True,ok,,0.3,0.1,0.084
2020-11-06 14:00:00+00:00,-0.508746018976889,-0.508746018976889,-2.4357931249774367e-07,-0.5087462625562015,5.948408180307268,6.446979278904619,-0.5087460189768889,-2.4357931250876246e-07,True,ok,,0.3,0.1,0.084
2020-11-06 15:00:00+00:00,0.8251028320937217,0.8251028320937217,1.199040866595169e-14,0.8251028320937337,6.446979278904619,5.605037613502862,0.8251028320937213,1.1978999073211578e-14,True,ok,,0.3,0.1,0.084
2020-11-06 16:00:00+00:00,1.610072763422255,1.610072763422255,-1.1276550182515166e-07,1.610072650656753,5.605037613502862,3.962106222255663,1.610072763422255,-1.1276550181321125e-07,True,ok,,0.4,0.18,0.084
2020-11-06 17:00:00+00:00,0.8728835840001528,0.8728835840001528,-1.1276551237227039e-07,0.8728834712346404,3.962106222255663,3.0714086875616298,0.872883584000153,-1.1276551236613245e-07,True,ok,,0.4,0.18,0.084
2020-11-06 18:00:00+00:00,0.991730138878176,0.991730138878176,-1.1276551403760493e-07,0.9917300261126619,3.0714086875616298,2.0594391580941034,0.9917301388781761,-1.127655140440691e-07,True,ok,,0.4,0.18,0.084
2020-11-06 19:00:00+00:00,0.26669539061275177,0.26669539061275177,-1.1276556793893278e-07,0.26669527784718383,2.0594391580941034,1.787301004407622,0.26669539061275177,-1.1276556794089677e-07,True,ok,,0.4,0.18,0.084
2020-11-06 20:00:00+00:00,0.07203437721481964,0.07203437721481964,0.19619140097017712,0.26822577818499677,1.787301004407622,1.7137965378618878,0.07203437721481953,0.19619140097017712,True,ok,,0.2,0.07,0.084
2020-11-06 21:00:00+00:00,0.05769326366670184,0.05769326366670184,0.11097148623114929,0.16866474989785113,1.7137965378618878,1.6549258606509676,0.05769326366670179,0.11097148623114929,True,ok,,0.2,0.07,0.084
2020-11-06 22:00:00+00:00,0.055083537679416705,0.055083537679416705,0.09652535101820764,0.15160888869762434,1.6549258606509676,1.5987181691413588,0.05508353767941674,0.09652535101820764,True,ok,,0.2,0.07,0.084
2020-11-06 23:00:00+00:00,0.08593679587294167,0.08593679587294167,0.22568045348608373,0.3116172493590254,1.5987181691413588,1.5110275611077448,0.08593679587294167,0.22568045348608373,True,ok,,0.2,0.07,0.084
2020-11-07 00:00:00+00:00,0.04567592472487443,0.04567592472487443,0.06556238087031166,0.11123830559518609,1.5110275611077448,1.4644194746537913,0.04567592472487442,0.06556238087031166,True,ok,,0.2,0.07,0.084
2020-11-07 01:00:00+00:00,0.15461551919770766,0.15461551919770766,2.061107732844428,2.2157232520421357,1.4644194746537913,1.3066485366969467,0.15461551919770722,2.061107732844428,True,ok,,0.2,0.07,0.084
2020-11-07 02:00:00+00:00,0.17702083042491124,0.17702083042491124,3.79235883634327,3.969379666768181,1.3066485366969467,1.1260150362633639,0.17702083042491015,3.79235883634327,True,ok,,0.2,0.07,0.084
2020-11-07 03:00:00+00:00,0.1294484637674404,0.1294484637674404,0.3184145923889297,0.4478630561563701,1.1260150362633639,0.9939247671129144,0.12944846376744043,0.3184145923889297,True,ok,,0.2,0.07,0.084
2020-11-07 04:00:00+00:00,0.14868589860711534,0.14868589860711534,0.32361487882289003,0.47230077743000537,0.9939247671129144,0.8422044624117764,0.14868589860711526,0.32361487882289003,True,ok,,0.2,0.07,0.084
2020-11-07 05:00:00+00:00,0.26537847184849883,0.26537847184849883,-1.569405716494998e-11,0.2653784718328048,0.8422044624117764,0.5714101033826959,0.2653784718484988,-1.5694061413829702e-11,True,ok,,0.3,0.1,0.084
2020-11-07 06:00:00+00:00,0.5599816625832026,0.5599816625832026,-3.008793214576144e-11,0.5599816625531147,0.5714101033826959,2.4360391781552693e-07,0.5599816625832025,-3.008787914156648e-11,True,ok,,0.3,0.1,0.084
2020-11-07 07:00:00+00:00,-0.3822701568799858,-0.3822701568799858,-0.17038222065557163,-0.5526523775355574,2.4360391781552693e-07,0.3746249973463039,-0.38227015687998595,-0.17038222065557165,True,ok,,0.3,0.1,0.084
2020-11-07 08:00:00+00:00,-1.4128439275433036,-1.4128439275433036,-0.6499195210515092,-2.0627634485948128,0.3746249973463039,1.7592120463387413,-1.4128439275433031,-0.6499195210515093,True,ok,,0.3,0.1,0.084
2020-11-07 09:00:00+00:00,-1.6202300064382933,-1.6202300064382933,-0.9845309469637695,-2.604760953402063,1.7592120463387413,3.3470374526482685,-1.6202300064382924,-0.9845309469637696,True,ok,,0.3,0.1,0.084
2020-11-07 10:00:00+00:00,-2.082721907188774,-2.082721907188774,-1.4729025903066173,-3.5556244974953914,3.3470374526482685,5.388104921693268,-2.0827219071887746,-1.4729025903066173,True,ok,,0.3,0.1,0.084
2020-11-07 11:00:00+00:00,-1.9387590235533272,-1.9387590235533272,-1.5108410126934217,-3.449600036246749,5.388104921693268,7.288088764775528,-1.938759023553328,-1.5108410126934217,True,ok,,0.3,0.1,0.084
2020-11-07 12:00:00+00:00,-1.5346915411191244,-1.5346915411191244,-1.2179829521434693,-2.7526744932625937,7.288088764775528,8.79208647507227,-1.534691541119124,-1.2179829521434693,True,ok,,0.3,0.1,0.084
2020-11-07 13:00:00+00:00,0.2019958517177045,0.2019958517177045,-5.127383989611545e-09,0.20199584659032052,8.79208647507227,8.585968259033796,0.20199585171770407,-5.127383979211762e-09,True,ok,,0.3,0.1,0.084
2020-11-07 14:00:00+00:00,0.5100573968806119,0.5100573968806119,-5.111121303968957e-09,0.5100573917694906,8.585968259033796,8.065501527522969,0.5100573968806117,-5.111121289266961e-09,True,ok,,0.3,0.1,0.084
2020-11-07 15:00:00+00:00,0.6792151777971501,0.6792151777971501,-5.095829203050073e-09,0.6792151727013209,8.065501527522969,7.3724248154850605,0.6792151777971501,-5.0958292052976095e-09,True,ok,,0.3,0.1,0.084
2020-11-07 16:00:00+00:00,0.8411250016196001,0.8411250016196001,-1.918219962870893e-07,0.8411248097976038,7.3724248154850605,6.514133997505876,0.8411250016196005,-1.918219963326646e-07,True,ok,,0.4,0.18,0.084
2020-11-07 17:00:00+00:00,1.2923028842154192,1.2923028842154192,-1.9182858168598216e-07,1.2923026923868375,6.514133997505876,5.195457585041163,1.2923028842154192,-1.9182858177111543e-07,True,ok,,0.4,0.18,0.084
2020-11-07 18:00:00+00:00,0.6782955544380952,0.6782955544380952,-1.9183310684400823e-07,0.6782953626049883,5.195457585041163,4.503319264185964,0.6782955544380954,-1.918331068144956e-07,True,ok,,0.4,0.18,0.084
2020-11-07 19:00:00+00:00,0.24625133250142325,0.24625133250142325,-5.445598103004379e-08,0.24625127804544222,4.503319264185964,4.252042394286552,0.24625133250142325,-5.445598101857823e-08,True,ok,,0.4,0.18,0.084
2020-11-07 20:00:00+00:00,0.27923770250525803,0.27923770250525803,2.9754592251185485e-07,0.27923800005118055,4.252042394286552,3.9671059631587378,0.27923770250525776,2.975459225107808e-07,True,ok,,0.2,0.07,0.084
2020-11-07 21:00:00+00:00,0.22102195910346067,0.22102195910346067,1.7979676658619326e-07,0.22102213890022726,3.9671059631587378,3.741573351828676,0.2210219591034606,1.797967665803437e-07,True,ok,,0.2,0.07,0.084
2020-11-07 22:00:00+00:00,0.3524541125341179,0.3524541125341179,3.040402541953924e-07,0.3524544165743721,3.741573351828676,3.381926298222433,0.3524541125341178,3.040402541839409e-07,True,ok,,0.2,0.07,0.084
2020-11-07 23:00:00+00:00,0.14322122366424186,0.14322122366424186,3.0399962450133877e-07,0.14322152766386637,3.381926298222433,3.2357821924425942,0.1432212236642418,3.0399962450376266e-07,True,ok,,0.2,0.07,0.084
2020-11-08 00:00:00+00:00,0.16815194599102926,0.16815194599102926,3.0394655806120774e-07,0.16815224993758732,3.2357821924425942,3.064198574084401,0.1681519459910293,3.0394655807366473e-07,True,ok,,0.2,0.07,0.084
2020-11-08 01:00:00+00:00,0.12617544597082836,0.12617544597082836,3.038900411311829e-07,0.1261757498608695,3.064198574084401,2.9354481190121273,0.12617544597082836,3.0389004113289586e-07,True,ok,,0.2,0.07,0.084
2020-11-08 02:00:00+00:00,0.36162800225235003,0.36162800225235003,3.038292092916173e-07,0.3616283060815593,2.9354481190121273,2.566439953448505,0.3616280022523501,3.038292092744751e-07,True,ok,,0.2,0.07,0.084
2020-11-08 03:00:00+00:00,0.27377475202667795,0.27377475202667795,3.0377651494273294e-07,0.2737750558031929,2.566439953448505,2.287077961584548,0.27377475202667784,3.037765149693196e-07,True,ok,,0.2,0.07,0.084
2020-11-08 04:00:00+00:00,0.7072179721419164,0.7072179721419164,3.037124058913321e-07,0.7072182758543223,2.287077961584548,1.5654269696030005,0.7072179721419161,3.0371240589893674e-07,True,ok,,0.2,0.07,0.084
2020-11-08 05:00:00+00:00,0.5523742260622401,0.5523742260622401,-3.897555389542617e-09,0.5523742221646847,1.5654269696030005,1.001779800151735,0.5523742260622404,-3.897555411867397e-09,True,ok,,0.3,0.1,0.084
2020-11-08 06:00:00+00:00,0.3465811557103377,0.3465811557103377,-3.898143252634156e-09,0.34658115181219445,1.001779800151735,0.6481255596309823,0.3465811557103378,-3.898143277815241e-09,True,ok,,0.3,0.1,0.084
2020-11-08 07:00:00+00:00,0.6351620263435832,0.6351620263435832,-3.898921074885209e-09,0.6351620224446621,0.6481255596309823,1.0429538565004393e-06,0.6351620263435824,-3.89892105407156e-09,True,ok,,0.3,0.1,0.084
2020-11-08 08:00:00+00:00,-0.8253783244908324,-0.8253783244908324,-0.30680837973217034,-1.1321867042230027,1.0429538565004393e-06,0.8088718009548722,-0.8253783244908327,-0.3068083797321703,True,ok,,0.3,0.1,0.084
2020-11-08 09:00:00+00:00,-1.4124466634506043,-1.4124466634506043,-0.7888080472836063,-2.2012547107342106,0.8088718009548722,2.1930695311364645,-1.4124466634506045,-0.7888080472836062,True,ok,,0.3,0.1,0.084
2020-11-08 10:00:00+00:00,-1.8933653662959247,-1.8933653662959247,-1.3259449774296377,-3.2193103437255624,2.1930695311364645,4.048567590106471,-1.8933653662959251,-1.3259449774296377,True,ok,,0.3,0.1,0.084
2020-11-08 11:00:00+00:00,-1.705795772144288,-1.705795772144288,-1.45838969855561,-3.164185470699898,4.048567590106471,5.720247446807873,-1.7057957721442882,-1.45838969855561,True,ok,,0.3,0.1,0.084
2020-11-08 12:00:00+00:00,-1.5239257720589727,-1.5239257720589727,-1.4091578758285788,-2.9330836478875515,5.720247446807873,7.213694703425666,-1.5239257720589723,-1.4091578758285788,True,ok,,0.3,0.1,0.084
2020-11-08 13:00:00+00:00,-0.9111136843867522,-0.9111136843867522,-0.8965799242806329,-1.8076936086673852,7.213694703425666,8.106586114124683,-0.9111136843867522,-0.8965799242806329,True,ok,,0.3,0.1,0.084
2020-11-08 14:00:00+00:00,-0.34257170418816496,-0.34257170418816496,-0.3320130796171197,-0.6745847838052846,8.106586114124683,8.442306384229084,-0.3425717041881652,-0.3320130796171197,True,ok,,0.3,0.1,0.084
2020-11-08 15:00:00+00:00,0.41300110097686366,0.41300110097686366,-3.904550793798478e-09,0.41300109707231286,8.442306384229084,8.020876689354735,0.41300110097686377,-3.904550779648442e-09,True,ok,,0.3,0.1,0.084
2020-11-08 16:00:00+00:00,1.683059444901784,1.683059444901784,-1.9241184423535174e-07,1.6830592524899397,8.020876689354735,6.303469092516179,1.683059444901784,-1.9241184419514147e-07,True,ok,,0.4,0.18,0.084
2020-11-08 17:00:00+00:00,1.273315190792849,1.273315190792849,-1.9241515381018814e-07,1.2733149983776952,6.303469092516179,5.004167877421436,1.2733151907928495,-1.9241515391601006e-07,True,ok,,0.4,0.18,0.084
2020-11-08 18:00:00+00:00,0.7953841375722221,0.7953841375722221,-1.92419727707005e-07,0.7953839451524944,5.004167877421436,4.192551410511005,0.7953841375722223,-1.9241972773358812e-07,True,ok,,0.4,0.18,0.084
2020-11-08 19:00:00+00:00,0.5403418043104722,0.5403418043104722,-1.9242709681233094e-07,0.5403416118833754,4.192551410511005,3.6411822224390944,0.5403418043104722,-1.924270968464523e-07,True,ok,,0.4,0.18,0.084
2020-11-08 20:00:00+00:00,0.21065578047628933,0.21065578047628933,3.0300422756979195e-07,0.2106560834805169,3.6411822224390944,3.4262273444020646,0.21065578047628924,3.0300422756009665e-07,True,ok,,0.2,0.07,0.084
2020-11-08 21:00:00+00:00,0.19822966920147667,0.19822966920147667,3.029623596162434e-07,0.19822997216383628,3.4262273444020646,3.2239521717474964,0.19822966920147672,3.0296235960397546e-07,True,ok,,0.2,0.07,0.084
2020-11-08 22:00:00+00:00,0.34208483636201537,0.34208483636201537,3.029178806679411e-07,0.34208513927989603,3.2239521717474964,2.8748860121944193,0.3420848363620155,3.029178806727088e-07,True,ok,,0.2,0.07,0.084
2020-11-08 23:00:00+00:00,0.7218791438059387,0.7218791438059387,3.028780514169327e-07,0.7218794466839901,2.8748860121944193,2.1382746409638695,0.7218791438059385,3.0287805143604e-07,True,ok,,0.2,0.07,0.084
2020-11-09 00:00:00+00:00,0.13592983589527038,0.13592983589527038,3.0285162713750147e-07,0.13593013874689752,2.1382746409638695,1.9995707267850222,0.13592983589527033,3.0285162714980436e-07,True,ok,,0.2,0.07,0.084
2020-11-09 01:00:00+00:00,0.16833880864088288,0.16833880864088288,3.027958550838594e-07,0.16833911143673796,1.9995707267850222,1.8277964322535092,0.168338808640883,3.0279585508239686e-07,True,ok,,0.2,0.07,0.084
2020-11-09 02:00:00+00:00,0.7836141407557458,0.7836141407557458,3.027371427988257e-07,0.7836144434928886,1.8277964322535092,1.0281901661762176,0.7836141407557455,3.0273714276195805e-07,True,ok,,0.2,0.07,0.084
2020-11-09 03:00:00+00:00,0.13804670883705705,0.13804670883705705,9.662154160094971e-08,0.13804680545859865,1.0281901661762176,0.8873261775669757,0.13804670883705708,9.662154160621446e-08,True,ok,,0.2,0.07,0.084
2020-11-09 04:00:00+00:00,0.19699772070744653,0.19699772070744653,0.16825550043087195,0.3652532211383185,0.8873261775669757,0.6863080952124385,0.19699772070744645,0.16825550043087195,True,ok,,0.2,0.07,0.084
2020-11-09 05:00:00+00:00,0.1269750834094157,0.1269750834094157,-4.440892098500626e-16,0.12697508340941527,0.6863080952124385,0.5567416835701776,0.12697508340941566,-4.381457670737428e-16,True,ok,,0.3,0.1,0.084
2020-11-09 06:00:00+00:00,0.37735081721054764,0.37735081721054764,7.382983113757291e-15,0.377350817210555,0.5567416835701776,0.1716898292737004,0.3773508172105477,7.39541353559699e-15,True,ok,,0.3,0.1,0.084
2020-11-09 07:00:00+00:00,-0.1352414662419844,-0.1352414662419844,-2.435789933086241e-07,-0.13524170982097772,0.1716898292737004,0.30422646619084515,-0.1352414662419844,-2.435789933205683e-07,True,ok,,0.3,0.1,0.084
2020-11-09 08:00:00+00:00,-1.160660683616732,-1.160660683616732,-2.435796575550597e-07,-1.1606609271963895,0.30422646619084515,1.4416739361352424,-1.1606606836167321,-2.4357965745747793e-07,True,ok,,0.3,0.1,0.084
2020-11-09 09:00:00+00:00,-1.4103106023696597,-1.4103106023696597,-2.435797070710066e-07,-1.4103108459493667,1.4416739361352424,2.823778326457509,-1.41031060236966,-2.435797069998505e-07,True,ok,,0.3,0.1,0.084
2020-11-09 10:00:00+00:00,-2.9255097413288564,-2.9255097413288564,-2.435797590294442e-07,-2.9255099849086155,2.823778326457509,5.690777872959789,-2.9255097413288573,-2.435797588268584e-07,True,ok,,0.3,0.1,0.084
2020-11-09 11:00:00+00:00,-1.4404715046841714,-1.4404715046841714,-2.435797283872887e-07,-1.4404717482638998,5.690777872959789,7.102439947550277,-1.4404715046841716,-2.4357972842480484e-07,True,ok,,0.3,0.1,0.084
2020-11-09 12:00:00+00:00,-1.0278444935664746,-1.0278444935664746,-2.435797099575865e-07,-1.0278447371461845,7.102439947550277,8.109727551245422,-1.0278444935664743,-2.435797100094486e-07,True,ok,,0.3,0.1,0.084
2020-11-09 13:00:00+00:00,-0.35369626159831186,-0.35369626159831186,-2.4357957673082353e-07,-0.3536965051778886,8.109727551245422,8.456349887611768,-0.35369626159831175,-2.4357957675596156e-07,True,ok,,0.3,0.1,0.084
2020-11-09 14:00:00+00:00,0.7933779468910839,0.7933779468910839,5.551115123125783e-15,0.7933779468910894,8.456349887611768,7.646780554049438,0.7933779468910844,5.545905162087071e-15,True,ok,,0.3,0.1,0.084
2020-11-09 15:00:00+00:00,1.3418206409302649,1.3418206409302649,6.217248937900877e-15,1.341820640930271,7.646780554049438,6.27757581840631,1.3418206409302647,6.208777268672816e-15,True,ok,,0.3,0.1,0.084
2020-11-09 16:00:00+00:00,1.3971032236829939,1.3971032236829939,-1.1276558287143246e-07,1.397103110917411,6.27757581840631,4.851960284035909,1.3971032236829937,-1.1276558284077012e-07,True,ok,,0.4,0.18,0.084
2020-11-09 17:00:00+00:00,1.179323885643705,1.179323885643705,-1.1276558642414614e-07,1.1793237728781185,4.851960284035909,3.6485685639913115,1.1793238856437052,-1.1276558641697734e-07,True,ok,,0.4,0.18,0.084
2020-11-09 18:00:00+00:00,0.7479478065983132,0.7479478065983132,-1.1276559674922026e-07,0.7479476938327164,3.6485685639913115,2.8853565164420125,0.7479478065983133,-1.1276559672144661e-07,True,ok,,0.4,0.18,0.084
2020-11-09 19:00:00+00:00,0.25551737436099514,0.25551737436099514,-4.090908828358053e-08,0.25551733345190686,2.8853565164420125,2.624624501787936,0.25551737436099503,-4.090908827971313e-08,True,ok,,0.4,0.18,0.084
2020-11-09 20:00:00+00:00,0.12359094966435347,0.12359094966435347,0.2670854120103787,0.3906763616747322,2.624624501787936,2.498511287844718,0.12359094966435355,0.2670854120103787,True,ok,,0.2,0.07,0.084
2020-11-09 21:00:00+00:00,0.06240192896060705,0.06240192896060705,0.0843194043444342,0.14672133330504125,2.498511287844718,2.434835850129813,0.06240192896060701,0.0843194043444342,True,ok,,0.2,0.07,0.084
2020-11-09 22:00:00+00:00,0.0771594582427542,0.0771594582427542,0.10799131968792965,0.18515077793068385,2.434835850129813,2.356101709065778,0.07715945824275416,0.10799131968792965,True,ok,,0.2,0.07,0.084
2020-11-09 23:00:00+00:00,0.10737069119276968,0.10737069119276968,0.16930119876667096,0.27667188995944064,2.356101709065778,2.2465397792772372,0.10737069119276961,0.16930119876667096,True,ok,,0.2,0.07,0.084
2020-11-10 00:00:00+00:00,0.07019700699421681,0.07019700699421681,0.08878110389935039,0.1589781108935672,2.2465397792772372,2.1749101803035464,0.07019700699421673,0.08878110389935039,True,ok,,0.2,0.07,0.084
2020-11-10 01:00:00+00:00,0.07319949883511173,0.07319949883511173,0.09049297333402259,0.16369247216913432,2.1749101803035464,2.100216814145269,0.07319949883511173,0.09049297333402259,True,ok,,0.2,0.07,0.084
2020-11-10 02:00:00+00:00,0.2413513717752943,0.2413513717752943,0.5674711817666314,0.8088225535419257,2.100216814145269,1.853939904170479,0.24135137177529462,0.5674711817666314,True,ok,,0.2,0.07,0.084
2020-11-10 03:00:00+00:00,0.26455242923922206,0.26455242923922206,0.5536895128300423,0.8182419420692644,1.853939904170479,1.5839884457631095,0.26455242923922173,0.5536895128300423,True,ok,,0.2,0.07,0.084
2020-11-10 04:00:00+00:00,0.17559586519716955,0.17559586519716955,0.2336714670123127,0.40926733220948225,1.5839884457631095,1.4048089914802835,0.17559586519716966,0.2336714670123127,True,ok,,0.2,0.07,0.084
2020-11-10 05:00:00+00:00,0.18007047193504488,0.18007047193504488,-1.5137419095978544e-11,0.18007047191990747,1.4048089914802835,1.2210636119547276,0.18007047193504475,-1.5137414300206e-11,True,ok,,0.3,0.1,0.084
2020-11-10 06:00:00+00:00,1.152451648691982,1.152451648691982,6.61531052159603e-10,1.152451649353513,1.2210636119547276,0.04509254186086831,1.1524516486919827,6.615310182567912e-10,True,ok,,0.3,0.1,0.084
2020-11-10 07:00:00+00:00,0.04419044602048534,0.04419044602048534,4.9921406383712785e-09,0.044190451012625975,0.04509254186086831,2.5000323020801796e-07,0.0441904460204853,4.9921406352255495e-09,True,ok,,0.3,0.1,0.084
2020-11-10 08:00:00+00:00,-0.2567955541946027,-0.2567955541946027,-2.4357965022758776e-07,-0.25679579777425293,2.5000323020801796e-07,0.2516598931139409,-0.2567955541946026,-2.4357965022672765e-07,True,ok,,0.3,0.1,0.084
2020-11-10 09:00:00+00:00,-0.5172678646967395,-0.5172678646967395,-2.4358001526891826e-07,-0.5172681082767547,0.2516598931139409,0.7585824005167455,-0.5172678646967397,-2.4358001532179625e-07,True,ok,,0.3,0.1,0.084
2020-11-10 10:00:00+00:00,-0.990116800718814,-0.990116800718814,-2.435799535405181e-07,-0.9901170442987676,0.7585824005167455,1.7288968652211834,-0.9901168007188139,-2.435799535942918e-07,True,ok,,0.3,0.1,0.084
2020-11-10 11:00:00+00:00,-2.9579734663084363,-2.9579734663084363,-2.435800405820032e-07,-2.957973709888477,1.7288968652211834,4.62771086220345,-2.9579734663084363,-2.4358004042895856e-07,True,ok,,0.3,0.1,0.084
2020-11-10 12:00:00+00:00,-2.324932876551004,-2.324932876551004,-2.4358003214430823e-07,-2.324933120131036,4.62771086220345,6.906145081223434,-2.324932876551004,-2.4358003203245166e-07,True,ok,,0.3,0.1,0.084
2020-11-10 13:00:00+00:00,-2.208199858727194,-2.208199858727194,-2.435798633904085e-07,-2.208200102307057,6.906145081223434,9.070180942776084,-2.208199858727194,-2.435798635595764e-07,True,ok,,0.3,0.1,0.084
2020-11-10 14:00:00+00:00,-0.19476294531945712,-0.19476294531945712,-2.435786037868759e-07,-0.1947631888980609,9.070180942776084,9.261048629189151,-0.1947629453194571,-2.4357860378496214e-07,True,ok,,0.3,0.1,0.084
2020-11-10 15:00:00+00:00,1.6350663678648623,1.6350663678648623,4.0202051510007664e-07,1.6350667698853774,9.261048629189151,7.592613559939291,1.635066367864862,4.020205151337555e-07,True,ok,,0.3,0.1,0.084
2020-11-10 16:00:00+00:00,1.2089294696702955,1.2089294696702955,5.959408522215881e-10,1.2089294702662363,7.592613559939291,6.359012060275725,1.2089294696702955,5.959407928310092e-10,True,ok,,0.4,0.18,0.084
2020-11-10 17:00:00+00:00,1.672613834526538,1.672613834526538,1.64270574920522e-09,1.6726138361692438,6.359012060275725,4.652263249534359,1.6726138345265376,1.6427057548479932e-09,True,ok,,0.4,0.18,0.084
2020-11-10 18:00:00+00:00,1.179638996179633,1.179638996179633,1.6427066373836396e-09,1.1796389978223396,4.652263249534359,3.44854998812657,1.1796389961796332,1.6427066143470533e-09,True,ok,,0.4,0.18,0.084
2020-11-10 19:00:00+00:00,0.2641464425163801,0.2641464425163801,1.6427037508037756e-09,0.26414644415908384,3.44854998812657,3.1790128018853663,0.2641464425163799,1.6427037662132192e-09,True,ok,,0.4,0.18,0.084
2020-11-10 20:00:00+00:00,-0.8123522566279161,-0.8123522566279161,1.1097042563849409,0.29735199975702475,3.1790128018853663,3.9751180133807242,-0.8123522566279161,1.1097042563849409,True,ok,,0.2,0.07,0.084
2020-11-10 21:00:00+00:00,-0.8068349808845958,-0.8068349808845958,0.993960258647539,0.18712527776294316,3.9751180133807242,4.765816294647628,-0.8068349808845957,0.993960258647539,True,ok,,0.2,0.07,0.084
2020-11-10 22:00:00+00:00,-0.6015326390793443,-0.6015326390793443,1.4594029718369763,0.857870332757632,4.765816294647628,5.355318280945386,-0.6015326390793444,1.4594029718369763,True,ok,,0.2,0.07,0.084
2020-11-10 23:00:00+00:00,-0.750456991431703,-0.750456991431703,0.8928287968770563,0.14237180544535338,5.355318280945386,6.090766132548454,-0.750456991431703,0.8928287968770563,True,ok,,0.2,0.07,0.084
2020-11-11 00:00:00+00:00,-0.7410927406720005,-0.7410927406720005,0.8800035460589676,0.13891080538696707,6.090766132548454,6.817037018407015,-0.7410927406720005,0.8800035460589676,True,ok,,0.2,0.07,0.084
2020-11-11 01:00:00+00:00,-0.7307514675975519,-0.7307514675975519,0.8853909118586789,0.15463944426112694,6.817037018407015,7.533173456652616,-0.7307514675975519,0.8853909118586789,True,ok,,0.2,0.07,0.084
2020-11-11 02:00:00+00:00,-0.5775989193712355,-0.5775989193712355,1.4073691403608877,0.8297702209896521,7.533173456652616,8.099220397636426,-0.5775989193712352,1.4073691403608877,True,ok,,0.2,0.07,0.084
2020-11-11 03:00:00+00:00,-0.7609391176388522,-0.7609391176388522,0.9123011455011891,0.15136202786233693,8.099220397636426,8.8449407329225,-0.7609391176388524,0.9123011455011892,True,ok,,0.2,0.07,0.084
2020-11-11 04:00:00+00:00,-0.7566832261737291,-0.7566832261737291,0.9967253654495976,0.24004213927586843,8.8449407329225,9.586490294572755,-0.7566832261737291,0.9967253654495976,True,ok,,0.2,0.07,0.084
2020-11-11 05:00:00+00:00,0.12174477056963408,0.12174477056963408,1.461502264349379e-07,0.12174491671986051,9.586490294572755,9.462260936848638,0.12174477056963409,1.461502264308722e-07,True,ok,,0.3,0.1,0.084
2020-11-11 06:00:00+00:00,0.7770845049004211,0.7770845049004211,4.6962163979813454e-07,0.7770849745220609,9.462260936848638,8.66931756450127,0.7770845049004211,4.696216398078884e-07,True,ok,,0.3,0.1,0.084
2020-11-11 07:00:00+00:00,0.09888063378163453,0.09888063378163453,4.6961185797000926e-07,0.0988811033934925,8.66931756450127,8.568418958601644,0.0988806337816346,4.696118579759104e-07,True,ok,,0.3,0.1,0.084
2020-11-11 08:00:00+00:00,0.0528619271348419,0.0528619271348419,4.695931000719966e-07,0.05286239672794197,8.568418958601644,8.514478216627316,0.052861927134841856,4.695931000708232e-07,True,ok,,0.3,0.1,0.084
2020-11-11 09:00:00+00:00,0.48304034713296234,0.48304034713296234,4.6958078731007546e-07,0.48304081671374965,8.514478216627316,8.021579903226334,0.4830403471329623,4.6958078733098553e-07,True,ok,,0.3,0.1,0.084
2020-11-11 10:00:00+00:00,-0.18629561985763485,-0.18629561985763485,4.066854908391093e-10,-0.18629561945094936,8.021579903226334,8.204149610686816,-0.1862956198576349,4.066855042727247e-10,True,ok,,0.3,0.1,0.084
2020-11-11 11:00:00+00:00,0.18507651714019277,0.18507651714019277,4.6955057911302056e-07,0.18507698669077188,8.204149610686816,8.015296021768252,0.18507651714019296,4.6955057909960647e-07,True,ok,,0.3,0.1,0.084
2020-11-11 12:00:00+00:00,0.45088226778954144,0.45088226778954144,4.695337907367758e-07,0.4508827373233322,8.015296021768252,7.55521207504423,0.45088226778954155,4.695337907135174e-07,True,ok,,0.3,0.1,0.084
2020-11-11 13:00:00+00:00,0.7107114117305303,0.7107114117305303,4.6952073151640406e-07,0.7107118812512618,7.55521207504423,6.829996348788587,0.71071141173053,4.695207315479707e-07,True,ok,,0.3,0.1,0.084
2020-11-11 14:00:00+00:00,1.0735637767779747,1.0735637767779747,4.6951105203696386e-07,1.0735642462890267,6.829996348788587,5.734523107178409,1.073563776777975,4.6951105199548535e-07,True,ok,,0.3,0.1,0.084
2020-11-11 15:00:00+00:00,1.3086752113422726,1.3086752113422726,4.6950418153279827e-07,1.3086756808464541,5.734523107178409,4.399140238461804,1.3086752113422726,4.695041814495234e-07,True,ok,,0.3,0.1,0.084
2020-11-11 16:00:00+00:00,1.2312674428894517,1.2312674428894517,1.994002074567902e-09,1.2312674448834537,4.399140238461804,3.1427448885746085,1.2312674428894517,1.9940021015845875e-09,True,ok,,0.4,0.18,0.084
2020-11-11 17:00:00+00:00,1.33918436276992,1.33918436276992,1.9939743189922865e-09,1.3391843647638944,3.1427448885746085,1.776230232686935,1.3391843627699198,1.993974264429823e-09,True,ok,,0.4,0.18,0.084
2020-11-11 18:00:00+00:00,1.5248529466716687,1.5248529466716687,1.9939498940857447e-09,1.5248529486656186,1.776230232686935,0.22025783812400768,1.524852946671669,1.993949902636829e-09,True,ok,,0.4,0.18,0.084
2020-11-11 19:00:00+00:00,0.2158497210060777,0.2158497210060777,1.9939191686635382e-09,0.21584972299999686,0.22025783812400768,3.020770867168121e-06,0.21584972100607752,1.9939191707398675e-09,True,ok,,0.4,0.18,0.084
2020-11-11 20:00:00+00:00,-0.9006508406721245,-0.9006508406721245,1.3597116174435646,0.45906077677144014,3.020770867168121e-06,0.8826408446295493,-0.9006508406721246,1.3597116174435646,True,ok,,0.2,0.07,0.084
2020-11-11 21:00:00+00:00,-0.6283471891695757,-0.6283471891695757,0.7803314667517444,0.15198427758216873,0.8826408446295493,1.4984210900157335,-0.6283471891695757,0.7803314667517444,True,ok,,0.2,0.07,0.084
2020-11-11 22:00:00+00:00,-0.5218362616400151,-0.5218362616400151,0.6692054835631015,0.14736922192308644,1.4984210900157335,2.0098206264229486,-0.5218362616400151,0.6692054835631015,True,ok,,0.2,0.07,0.084
2020-11-11 23:00:00+00:00,-0.471669292860104,-0.471669292860104,0.6276842374028827,0.1560149445427787,2.0098206264229486,2.4720565334258504,-0.4716692928601042,0.6276842374028827,True,ok,,0.2,0.07,0.084
2020-11-12 00:00:00+00:00,-0.43404542699398296,-0.43404542699398296,0.5626413995452229,0.1285959725512399,2.4720565334258504,2.8974210518799537,-0.4340454269939831,0.5626413995452229,True,ok,,0.2,0.07,0.084
2020-11-12 01:00:00+00:00,-0.36426366450816194,-0.36426366450816194,0.6652089144656708,0.3009452499575088,2.8974210518799537,3.2543994430979524,-0.36426366450816206,0.6652089144656708,True,ok,,0.2,0.07,0.084
2020-11-12 02:00:00+00:00,-0.2836718154374541,-0.2836718154374541,1.095490374824449,0.811818559386995,3.2543994430979524,3.5323978222266574,-0.2836718154374538,1.095490374824449,True,ok,,0.2,0.07,0.084
2020-11-12 03:00:00+00:00,-0.3462355195561149,-0.3462355195561149,0.5638164642160899,0.21758094465997496,3.5323978222266574,3.87170863139165,-0.3462355195561149,0.5638164642160899,True,ok,,0.2,0.07,0.084
2020-11-12 04:00:00+00:00,-0.34684514863158256,-0.34684514863158256,0.5214835654622815,0.1746384168306989,3.87170863139165,4.211616877050601,-0.34684514863158256,0.5214835654622815,True,ok,,0.2,0.07,0.084
2020-11-12 05:00:00+00:00,1.007522042432985,1.007522042432985,4.036616347846689e-07,1.0075224460946197,4.211616877050601,3.1835331602822494,1.0075220424329852,4.0366163468887734e-07,True,ok,,0.3,0.1,0.084
2020-11-12 06:00:00+00:00,0.5683675245259658,0.5683675245259658,6.453027923125632e-07,0.5683681698287582,3.1835331602822494,2.6035662985210597,0.5683675245259658,6.453027922831725e-07,True,ok,,0.3,0.1,0.084
2020-11-12 07:00:00+00:00,0.034463814694395925,0.034463814694395925,6.452128361381093e-07,0.03446445990723206,2.6035662985210597,2.5683991406696354,0.034463814694395946,6.452128361414323e-07,True,ok,,0.3,0.1,0.084
2020-11-12 08:00:00+00:00,-0.059761243391746224,-0.059761243391746224,1.0738669814491786e-09,-0.05976124231787924,2.5683991406696354,2.6269651591935466,-0.059761243391746245,1.0738669818541042e-09,True,ok,,0.3,0.1,0.084
2020-11-12 09:00:00+00:00,-0.9950577197595619,-0.9950577197595619,1.0734358957265044e-09,-0.995057718686126,2.6269651591935466,3.602121724557917,-0.9950577197595617,1.0734359465563e-09,True,ok,,0.3,0.1,0.084
2020-11-12 10:00:00+00:00,-0.2800416592065676,-0.2800416592065676,1.0732763566778658e-09,-0.28004165813329124,3.602121724557917,3.8765625505803536,-0.28004165920656754,1.0732763440295153e-09,True,ok,,0.3,0.1,0.084
2020-11-12 11:00:00+00:00,-0.420590058375145,-0.420590058375145,1.0728928856451603e-09,-0.42059005730225213,3.8765625505803536,4.288740807787995,-0.420590058375145,1.0728929105270581e-09,True,ok,,0.3,0.1,0.084
2020-11-12 12:00:00+00:00,0.025684179757317006,0.025684179757317006,6.446100018868417e-07,0.025684824367318893,4.288740807787995,4.262532461096856,0.025684179757317037,6.446100018861823e-07,True,ok,,0.3,0.1,0.084
2020-11-12 13:00:00+00:00,-1.7878223164238898,-1.7878223164238898,1.0720810905695544e-09,-1.7878223153518087,4.262532461096856,6.014598331192268,-1.7878223164238896,1.0720809857903676e-09,True,ok,,0.3,0.1,0.084
2020-11-12 14:00:00+00:00,-0.07140990329850123,-0.07140990329850123,1.0719875126463663e-09,-0.07140990222651372,6.014598331192268,6.084580036424799,-0.07140990329850147,1.071987510892679e-09,True,ok,,0.3,0.1,0.084
2020-11-12 15:00:00+00:00,1.8351315515013762,1.8351315515013762,6.442255646721406e-07,1.8351321957269409,6.084580036424799,4.211996820607068,1.8351315515013757,6.442255645852979e-07,True,ok,,0.3,0.1,0.084
2020-11-12 16:00:00+00:00,1.3882423277266676,1.3882423277266676,2.5701667460964472e-09,1.3882423302968343,4.211996820607068,2.795423016804346,1.3882423277266676,2.570166795484862e-09,True,ok,,0.4,0.18,0.084
2020-11-12 17:00:00+00:00,1.2382748595286963,1.2382748595286963,2.5699964378844697e-09,1.2382748620986928,2.795423016804346,1.531877241775064,1.2382748595286972,2.569996428184077e-09,True,ok,,0.4,0.18,0.084
2020-11-12 18:00:00+00:00,1.0665293875374562,1.0665293875374562,2.5698043693012096e-09,1.0665293901072606,1.531877241775064,0.44358194836949627,1.0665293875374562,2.5698042699153316e-09,True,ok,,0.4,0.18,0.084
2020-11-12 19:00:00+00:00,0.43470919153164966,0.43470919153164966,2.5695781613599422e-09,0.4347091941012278,0.44358194836949627,1.1406841394778766e-06,0.4347091915316496,2.569578138913238e-09,True,ok,,0.4,0.18,0.084
2020-11-12 20:00:00+00:00,-0.463241573578501,-0.463241573578501,0.7855738237444403,0.3223322501659393,1.1406841394778766e-06,0.45397788279107043,-0.4632415735785008,0.7855738237444403,True,ok,,0.2,0.07,0.084
2020-11-12 21:00:00+00:00,-0.23482943586890437,-0.23482943586890437,1.027454878453259,0.7926254425843545,0.45397788279107043,0.6841107299425967,-0.23482943586890456,1.027454878453259,True,ok,,0.2,0.07,0.084
2020-11-12 22:00:00+00:00,-0.24320562265510073,-0.24320562265510073,0.42126912264090166,0.17806349998580093,0.6841107299425967,0.9224522401445954,-0.2432056226551007,0.42126912264090166,True,ok,,0.2,0.07,0.084
2020-11-12 23:00:00+00:00,-0.22136486859621912,-0.22136486859621912,0.35138845219912446,0.13002358360290533,0.9224522401445954,1.13938981136889,-0.22136486859621912,0.35138845219912446,True,ok,,0.2,0.07,0.084
2020-11-13 00:00:00+00:00,-0.1849046079467139,-0.1849046079467139,0.3765319412274893,0.19162733328077539,1.13938981136889,1.3205963271566696,-0.18490460794671396,0.3765319412274893,True,ok,,0.2,0.07,0.084
2020-11-13 01:00:00+00:00,-0.15624124891295865,-0.15624124891295865,0.43872230474486823,0.2824810558319096,1.3205963271566696,1.473712751091369,-0.15624124891295868,0.43872230474486823,True,ok,,0.2,0.07,0.084
2020-11-13 02:00:00+00:00,-0.12251979974345772,-0.12251979974345772,0.9126729409532724,0.7901531412098147,1.473712751091369,1.5937821548399576,-0.12251979974345746,0.9126729409532724,True,ok,,0.2,0.07,0.084
2020-11-13 03:00:00+00:00,-0.1476164766953237,-0.1476164766953237,0.34228292078765016,0.19466644409232645,1.5937821548399576,1.7384463020013747,-0.14761647669532374,0.34228292078765016,True,ok,,0.2,0.07,0.084
2020-11-13 04:00:00+00:00,-0.11775684869678393,-0.11775684869678393,0.5814441267237891,0.46368727802700516,1.7384463020013747,1.853848013724223,-0.11775684869678406,0.5814441267237891,True,ok,,0.2,0.07,0.084
2020-11-13 05:00:00+00:00,0.9048141075678257,0.9048141075678257,3.9404621565708453e-07,0.9048145016140413,1.853848013724223,0.9305683121244009,0.9048141075678255,3.9404621566441274e-07,True,ok,,0.3,0.1,0.084
2020-11-13 06:00:00+00:00,0.9119569287372019,0.9119569287372019,4.1149368479320714e-07,0.9119573402308867,0.9305683121244009,1.7494603099521555e-08,0.9119569287372024,4.1149368475764287e-07,True,ok,,0.3,0.1,0.084
2020-11-13 07:00:00+00:00,-0.22919461813258782,-0.22919461813258782,-8.83658468620041e-08,-0.22919470649843468,1.7494603099521555e-08,0.22461074326453917,-0.22919461813258796,-8.836584685978412e-08,True,ok,,0.3,0.1,0.084
2020-11-13 08:00:00+00:00,-1.999772427898126,-1.999772427898126,-8.836591236516256e-08,-1.9997725162640383,0.22461074326453917,2.1843877226047024,-1.999772427898126,-8.836591228595643e-08,True,ok,,0.3,0.1,0.084
2020-11-13 09:00:00+00:00,-2.7396993457170753,-2.7396993457170753,-8.836591769423308e-08,-2.739699434082993,2.1843877226047024,4.869293081407436,-2.7396993457170757,-8.836591777340203e-08,True,ok,,0.3,0.1,0.084
2020-11-13 10:00:00+00:00,-2.120386467048599,-2.120386467048599,-2.435801884637101e-07,-2.1203867106287873,4.869293081407436,6.947271819115063,-2.120386467048599,-2.435801882870502e-07,True,ok,,0.3,0.1,0.084
2020-11-13 11:00:00+00:00,-2.30032411966051,-2.30032411966051,-2.435801920164238e-07,-2.300324363240702,6.947271819115063,9.201589456382363,-2.30032411966051,-2.435801918574739e-07,True,ok,,0.3,0.1,0.084
2020-11-13 12:00:00+00:00,-1.774738138608765,-1.774738138608765,-2.4358017336467697e-07,-1.7747383821889384,9.201589456382363,10.940832832218954,-1.7747381386087655,-2.4358017336824393e-07,True,ok,,0.3,0.1,0.084
2020-11-13 13:00:00+00:00,-0.25173146731361945,-0.25173146731361945,-2.4357991273982194e-07,-0.2517317108935322,10.940832832218954,11.1875296701863,-0.25173146731361956,-2.4357991272183985e-07,True,ok,,0.3,0.1,0.084
2020-11-13 14:00:00+00:00,0.44773256376986703,0.44773256376986703,-3.83026943495679e-15,0.4477325637698632,11.1875296701863,10.730659707155825,0.4477325637698672,-3.812110168076528e-15,True,ok,,0.3,0.1,0.084
2020-11-13 15:00:00+00:00,1.170542977096114,1.170542977096114,-1.7763568394002505e-15,1.1705429770961122,10.730659707155825,9.536228097874076,1.1705429770961142,-1.7451544644769075e-15,True,ok,,0.3,0.1,0.084
2020-11-13 16:00:00+00:00,0.8419951101557974,0.8419951101557974,-1.1276568623319605e-07,0.8419949973901112,9.536228097874076,8.67704941404163,0.8419951101557976,-1.1276568625354191e-07,True,ok,,0.4,0.18,0.084
2020-11-13 17:00:00+00:00,0.9254914495564043,0.9254914495564043,-1.1276568334661619e-07,0.9254913367907209,8.67704941404163,7.732670383882033,0.9254914495564046,-1.1276568332672706e-07,True,ok,,0.4,0.18,0.084
2020-11-13 18:00:00+00:00,0.6973205597920471,0.6973205597920471,-1.127656882315975e-07,0.6973204470263589,7.732670383882033,7.021118792257496,0.6973205597920472,-1.1276568823167676e-07,True,ok,,0.4,0.18,0.084
2020-11-13 19:00:00+00:00,0.4601265589492235,0.4601265589492235,-1.1276570055507307e-07,0.46012644618352294,7.021118792257496,6.551601895370533,0.4601265589492235,-1.1276570052883495e-07,True,ok,,0.4,0.18,0.084
2020-11-13 20:00:00+00:00,0.1924365265733142,0.1924365265733142,0.17820472310720478,0.370641249680519,6.551601895370533,6.3552380927447025,0.1924365265733144,0.17820472310720478,True,ok,,0.2,0.07,0.084
2020-11-13 21:00:00+00:00,0.2194477890865352,0.2194477890865352,0.20817043306797647,0.4276182221545117,6.3552380927447025,6.1313117773502785,0.21944778908653506,0.20817043306797647,True,ok,,0.2,0.07,0.084
2020-11-13 22:00:00+00:00,0.0649968658073696,0.0649968658073696,0.0630472175335931,0.1280440833409627,6.1313117773502785,6.064988444893779,0.06499686580736967,0.0630472175335931,True,ok,,0.2,0.07,0.084
2020-11-13 23:00:00+00:00,0.08544303825631054,0.08544303825631054,0.08279623945619337,0.1682392777125039,6.064988444893779,5.97780167116285,0.08544303825631046,0.08279623945619337,True,ok,,0.2,0.07,0.084
2020-11-14 00:00:00+00:00,0.0774889358400907,0.0774889358400907,0.07526692549524006,0.15275586133533076,5.97780167116285,5.89873132846888,0.07748893584009073,0.07526692549524006,True,ok,,0.2,0.07,0.084
2020-11-14 01:00:00+00:00,0.07491375819349427,0.07491375819349427,0.07273085297971174,0.14764461117320601,5.89873132846888,5.822288718067355,0.07491375819349425,0.07273085297971174,True,ok,,0.2,0.07,0.084
2020-11-14 02:00:00+00:00,0.10145921365147455,0.10145921365147455,0.09831853630285502,0.19977774995432956,5.822288718067355,5.718758908218912,0.1014592136514746,0.09831853630285502,True,ok,,0.2,0.07,0.084
2020-11-14 03:00:00+00:00,1.2286970009280713,1.2286970009280713,1.2202355028913945,2.448932503819466,5.718758908218912,4.464986458292309,1.2286970009280707,1.2202355028913945,True,ok,,0.2,0.07,0.084
2020-11-14 04:00:00+00:00,1.912988055556121,1.912988055556121,1.9067518858527799,3.819739941408901,4.464986458292309,2.512957830173818,1.9129880555561207,1.9067518858527799,True,ok,,0.2,0.07,0.084
2020-11-14 05:00:00+00:00,0.14316061115265066,0.14316061115265066,-1.7486012637846216e-15,0.14316061115264891,2.512957830173818,2.366875573895603,0.14316061115265072,-1.7580128074651099e-15,True,ok,,0.3,0.1,0.084
2020-11-14 06:00:00+00:00,0.15923272700492067,0.15923272700492067,3.913536161803677e-15,0.15923272700492458,2.366875573895603,2.2043931994007857,0.1592327270049208,3.905189869352002e-15,True,ok,,0.3,0.1,0.084
2020-11-14 07:00:00+00:00,0.8266463260439381,0.8266463260439381,2.19824158875781e-14,0.82664632604396,2.2043931994007857,1.3608765401722773,0.8266463260439385,2.1963646134035172e-14,True,ok,,0.3,0.1,0.084
2020-11-14 08:00:00+00:00,-0.5313961289683438,-0.5313961289683438,-8.43769498715119e-15,-0.5313961289683522,1.3608765401722773,1.8816447465612542,-0.5313961289683438,-8.395876878770284e-15,True,ok,,0.3,0.1,0.084
2020-11-14 09:00:00+00:00,-0.146803558447628,-0.146803558447628,2.275957200481571e-15,-0.14680355844762571,1.8816447465612542,2.0255122338399296,-0.14680355844762777,2.2817023523466576e-15,True,ok,,0.3,0.1,0.084
2020-11-14 10:00:00+00:00,-0.1401870517644885,-0.1401870517644885,2.220446049250313e-15,-0.1401870517644863,2.0255122338399296,2.1628955445691282,-0.140187051764489,2.2113541608574807e-15,True,ok,,0.3,0.1,0.084
2020-11-14 11:00:00+00:00,-1.2599338035708632,-1.2599338035708632,-8.881784197001252e-16,-1.259933803570864,2.1628955445691282,3.397630672068574,-1.2599338035708632,-8.042319312096969e-16,True,ok,,0.3,0.1,0.084
2020-11-14 12:00:00+00:00,-0.3157942619844387,-0.3157942619844387,-4.996003610813204e-16,-0.3157942619844392,3.397630672068574,3.707109048813324,-0.31579426198443905,-4.892012148383087e-16,True,ok,,0.3,0.1,0.084
2020-11-14 13:00:00+00:00,-1.0051930796820534,-1.0051930796820534,-8.881784197001252e-16,-1.0051930796820543,3.707109048813324,4.692198266901737,-1.0051930796820536,-8.245036253528841e-16,True,ok,,0.3,0.1,0.084
2020-11-14 14:00:00+00:00,-0.02451545314131649,-0.02451545314131649,5.738465258531278e-15,-0.02451545314131075,4.692198266901737,4.716223410980227,-0.02451545314131641,5.738971442177985e-15,True,ok,,0.3,0.1,0.084
2020-11-14 15:00:00+00:00,0.4512935114503948,0.4512935114503948,4.020218984379653e-07,0.45129391347229325,4.716223410980227,4.255719827867579,0.45129351145039476,4.020218984117003e-07,True,ok,,0.3,0.1,0.084
2020-11-14 16:00:00+00:00,0.7400473026696872,0.7400473026696872,1.642700975246214e-09,0.7400473043123882,4.255719827867579,3.500569519020959,0.7400473026696872,1.6427010118065553e-09,True,ok,,0.4,0.18,0.084
2020-11-14 17:00:00+00:00,0.6901566106820135,0.6901566106820135,1.6427007532016091e-09,0.6901566123247143,3.500569519020959,2.7963280795495167,0.6901566106820134,1.6427007080670631e-09,True,ok,,0.4,0.18,0.084
2020-11-14 18:00:00+00:00,0.9138307188508275,0.9138307188508275,1.6427007532016091e-09,0.9138307204935282,2.7963280795495167,1.8638477541915295,0.9138307188508272,1.6427007926728802e-09,True,ok,,0.4,0.18,0.084
2020-11-14 19:00:00+00:00,0.49935335995859936,0.49935335995859936,1.6426993099116771e-09,0.4993533616012987,1.8638477541915295,1.3543035093358158,0.4993533599585994,1.642699331344996e-09,True,ok,,0.4,0.18,0.084
2020-11-14 20:00:00+00:00,-0.17462658260875252,-0.17462658260875252,0.4342911937152011,0.25966461110644856,1.3543035093358158,1.5254375602923933,-0.1746265826087524,0.4342911937152011,True,ok,,0.2,0.07,0.084
2020-11-14 21:00:00+00:00,-0.1444779018113561,-0.1444779018113561,0.6078169012840806,0.4633389994727245,1.5254375602923933,1.6670259040675224,-0.14447790181135603,0.6078169012840806,True,ok,,0.2,0.07,0.084
2020-11-14 22:00:00+00:00,-0.15817376845516798,-0.15817376845516798,0.37337410231535406,0.21520033386018608,1.6670259040675224,1.822036197153587,-0.15817376845516815,0.37337410231535406,True,ok,,0.2,0.07,0.084
2020-11-14 23:00:00+00:00,-0.1534010505317556,-0.1534010505317556,0.34518668953434367,0.19178563900258808,1.822036197153587,1.9723692266747075,-0.15340105053175548,0.34518668953434367,True,ok,,0.2,0.07,0.084
2020-11-15 00:00:00+00:00,-0.16121692111404456,-0.16121692111404456,0.2788801990765173,0.11766327796247271,1.9723692266747075,2.1303618093664713,-0.16121692111404462,0.2788801990765173,True,ok,,0.2,0.07,0.084
2020-11-15 01:00:00+00:00,-0.14223361119286104,-0.14223361119286104,0.3211580552325239,0.17892444403966284,2.1303618093664713,2.269750748335475,-0.142233611192861,0.3211580552325239,True,ok,,0.2,0.07,0.084
2020-11-15 02:00:00+00:00,-0.13565690569552144,-0.13565690569552144,0.322778738858359,0.18712183316283756,2.269750748335475,2.4026945159170863,-0.13565690569552133,0.322778738858359,True,ok,,0.2,0.07,0.084
2020-11-15 03:00:00+00:00,-0.1263885137667706,-0.1263885137667706,0.34836818070184383,0.22197966693507323,2.4026945159170863,2.5265552594085214,-0.12638851376677043,0.34836818070184383,True,ok,,0.2,0.07,0.084
2020-11-15 04:00:00+00:00,-0.10914973392671051,-0.10914973392671051,0.5086629842405749,0.39951325031386437,2.5265552594085214,2.633521998656698,-0.10914973392671079,0.5086629842405749,True,ok,,0.2,0.07,0.084
2020-11-15 05:00:00+00:00,0.29422076516953144,0.29422076516953144,4.018332518396228e-07,0.2942211670027833,2.633521998656698,2.3332967280755432,0.2942207651695314,4.0183325182834193e-07,True,ok,,0.3,0.1,0.084
2020-11-15 06:00:00+00:00,0.4845050297434101,0.4845050297434101,4.0161214304168524e-07,0.48450543135555313,2.3332967280755432,1.8389038405822675,0.4845050297434102,4.016121430275861e-07,True,ok,,0.3,0.1,0.084
2020-11-15 07:00:00+00:00,1.4204572990153783,1.4204572990153783,4.0135362411319875e-07,1.4204577003690024,1.8389038405822675,0.3894576170971875,1.420457299015378,4.013536240638336e-07,True,ok,,0.3,0.1,0.084
2020-11-15 08:00:00+00:00,0.38166844989107857,0.38166844989107857,4.0115199140267066e-07,0.38166885104306997,0.3894576170971875,1.5167515521330444e-08,0.3816684498910788,4.0115199141759543e-07,True,ok,,0.3,0.1,0.084
2020-11-15 09:00:00+00:00,-1.8413610998608165,-1.8413610998608165,-0.22308545200070817,-2.0644465518615247,1.5167515521330444e-08,1.8045338930311157,-1.8413610998608159,-0.2230854520007082,True,ok,,0.3,0.1,0.084
2020-11-15 10:00:00+00:00,-2.3047105524543103,-2.3047105524543103,-0.2581923108585529,-2.562902863312863,1.8045338930311157,4.06315023443634,-2.304710552454311,-0.2581923108585528,True,ok,,0.3,0.1,0.084
2020-11-15 11:00:00+00:00,-1.539903904567965,-1.539903904567965,-0.24995799602151347,-1.7898619005894785,4.06315023443634,5.572256060912945,-1.5399039045679637,-0.2499579960215135,True,ok,,0.3,0.1,0.084
2020-11-15 12:00:00+00:00,-1.2241195005464607,-1.2241195005464607,-0.24327165080247215,-1.4673911513489328,5.572256060912945,6.771893171448477,-1.2241195005464585,-0.24327165080247204,True,ok,,0.3,0.1,0.084
2020-11-15 13:00:00+00:00,-0.4177428949232068,-0.4177428949232068,-0.1746693206272587,-0.5924122155504655,6.771893171448477,7.181281208473219,-0.41774289492320693,-0.17466932062725868,True,ok,,0.3,0.1,0.084
2020-11-15 14:00:00+00:00,0.0442515566411521,0.0442515566411521,-5.13106170052513e-09,0.0442515515100904,7.181281208473219,7.136126558839391,0.0442515566411521,-5.131061703611386e-09,True,ok,,0.3,0.1,0.084
2020-11-15 15:00:00+00:00,0.15713295578252878,0.15713295578252878,-3.900104517118308e-09,0.15713295188242427,7.136126558839391,6.975786808040892,0.15713295578252887,-3.9001045294728294e-09,True,ok,,0.3,0.1,0.084
2020-11-15 16:00:00+00:00,1.019691163556946,1.019691163556946,-1.9226985359388493e-07,1.0196909712870923,6.975786808040892,5.935285620737886,1.0196911635569457,-1.9226985368460224e-07,True,ok,,0.4,0.18,0.084
2020-11-15 17:00:00+00:00,0.9712061338253524,0.9712061338253524,-1.9227541625532751e-07,0.9712059415499361,5.935285620737886,4.944258953569159,0.9712061338253518,-1.9227541624466975e-07,True,ok,,0.4,0.18,0.084
2020-11-15 18:00:00+00:00,1.1241853605713763,1.1241853605713763,-1.9228123737669023e-07,1.124185168290139,4.944258953569159,3.797131034618775,1.1241853605713763,-1.9228123737381304e-07,True,ok,,0.4,0.18,0.084
2020-11-15 19:00:00+00:00,0.22932208497180895,0.22932208497180895,-1.1276590539122111e-07,0.22932197220590356,3.797131034618775,3.5631289070965213,0.22932208497180898,-1.1276590538858364e-07,True,ok,,0.4,0.18,0.084
2020-11-15 20:00:00+00:00,0.23870337568064753,0.23870337568064753,0.10910215159581571,0.34780552727646324,3.5631289070965213,3.319554033953003,0.23870337568064753,0.10910215159581571,True,ok,,0.2,0.07,0.084
2020-11-15 21:00:00+00:00,0.10428428911896064,0.10428428911896064,0.0818409333573628,0.18612522247632343,3.319554033953003,3.2131414940356966,0.10428428911896087,0.0818409333573628,True,ok,,0.2,0.07,0.084
2020-11-15 22:00:00+00:00,0.08769146460231227,0.08769146460231227,0.0757711187620682,0.16346258336438046,3.2131414940356966,3.1236604077068066,0.08769146460231221,0.0757711187620682,True,ok,,0.2,0.07,0.084
2020-11-15 23:00:00+00:00,0.6507488325829138,0.6507488325829138,0.41796214165738954,1.0687109742403034,3.1236604077068066,2.459630986703833,0.6507488325829135,0.4179621416573895,True,ok,,0.2,0.07,0.084
2020-11-16 00:00:00+00:00,0.056082656246456954,0.056082656246456954,0.05623414920101554,0.1123168054474725,2.459630986703833,2.4024037864523464,0.05608265624645694,0.05623414920101554,True,ok,,0.2,0.07,0.084
2020-11-16 01:00:00+00:00,0.08988830886606626,0.08988830886606626,0.10055274680000921,0.19044105566607547,2.4024037864523464,2.3106810223032994,0.08988830886606636,0.10055274680000921,True,ok,,0.2,0.07,0.084
2020-11-16 02:00:00+00:00,0.15790104211382044,0.15790104211382044,0.40872087596576784,0.5666219180795883,2.3106810223032994,2.149557509942258,0.1579010421138205,0.40872087596576784,True,ok,,0.2,0.07,0.084
2020-11-16 03:00:00+00:00,0.04531844912211459,0.04531844912211459,0.11334891171084131,0.1586673608329559,2.149557509942258,2.103314194511529,0.04531844912211461,0.11334891171084131,True,ok,,0.2,0.07,0.084
2020-11-16 04:00:00+00:00,0.060268484550362544,0.060268484550362544,0.32719257036813837,0.3874610549185009,2.103314194511529,2.0418157408887097,0.06026848455036252,0.32719257036813837,True,ok,,0.2,0.07,0.084
2020-11-16 05:00:00+00:00,0.12052580578326397,0.12052580578326397,7.93809462606987e-15,0.1205258057832719,2.0418157408887097,1.9188302247833382,0.12052580578326401,7.943783663137405e-15,True,ok,,0.3,0.1,0.084
2020-11-16 06:00:00+00:00,0.18972963220286193,0.18972963220286193,1.3600232051658168e-14,0.18972963220287553,1.9188302247833382,1.7252285592702137,0.18972963220286196,1.360727884393496e-14,True,ok,,0.3,0.1,0.084
2020-11-16 07:00:00+00:00,-0.06612608015289485,-0.06612608015289485,-2.4357784052242426e-07,-0.06612632373073538,1.7252285592702137,1.7900321178200507,-0.06612608015289485,-2.435778405231894e-07,True,ok,,0.3,0.1,0.084
2020-11-16 08:00:00+00:00,-0.4002399862296759,-0.4002399862296759,-2.4357855799017614e-07,-0.40024022980823387,1.7900321178200507,2.182267304325133,-0.4002399862296758,-2.435785580116016e-07,True,ok,,0.3,0.1,0.084
2020-11-16 09:00:00+00:00,-1.4561169536680154,-1.4561169536680154,-2.4357645345141066e-07,-1.4561171972444689,2.182267304325133,3.6092619189197883,-1.4561169536680154,-2.4357645348163094e-07,True,ok,,0.3,0.1,0.084
2020-11-16 10:00:00+00:00,-0.5693149730103141,-0.5693149730103141,-8.548717289613705e-15,-0.5693149730103226,3.6092619189197883,4.167190592469896,-0.569314973010314,-8.569117069167589e-15,True,ok,,0.3,0.1,0.084
2020-11-16 11:00:00+00:00,-1.5284752567449256,-1.5284752567449256,-3.552713678800501e-15,-1.5284752567449291,4.167190592469896,5.665096344079923,-1.5284752567449253,-3.645384189207987e-15,True,ok,,0.3,0.1,0.084
2020-11-16 12:00:00+00:00,-0.9990699929609126,-0.9990699929609126,-3.219646771412954e-15,-0.9990699929609158,5.665096344079923,6.644184937181617,-0.9990699929609124,-3.2149491977316534e-15,True,ok,,0.3,0.1,0.084
2020-11-16 13:00:00+00:00,-0.14529510617074143,-0.14529510617074143,6.411537967210279e-15,-0.14529510617073502,6.644184937181617,6.786574141228943,-0.14529510617074137,6.419705270595863e-15,True,ok,,0.3,0.1,0.084
2020-11-16 14:00:00+00:00,0.9925946397279711,0.9925946397279711,4.0202297646452223e-07,0.9925950417509476,6.786574141228943,5.7737224680371355,0.9925946397279707,4.020229764954495e-07,True,ok,,0.3,0.1,0.084
2020-11-16 15:00:00+00:00,1.2268343367790013,1.2268343367790013,4.020232684531777e-07,1.2268347388022698,5.7737224680371355,4.521850695813665,1.2268343367790018,4.020232684027091e-07,True,ok,,0.3,0.1,0.084
2020-11-16 16:00:00+00:00,1.4502772228794576,1.4502772228794576,1.6427095239635037e-09,1.4502772245221671,4.521850695813665,3.0419759785897287,1.4502772228794572,1.6427095740518278e-09,True,ok,,0.4,0.18,0.084
2020-11-16 17:00:00+00:00,0.8638807484385634,0.8638807484385634,1.6427093019188987e-09,0.8638807500812727,3.0419759785897287,2.160465010795276,0.8638807484385632,1.6427093216264241e-09,True,ok,,0.4,0.18,0.084
2020-11-16 18:00:00+00:00,0.9415368613134435,0.9415368613134435,1.6427091908965963e-09,0.9415368629561527,2.160465010795276,1.199713111495844,0.9415368613134436,1.6427091831661309e-09,True,ok,,0.4,0.18,0.084
2020-11-16 19:00:00+00:00,0.25444930498610546,0.25444930498610546,5.95941074266193e-10,0.25444930558204654,1.199713111495844,0.9400709635508384,0.2544493049861055,5.959410467276235e-10,True,ok,,0.4,0.18,0.084
2020-11-16 20:00:00+00:00,-1.2723831463158628,-1.2723831463158628,1.5569731186476512,0.28458997233178834,0.9400709635508384,2.187006446940384,-1.2723831463158628,1.5569731186476512,True,ok,,0.2,0.07,0.084
2020-11-16 21:00:00+00:00,-1.0201282342134417,-1.0201282342134417,1.2103091229748562,0.1901808887614146,2.187006446940384,3.186732116469557,-1.0201282342134417,1.2103091229748564,True,ok,,0.2,0.07,0.084
2020-11-16 22:00:00+00:00,-0.9150385330811216,-0.9150385330811216,1.0703438941692387,0.15530536108811713,3.186732116469557,4.083469878889056,-0.9150385330811213,1.0703438941692387,True,ok,,0.2,0.07,0.084
2020-11-16 23:00:00+00:00,-0.842910853126068,-0.842910853126068,1.0183646588190587,0.17545380569299074,4.083469878889056,4.909522514952602,-0.8429108531260678,1.0183646588190587,True,ok,,0.2,0.07,0.084
2020-11-17 00:00:00+00:00,-0.8179845822074625,-0.8179845822074625,0.9659583598883894,0.14797377768092684,4.909522514952602,5.7111474055159155,-0.8179845822074625,0.9659583598883893,True,ok,,0.2,0.07,0.084
2020-11-17 01:00:00+00:00,-0.7451892768914374,-0.7451892768914374,1.0340716101594962,0.28888233326805873,5.7111474055159155,6.441432896869524,-0.7451892768914375,1.0340716101594962,True,ok,,0.2,0.07,0.084
2020-11-17 02:00:00+00:00,-0.6259275678809907,-0.6259275678809907,1.3949594031668127,0.769031835285822,6.441432896869524,7.054841913392895,-0.6259275678809906,1.3949594031668127,True,ok,,0.2,0.07,0.084
2020-11-17 03:00:00+00:00,-0.7887696204171326,-0.7887696204171326,0.9496043702164374,0.16083474979930473,7.054841913392895,7.8278361414016855,-0.7887696204171326,0.9496043702164374,True,ok,,0.2,0.07,0.084
2020-11-17 04:00:00+00:00,-0.7805505703940382,-0.7805505703940382,0.9985031535454313,0.21795258315139313,7.8278361414016855,8.592775700387843,-0.7805505703940381,0.9985031535454313,True,ok,,0.2,0.07,0.084
2020-11-17 05:00:00+00:00,0.15069018036797327,0.15069018036797327,4.0302268647374184e-07,0.15069058339065974,8.592775700387843,8.439010210216441,0.15069018036797316,4.030226864745531e-07,True,ok,,0.3,0.1,0.084
2020-11-17 06:00:00+00:00,0.17580239647522777,0.17580239647522777,5.476260000469857e-07,0.17580294410122782,8.439010210216441,8.259620009731515,0.17580239647522777,5.476260000528909e-07,True,ok,,0.3,0.1,0.084
2020-11-17 07:00:00+00:00,0.10692851380891089,0.10692851380891089,5.475822508621553e-07,0.10692906139116175,8.259620009731515,8.150509281355076,0.10692851380891091,5.47582250867052e-07,True,ok,,0.3,0.1,0.084
2020-11-17 08:00:00+00:00,0.32143375522556344,0.32143375522556344,5.475381757436004e-07,0.3214343027637392,8.150509281355076,7.8225156535738885,0.3214337552255634,5.475381757622137e-07,True,ok,,0.3,0.1,0.084
2020-11-17 09:00:00+00:00,1.0568828158327843,1.0568828158327843,5.474965296681233e-07,1.056883363329314,7.8225156535738885,6.744063800683293,1.0568828158327845,5.474965296079801e-07,True,ok,,0.3,0.1,0.084
2020-11-17 10:00:00+00:00,0.7965585181490586,0.7965585181490586,5.474773483449269e-07,0.796559065626407,6.744063800683293,5.931248986245477,0.7965585181490584,5.474773483632207e-07,True,ok,,0.3,0.1,0.084
2020-11-17 11:00:00+00:00,0.014369744591363615,0.014369744591363615,5.47428663271593e-07,0.014370292020026886,5.931248986245477,5.916585981560412,0.014369744591363667,5.474286632713807e-07,True,ok,,0.3,0.1,0.084
2020-11-17 12:00:00+00:00,0.41058790567178544,0.41058790567178544,5.473942445433089e-07,0.41058845306603,5.916585981560412,5.497618730874917,0.4105879056717855,5.47394244562783e-07,True,ok,,0.3,0.1,0.084
2020-11-17 13:00:00+00:00,0.11121785171373748,0.11121785171373748,5.473407826001031e-07,0.11121839905452008,5.497618730874917,5.384131127085389,0.11121785171373738,5.473407825963949e-07,True,ok,,0.3,0.1,0.084
2020-11-17 14:00:00+00:00,1.0109046922810232,1.0109046922810232,5.472697972574991e-07,1.0109052395508205,5.384131127085389,4.352595726798631,1.0109046922810228,5.472697973592461e-07,True,ok,,0.3,0.1,0.084
2020-11-17 15:00:00+00:00,1.5077246158633173,1.5077246158633173,5.472389248417642e-07,1.5077251631022421,4.352595726798631,2.814101220815654,1.5077246158633177,5.472389249248938e-07,True,ok,,0.3,0.1,0.084
2020-11-17 16:00:00+00:00,1.3400311648683754,1.3400311648683754,2.294415324399779e-09,1.3400311671627907,2.814101220815654,1.4467224811540467,1.3400311648683751,2.294415311949093e-09,True,ok,,0.4,0.18,0.084
2020-11-17 17:00:00+00:00,0.7024593318619226,0.7024593318619226,2.294326728602414e-09,0.7024593341562493,1.4467224811540467,0.7299272445602482,0.7024593318619226,2.2943267706170897e-09,True,ok,,0.4,0.18,0.084
2020-11-17 18:00:00+00:00,0.496892719258154,0.496892719258154,2.2941644139962136e-09,0.4968927215523184,0.7299272445602482,0.22289385756213187,0.496892719258154,2.2941644056864076e-09,True,ok,,0.4,0.18,0.084
2020-11-17 19:00:00+00:00,0.21843438671976495,0.21843438671976495,2.2939492250184657e-09,0.21843438901371418,0.22289385756213187,1.6262154329260703e-06,0.21843438671976495,2.2939492178413425e-09,True,ok,,0.4,0.18,0.084
2020-11-17 20:00:00+00:00,-0.4660033984835846,-0.4660033984835846,0.7908058150598638,0.32480241657627923,1.6262154329260703e-06,0.4566849567293458,-0.4660033984835845,0.7908058150598638,True,ok,,0.2,0.07,0.084
2020-11-17 21:00:00+00:00,-0.3217162039699184,-0.3217162039699184,0.46389350951466535,0.14217730554474695,0.4566849567293458,0.7719668366198658,-0.32171620396991835,0.46389350951466535,True,ok,,0.2,0.07,0.084
2020-11-17 22:00:00+00:00,-0.25047209149498906,-0.25047209149498906,0.43159225788148753,0.18112016638649847,0.7719668366198658,1.017429486284955,-0.25047209149498895,0.43159225788148753,True,ok,,0.2,0.07,0.084
2020-11-17 23:00:00+00:00,-0.22085947001936335,-0.22085947001936335,0.3895835812902679,0.16872411127090453,1.017429486284955,1.2338717669039312,-0.22085947001936332,0.3895835812902679,True,ok,,0.2,0.07,0.084
2020-11-18 00:00:00+00:00,-0.20618556984282363,-0.20618556984282363,0.3466131251893124,0.1404275553464888,1.2338717669039312,1.4359336253498984,-0.20618556984282366,0.3466131251893124,True,ok,,0.2,0.07,0.084
2020-11-18 01:00:00+00:00,-0.13521589674096324,-0.13521589674096324,1.1146708156712295,0.9794549189302663,1.4359336253498984,1.5684452041560424,-0.1352158967409631,1.1146708156712295,True,ok,,0.2,0.07,0.084
2020-11-18 02:00:00+00:00,-0.13987143081073045,-0.13987143081073045,0.6010881249750059,0.4612166941642754,1.5684452041560424,1.7055192063505582,-0.13987143081073042,0.6010881249750059,True,ok,,0.2,0.07,0.084
2020-11-18 03:00:00+00:00,-0.15769398409095461,-0.15769398409095461,0.34661248405344336,0.18891849996248875,1.7055192063505582,1.8600593107596937,-0.15769398409095475,0.34661248405344336,True,ok,,0.2,0.07,0.084
2020-11-18 04:00:00+00:00,-0.12407414936271166,-0.12407414936271166,0.6104809002616037,0.48640675089889207,1.8600593107596937,1.981651977135151,-0.12407414936271167,0.6104809002616037,True,ok,,0.2,0.07,0.084
2020-11-18 05:00:00+00:00,0.5206990716321361,0.5206990716321361,4.018336775546416e-07,0.5206994734658137,1.981651977135151,1.450326393837053,0.520699071632136,4.0183367756337177e-07,True,ok,,0.3,0.1,0.084
2020-11-18 06:00:00+00:00,0.6560246818723615,0.6560246818723615,4.01669508764968e-07,0.6560250835418703,1.450326393837053,0.7809134531509698,0.6560246818723617,4.016695087396177e-07,True,ok,,0.3,0.1,0.084
2020-11-18 07:00:00+00:00,0.3646330171077766,0.3646330171077766,4.0150331426236363e-07,0.3646334186110909,0.7809134531509698,0.4088389458981365,0.3646330171077767,4.01503314241817e-07,True,ok,,0.3,0.1,0.084
2020-11-18 08:00:00+00:00,-0.07907552293439808,-0.07907552293439808,-8.437264775729147e-12,-0.07907552294283535,0.4088389458981365,0.48633295837384666,-0.07907552293439817,-8.437262117997064e-12,True,ok,,0.3,0.1,0.084
2020-11-18 09:00:00+00:00,0.47660628440939606,0.47660628440939606,4.000813334514852e-07,0.4766066844907295,0.48633295837384666,1.5098952699243995e-08,0.47660628440939606,4.0008133345268843e-07,True,ok,,0.3,0.1,0.084
2020-11-18 10:00:00+00:00,-0.04159940204161533,-0.04159940204161533,-0.01885295600445472,-0.06045235804607005,1.5098952699243995e-08,0.04076742909973572,-0.041599402041615406,-0.018852956004454715,True,ok,,0.3,0.1,0.084
2020-11-18 11:00:00+00:00,-1.6395363947019896,-1.6395363947019896,-0.21723226560539755,-1.8567686603073872,0.04076742909973572,1.6475130959076856,-1.6395363947019894,-0.21723226560539757,True,ok,,0.3,0.1,0.084
2020-11-18 12:00:00+00:00,-2.421695901338597,-2.421695901338597,-0.43486288028935416,-2.856558781627951,1.6475130959076856,4.0207750792195105,-2.421695901338597,-0.43486288028935427,True,ok,,0.3,0.1,0.084
2020-11-18 13:00:00+00:00,-2.292284216543308,-2.292284216543308,-0.10976001599872287,-2.402044232542031,4.0207750792195105,6.267213611431952,-2.292284216543308,-0.10976001599872304,True,ok,,0.3,0.1,0.084
2020-11-18 14:00:00+00:00,-0.7167026176694753,-0.7167026176694753,-0.09505438011678757,-0.8117569977862629,6.267213611431952,6.9695821767480375,-0.7167026176694749,-0.09505438011678752,True,ok,,0.3,0.1,0.084
2020-11-18 15:00:00+00:00,0.9889864720787295,0.9889864720787295,-5.146342574313678e-09,0.9889864669323869,6.9695821767480375,5.960412307279946,0.9889864720787293,-5.146342567158994e-09,True,ok,,0.3,0.1,0.084
2020-11-18 16:00:00+00:00,0.6479540325634217,0.6479540325634217,-8.808432538920385e-08,0.6479539444790963,5.960412307279946,5.299234723031557,0.6479540325634215,-8.808432537806516e-08,True,ok,,0.4,0.18,0.084
2020-11-18 17:00:00+00:00,0.8099921324175234,0.8099921324175234,-2.4280299437684505e-07,0.8099918896145291,5.299234723031557,4.472712138932043,0.8099921324175232,-2.428029944276323e-07,True,ok,,0.4,0.18,0.084
2020-11-18 18:00:00+00:00,0.5125170869320388,0.5125170869320388,-1.1276633415935322e-07,0.5125169741657046,4.472712138932043,3.949735519613636,0.5125170869320388,-1.1276633419381511e-07,True,ok,,0.4,0.18,0.084
2020-11-18 19:00:00+00:00,0.37947055842772054,0.37947055842772054,-1.1276564571005565e-07,0.37947044566207483,3.949735519613636,3.5625206640751457,0.3794705584277205,-1.127656457194307e-07,True,ok,,0.4,0.18,0.084
2020-11-18 20:00:00+00:00,0.05423463551106311,0.05423463551106311,0.2296677808426923,0.2839024163537554,3.5625206640751457,3.5071791992679384,0.054234635511063174,0.2296677808426923,True,ok,,0.2,0.07,0.084
2020-11-18 21:00:00+00:00,0.03418546647203119,0.03418546647203119,0.1265677282177196,0.1607531946897508,3.5071791992679384,3.4722960702148455,0.0341854664720312,0.1265677282177196,True,ok,,0.2,0.07,0.084
2020-11-18 22:00:00+00:00,0.029611221816788602,0.029611221816788602,0.13845019462375122,0.16806141644053982,3.4722960702148455,3.4420805377487347,0.029611221816788626,0.13845019462375122,True,ok,,0.2,0.07,0.084
2020-11-18 23:00:00+00:00,0.023270804379237495,0.023270804379237495,0.11612938992660647,0.13940019430584397,3.4420805377487347,3.4183348189944107,0.023270804379237436,0.11612938992660647,True,ok,,0.2,0.07,0.084
2020-11-19 00:00:00+00:00,0.02050207852332009,0.02050207852332009,0.15947408808792737,0.17997616661124746,3.4183348189944107,3.3974143307053084,0.02050207852331996,0.15947408808792737,True,ok,,0.2,0.07,0.084
2020-11-19 01:00:00+00:00,0.01746924439763918,0.01746924439763918,0.10513350541363944,0.12260274981127862,3.3974143307053084,3.379588571115881,0.017469244397639208,0.10513350541363944,True,ok,,0.2,0.07,0.084
2020-11-19 02:00:00+00:00,0.01765692493939708,0.01765692493939708,0.7185095737666781,0.7361664987060752,3.379588571115881,3.3615713007695573,0.017656924939397196,0.7185095737666781,True,ok,,0.2,0.07,0.084
2020-11-19 03:00:00+00:00,0.013945539718048516,0.013945539718048516,0.1483068768343893,0.16225241655243783,3.3615713007695573,3.3473411582001202,0.013945539718048672,0.1483068768343893,True,ok,,0.2,0.07,0.084
2020-11-19 04:00:00+00:00,0.012920539666794795,0.012920539666794795,0.1736909326776036,0.1866114723443984,3.3473411582001202,3.3341569340503296,0.01292053966679479,0.1736909326776036,True,ok,,0.2,0.07,0.084
2020-11-19 05:00:00+00:00,0.18332119422744172,0.18332119422744172,9.486855745421963e-14,0.1833211942275366,3.3341569340503296,3.1470944909611034,0.1833211942274416,9.486197546760969e-14,True,ok,,0.3,0.1,0.084
2020-11-19 06:00:00+00:00,0.6998826955263138,0.6998826955263138,2.3148150063434514e-13,0.6998826955265453,3.1470944909611034,2.432928475117926,0.6998826955263135,2.3146566839073754e-13,True,ok,,0.3,0.1,0.084
2020-11-19 07:00:00+00:00,0.3805618836423536,0.3805618836423536,4.0202263290600726e-07,0.3805622856649865,2.432928475117926,2.0446000224216467,0.38056188364235355,4.0202263288812444e-07,True,ok,,0.3,0.1,0.084
2020-11-19 08:00:00+00:00,-2.253817047142343,-2.253817047142343,0.0,-2.253817047142343,2.0446000224216467,4.2533407286211435,-2.253817047142343,-1.856444162688443e-16,True,ok,,0.3,0.1,0.084
2020-11-19 09:00:00+00:00,-1.8595497006759765,-1.8595497006759765,-2.220446049250313e-15,-1.8595497006759787,4.2533407286211435,6.0756994352836005,-1.8595497006759767,-2.2836660558108104e-15,True,ok,,0.3,0.1,0.084
2020-11-19 10:00:00+00:00,-0.8527782558833942,-0.8527782558833942,-1.5543122344752192e-15,-0.8527782558833957,6.0756994352836005,6.9114221260493265,-0.852778255883394,-1.5195461344881414e-15,True,ok,,0.3,0.1,0.084
2020-11-19 11:00:00+00:00,-0.3126208946038036,-0.3126208946038036,1.27675647831893e-15,-0.3126208946038023,6.9114221260493265,7.217790602761054,-0.3126208946038036,1.2667224571992686e-15,True,ok,,0.3,0.1,0.084
2020-11-19 12:00:00+00:00,0.35923639319407796,0.35923639319407796,4.020226068157662e-07,0.3592367952166848,7.217790602761054,6.851222854603832,0.35923639319407824,4.0202260679939997e-07,True,ok,,0.3,0.1,0.084
2020-11-19 13:00:00+00:00,-0.0739974254985574,-0.0739974254985574,1.5085155347094314e-14,-0.07399742549854231,6.851222854603832,6.923740331592418,-0.07399742549855735,1.5082838479752538e-14,True,ok,,0.3,0.1,0.084
2020-11-19 14:00:00+00:00,1.1284376108246346,1.1284376108246346,4.0202295492619555e-07,1.1284380128475895,6.923740331592418,5.772273381771362,1.1284376108246341,4.0202295482881694e-07,True,ok,,0.3,0.1,0.084
2020-11-19 15:00:00+00:00,1.4558581131319248,1.4558581131319248,4.020229804613251e-07,1.4558585151549053,5.772273381771362,4.286703878575521,1.4558581131319246,4.0202298043972657e-07,True,ok,,0.3,0.1,0.084
2020-11-19 16:00:00+00:00,1.282284946253298,1.282284946253298,1.6427064153390347e-09,1.2822849478960043,4.286703878575521,2.9782498517864413,1.2822849462532984,1.6427064973958083e-09,True,ok,,0.4,0.18,0.084
2020-11-19 17:00:00+00:00,1.189969999048173,1.189969999048173,1.6427110782757381e-09,1.189970000690884,2.9782498517864413,1.7639947507168772,1.1899699990481734,1.6427110367128906e-09,True,ok,,0.4,0.18,0.084
2020-11-19 18:00:00+00:00,1.078072161917941,1.078072161917941,1.6427124105433677e-09,1.0780721635606534,1.7639947507168772,0.6639211161067333,1.0780721619179403,1.642712388511931e-09,True,ok,,0.4,0.18,0.084
2020-11-19 19:00:00+00:00,0.4334144447191492,0.4334144447191492,1.6427100235638648e-09,0.4334144463618592,0.6639211161067333,0.22166147863821373,0.43341444471914903,1.6427100227593706e-09,True,ok,,0.4,0.18,0.084
2020-11-19 20:00:00+00:00,-0.9669661784157475,-0.9669661784157475,1.2747960939816623,0.30782991556591477,0.22166147863821373,1.1692883334856463,-0.9669661784157475,1.2747960939816623,True,ok,,0.2,0.07,0.084
2020-11-19 21:00:00+00:00,-0.6934760625050673,-0.6934760625050673,0.8764192289676478,0.18294316646258052,1.1692883334856463,1.8488948747406124,-0.6934760625050672,0.8764192289676478,True,ok,,0.2,0.07,0.084
2020-11-19 22:00:00+00:00,-0.5396953892480688,-0.5396953892480688,0.8643419736237676,0.3246465843756988,1.8488948747406124,2.37779635620372,-0.5396953892480688,0.8643419736237676,True,ok,,0.2,0.07,0.084
2020-11-19 23:00:00+00:00,-0.4033561469318937,-0.4033561469318937,1.2672642288899232,0.8639080819580295,2.37779635620372,2.7730853801969757,-0.4033561469318932,1.2672642288899232,True,ok,,0.2,0.07,0.084
2020-11-20 00:00:00+00:00,-0.49011147053364473,-0.49011147053364473,0.6579608590933043,0.16784938855965953,2.7730853801969757,3.2533946213199476,-0.4901114705336447,0.6579608590933043,True,ok,,0.2,0.07,0.084
2020-11-20 01:00:00+00:00,-0.4373229118139308,-0.4373229118139308,0.6849276891235603,0.24760477730962946,3.2533946213199476,3.6819710748976,-0.4373229118139307,0.6849276891235603,True,ok,,0.2,0.07,0.084
2020-11-20 02:00:00+00:00,-0.3602478142290172,-0.3602478142290172,0.9127570355020156,0.5525092212729984,3.6819710748976,4.035013932842037,-0.36024781422901725,0.9127570355020156,True,ok,,0.2,0.07,0.084
2020-11-20 03:00:00+00:00,-0.4281561575279859,-0.4281561575279859,0.5900636852820277,0.16190752775404177,4.035013932842037,4.454606967219463,-0.428156157527986,0.5900636852820277,True,ok,,0.2,0.07,0.084
2020-11-20 04:00:00+00:00,-0.40391097128366293,-0.40391097128366293,0.6039376099239607,0.2000266386402978,4.454606967219463,4.850439719077452,-0.40391097128366293,0.6039376099239607,True,ok,,0.2,0.07,0.084
2020-11-20 05:00:00+00:00,0.16099040877897994,0.16099040877897994,1.4663723313379506e-07,0.16099055541621307,4.850439719077452,4.686163791751962,0.16099040877898005,1.4663723312635994e-07,True,ok,,0.3,0.1,0.084
2020-11-20 06:00:00+00:00,0.7998777663668465,0.7998777663668465,5.171159208616771e-07,0.7998782834827673,4.686163791751962,3.869961989336813,0.7998777663668466,5.171159208834368e-07,True,ok,,0.3,0.1,0.084
2020-11-20 07:00:00+00:00,0.04965315910799693,0.04965315910799693,5.170902721077231e-07,0.04965367619826904,3.869961989336813,3.8192955004511018,0.04965315910799692,5.170902721080337e-07,True,ok,,0.3,0.1,0.084
2020-11-20 08:00:00+00:00,-0.3108726262546423,-0.3108726262546423,6.306505873077128e-10,-0.3108726256239917,3.8192955004511018,4.1239506741806515,-0.3108726262546421,6.306506070158052e-10,True,ok,,0.3,0.1,0.084
2020-11-20 09:00:00+00:00,-0.9856688549360443,-0.9856688549360443,6.304734512241339e-10,-0.9856688543055708,4.1239506741806515,5.089906152017975,-0.9856688549360443,6.304734458277035e-10,True,ok,,0.3,0.1,0.084
2020-11-20 10:00:00+00:00,-0.501928303985307,-0.501928303985307,6.303968458354348e-10,-0.5019283033549101,5.089906152017975,5.581795889923576,-0.501928303985307,6.303968330394478e-10,True,ok,,0.3,0.1,0.084
2020-11-20 11:00:00+00:00,-1.0649443817054212,-1.0649443817054212,6.302600663588009e-10,-1.064944381075161,5.581795889923576,6.625441383994889,-1.064944381705421,6.302600917533105e-10,True,ok,,0.3,0.1,0.084
2020-11-20 12:00:00+00:00,-1.2440902887157894,-1.2440902887157894,1.7866574886227227e-10,-1.2440902885371237,6.625441383994889,7.844649866936362,-1.2440902887157894,1.7866580061829708e-10,True,ok,,0.3,0.1,0.084
2020-11-20 13:00:00+00:00,0.7266202172741202,0.7266202172741202,5.169567417473431e-07,0.7266207342308619,7.844649866936362,7.10320066563624,0.7266202172741205,5.169567417722217e-07,True,ok,,0.3,0.1,0.084
2020-11-20 14:00:00+00:00,0.6396740240186055,0.6396740240186055,5.169312669028869e-07,0.6396745409498724,7.10320066563624,6.450472069698887,0.6396740240186055,5.169312668733337e-07,True,ok,,0.3,0.1,0.084
2020-11-20 15:00:00+00:00,2.2235467588015627,2.2235467588015627,5.169014198891375e-07,2.2235472757029826,6.450472069698887,4.18154680561566,2.223546758801563,5.169014199641506e-07,True,ok,,0.3,0.1,0.084
2020-11-20 16:00:00+00:00,1.2078212190898387,1.2078212190898387,2.1876098710293945e-09,1.2078212212774486,4.18154680561566,2.949076173891335,1.2078212190898385,2.187609968302787e-09,True,ok,,0.4,0.18,0.084
2020-11-20 17:00:00+00:00,1.1659648617406182,1.1659648617406182,2.1875419253802875e-09,1.1659648639281601,2.949076173891335,1.759316110890704,1.1659648617406186,2.187541832605199e-09,True,ok,,0.4,0.18,0.084
2020-11-20 18:00:00+00:00,0.8748386082603049,0.8748386082603049,2.187470760084409e-09,0.8748386104477757,1.759316110890704,0.8666236534822297,0.8748386082603047,2.1874707235349075e-09,True,ok,,0.4,0.18,0.084
2020-11-20 19:00:00+00:00,0.849289274078721,0.849289274078721,2.187376946238828e-09,0.849289276266098,0.8666236534822297,1.945238636835711e-06,0.8492892740787209,2.187376908080106e-09,True,ok,,0.4,0.18,0.084
2020-11-20 20:00:00+00:00,-2.1758997700681304,-2.1758997700681304,2.7121104911476377,0.5362107210795073,1.945238636835711e-06,2.1323837199054045,-2.1758997700681304,2.7121104911476377,True,ok,,0.2,0.07,0.084
2020-11-20 21:00:00+00:00,-1.5997834844962668,-1.5997834844962668,1.7943329284855967,0.1945494439893299,2.1323837199054045,3.700171534711746,-1.5997834844962664,1.7943329284855967,True,ok,,0.2,0.07,0.084
2020-11-20 22:00:00+00:00,-1.4121599549026032,-1.4121599549026032,1.5511975104355884,0.1390375555329853,3.700171534711746,5.084088290516297,-1.412159954902603,1.5511975104355884,True,ok,,0.2,0.07,0.084
2020-11-20 23:00:00+00:00,-1.3016920892430424,-1.3016920892430424,1.501852339104124,0.20016024986108163,5.084088290516297,6.359746537974479,-1.3016920892430424,1.501852339104124,True,ok,,0.2,0.07,0.084
2020-11-21 00:00:00+00:00,-1.2323591045767872,-1.2323591045767872,1.5529639107933444,0.3206048062165572,6.359746537974479,7.56745846045973,-1.2323591045767872,1.5529639107933444,True,ok,,0.2,0.07,0.084
2020-11-21 01:00:00+00:00,-1.3140825474126119,-1.3140825474126119,1.4973543532791713,0.18327180586655942,7.56745846045973,8.85525935692409,-1.3140825474126119,1.4973543532791713,True,ok,,0.2,0.07,0.084
2020-11-21 02:00:00+00:00,-1.4101075511334105,-1.4101075511334105,1.5873607454946734,0.17725319436126288,8.85525935692409,10.237164757034833,-1.4101075511334105,1.5873607454946734,True,ok,,0.2,0.07,0.084
2020-11-21 03:00:00+00:00,-1.44014106512193,-1.44014106512193,2.2233344809676945,0.7831934158457645,10.237164757034833,11.648503000854324,-1.4401410651219297,2.2233344809676945,True,ok,,0.2,0.07,0.084
2020-11-21 04:00:00+00:00,-2.1954048100632164,-2.1954048100632164,2.829475393009357,0.6340705829461404,11.648503000854324,13.799999714716277,-2.1954048100632164,2.829475393009357,True,ok,,0.2,0.07,0.084
2020-11-21 05:00:00+00:00,0.945045788912827,0.945045788912827,0.4545280175213806,1.3995738064342076,13.799999714716277,12.835667277050128,0.9450457889128268,0.4545280175213806,True,ok,,0.3,0.1,0.084
2020-11-21 06:00:00+00:00,2.7076850175873064,2.7076850175873064,1.8423983760432714,4.550083393630578,12.835667277050128,10.072723381552876,2.7076850175873086,1.8423983760432714,True,ok,,0.3,0.1,0.084
2020-11-21 07:00:00+00:00,0.6315256243105821,0.6315256243105821,0.6202343008542647,1.2517599251648468,10.072723381552876,9.42830947919514,0.6315256243105815,0.6202343008542647,True,ok,,0.3,0.1,0.084
2020-11-21 08:00:00+00:00,0.691531927380552,0.691531927380552,0.7322384074319541,1.4237703348125061,9.42830947919514,8.722664655337432,0.6915319273805514,0.7322384074319541,True,ok,,0.3,0.1,0.084
2020-11-21 09:00:00+00:00,0.4659575353705605,0.4659575353705605,0.5036889812077545,0.969646516578315,8.722664655337432,8.24719778251033,0.46595753537056056,0.5036889812077545,True,ok,,0.3,0.1,0.084
2020-11-21 10:00:00+00:00,0.6441831246726658,0.6441831246726658,0.7496448487407114,1.3938279734133772,8.24719778251033,7.589868063456589,0.6441831246726667,0.7496448487407114,True,ok,,0.3,0.1,0.084
2020-11-21 11:00:00+00:00,0.4228093440672944,0.4228093440672944,0.468917299867355,0.8917266439346494,7.589868063456589,7.158429957265472,0.42280934406729453,0.468917299867355,True,ok,,0.3,0.1,0.084
2020-11-21 12:00:00+00:00,0.28827744509182884,0.28827744509182884,0.29842929198691526,0.5867067370787441,7.158429957265472,6.864269299008504,0.2882774450918289,0.29842929198691526,True,ok,,0.3,0.1,0.084
2020-11-21 13:00:00+00:00,0.41085491327697915,0.41085491327697915,0.45504959339038403,0.8659045066673632,6.864269299008504,6.445029591583015,0.41085491327697915,0.45504959339038403,True,ok,,0.3,0.1,0.084
2020-11-21 14:00:00+00:00,0.3646318331909305,0.3646318331909305,0.39147689568969735,0.7561087288806279,6.445029591583015,6.0729562924085965,0.3646318331909307,0.39147689568969735,True,ok,,0.3,0.1,0.084
2020-11-21 15:00:00+00:00,0.3414269680700669,0.3414269680700669,0.3574950076644321,0.698921975734499,6.0729562924085965,5.724561427030977,0.3414269680700667,0.3574950076644321,True,ok,,0.3,0.1,0.084
2020-11-21 16:00:00+00:00,2.0153818833823807,2.0153818833823807,4.172740375452122e-09,2.015381887555121,5.724561427030977,3.668049301130589,2.0153818833823807,4.172740531541417e-09,True,ok,,0.4,0.18,0.084
2020-11-21 17:00:00+00:00,2.277385445597851,2.277385445597851,4.171907708183653e-09,2.2773854497697585,3.668049301130589,1.3441866015409452,2.2773854455978504,4.1719078344086005e-09,True,ok,,0.4,0.18,0.084
2020-11-21 18:00:00+00:00,0.5602345800173263,0.5602345800173263,9.312918214376964e-10,0.5602345809486181,1.3441866015409452,0.772518662747755,0.5602345800173263,9.312918706256278e-10,True,ok,,0.4,0.18,0.084
2020-11-21 19:00:00+00:00,0.7570678858703849,0.7570678858703849,4.188238644786679e-09,0.7570678900586235,0.772518662747755,4.1185960719669623e-07,0.7570678858703846,4.1882386689358335e-09,True,ok,,0.4,0.18,0.084
2020-11-21 20:00:00+00:00,-2.2401497038942058,-2.2401497038942058,2.5064422316810964,0.26629252778689083,4.1185960719669623e-07,2.195347121675929,-2.2401497038942053,2.5064422316810964,True,ok,,0.2,0.07,0.084
2020-11-21 21:00:00+00:00,-1.6025664629811107,-1.6025664629811107,1.8137027687371499,0.2111363057560392,2.195347121675929,3.7658622553974173,-1.6025664629811107,1.8137027687371499,True,ok,,0.2,0.07,0.084
2020-11-21 22:00:00+00:00,-1.1889877077244044,-1.1889877077244044,2.0536950396864606,0.8647073319620563,3.7658622553974173,4.931070208967333,-1.1889877077244042,2.0536950396864606,True,ok,,0.2,0.07,0.084
2020-11-21 23:00:00+00:00,-1.319862923708288,-1.319862923708288,1.4860504236182186,0.16618749990993056,4.931070208967333,6.224535874201456,-1.3198629237082882,1.4860504236182186,True,ok,,0.2,0.07,0.084
2020-11-22 00:00:00+00:00,-1.2824029584979466,-1.2824029584979466,1.4719366527837634,0.18953369428581668,6.224535874201456,7.481290773529443,-1.2824029584979466,1.4719366527837634,True,ok,,0.2,0.07,0.084
2020-11-22 01:00:00+00:00,-1.3157238045121287,-1.3157238045121287,1.482296082508404,0.16657227799627525,7.481290773529443,8.770700101951329,-1.3157238045121287,1.482296082508404,True,ok,,0.2,0.07,0.084
2020-11-22 02:00:00+00:00,-1.3917859398500658,-1.3917859398500658,1.5866413567254813,0.1948554168754155,8.770700101951329,10.134650323004394,-1.3917859398500656,1.5866413567254813,True,ok,,0.2,0.07,0.084
2020-11-22 03:00:00+00:00,-1.5922038373212588,-1.5922038373212588,1.8261706699352034,0.23396683261394466,10.134650323004394,11.695010083579227,-1.5922038373212588,1.8261706699352034,True,ok,,0.2,0.07,0.084
2020-11-22 04:00:00+00:00,-2.1479486032023853,-2.1479486032023853,2.892561241471916,0.7446126382695304,11.695010083579227,13.799999714717565,-2.147948603202386,2.892561241471916,True,ok,,0.2,0.07,0.084
2020-11-22 05:00:00+00:00,0.12910328415430886,0.12910328415430886,0.04926066035233645,0.1783639445066453,13.799999714717565,13.668261669662147,0.1291032841543089,0.04926066035233645,True,ok,,0.3,0.1,0.084
2020-11-22 06:00:00+00:00,0.44625067018576725,0.44625067018576725,0.15388446765831854,0.6001351378440858,13.668261669662147,13.212903842941977,0.4462506701857672,0.15388446765831856,True,ok,,0.3,0.1,0.084
2020-11-22 07:00:00+00:00,1.9777073978309638,1.9777073978309638,0.32954615476261795,2.307253552593582,13.212903842941977,11.194835069645075,1.9777073978309634,0.32954615476261784,True,ok,,0.3,0.1,0.084
2020-11-22 08:00:00+00:00,1.357524966362054,1.357524966362054,0.3341707854344085,1.6916957517964626,11.194835069645075,9.809605512132775,1.3575249663620539,0.33417078543440853,True,ok,,0.3,0.1,0.084
2020-11-22 09:00:00+00:00,1.1267759300319398,1.1267759300319398,0.3344813334288963,1.461257263460836,9.809605512132775,8.659834154957325,1.1267759300319402,0.3344813334288962,True,ok,,0.3,0.1,0.084
2020-11-22 10:00:00+00:00,0.4641814999153036,0.4641814999153036,0.2376822516561748,0.7018637515714784,8.659834154957325,8.186179563207016,0.4641814999153034,0.2376822516561748,True,ok,,0.3,0.1,0.084
2020-11-22 11:00:00+00:00,1.2706630728481774,1.2706630728481774,0.36253867284370656,1.633201745691884,8.186179563207016,6.889584590912958,1.2706630728481776,0.3625386728437065,True,ok,,0.3,0.1,0.084
2020-11-22 12:00:00+00:00,-0.03458880153245305,-0.03458880153245305,2.9166945733627436e-09,-0.034588798615758476,6.889584590912958,6.923481616414762,-0.03458880153245318,2.9166945710738397e-09,True,ok,,0.3,0.1,0.084
2020-11-22 13:00:00+00:00,0.9749465153235817,0.9749465153235817,0.33494975165240426,1.309896266975986,6.923481616414762,5.928638233431515,0.9749465153235806,0.3349497516524043,True,ok,,0.3,0.1,0.084
2020-11-22 14:00:00+00:00,0.8989512873792569,0.8989512873792569,0.3215137672020085,1.2204650545812654,5.928638233431515,5.011341001411865,0.8989512873792568,0.3215137672020085,True,ok,,0.3,0.1,0.084
2020-11-22 15:00:00+00:00,0.581453461538426,0.581453461538426,0.26254142132873526,0.8439948828671613,5.011341001411865,4.418021142699185,0.5814534615384258,0.26254142132873526,True,ok,,0.3,0.1,0.084
2020-11-22 16:00:00+00:00,1.9655913322090026,1.9655913322090026,4.173755341341234e-09,1.965591336382758,4.418021142699185,2.412315701669591,1.9655913322090022,4.173755308698555e-09,True,ok,,0.4,0.18,0.084
2020-11-22 17:00:00+00:00,0.6816331867583177,0.6816331867583177,4.172897138943199e-09,0.6816331909312149,2.412315701669591,1.7167716335488583,0.6816331867583176,4.17289708456177e-09,True,ok,,0.4,0.18,0.084
2020-11-22 18:00:00+00:00,1.1884357693081689,1.1884357693081689,4.170445100371012e-09,1.188435773478614,1.7167716335488583,0.5040820730303186,1.1884357693081689,4.170445108496504e-09,True,ok,,0.4,0.18,0.084
2020-11-22 19:00:00+00:00,0.49400002469293,0.49400002469293,4.16896306365544e-09,0.49400002886189304,0.5040820730303186,4.151803900676043e-07,0.49400002469293,4.168963081249505e-09,True,ok,,0.4,0.18,0.084
2020-11-22 20:00:00+00:00,-0.2696367036819204,-0.2696367036819204,0.5605389815754105,0.2909022778934901,4.151803900676043e-07,0.264244384788672,-0.26963670368192033,0.5605389815754105,True,ok,,0.2,0.07,0.084
2020-11-22 21:00:00+00:00,-0.16877981631330474,-0.16877981631330474,0.35491267730764336,0.18613286099433862,0.264244384788672,0.42964860477571065,-0.16877981631330471,0.35491267730764336,True,ok,,0.2,0.07,0.084
2020-11-22 22:00:00+00:00,-0.13252490124097546,-0.13252490124097546,0.30899120675647684,0.17646630551550138,0.42964860477571065,0.5595230079918666,-0.13252490124097563,0.30899120675647684,True,ok,,0.2,0.07,0.084
2020-11-22 23:00:00+00:00,-0.10984050720036681,-0.10984050720036681,0.3057803959293564,0.1959398887289896,0.5595230079918666,0.6671667050482261,-0.10984050720036685,0.3057803959293564,True,ok,,0.2,0.07,0.084
2020-11-23 00:00:00+00:00,-0.10170504081079684,-0.10170504081079684,0.2593757349951002,0.15767069418430335,0.6671667050482261,0.7668376450428069,-0.10170504081079684,0.2593757349951002,True,ok,,0.2,0.07,0.084
2020-11-23 01:00:00+00:00,-0.07943358202737955,-0.07943358202737955,0.4215439700334846,0.34211038800610505,0.7668376450428069,0.8446825554296389,-0.07943358202737974,0.4215439700334846,True,ok,,0.2,0.07,0.084
2020-11-23 02:00:00+00:00,-0.06689907383175875,-0.06689907383175875,0.8515696880160318,0.7846706141842731,0.8446825554296389,0.9102436477847624,-0.06689907383175879,0.8515696880160318,True,ok,,0.2,0.07,0.084
2020-11-23 03:00:00+00:00,-0.06483546958242348,-0.06483546958242348,0.6038864436812651,0.5390509740988416,0.9102436477847624,0.9737824079755374,-0.06483546958242348,0.6038864436812651,True,ok,,0.2,0.07,0.084
2020-11-23 04:00:00+00:00,-0.05969778412100901,-0.05969778412100901,0.7855353720550793,0.7258375879340703,0.9737824079755374,1.0322862364141263,-0.05969778412100878,0.7855353720550793,True,ok,,0.2,0.07,0.084
2020-11-23 05:00:00+00:00,0.15683532073209008,0.15683532073209008,4.0165607129161174e-07,0.15683572238816137,1.0322862364141263,0.872250194850769,0.15683532073209025,4.016560712815092e-07,True,ok,,0.3,0.1,0.084
2020-11-23 06:00:00+00:00,0.8548051763509521,0.8548051763509521,4.0091101716210886e-07,0.8548055772619693,0.872250194850769,1.4900817912888442e-08,0.8548051763509522,4.009110171233709e-07,True,ok,,0.3,0.1,0.084
2020-11-23 07:00:00+00:00,-0.14377729599527156,-0.14377729599527156,-0.06601942025020069,-0.20979671624547225,1.4900817912888442e-08,0.14090176497618404,-0.1437772959952716,-0.0660194202502007,True,ok,,0.3,0.1,0.084
2020-11-23 08:00:00+00:00,-1.3710945953364657,-1.3710945953364657,-0.5920512909273448,-1.9631458862638105,0.14090176497618404,1.4845744684059206,-1.3710945953364657,-0.5920512909273447,True,ok,,0.3,0.1,0.084
2020-11-23 09:00:00+00:00,-2.1695682510308636,-2.1695682510308636,-1.1456096522267951,-3.3151779032576587,1.4845744684059206,3.6107513544161667,-2.1695682510308636,-1.145609652226795,True,ok,,0.3,0.1,0.084
2020-11-23 10:00:00+00:00,-2.356111666522694,-2.356111666522694,-1.5237552479767058,-3.8798669144994,3.6107513544161667,5.919740787608407,-2.3561116665226938,-1.5237552479767056,True,ok,,0.3,0.1,0.084
2020-11-23 11:00:00+00:00,-2.01553781359102,-2.01553781359102,-1.5824272749266188,-3.597965088517639,5.919740787608407,7.894967844927606,-2.0155378135910196,-1.5824272749266188,True,ok,,0.3,0.1,0.084
2020-11-23 12:00:00+00:00,-1.6788197803228098,-1.6788197803228098,-0.9448869081373625,-2.6237066884601723,7.894967844927606,9.54021122964396,-1.6788197803228095,-0.9448869081373625,True,ok,,0.3,0.1,0.084
2020-11-23 13:00:00+00:00,-0.8003049155074823,-0.8003049155074823,-0.5666112276494432,-1.3669161431569254,9.54021122964396,10.324510046841294,-0.800304915507482,-0.5666112276494432,True,ok,,0.3,0.1,0.084
2020-11-23 14:00:00+00:00,0.1885880248854677,0.1885880248854677,-1.8669970014428827e-09,0.1885880230184707,10.324510046841294,10.132073286754082,0.18858802488546741,-1.866996999756542e-09,True,ok,,0.3,0.1,0.084
2020-11-23 15:00:00+00:00,1.4661990284375161,1.4661990284375161,-5.146355341878461e-09,1.4661990232911608,10.132073286754082,8.63595182916478,1.466199028437516,-5.14635527808697e-09,True,ok,,0.3,0.1,0.084
2020-11-23 16:00:00+00:00,1.4663690496578627,1.4663690496578627,-2.4280032961954134e-07,1.4663688068575331,8.63595182916478,7.139656880534307,1.4663690496578632,-2.4280032966619057e-07,True,ok,,0.4,0.18,0.084
2020-11-23 17:00:00+00:00,0.878646584693692,0.878646584693692,-1.1276944000826461e-07,0.8786464719242519,7.139656880534307,6.243078732887683,0.8786465846936921,-1.1276944002249463e-07,True,ok,,0.4,0.18,0.084
2020-11-23 18:00:00+00:00,1.153912560816941,1.153912560816941,-1.1276569877871623e-07,1.1539124480512422,6.243078732887683,5.065616936135703,1.1539125608169412,-1.127656987534147e-07,True,ok,,0.4,0.18,0.084
2020-11-23 19:00:00+00:00,0.753172612194344,0.753172612194344,-1.1276548805838615e-07,0.7531724994288559,5.065616936135703,4.29707345430474,0.7531726121943438,-1.1276548807489031e-07,True,ok,,0.4,0.18,0.084
2020-11-23 20:00:00+00:00,-0.019793413205151267,-0.019793413205151267,0.7004424685748469,0.6806490553696957,4.29707345430474,4.316470999245788,-0.01979341320515139,0.7004424685748469,True,ok,,0.2,0.07,0.084
2020-11-23 21:00:00+00:00,-0.021352297579338292,-0.021352297579338292,0.20323346389176783,0.18188116631242954,4.316470999245788,4.33739625087354,-0.021352297579338323,0.20323346389176783,True,ok,,0.2,0.07,0.084
2020-11-23 22:00:00+00:00,-0.02140982996448737,-0.02140982996448737,0.19390935746654722,0.17249952750205985,4.33739625087354,4.358377884238737,-0.02140982996448758,0.19390935746654722,True,ok,,0.2,0.07,0.084
2020-11-23 23:00:00+00:00,-0.020415641548957142,-0.020415641548957142,0.3179189203686765,0.2975032788197194,4.358377884238737,4.378385212956715,-0.020415641548957163,0.3179189203686765,True,ok,,0.2,0.07,0.084
2020-11-24 00:00:00+00:00,-0.02122508913043561,-0.02122508913043561,0.2000550056685683,0.17882991653813268,4.378385212956715,4.399185800304542,-0.021225089130435575,0.2000550056685683,True,ok,,0.2,0.07,0.084
2020-11-24 01:00:00+00:00,-0.02249693740848295,-0.02249693740848295,0.12991027068671515,0.1074133332782322,4.399185800304542,4.421232798964855,-0.022496937408482964,0.12991027068671515,True,ok,,0.2,0.07,0.084
2020-11-24 02:00:00+00:00,-0.019428199127217716,-0.019428199127217716,0.8241033638956478,0.80467516476843,4.421232798964855,4.440272434109528,-0.019428199127217508,0.8241033638956478,True,ok,,0.2,0.07,0.084
2020-11-24 03:00:00+00:00,-0.020298404769298894,-0.020298404769298894,0.30149085014548305,0.28119244537618415,4.440272434109528,4.460164870783441,-0.02029840476929881,0.30149085014548305,True,ok,,0.2,0.07,0.084
2020-11-24 04:00:00+00:00,-0.020030659993626243,-0.020030659993626243,0.354158160808488,0.33412750081486176,4.460164870783441,4.479794917577195,-0.020030659993626174,0.354158160808488,True,ok,,0.2,0.07,0.084
2020-11-24 05:00:00+00:00,0.17443051346506644,0.17443051346506644,4.032760927419332e-07,0.17443091674115918,4.479794917577195,4.301804597714882,0.17443051346506638,4.0327609275359246e-07,True,ok,,0.3,0.1,0.084
2020-11-24 06:00:00+00:00,0.7600921831957992,0.7600921831957992,5.952617365689861e-07,0.7600927784575358,4.301804597714882,3.5262003291477395,0.7600921831957993,5.952617365311063e-07,True,ok,,0.3,0.1,0.084
2020-11-24 07:00:00+00:00,0.1698177263841698,0.1698177263841698,5.952235914707948e-07,0.16981832160776128,3.5262003291477395,3.3529169348781784,0.16981772638416984,5.952235914716026e-07,True,ok,,0.3,0.1,0.084
2020-11-24 08:00:00+00:00,0.008055443184118318,0.008055443184118318,5.950936063786605e-07,0.008056038277724697,3.3529169348781784,3.3446970948943844,0.00805544318411833,5.950936063782661e-07,True,ok,,0.3,0.1,0.084
2020-11-24 09:00:00+00:00,-0.13277143295224755,-0.13277143295224755,9.228228181612508e-10,-0.13277143202942474,3.3446970948943844,3.474813099187587,-0.13277143295224741,9.228228114115194e-10,True,ok,,0.3,0.1,0.084
2020-11-24 10:00:00+00:00,0.08119187636147973,0.08119187636147973,5.949489816636788e-07,0.0811924713104614,3.474813099187587,3.3919642457575057,0.08119187636147969,5.94948981668584e-07,True,ok,,0.3,0.1,0.084
2020-11-24 11:00:00+00:00,-0.8770697884125424,-0.8770697884125424,9.22129150815465e-10,-0.8770697874904132,3.3919642457575057,4.251492638401797,-0.8770697884125422,9.221291881130035e-10,True,ok,,0.3,0.1,0.084
2020-11-24 12:00:00+00:00,-0.7494741450086787,-0.7494741450086787,9.219698338114313e-10,-0.7494741440867089,4.251492638401797,4.985977300510302,-0.7494741450086781,9.219698161038484e-10,True,ok,,0.3,0.1,0.084
2020-11-24 13:00:00+00:00,-1.6303108959695765,-1.6303108959695765,9.217855367893435e-10,-1.630310895047791,4.985977300510302,6.583681978560487,-1.6303108959695767,9.217855405468892e-10,True,ok,,0.3,0.1,0.084
2020-11-24 14:00:00+00:00,0.008802306183085981,0.008802306183085981,5.94669192709521e-07,0.008802900852278691,6.583681978560487,6.574700033475706,0.008802306183085818,5.946691927087094e-07,True,ok,,0.3,0.1,0.084
2020-11-24 15:00:00+00:00,1.806582381804994,1.806582381804994,5.945926144779179e-07,1.8065829763976085,6.574700033475706,4.73124862347061,1.8065823818049942,5.945926144316676e-07,True,ok,,0.3,0.1,0.084
2020-11-24 16:00:00+00:00,1.455870883665975,1.455870883665975,2.4399848808087654e-09,1.45587088610596,4.73124862347061,3.2456660891175746,1.4558708836659757,2.4399849886155075e-09,True,ok,,0.4,0.18,0.084
2020-11-24 17:00:00+00:00,1.094438967246432,1.094438967246432,2.439864976722106e-09,1.094438969686297,3.2456660891175746,2.128891632743664,1.0944389672464323,2.439864972188648e-09,True,ok,,0.4,0.18,0.084
2020-11-24 18:00:00+00:00,1.3454018599670265,1.3454018599670265,2.43970466051735e-09,1.3454018624067312,2.128891632743664,0.7560325919609838,1.3454018599670268,2.4397045602497616e-09,True,ok,,0.4,0.18,0.084
2020-11-24 19:00:00+00:00,0.7409106390823053,0.7409106390823053,2.439572654999722e-09,0.7409106415218779,0.7560325919609838,1.3275912845722715e-06,0.7409106390823053,2.4395726601154007e-09,True,ok,,0.4,0.18,0.084
2020-11-24 20:00:00+00:00,-0.47423126332622323,-0.47423126332622323,1.1673996518333243,0.693168388507101,1.3275912845722715e-06,0.4647479656509833,-0.47423126332622323,1.1673996518333243,True,ok,,0.2,0.07,0.084
2020-11-24 21:00:00+00:00,-0.27296557355494944,-0.27296557355494944,0.8930155186312547,0.6200499450763053,0.4647479656509833,0.7322542277348337,-0.27296557355494944,0.8930155186312547,True,ok,,0.2,0.07,0.084
2020-11-24 22:00:00+00:00,-0.2816242179324506,-0.2816242179324506,0.41859480123886916,0.13697058330641854,0.7322542277348337,1.0082459613086354,-0.2816242179324507,0.41859480123886916,True,ok,,0.2,0.07,0.084
2020-11-24 23:00:00+00:00,-0.22398077585152942,-0.22398077585152942,0.4426607758043754,0.21867999995284598,1.0082459613086354,1.2277471216431342,-0.2239807758515293,0.4426607758043754,True,ok,,0.2,0.07,0.084
2020-11-25 00:00:00+00:00,-0.2271150021871961,-0.2271150021871961,0.3370246970032027,0.10990969481600658,1.2277471216431342,1.4503198237865864,-0.22711500218719616,0.3370246970032027,True,ok,,0.2,0.07,0.084
2020-11-25 01:00:00+00:00,-0.19157267878377104,-0.19157267878377104,0.37307820637812544,0.1815055275943544,1.4503198237865864,1.638061048994682,-0.1915726787837711,0.37307820637812544,True,ok,,0.2,0.07,0.084
2020-11-25 02:00:00+00:00,-0.1366159554630394,-0.1366159554630394,0.9290662626653783,0.7924503072023389,1.638061048994682,1.7719446853484606,-0.13661595546303928,0.9290662626653783,True,ok,,0.2,0.07,0.084
2020-11-25 03:00:00+00:00,-0.13327107077029476,-0.13327107077029476,0.7461508219465984,0.6128797511763037,1.7719446853484606,1.9025503347033494,-0.13327107077029493,0.7461508219465984,True,ok,,0.2,0.07,0.084
2020-11-25 04:00:00+00:00,-0.1228121910501565,-0.1228121910501565,0.9027332454955289,0.7799210544453724,1.9025503347033494,2.022906281932503,-0.12281219105015623,0.9027332454955289,True,ok,,0.2,0.07,0.084
2020-11-25 05:00:00+00:00,0.28268837368382965,0.28268837368382965,1.5221012367172548e-07,0.2826885258939533,2.022906281932503,1.7344487577653298,0.2826883736838297,1.5221012366813676e-07,True,ok,,0.3,0.1,0.084
2020-11-25 06:00:00+00:00,1.5616089647189317,1.5616089647189317,1.5187616142497973e-07,1.5616091165950932,1.7344487577653298,0.1409702223378484,1.5616089647189313,1.5187616143144314e-07,True,ok,,0.3,0.1,0.084
2020-11-25 07:00:00+00:00,0.13815080055681817,0.13815080055681817,1.5169785763657906e-07,0.1381509522546758,0.1409702223378484,1.7688033926432922e-08,0.13815080055681797,1.5169785764502885e-07,True,ok,,0.3,0.1,0.084
2020-11-25 08:00:00+00:00,-1.254798600487905,-1.254798600487905,-0.2803315824600612,-1.5351301829479662,1.7688033926432922e-08,1.2297026461661809,-1.2547986004879053,-0.2803315824600611,True,ok,,0.3,0.1,0.084
2020-11-25 09:00:00+00:00,-2.175695347572002,-2.175695347572002,-0.4013434197935668,-2.577038767365569,1.2297026461661809,3.361884086786743,-2.175695347572002,-0.40134341979356664,True,ok,,0.3,0.1,0.084
2020-11-25 10:00:00+00:00,-3.055238909069546,-3.055238909069546,-0.4645298425948168,-3.5197687516643628,3.361884086786743,6.356018217674897,-3.055238909069546,-0.46452984259481683,True,ok,,0.3,0.1,0.084
2020-11-25 11:00:00+00:00,-3.1762970400799704,-3.1762970400799704,-0.47911759788264163,-3.655414637962612,6.356018217674897,9.468789316953268,-3.17629704007997,-0.47911759788264163,True,ok,,0.3,0.1,0.084
2020-11-25 12:00:00+00:00,-1.9115274102694635,-1.9115274102694635,-0.3840779247053321,-2.2956053349747956,9.468789316953268,11.342086179017343,-1.9115274102694633,-0.3840779247053321,True,ok,,0.3,0.1,0.084
2020-11-25 13:00:00+00:00,-1.7113586585279945,-1.7113586585279945,-2.43581816716798e-07,-1.7113589021098112,11.342086179017343,13.019217664374779,-1.7113586585279943,-2.4358181670105665e-07,True,ok,,0.3,0.1,0.084
2020-11-25 14:00:00+00:00,0.3149827662359344,0.3149827662359344,-9.103828801926284e-15,0.3149827662359253,13.019217664374779,12.697806678419743,0.31498276623593474,-9.114951659062687e-15,True,ok,,0.3,0.1,0.084
2020-11-25 15:00:00+00:00,1.7923022753616835,1.7923022753616835,1.1102230246251565e-15,1.7923022753616846,12.697806678419743,10.8689268056017,1.792302275361684,1.0935151034971176e-15,True,ok,,0.3,0.1,0.084
2020-11-25 16:00:00+00:00,1.3197145540075998,1.3197145540075998,1.6426870974584062e-09,1.319714555650287,10.8689268056017,9.522279301512311,1.3197145540076003,1.6426871186458133e-09,True,ok,,0.4,0.18,0.084
2020-11-25 17:00:00+00:00,1.2764928597315168,1.2764928597315168,1.6427019744469362e-09,1.2764928613742188,9.522279301512311,8.219735567092396,1.276492859731516,1.6427020299660743e-09,True,ok,,0.4,0.18,0.084
2020-11-25 18:00:00+00:00,1.2911613304426934,1.2911613304426934,1.6427048610268002e-09,1.2911613320853983,8.219735567092396,6.902224005416178,1.2911613304426937,1.6427049491349387e-09,True,ok,,0.4,0.18,0.084
2020-11-25 19:00:00+00:00,0.3922333606372941,0.3922333606372941,1.6427036952926244e-09,0.3922333622799978,6.902224005416178,6.501985882316898,0.3922333606372942,1.6427036754204593e-09,True,ok,,0.4,0.18,0.084
2020-11-25 20:00:00+00:00,-0.4313443881782706,-0.4313443881782706,1.092240166654138,0.6608957784758673,6.501985882316898,6.924703382731603,-0.43134438817827075,1.092240166654138,True,ok,,0.2,0.07,0.084
2020-11-25 21:00:00+00:00,-0.5590453328630189,-0.5590453328630189,0.6788261662742355,0.11978083341121656,6.924703382731603,7.472567808937361,-0.5590453328630189,0.6788261662742355,True,ok,,0.2,0.07,0.084
2020-11-25 22:00:00+00:00,-0.53848759464812,-0.53848759464812,0.7229857612410359,0.18449816659291585,7.472567808937361,8.000285651692518,-0.53848759464812,0.7229857612410359,True,ok,,0.2,0.07,0.084
2020-11-25 23:00:00+00:00,-0.5686327681704034,-0.5686327681704034,0.6954021291762924,0.12676936100588895,8.000285651692518,8.557545764499514,-0.5686327681704034,0.6954021291762924,True,ok,,0.2,0.07,0.084
2020-11-26 00:00:00+00:00,-0.5758224939594133,-0.5758224939594133,0.7345687162912019,0.15874622233178856,8.557545764499514,9.121851808579738,-0.5758224939594133,0.7345687162912019,True,ok,,0.2,0.07,0.084
2020-11-26 01:00:00+00:00,-0.5881543044978059,-0.5881543044978059,0.7459737770518009,0.15781947255399492,9.121851808579738,9.698243026987587,-0.588154304497806,0.7459737770518009,True,ok,,0.2,0.07,0.084
2020-11-26 02:00:00+00:00,-0.4725013126276555,-0.4725013126276555,1.3154870910521301,0.8429857784244746,9.698243026987587,10.161294313362689,-0.47250131262765543,1.3154870910521301,True,ok,,0.2,0.07,0.084
2020-11-26 03:00:00+00:00,-0.6567797316729986,-0.6567797316729986,0.8180408983753751,0.16126116670237642,10.161294313362689,10.804938450402227,-0.6567797316729987,0.8180408983753751,True,ok,,0.2,0.07,0.084
2020-11-26 04:00:00+00:00,-0.6123204977234041,-0.6123204977234041,1.1410936355895303,0.5287731378661261,10.804938450402227,11.405012538171164,-0.6123204977234041,1.1410936355895303,True,ok,,0.2,0.07,0.084
2020-11-26 05:00:00+00:00,0.7951593900762371,0.7951593900762371,3.897611604575246e-07,0.7951597798373976,11.405012538171164,10.59362540544031,0.795159390076237,3.8976116050248625e-07,True,ok,,0.3,0.1,0.084
2020-11-26 06:00:00+00:00,1.8867108951194989,1.8867108951194989,5.804594458425072e-07,1.8867114755789447,10.59362540544031,8.66841020633878,1.8867108951194995,5.804594457450474e-07,True,ok,,0.3,0.1,0.084
2020-11-26 07:00:00+00:00,0.3584662510235631,0.3584662510235631,5.804478911963784e-07,0.3584668314714543,8.66841020633878,8.302628317539225,0.35846625102356305,5.804478911725797e-07,True,ok,,0.3,0.1,0.084
2020-11-26 08:00:00+00:00,-0.12005073601179576,-0.12005073601179576,6.151698178635812e-10,-0.12005073539662595,8.302628317539225,8.420278038830785,-0.12005073601179576,6.151698218737896e-10,True,ok,,0.3,0.1,0.084
2020-11-26 09:00:00+00:00,0.12396106775218133,0.12396106775218133,5.803391388142787e-07,0.12396164809132014,8.420278038830785,8.293787153369376,0.12396106775218102,5.803391388209059e-07,True,ok,,0.3,0.1,0.084
2020-11-26 10:00:00+00:00,-0.10353636718493281,-0.10353636718493281,8.733157530471658e-10,-0.10353636631161706,8.293787153369376,8.39525279321061,-0.10353636718493289,8.733157515689298e-10,True,ok,,0.3,0.1,0.084
2020-11-26 11:00:00+00:00,-0.08731150460045475,-0.08731150460045475,8.730461908967868e-10,-0.08731150372740856,8.39525279321061,8.480818067719055,-0.08731150460045473,8.730461888599538e-10,True,ok,,0.3,0.1,0.084
2020-11-26 12:00:00+00:00,0.8576508403935141,0.8576508403935141,5.801043806430428e-07,0.8576514204978948,8.480818067719055,7.605664148950162,0.8576508403935139,5.801043806796489e-07,True,ok,,0.3,0.1,0.084
2020-11-26 13:00:00+00:00,0.7268871013117819,0.7268871013117819,5.800651052823014e-07,0.7268876813768872,7.605664148950162,6.863942616999364,0.7268871013117821,5.800651052891406e-07,True,ok,,0.3,0.1,0.084
2020-11-26 14:00:00+00:00,1.2542271888002219,1.2542271888002219,5.800139315503827e-07,1.2542277688141534,6.863942616999364,5.5841189549583214,1.254227188800222,5.800139315643486e-07,True,ok,,0.3,0.1,0.084
2020-11-26 15:00:00+00:00,1.223543181015285,1.223543181015285,5.799783697746363e-07,1.2235437609936548,5.5841189549583214,4.335605504942724,1.2235431810152855,5.799783698464564e-07,True,ok,,0.3,0.1,0.084
2020-11-26 16:00:00+00:00,1.5385924145274135,1.5385924145274135,2.3974848772922996e-09,1.5385924169248983,4.335605504942724,2.765613245220874,1.5385924145274128,2.39748492130112e-09,True,ok,,0.4,0.18,0.084
2020-11-26 17:00:00+00:00,1.6117804151111674,1.6117804151111674,2.397383624952454e-09,1.611780417508551,2.765613245220874,1.1209393522502948,1.6117804151111679,2.3973836236872046e-09,True,ok,,0.4,0.18,0.084
2020-11-26 18:00:00+00:00,0.8438610263931879,0.8438610263931879,2.3972860363485893e-09,0.843861028790474,1.1209393522502948,0.25985667225724596,0.8438610263931879,2.3972860240187583e-09,True,ok,,0.4,0.18,0.084
2020-11-26 19:00:00+00:00,0.25465816385514667,0.25465816385514667,2.3970952445218074e-09,0.2546581662522419,0.25985667225724596,1.4030173003942714e-06,0.2546581638551467,2.397095237970383e-09,True,ok,,0.4,0.18,0.084
2020-11-26 20:00:00+00:00,-0.46291754051826595,-0.46291754051826595,1.1233927364480072,0.6604751959297412,1.4030173003942714e-06,0.45366059272520104,-0.4629175405182663,1.1233927364480072,True,ok,,0.2,0.07,0.084
2020-11-26 21:00:00+00:00,-0.2652597727196868,-0.2652597727196868,0.8780866322680428,0.612826859548356,0.45366059272520104,0.7136151699904941,-0.26525977271968704,0.8780866322680428,True,ok,,0.2,0.07,0.084
2020-11-26 22:00:00+00:00,-0.26742906517560117,-0.26742906517560117,0.42485387074260095,0.15742480556699975,0.7136151699904941,0.9756956538625833,-0.2674290651756012,0.4248538707426009,True,ok,,0.2,0.07,0.084
2020-11-26 23:00:00+00:00,-0.2265580677502387,-0.2265580677502387,0.40047079011000186,0.17391272235976316,0.9756956538625833,1.1977225602578172,-0.22655806775023873,0.40047079011000186,True,ok,,0.2,0.07,0.084
2020-11-27 00:00:00+00:00,-0.2102210158793567,-0.2102210158793567,0.35527143225356295,0.14505041637420624,1.1977225602578172,1.4037391558195869,-0.21022101587935668,0.35527143225356295,True,ok,,0.2,0.07,0.084
2020-11-27 01:00:00+00:00,-0.1696030645991562,-0.1696030645991562,0.44640234130606454,0.27679927670690835,1.4037391558195869,1.56995015912676,-0.1696030645991563,0.44640234130606454,True,ok,,0.2,0.07,0.084
2020-11-27 02:00:00+00:00,-0.1360599064627821,-0.1360599064627821,0.7618271855261106,0.6257672790633285,1.56995015912676,1.7032888674602864,-0.1360599064627818,0.7618271855261106,True,ok,,0.2,0.07,0.084
2020-11-27 03:00:00+00:00,-0.12252103889140686,-0.12252103889140686,1.0439424820915164,0.9214214432001095,1.7032888674602864,1.823359485573865,-0.12252103889140631,1.0439424820915164,True,ok,,0.2,0.07,0.084
2020-11-27 04:00:00+00:00,-0.1361543502084701,-0.1361543502084701,0.45887985057754266,0.32272550036907255,1.823359485573865,1.9567907487781657,-0.13615435020847025,0.45887985057754266,True,ok,,0.2,0.07,0.084
2020-11-27 05:00:00+00:00,0.2263090381824455,0.2263090381824455,4.059324517080576e-07,0.2263094441148972,1.9567907487781657,1.7258631587960784,0.2263090381824455,4.059324517104849e-07,True,ok,,0.3,0.1,0.084
2020-11-27 06:00:00+00:00,1.0427223586368526,1.0427223586368526,4.191483435889154e-07,1.0427227777851962,1.7258631587960784,0.6618607520237798,1.0427223586368521,4.191483436814006e-07,True,ok,,0.3,0.1,0.084
2020-11-27 07:00:00+00:00,0.218694525043989,0.218694525043989,6.426435805728659e-07,0.21869516768756958,0.6618607520237798,0.4387030734074645,0.21869452504398898,6.426435805737067e-07,True,ok,,0.3,0.1,0.084
2020-11-27 08:00:00+00:00,0.07787454010654521,0.07787454010654521,6.425203509241584e-07,0.07787518262689613,0.4387030734074645,0.35923925697221426,0.07787454010654524,6.425203509212469e-07,True,ok,,0.3,0.1,0.084
2020-11-27 09:00:00+00:00,-0.1336221798212298,-0.1336221798212298,1.066276705818936e-09,-0.13362217875495308,0.35923925697221426,0.4901889931970195,-0.1336221798212295,1.066276703883509e-09,True,ok,,0.3,0.1,0.084
2020-11-27 10:00:00+00:00,-0.635452542994848,-0.635452542994848,1.0658439686395127e-09,-0.635452541929004,0.4901889931970195,1.1129324853319704,-0.6354525429948479,1.065843974773354e-09,True,ok,,0.3,0.1,0.084
2020-11-27 11:00:00+00:00,-3.404061110167967,-3.404061110167967,1.0656009408194222e-09,-3.4040611091023663,1.1129324853319704,4.448912373296578,-3.404061110167967,1.065601079018084e-09,True,ok,,0.3,0.1,0.084
2020-11-27 12:00:00+00:00,-1.4076716823941278,-1.4076716823941278,1.0655591964336963e-09,-1.4076716813285686,4.448912373296578,5.828430622042823,-1.4076716823941275,1.0655592292375654e-09,True,ok,,0.3,0.1,0.084
2020-11-27 13:00:00+00:00,-1.3542801632625898,-1.3542801632625898,1.06544484346216e-09,-1.354280162197145,5.828430622042823,7.15562518204016,-1.35428016326259,1.0654447777523923e-09,True,ok,,0.3,0.1,0.084
2020-11-27 14:00:00+00:00,0.31628988549717435,0.31628988549717435,6.420422423714101e-07,0.3162905275394167,7.15562518204016,6.832880400920595,0.31628988549717446,6.420422423763305e-07,True,ok,,0.3,0.1,0.084
2020-11-27 15:00:00+00:00,1.5131568791767653,1.5131568791767653,6.418819149534016e-07,1.5131575210586803,6.832880400920595,5.2888427691075695,1.5131568791767653,6.418819149311531e-07,True,ok,,0.3,0.1,0.084
2020-11-27 16:00:00+00:00,1.3006606627092332,1.3006606627092332,2.5644322221296534e-09,1.3006606652736654,5.2888427691075695,3.9616380112410052,1.3006606627092328,2.564432168942891e-09,True,ok,,0.4,0.18,0.084
2020-11-27 17:00:00+00:00,1.704941749729124,1.704941749729124,2.564252588044269e-09,1.7049417522933765,3.9616380112410052,2.221901531925573,1.7049417497291246,2.5642525321684784e-09,True,ok,,0.4,0.18,0.084
2020-11-27 18:00:00+00:00,1.2011443262738064,1.2011443262738064,2.5641171408352648e-09,1.2011443288379235,2.221901531925573,0.9962440561359744,1.2011443262738066,2.564117052491025e-09,True,ok,,0.4,0.18,0.084
2020-11-27 19:00:00+00:00,0.9763180504961871,0.9763180504961871,2.5639207423822086e-09,0.9763180530601079,0.9962440561359744,1.1474663956789755e-06,0.9763180504961873,2.5639207748108546e-09,True,ok,,0.4,0.18,0.084
2020-11-27 20:00:00+00:00,-2.262418325798943,-2.262418325798943,2.4800994924769477,0.21768116667800472,1.1474663956789755e-06,2.21717110674936,-2.2624183257989428,2.4800994924769477,True,ok,,0.2,0.07,0.084
2020-11-27 21:00:00+00:00,-1.5079438036173325,-1.5079438036173325,2.0132548033790196,0.5053109997616871,2.21717110674936,3.694956034294346,-1.5079438036173327,2.0132548033790196,True,ok,,0.2,0.07,0.084
2020-11-27 22:00:00+00:00,-1.2784724233146911,-1.2784724233146911,1.8228202825622173,0.544347859247526,3.694956034294346,4.947859009142743,-1.278472423314691,1.822820282562217,True,ok,,0.2,0.07,0.084
2020-11-27 23:00:00+00:00,-1.3208144797553307,-1.3208144797553307,1.4915760907851674,0.17076161102983659,4.947859009142743,6.242257199302967,-1.3208144797553307,1.4915760907851674,True,ok,,0.2,0.07,0.084
2020-11-28 00:00:00+00:00,-0.8512393022826281,-0.8512393022826281,0.9977535798414846,0.14651427755885646,6.242257199302967,7.076471715539943,-0.8512393022826281,0.9977535798414846,True,ok,,0.2,0.07,0.084
2020-11-28 01:00:00+00:00,-1.4507136595430747,-1.4507136595430747,1.585159464946996,0.13444580540392123,7.076471715539943,8.498171101892156,-1.4507136595430747,1.585159464946996,True,ok,,0.2,0.07,0.084
2020-11-28 02:00:00+00:00,-1.5086948818831094,-1.5086948818831094,1.7081809651866666,0.19948608330355716,8.498171101892156,9.976692086137604,-1.5086948818831094,1.7081809651866666,True,ok,,0.2,0.07,0.084
2020-11-28 03:00:00+00:00,-1.558104210696192,-1.558104210696192,2.295200044723588,0.7370958340273959,9.976692086137604,11.503634212619872,-1.558104210696192,2.295200044723588,True,ok,,0.2,0.07,0.084
2020-11-28 04:00:00+00:00,-2.3432301041695824,-2.3432301041695824,2.761959324334729,0.41872922016514663,11.503634212619872,13.799999714706063,-2.343230104169582,2.761959324334729,True,ok,,0.2,0.07,0.084
2020-11-28 05:00:00+00:00,0.28499713185361364,0.28499713185361364,0.08788822857276041,0.37288536042637405,13.799999714706063,13.509186314855437,0.2849971318536135,0.08788822857276044,True,ok,,0.3,0.1,0.084
2020-11-28 06:00:00+00:00,0.08589009041839074,0.08589009041839074,0.05999296516789429,0.14588305558628503,13.509186314855437,13.421543365448917,0.08589009041839087,0.059992965167894284,True,ok,,0.3,0.1,0.084
2020-11-28 07:00:00+00:00,0.7810101693217992,0.7810101693217992,0.3104258685015424,1.0914360378233416,13.421543365448917,12.624594213079734,0.7810101693217991,0.31042586850154236,True,ok,,0.3,0.1,0.084
2020-11-28 08:00:00+00:00,3.902471380259729,3.902471380259729,1.7749498008836548,5.677421181143384,12.624594213079734,8.64248055975348,3.902471380259726,1.774949800883655,True,ok,,0.3,0.1,0.084
2020-11-28 09:00:00+00:00,1.2113618745709518,1.2113618745709518,0.639841866351021,1.8512037409219728,8.64248055975348,7.406397014272917,1.2113618745709518,0.6398418663510211,True,ok,,0.3,0.1,0.084
2020-11-28 10:00:00+00:00,0.6858581297736586,0.6858581297736586,0.46959507153152336,1.155453201305182,7.406397014272917,6.70654177981,0.6858581297736589,0.4695950715315233,True,ok,,0.3,0.1,0.084
2020-11-28 11:00:00+00:00,0.4810109098918365,0.4810109098918365,0.36006221032026187,0.8410731202120983,6.70654177981,6.215714320736698,0.48101090989183637,0.36006221032026187,True,ok,,0.3,0.1,0.084
2020-11-28 12:00:00+00:00,0.7673124573100825,0.7673124573100825,0.49590666112637005,1.2632191184364525,6.215714320736698,5.432742425522328,0.7673124573100818,0.49590666112637005,True,ok,,0.3,0.1,0.084
2020-11-28 13:00:00+00:00,0.5029608850379914,0.5029608850379914,0.3605907076914757,0.8635515927294671,5.432742425522328,4.919517032626418,0.5029608850379916,0.36059070769147566,True,ok,,0.3,0.1,0.084
2020-11-28 14:00:00+00:00,0.4094759027768351,0.4094759027768351,0.30067312560424386,0.710149028381079,4.919517032626418,4.501684478772504,0.4094759027768352,0.30067312560424386,True,ok,,0.3,0.1,0.084
2020-11-28 15:00:00+00:00,0.5391048647680696,0.5391048647680696,0.34965696374874844,0.8887618285168181,4.501684478772504,3.951577473907127,0.5391048647680696,0.3496569637487485,True,ok,,0.3,0.1,0.084
2020-11-28 16:00:00+00:00,0.8886163015670726,0.8886163015670726,4.173602574653046e-09,0.8886163057406752,3.951577473907127,3.0448261457774612,0.8886163015670726,4.173602627938432e-09,True,ok,,0.4,0.18,0.084
2020-11-28 17:00:00+00:00,1.489892140402396,1.489892140402396,4.171664791385865e-09,1.4898921445740607,3.0448261457774612,1.5245280433260369,1.4898921404023944,4.1716647366990994e-09,True,ok,,0.4,0.18,0.084
2020-11-28 18:00:00+00:00,1.2646507496132573,1.2646507496132573,9.310792137284807e-10,1.2646507505443365,1.5245280433260369,0.23406809474108048,1.2646507496132573,9.310792182665169e-10,True,ok,,0.4,0.18,0.084
2020-11-28 19:00:00+00:00,0.2293863290116265,0.2293863290116265,4.189039781721249e-09,0.2293863332006663,0.23406809474108048,4.120761554760044e-07,0.22938632901162662,4.1890397713346545e-09,True,ok,,0.4,0.18,0.084
2020-11-28 20:00:00+00:00,-1.7138018613570742,-1.7138018613570742,2.402782749056202,0.6889808876991278,4.120761554760044e-07,1.679526236206088,-1.7138018613570747,2.402782749056202,True,ok,,0.2,0.07,0.084
2020-11-28 21:00:00+00:00,-1.2061189295253674,-1.2061189295253674,1.4540098734102171,0.24789094388484975,1.679526236206088,2.861522787140948,-1.2061189295253674,1.4540098734102171,True,ok,,0.2,0.07,0.084
2020-11-28 22:00:00+00:00,-0.8835678465954045,-0.8835678465954045,1.5540515418958247,0.6704836953004202,2.861522787140948,3.7274192768044445,-0.8835678465954048,1.5540515418958247,True,ok,,0.2,0.07,0.084
2020-11-28 23:00:00+00:00,-0.927452850935678,-0.927452850935678,1.1351589622210996,0.2077061112854216,3.7274192768044445,4.636323070721409,-0.927452850935678,1.1351589622210996,True,ok,,0.2,0.07,0.084
2020-11-29 00:00:00+00:00,-0.9224708492654106,-0.9224708492654106,1.031542404736831,0.10907155547142039,4.636323070721409,5.540344503001512,-0.9224708492654105,1.031542404736831,True,ok,,0.2,0.07,0.084
2020-11-29 01:00:00+00:00,-0.8763467585376937,-0.8763467585376937,1.028861202857101,0.15251444431940717,5.540344503001512,6.399164326368451,-0.8763467585376936,1.028861202857101,True,ok,,0.2,0.07,0.084
2020-11-29 02:00:00+00:00,-0.849274909360174,-0.849274909360174,1.0449697983440065,0.19569488898383247,6.399164326368451,7.231453737541422,-0.8492749093601738,1.0449697983440065,True,ok,,0.2,0.07,0.084
2020-11-29 03:00:00+00:00,-0.7725625256607613,-0.7725625256607613,1.2116851641035429,0.4391226384427816,7.231453737541422,7.988565012688968,-0.7725625256607613,1.2116851641035429,True,ok,,0.2,0.07,0.084
2020-11-29 04:00:00+00:00,-0.6815696924233159,-0.6815696924233159,1.6931413328459253,1.0115716404226094,7.988565012688968,8.656503311263817,-0.6815696924233161,1.6931413328459253,True,ok,,0.2,0.07,0.084
2020-11-29 05:00:00+00:00,0.40723540804763647,0.40723540804763647,1.4631105749174367e-07,0.40723555435869396,8.656503311263817,8.24095697652133,0.4072354080476366,1.4631105750298737e-07,True,ok,,0.3,0.1,0.084
2020-11-29 06:00:00+00:00,1.42746398801577,1.42746398801577,2.102265235226497e-07,1.4274641982422935,8.24095697652133,6.784361070382789,1.4274639880157696,2.1022652356875786e-07,True,ok,,0.3,0.1,0.084
2020-11-29 07:00:00+00:00,1.4027567177493332,1.4027567177493332,4.971943261544709e-07,1.4027572149436593,6.784361070382789,5.352976664516122,1.402756717749333,4.971943261639904e-07,True,ok,,0.3,0.1,0.084
2020-11-29 08:00:00+00:00,0.8452247874322698,0.8452247874322698,1.8858355310680253e-07,0.8452249760158229,5.352976664516122,4.490502391626051,0.84522478743227,1.8858355311794074e-07,True,ok,,0.3,0.1,0.084
2020-11-29 09:00:00+00:00,0.20476019031916626,0.20476019031916626,5.122533050239131e-07,0.20476070257247128,4.490502391626051,4.281563421912616,0.20476019031916604,5.122533050102924e-07,True,ok,,0.3,0.1,0.084
2020-11-29 10:00:00+00:00,0.054668296373366614,0.054668296373366614,5.122071729188327e-07,0.05466880858053953,4.281563421912616,4.225779446021426,0.05466829637336655,5.122071729165354e-07,True,ok,,0.3,0.1,0.084
2020-11-29 11:00:00+00:00,-0.3412028038806897,-0.3412028038806897,6.094790228061697e-10,-0.34120280327121066,4.225779446021426,4.560158193824502,-0.3412028038806898,6.094790081097237e-10,True,ok,,0.3,0.1,0.084
2020-11-29 12:00:00+00:00,-1.452311279648123,-1.452311279648123,6.093070492596553e-10,-1.452311279038816,4.560158193824502,5.983423247879662,-1.4523112796481226,6.093069837517545e-10,True,ok,,0.3,0.1,0.084
2020-11-29 13:00:00+00:00,-0.04913116432714861,-0.04913116432714861,6.09279772467719e-10,-0.04913116371786884,5.983423247879662,6.031571788920267,-0.0491311643271485,6.09279771353815e-10,True,ok,,0.3,0.1,0.084
2020-11-29 14:00:00+00:00,0.24663622940377744,0.24663622940377744,5.120718073181596e-07,0.24663674147558476,6.031571788920267,5.779902167079678,0.2466362294037775,5.120718073251802e-07,True,ok,,0.3,0.1,0.084
2020-11-29 15:00:00+00:00,0.9245031825158431,0.9245031825158431,5.120267702052317e-07,0.9245036945426133,5.779902167079678,4.8365315726757565,0.9245031825158432,5.120267702327559e-07,True,ok,,0.3,0.1,0.084
2020-11-29 16:00:00+00:00,1.80838114111459,1.80838114111459,2.1692525553618225e-09,1.8083811432838426,4.8365315726757565,2.991244693987399,1.8083811411145911,2.1692525218687025e-09,True,ok,,0.4,0.18,0.084
2020-11-29 17:00:00+00:00,1.188624802870619,1.188624802870619,2.1692105889314917e-09,1.1886248050398296,2.991244693987399,1.7783622420786043,1.1886248028706194,2.16921064531289e-09,True,ok,,0.4,0.18,0.084
2020-11-29 18:00:00+00:00,1.0523652476235823,1.0523652476235823,2.169150636888162e-09,1.052365249792733,1.7783622420786043,0.7045201526667855,1.0523652476235823,2.1691506932990966e-09,True,ok,,0.4,0.18,0.084
2020-11-29 19:00:00+00:00,0.6904277767133737,0.6904277767133737,2.169076473990117e-09,0.6904277788824502,0.7045201526667855,2.0131633428066564e-06,0.6904277767133739,2.16907652628544e-09,True,ok,,0.4,0.18,0.084
2020-11-29 20:00:00+00:00,-1.8985930261624286,-1.8985930261624286,2.4089624405634824,0.5103694144010539,2.0131633428066564e-06,1.860623178802523,-1.8985930261624284,2.4089624405634824,True,ok,,0.2,0.07,0.084
2020-11-29 21:00:00+00:00,-1.2145211087591608,-1.2145211087591608,1.796419163321835,0.5818980545626743,1.860623178802523,3.0508538653865003,-1.214521108759161,1.7964191633218352,True,ok,,0.2,0.07,0.084
2020-11-29 22:00:00+00:00,-1.1536809146173352,-1.1536809146173352,1.3191391645544985,0.16545824993716338,3.0508538653865003,4.181461161711489,-1.1536809146173352,1.3191391645544985,True,ok,,0.2,0.07,0.084
2020-11-29 23:00:00+00:00,-1.0430506700974722,-1.0430506700974722,1.224459670311413,0.1814090002139409,4.181461161711489,5.203650818407012,-1.0430506700974724,1.2244596703114132,True,ok,,0.2,0.07,0.084
2020-11-30 00:00:00+00:00,-1.0222612975378944,-1.0222612975378944,1.1673141310102522,0.14505283347235784,5.203650818407012,6.205466889994149,-1.0222612975378944,1.1673141310102522,True,ok,,0.2,0.07,0.084
2020-11-30 01:00:00+00:00,-0.9876162848745196,-0.9876162848745196,1.1734440069709626,0.1858277220964431,6.205466889994149,7.173330849171178,-0.9876162848745196,1.1734440069709626,True,ok,,0.2,0.07,0.084
2020-11-30 02:00:00+00:00,-0.8202276285403445,-0.8202276285403445,1.5937360175073285,0.773508388966984,7.173330849171178,7.9771539251407155,-0.8202276285403443,1.5937360175073285,True,ok,,0.2,0.07,0.084
2020-11-30 03:00:00+00:00,-0.7941718113032501,-0.7941718113032501,1.8704247043166733,1.0762528930134232,7.9771539251407155,8.7554423002179,-0.7941718113032498,1.8704247043166733,True,ok,,0.2,0.07,0.084
2020-11-30 04:00:00+00:00,-0.9207208204100615,-0.9207208204100615,1.5863190708600905,0.665598250450029,8.7554423002179,9.657748704219761,-0.9207208204100619,1.5863190708600905,True,ok,,0.2,0.07,0.084
2020-11-30 05:00:00+00:00,0.11589557012840335,0.11589557012840335,4.0191950848034175e-07,0.11589597204791183,9.657748704219761,9.539487918374451,0.11589557012840332,4.0191950847775597e-07,True,ok,,0.3,0.1,0.084
2020-11-30 06:00:00+00:00,0.7240910152251218,0.7240910152251218,4.015523823452938e-07,0.7240914167775041,9.539487918374451,8.800619535491673,0.7240910152251214,4.0155238235314906e-07,True,ok,,0.3,0.1,0.084
2020-11-30 07:00:00+00:00,-0.12126464925685598,-0.12126464925685598,-5.882280773583659e-12,-0.12126464926273826,8.800619535491673,8.919458891763393,-0.12126464925685593,-5.88228285450232e-12,True,ok,,0.3,0.1,0.084
2020-11-30 08:00:00+00:00,-1.657435485449822,-1.657435485449822,-1.1018297385589904e-11,-1.6574354854608404,8.919458891763393,10.543745667504218,-1.657435485449822,-1.10183366746609e-11,True,ok,,0.3,0.1,0.084
2020-11-30 09:00:00+00:00,-1.4779975184399061,-1.4779975184399061,-1.2192469256433469e-11,-1.4779975184520986,10.543745667504218,11.992183235575327,-1.477997518439906,-1.2192579686575632e-11,True,ok,,0.3,0.1,0.084
2020-11-30 10:00:00+00:00,-0.4730516993193702,-0.4730516993193702,-1.3528511644267383e-11,-0.4730516993328987,11.992183235575327,12.45577390090831,-0.47305169931937013,-1.3528517976555165e-11,True,ok,,0.3,0.1,0.084
2020-11-30 11:00:00+00:00,-0.6402256253757391,-0.6402256253757391,-1.7203460878079113e-11,-0.6402256253929426,12.45577390090831,13.083195013776535,-0.6402256253757391,-1.720342032957012e-11,True,ok,,0.3,0.1,0.084
2020-11-30 12:00:00+00:00,-0.7314333715383062,-0.7314333715383062,-2.0193624550302047e-11,-0.7314333715584999,13.083195013776535,13.799999717884075,-0.7314333715383059,-2.0193623917611407e-11,True,ok,,0.3,0.1,0.084
2020-11-30 13:00:00+00:00,0.03855855262190786,0.03855855262190786,0.008903949255113619,0.04746250187702148,13.799999717884075,13.760654256024985,0.03855855262190789,0.008903949255113617,True,ok,,0.3,0.1,0.084
2020-11-30 14:00:00+00:00,0.8913048309735201,0.8913048309735201,0.01697234267002945,0.9082771736435495,13.760654256024985,12.851159530541802,0.8913048309735202,0.016972342670029453,True,ok,,0.3,0.1,0.084
2020-11-30 15:00:00+00:00,1.6691568419717822,1.6691568419717822,0.017421212314729484,1.6865780542865116,12.851159530541802,11.147938263223656,1.6691568419717826,0.017421212314729588,True,ok,,0.3,0.1,0.084
2020-11-30 16:00:00+00:00,1.4817069368940765,1.4817069368940765,4.175421119967382e-09,1.4817069410694976,11.147938263223656,9.63599240925011,1.4817069368940767,4.175421090883818e-09,True,ok,,0.4,0.18,0.084
2020-11-30 17:00:00+00:00,5.0,5.0,1.1879999946594255,6.1879999946594255,9.63599240925011,4.533951592923579,5.000000024942294,1.1879999697171304,True,ok,,0.4,0.18,0.084
2020-11-30 18:00:00+00:00,2.9377724340797107,2.9377724340797107,4.030535016852355e-09,2.9377724381102457,4.533951592923579,1.5362246193728537,2.937772434079712,4.0305348337779265e-09,True,ok,,0.4,0.18,0.084
2020-11-30 19:00:00+00:00,1.5054996996146242,1.5054996996146242,9.104481613064763e-10,1.5054997005250723,1.5362246193728537,4.360926249002972e-07,1.5054996996146244,9.104480843496506e-10,True,ok,,0.4,0.18,0.084
2020-11-30 20:00:00+00:00,-2.348985583477727,-2.348985583477727,2.5450843059515074,0.1960987224737803,4.360926249002972e-07,2.302006307900797,-2.348985583477727,2.5450843059515074,True,ok,,0.2,0.07,0.084
2020-11-30 21:00:00+00:00,-1.3878602736867687,-1.3878602736867687,2.6884469045901187,1.30058663090335,2.302006307900797,3.66210937611383,-1.3878602736867685,2.6884469045901187,True,ok,,0.2,0.07,0.084
2020-11-30 22:00:00+00:00,-1.4851069884763723,-1.4851069884763723,1.6538882105787498,0.16878122210237756,3.66210937611383,5.117514224820675,-1.4851069884763723,1.65388821057875,True,ok,,0.2,0.07,0.084
2020-11-30 23:00:00+00:00,-1.3978956661225403,-1.3978956661225403,1.525847610394264,0.12795194427172354,5.117514224820675,6.487451977620765,-1.3978956661225403,1.525847610394264,True,ok,,0.2,0.07,0.084
2020-12-01 00:00:00+00:00,-1.245655812680952,-1.245655812680952,1.7268369532123864,0.48118114053143424,6.487451977620765,7.708194674048098,-1.245655812680952,1.7268369532123862,True,ok,,0.2,0.07,0.084
2020-12-01 01:00:00+00:00,-1.4185715868166622,-1.4185715868166622,1.5411045036963162,0.12253291687965412,7.708194674048098,9.098394829128427,-1.4185715868166622,1.5411045036963162,True,ok,,0.2,0.07,0.084
2020-12-01 02:00:00+00:00,-1.0995087210414787,-1.0995087210414787,3.178639665786226,2.0791309447447475,9.098394829128427,10.175913375749076,-1.099508721041478,3.178639665786226,True,ok,,0.2,0.07,0.084
2020-12-01 03:00:00+00:00,-1.5506081061357913,-1.5506081061357913,2.4041480218034317,0.8535399156676405,10.175913375749076,11.69550931976215,-1.550608106135791,2.4041480218034317,True,ok,,0.2,0.07,0.084
2020-12-01 04:00:00+00:00,-2.147439178548646,-2.147439178548646,4.276779769012392,2.129340590463746,11.69550931976215,13.799999714739823,-2.147439178548645,4.276779769012392,True,ok,,0.2,0.07,0.084
2020-12-01 05:00:00+00:00,0.00874647355433722,0.00874647355433722,1.2671082271964385,1.2758547007507757,13.799999714739823,13.791074741725193,0.008746473554337433,1.2671082271964385,True,ok,,0.3,0.1,0.084
2020-12-01 06:00:00+00:00,0.004376053471590868,0.004376053471590868,1.3704263577561644,1.3748024112277553,13.791074741725193,13.786609381039897,0.0043760534715906844,1.3704263577561644,True,ok,,0.3,0.1,0.084
2020-12-01 07:00:00+00:00,0.003285301893799275,0.003285301893799275,2.0633479427532135,2.066633244647013,13.786609381039897,13.783257032168674,0.003285301893799256,2.0633479427532135,True,ok,,0.3,0.1,0.084
2020-12-01 08:00:00+00:00,0.002727461602343717,0.002727461602343717,0.5347956526508427,0.5375231142531864,13.783257032168674,13.78047390808465,0.002727461602343808,0.5347956526508427,True,ok,,0.3,0.1,0.084
2020-12-01 09:00:00+00:00,0.002387102224464588,0.002387102224464588,0.5091060883543846,0.5114931905788492,13.78047390808465,13.778038089488257,0.0023871022244648776,0.5091060883543846,True,ok,,0.3,0.1,0.084
2020-12-01 10:00:00+00:00,0.0021378517709484124,0.0021378517709484124,0.23979596740820341,0.24193381917915183,13.778038089488257,13.775856608089331,0.0021378517709484905,0.23979596740820341,True,ok,,0.3,0.1,0.084
2020-12-01 11:00:00+00:00,0.0019679555991416464,0.0019679555991416464,0.41860855998145285,0.4205765155805945,13.775856608089331,13.773848490131023,0.0019679555991414834,0.41860855998145285,True,ok,,0.3,0.1,0.084
2020-12-01 12:00:00+00:00,0.0018330943639928154,0.0018330943639928154,1.0740117169172148,1.0758448112812076,13.773848490131023,13.77197798567797,0.0018330943639929315,1.0740117169172148,True,ok,,0.3,0.1,0.084
2020-12-01 13:00:00+00:00,0.001718945548597195,0.001718945548597195,0.9967857143134836,0.9985046598620808,13.77197798567797,13.770223959607971,0.001718945548597204,0.9967857143134836,True,ok,,0.3,0.1,0.084
2020-12-01 14:00:00+00:00,0.0016244202161694865,0.0016244202161694865,2.5687750323058984,2.570399452522068,13.770223959607971,13.768566387958819,0.0016244202161692309,2.5687750323058984,True,ok,,0.3,0.1,0.084
2020-12-01 15:00:00+00:00,0.0015436777480539732,0.0015436777480539732,5.014622935519976,5.01616661326803,13.768566387958819,13.766991206583253,0.0015436777480535625,5.014622935519976,True,ok,,0.3,0.1,0.084
2020-12-01 16:00:00+00:00,5.0,5.0,0.673366890297995,5.673366890297995,13.766991206583253,8.664950390256722,5.000000024942888,0.6733668653551055,True,ok,,0.4,0.18,0.084
2020-12-01 17:00:00+00:00,4.759984961458231,4.759984961458231,4.030414224587275e-09,4.759984965488645,8.664950390256722,3.80782287856465,4.759984961458232,4.030413971017525e-09,True,ok,,0.4,0.18,0.084
2020-12-01 18:00:00+00:00,2.906729020433099,2.906729020433099,4.030130007492971e-09,2.906729024463229,3.80782287856465,0.8417728577145489,2.9067290204330996,4.030130070999437e-09,True,ok,,0.4,0.18,0.084
2020-12-01 19:00:00+00:00,0.8249369698414937,0.8249369698414937,4.029632072466427e-09,0.8249369738711257,0.8417728577145489,4.395089431286081e-07,0.8249369698414937,4.029632066897118e-09,True,ok,,0.4,0.18,0.084
2020-12-01 20:00:00+00:00,-2.288979316376062,-2.288979316376062,3.0804870956166717,0.7915077792406097,4.395089431286081e-07,2.243200169557484,-2.288979316376062,3.0804870956166717,True,ok,,0.2,0.07,0.084
2020-12-01 21:00:00+00:00,-1.29016169564497,-1.29016169564497,3.6187147716393544,2.3285530759943844,2.243200169557484,3.5075586312895544,-1.2901616956449682,3.6187147716393544,True,ok,,0.2,0.07,0.084
2020-12-01 22:00:00+00:00,-1.4745684973385629,-1.4745684973385629,1.6967026643368963,0.22213416699833347,3.5075586312895544,4.952635758681346,-1.4745684973385629,1.6967026643368963,True,ok,,0.2,0.07,0.084
2020-12-01 23:00:00+00:00,-1.4093613259160829,-1.4093613259160829,1.5416918814742875,0.13233055555820453,4.952635758681346,6.333809858079107,-1.409361325916083,1.5416918814742875,True,ok,,0.2,0.07,0.084
2020-12-02 00:00:00+00:00,-1.3754486702110102,-1.3754486702110102,1.5273496425031685,0.15190097229215824,6.333809858079107,7.681749554885897,-1.3754486702110102,1.5273496425031685,True,ok,,0.2,0.07,0.084
2020-12-02 01:00:00+00:00,-1.284042627981445,-1.284042627981445,1.7759190736166048,0.4918764456351599,7.681749554885897,8.940111330307714,-1.284042627981445,1.7759190736166048,True,ok,,0.2,0.07,0.084
2020-12-02 02:00:00+00:00,-1.1710112900877474,-1.1710112900877474,3.047425285695443,1.8764139956076955,8.940111330307714,10.087702394593705,-1.1710112900877476,3.047425285695443,True,ok,,0.2,0.07,0.084
2020-12-02 03:00:00+00:00,-1.4523756060903965,-1.4523756060903965,2.4928774359847794,1.040501829894383,10.087702394593705,11.511030488562294,-1.452375606090396,2.4928774359847794,True,ok,,0.2,0.07,0.084
2020-12-02 04:00:00+00:00,-2.335683174936435,-2.335683174936435,2.6446057007688237,0.30892252583238844,11.511030488562294,13.8,-2.3356832684935944,2.644605794325983,True,ok,,0.2,0.07,0.084
2020-12-02 05:00:00+00:00,1.415853098651887e-07,1.415853098651887e-07,0.49056835936529175,0.4905685009506016,13.8,13.799999855525195,1.41585309874693e-07,0.49056835936529175,True,ok,,0.3,0.1,0.084
2020-12-02 06:00:00+00:00,7.17753474432925e-08,7.17753474432925e-08,2.0001111456969425,2.00011121747229,13.799999855525195,13.799999782285045,7.177534750668864e-08,2.0001111456969425,True,ok,,0.3,0.1,0.084
2020-12-02 07:00:00+00:00,4.3304273611433075e-08,4.3304273611433075e-08,0.6551491049247995,0.6551491482290731,13.799999782285045,13.79999973809701,4.33042735325508e-08,0.6551491049247995,True,ok,,0.3,0.1,0.084
2020-12-02 08:00:00+00:00,-1.644290259505965e-08,-1.644290259505965e-08,1.4830781434998779,1.4830781270569753,13.79999973809701,13.799999754211056,-1.6442902398522257e-08,1.4830781434998779,True,ok,,0.3,0.1,0.084
2020-12-02 09:00:00+00:00,1.8303638826822066e-08,1.8303638826822066e-08,0.5208311430966375,0.5208311614002763,13.799999754211056,13.799999735533873,1.8303638717734526e-08,0.5208311430966375,True,ok,,0.3,0.1,0.084
2020-12-02 10:00:00+00:00,4.420688148876195e-09,4.420688148876195e-09,0.2736025137549743,0.27360251817566245,13.799999735533873,13.799999731022968,4.420688099487001e-09,0.2736025137549743,True,ok,,0.3,0.1,0.084
2020-12-02 11:00:00+00:00,-8.687538188834054e-09,-8.687538188834054e-09,0.4028095416208471,0.4028095329333089,13.799999731022968,13.799999739536755,-8.687538171293357e-09,0.4028095416208471,True,ok,,0.3,0.1,0.084
2020-12-02 12:00:00+00:00,-2.2847022052019383e-08,-2.2847022052019383e-08,2.3278933832025523,2.3278933603555303,13.799999739536755,13.799999761926836,-2.2847023957270414e-08,2.3278933832025523,True,ok,,0.3,0.1,0.084
2020-12-02 13:00:00+00:00,-4.057289060277469e-08,-4.057289060277469e-08,1.830861045990396,1.8308610054175054,13.799999761926836,13.79999980168827,-4.057289093787591e-08,1.830861045990396,True,ok,,0.3,0.1,0.084
2020-12-02 14:00:00+00:00,-6.782589645482062e-08,-6.782589645482062e-08,2.622937680219062,2.6229376123931654,13.79999980168827,13.799999868157649,-6.78258956601112e-08,2.622937680219062,True,ok,,0.3,0.1,0.084
2020-12-02 15:00:00+00:00,-1.3142450594472166e-07,-1.3142450594472166e-07,5.493159979785868,5.493159848361362,13.799999868157649,13.799999996953664,-1.3142450618209145e-07,5.493159979785868,True,ok,,0.3,0.1,0.084
2020-12-02 16:00:00+00:00,4.549729211230693,4.549729211230693,0.11970884531774306,4.669438056548436,13.799999996953664,9.157419169167243,4.549729211230694,0.11970884531774333,True,ok,,0.4,0.18,0.084
2020-12-02 17:00:00+00:00,4.89524223350444,4.89524223350444,1.0410911231170878,5.936333356621528,9.157419169167243,4.162274032938222,4.895242233504439,1.041091123117088,True,ok,,0.4,0.18,0.084
2020-12-02 18:00:00+00:00,3.409820673255893,3.409820673255893,0.09941822726782368,3.509238900523717,4.162274032938222,0.6828651826771064,3.4098206732558913,0.09941822726782387,True,ok,,0.4,0.18,0.084
2020-12-02 19:00:00+00:00,0.6692078647919035,0.6692078647919035,0.07690955196080485,0.7461174167527084,0.6828651826771064,1.45221027425535e-08,0.6692078647919034,0.07690955196080486,True,ok,,0.4,0.18,0.084
2020-12-02 20:00:00+00:00,-2.1830372010447827,-2.1830372010447827,3.257578778519058,1.0745415774742755,1.45221027425535e-08,2.1393764715459898,-2.1830372010447827,3.257578778519058,True,ok,,0.2,0.07,0.084
2020-12-02 21:00:00+00:00,-1.6985841431429256,-1.6985841431429256,1.8634741153872942,0.1648899722443686,2.1393764715459898,3.8039889318260567,-1.6985841431429256,1.8634741153872942,True,ok,,0.2,0.07,0.084
2020-12-02 22:00:00+00:00,-1.4884098842833589,-1.4884098842833589,1.6332116894749287,0.14480180519156985,3.8039889318260567,5.262630618423748,-1.4884098842833589,1.6332116894749287,True,ok,,0.2,0.07,0.084
2020-12-02 23:00:00+00:00,-1.2774000532673357,-1.2774000532673357,1.7624480516771361,0.48504799840980034,5.262630618423748,6.514482670625737,-1.2774000532673357,1.7624480516771361,True,ok,,0.2,0.07,0.084
2020-12-03 00:00:00+00:00,-1.2862105783629,-1.2862105783629,1.6932664111701228,0.40705583280722263,6.514482670625737,7.774969037421379,-1.2862105783629,1.6932664111701228,True,ok,,0.2,0.07,0.084
2020-12-03 01:00:00+00:00,-1.4160144647450852,-1.4160144647450852,1.5905081590452068,0.17449369430012157,7.774969037421379,9.162663212871562,-1.4160144647450852,1.5905081590452068,True,ok,,0.2,0.07,0.084
2020-12-03 02:00:00+00:00,-1.1318305717804384,-1.1318305717804384,3.132249550370874,2.0004189785904356,9.162663212871562,10.271857173216393,-1.1318305717804382,3.132249550370874,True,ok,,0.2,0.07,0.084
2020-12-03 03:00:00+00:00,-1.2950994763223491,-1.2950994763223491,4.194009302065919,2.89890982574357,10.271857173216393,11.541054660012295,-1.2950994763223498,4.194009302065919,True,ok,,0.2,0.07,0.084
2020-12-03 04:00:00+00:00,-2.3050462652935777,-2.3050462652935777,3.4224382948147785,1.117392029521201,11.541054660012295,13.8,-2.3050462763532513,3.4224383058744525,True,ok,,0.2,0.07,0.084
2020-12-03 05:00:00+00:00,1.4158521588480966e-07,1.4158521588480966e-07,0.11113788623643094,0.11113802782164682,13.8,13.799999855525291,1.415852159138337e-07,0.11113788623643094,True,ok,,0.3,0.1,0.084
2020-12-03 06:00:00+00:00,7.177537963976022e-08,7.177537963976022e-08,1.672398324857026,1.6723983966324056,13.799999855525291,13.799999782285107,7.177538006571617e-08,1.672398324857026,True,ok,,0.3,0.1,0.084
2020-12-03 07:00:00+00:00,4.3304248409370416e-08,4.3304248409370416e-08,0.1497794355529126,0.149779478857161,13.799999782285107,13.7999997380971,4.330424847921282e-08,0.1497794355529126,True,ok,,0.3,0.1,0.084
2020-12-03 08:00:00+00:00,2.53344295542135e-08,2.53344295542135e-08,0.8132906056140692,0.8132906309484987,13.7999997380971,13.799999712245642,2.533442945367548e-08,0.8132906056140692,True,ok,,0.3,0.1,0.084
2020-12-03 09:00:00+00:00,1.1422444545772237e-08,1.1422444545772237e-08,0.4249803376976081,0.42498034912005267,13.799999712245642,13.799999700590085,1.1422444439764771e-08,0.4249803376976081,True,ok,,0.3,0.1,0.084
2020-12-03 10:00:00+00:00,-9.339090611959477e-10,-9.339090611959477e-10,0.5124134193487665,0.5124134184148574,13.799999700590085,13.799999701505316,-9.3390907495605e-10,0.5124134193487665,True,ok,,0.3,0.1,0.084
2020-12-03 11:00:00+00:00,-3.801610226616958e-08,-3.801610226616958e-08,0.4695878450003935,0.46958780698429126,13.799999701505316,13.799999738761096,-3.801610225221966e-08,0.4695878450003935,True,ok,,0.3,0.1,0.084
2020-12-03 12:00:00+00:00,-4.519007434922173e-08,-4.519007434922173e-08,1.1199085552330472,1.1199085100429729,13.799999738761096,13.799999783047369,-4.519007412877542e-08,1.1199085552330472,True,ok,,0.3,0.1,0.084
2020-12-03 13:00:00+00:00,-3.618934296678589e-08,-3.618934296678589e-08,0.597575222416725,0.597575186227382,13.799999783047369,13.799999818512925,-3.618934261341896e-08,0.597575222416725,True,ok,,0.3,0.1,0.084
2020-12-03 14:00:00+00:00,-6.29560714671129e-08,-6.29560714671129e-08,1.9649009561344601,1.9649008931783887,13.799999818512925,13.799999880209874,-6.295607183791035e-08,1.9649009561344601,True,ok,,0.3,0.1,0.084
2020-12-03 15:00:00+00:00,-1.2223482271718573e-07,-1.2223482271718573e-07,5.978048600867785,5.978048478632962,13.799999880209874,13.8,-1.2449075247248385e-07,5.978048603123714,True,ok,,0.3,0.1,0.084
2020-12-03 16:00:00+00:00,2.574763833334218,2.574763833334218,0.432099720514314,3.006863553848532,13.8,11.172689965985493,2.574763833334217,0.4320997205143139,True,ok,,0.4,0.18,0.084
2020-12-03 17:00:00+00:00,4.455185485761153,4.455185485761153,1.8676903847103778,6.322875870471531,11.172689965985493,6.626582327453703,4.455185485761153,1.867690384710378,True,ok,,0.4,0.18,0.084
2020-12-03 18:00:00+00:00,4.070952562332645,4.070952562332645,0.7880469665575411,4.858999528890186,6.626582327453703,2.4725491005836577,4.0709525623326455,0.7880469665575409,True,ok,,0.4,0.18,0.084
2020-12-03 19:00:00+00:00,2.423098104629258,2.423098104629258,0.41715561999611905,2.840253724625377,2.4725491005836577,1.4227271805111741e-08,2.423098104629257,0.4171556199961192,True,ok,,0.4,0.18,0.084
2020-12-03 20:00:00+00:00,-2.260467148155662,-2.260467148155662,3.1794261748208195,0.918959026665157,1.4227271805111741e-08,2.2152578194198207,-2.260467148155662,3.1794261748208195,True,ok,,0.2,0.07,0.084
2020-12-03 21:00:00+00:00,-1.517141674286249,-1.517141674286249,2.4146873406418052,0.8975456663555563,2.2152578194198207,3.702056660220345,-1.517141674286249,2.4146873406418052,True,ok,,0.2,0.07,0.084
2020-12-03 22:00:00+00:00,-1.5072954720667635,-1.5072954720667635,1.6830945277146134,0.17579905564785,3.702056660220345,5.179206222845773,-1.5072954720667633,1.6830945277146134,True,ok,,0.2,0.07,0.084
2020-12-03 23:00:00+00:00,-1.3141938677334406,-1.3141938677334406,1.7611850923323245,0.44699122459888385,5.179206222845773,6.4671162132245446,-1.3141938677334406,1.7611850923323245,True,ok,,0.2,0.07,0.084
2020-12-04 00:00:00+00:00,-1.2816123216042352,-1.2816123216042352,1.7658252670708063,0.484212945466571,6.4671162132245446,7.723096288396695,-1.2816123216042352,1.7658252670708063,True,ok,,0.2,0.07,0.084
2020-12-04 01:00:00+00:00,-1.2304284202371378,-1.2304284202371378,2.027558061121008,0.7971296408838698,7.723096288396695,8.92891614022909,-1.2304284202371378,2.027558061121008,True,ok,,0.2,0.07,0.084
2020-12-04 02:00:00+00:00,-1.256016260833296,-1.256016260833296,2.4405120969561276,1.1844958361228315,8.92891614022909,10.15981207584572,-1.2560162608332963,2.4405120969561276,True,ok,,0.2,0.07,0.084
2020-12-04 03:00:00+00:00,-1.5387009172219412,-1.5387009172219412,2.6089800617527685,1.0702791445308273,10.15981207584572,11.667738974723221,-1.5387009172219412,2.6089800617527685,True,ok,,0.2,0.07,0.084
2020-12-04 04:00:00+00:00,-2.175776265300709,-2.175776265300709,4.459665989526175,2.283889724225466,11.667738974723221,13.799999714717917,-2.175776265300709,4.459665989526175,True,ok,,0.2,0.07,0.084
2020-12-04 05:00:00+00:00,0.576041592750429,0.576041592750429,1.0797874344281242,1.6558290271785532,13.799999714717917,13.21220217109503,0.5760415927504287,1.0797874344281242,True,ok,,0.3,0.1,0.084
2020-12-04 06:00:00+00:00,0.3674970983899746,0.3674970983899746,2.5452459310640445,2.912743029454019,13.21220217109503,12.837205131921586,0.36749709838997363,2.5452459310640445,True,ok,,0.3,0.1,0.084
2020-12-04 07:00:00+00:00,0.2822715324708218,0.2822715324708218,2.8126658579427737,3.0949373904135955,12.837205131921586,12.54917295593095,0.28227153247082143,2.8126658579427737,True,ok,,0.3,0.1,0.084
2020-12-04 08:00:00+00:00,0.10876685621504673,0.10876685621504673,0.17837348092548655,0.2871403371405333,12.54917295593095,12.438186367956414,0.1087668562150468,0.17837348092548655,True,ok,,0.3,0.1,0.084
2020-12-04 09:00:00+00:00,0.11493671108321851,0.11493671108321851,0.22608214574081936,0.3410188568240379,12.438186367956414,12.320904009708231,0.11493671108321847,0.22608214574081936,True,ok,,0.3,0.1,0.084
2020-12-04 10:00:00+00:00,0.006769317233768083,0.006769317233768083,0.006982937929662208,0.013752255163430292,12.320904009708231,12.313996543143162,0.006769317233768184,0.006982937929662208,True,ok,,0.3,0.1,0.084
2020-12-04 11:00:00+00:00,-0.5714141302091559,-0.5714141302091559,2.9166687953718906e-09,-0.5714141272924871,12.313996543143162,12.873982390748134,-0.5714141302091558,2.9166688117223136e-09,True,ok,,0.3,0.1,0.084
2020-12-04 12:00:00+00:00,0.13108691287857277,0.13108691287857277,0.8551277150081598,0.9862146278867325,12.873982390748134,12.740220234749591,0.1310869128785734,0.8551277150081598,True,ok,,0.3,0.1,0.084
2020-12-04 13:00:00+00:00,0.1308265478076227,0.1308265478076227,2.8068141466131986,2.9376406944208213,12.740220234749591,12.606723757394874,0.13082654780762507,2.8068141466131986,True,ok,,0.3,0.1,0.084
2020-12-04 14:00:00+00:00,0.11861041046624443,0.11861041046624443,2.319186616573923,2.4377970270401677,12.606723757394874,12.485692726306869,0.11861041046624601,2.319186616573923,True,ok,,0.3,0.1,0.084
2020-12-04 15:00:00+00:00,0.111953091272194,0.111953091272194,4.510580225923584,4.622533317195778,12.485692726306869,12.371454878069937,0.11195309127219184,4.510580225923584,True,ok,,0.3,0.1,0.084
2020-12-04 16:00:00+00:00,4.318990136470047,4.318990136470047,4.172013845504807e-09,4.318990140642061,12.371454878069937,7.964322085753562,4.318990136470046,4.172013401896092e-09,True,ok,,0.4,0.18,0.084
2020-12-04 17:00:00+00:00,4.591173501012721,4.591173501012721,4.1716665677427045e-09,4.591173505184387,7.964322085753562,3.2794511663528265,4.591173501012721,4.171666132548774e-09,True,ok,,0.4,0.18,0.084
2020-12-04 18:00:00+00:00,2.3344978019379843,2.3344978019379843,4.171337053548996e-09,2.3344978061093213,3.2794511663528265,0.8973105521303935,2.3344978019379847,4.171336833998457e-09,True,ok,,0.4,0.18,0.084
2020-12-04 19:00:00+00:00,0.8793639346669607,0.8793639346669607,4.1706211817427175e-09,0.8793639388375819,0.8973105521303935,4.147151273503624e-07,0.8793639346669606,4.1706211643110706e-09,True,ok,,0.4,0.18,0.084
2020-12-04 20:00:00+00:00,-2.2677868387380196,-2.2677868387380196,3.4062942733207304,1.1385074345827109,4.147151273503624e-07,2.2224315166783866,-2.2677868387380196,3.4062942733207304,True,ok,,0.2,0.07,0.084
2020-12-04 21:00:00+00:00,-1.5447771684380736,-1.5447771684380736,2.4820773377497014,0.937300169311628,2.2224315166783866,3.736313141747699,-1.5447771684380736,2.4820773377497014,True,ok,,0.2,0.07,0.084
2020-12-04 22:00:00+00:00,-1.1683200515612937,-1.1683200515612937,2.839266464474298,1.6709464129130043,3.736313141747699,4.881266792277767,-1.1683200515612937,2.839266464474298,True,ok,,0.2,0.07,0.084
2020-12-04 23:00:00+00:00,-1.1547414483363525,-1.1547414483363525,2.2596407255783753,1.1048992772420227,4.881266792277767,6.012913411647393,-1.154741448336352,2.2596407255783753,True,ok,,0.2,0.07,0.084
2020-12-05 00:00:00+00:00,-1.4063061023127836,-1.4063061023127836,1.5342726299681735,0.12796652765538993,6.012913411647393,7.391093391913921,-1.4063061023127834,1.5342726299681735,True,ok,,0.2,0.07,0.084
2020-12-05 01:00:00+00:00,-1.424541400140294,-1.424541400140294,1.5626672890362823,0.13812588889598823,7.391093391913921,8.787143964051408,-1.424541400140294,1.5626672890362823,True,ok,,0.2,0.07,0.084
2020-12-05 02:00:00+00:00,-1.490760477907403,-1.490760477907403,1.7125218941042262,0.22176141619682305,8.787143964051408,10.248089232400662,-1.4907604779074035,1.7125218941042262,True,ok,,0.2,0.07,0.084
2020-12-05 03:00:00+00:00,-1.4146172635551477,-1.4146172635551477,2.9163669260100713,1.5017496624549236,10.248089232400662,11.634414150684707,-1.414617263555147,2.9163669260100713,True,ok,,0.2,0.07,0.084
2020-12-05 04:00:00+00:00,-2.209781187786343,-2.209781187786343,3.709725553788425,1.4999443660020821,11.634414150684707,13.799999714715323,-2.2097811877863434,3.709725553788425,True,ok,,0.2,0.07,0.084
2020-12-05 05:00:00+00:00,0.4568377574314997,0.4568377574314997,0.2971022997878996,0.7539400572193993,13.799999714715323,13.333838737744404,0.45683775743149974,0.2971022997878996,True,ok,,0.3,0.1,0.084
2020-12-05 06:00:00+00:00,0.43280627246532954,0.43280627246532954,0.6821760899242347,1.1149823623895643,13.333838737744404,12.892199684208354,0.43280627246532954,0.6821760899242347,True,ok,,0.3,0.1,0.084
2020-12-05 07:00:00+00:00,0.47177491893969936,0.47177491893969936,3.4663782707092796,3.938153189648979,12.892199684208354,12.410796705698456,0.4717749189396996,3.4663782707092796,True,ok,,0.3,0.1,0.084
2020-12-05 08:00:00+00:00,0.31950918635069603,0.31950918635069603,1.307346121512162,1.626855307862858,12.410796705698456,12.08476692370795,0.31950918635069575,1.307346121512162,True,ok,,0.3,0.1,0.084
2020-12-05 09:00:00+00:00,0.23756486588377312,0.23756486588377312,0.6991981630190703,0.9367630289028435,12.08476692370795,11.84235379525512,0.23756486588377337,0.6991981630190703,True,ok,,0.3,0.1,0.084
2020-12-05 10:00:00+00:00,0.25652058564929825,0.25652058564929825,1.4187079495936217,1.67522853524292,11.84235379525512,11.580598095612979,0.2565205856492984,1.4187079495936217,True,ok,,0.3,0.1,0.084
2020-12-05 11:00:00+00:00,0.3265941354786106,0.3265941354786106,2.2445976083005728,2.5711917437791834,11.580598095612979,11.247338773696029,0.326594135478611,2.2445976083005728,True,ok,,0.3,0.1,0.084
2020-12-05 12:00:00+00:00,0.22266703634117224,0.22266703634117224,4.5624887864659,4.785155822807072,11.247338773696029,11.020127512123404,0.22266703634117196,4.5624887864659,True,ok,,0.3,0.1,0.084
2020-12-05 13:00:00+00:00,0.2078975156877516,0.2078975156877516,3.2910455887142906,3.4989431044020423,11.020127512123404,10.807987189993044,0.20789751568775108,3.2910455887142906,True,ok,,0.3,0.1,0.084
2020-12-05 14:00:00+00:00,0.18863884164920197,0.18863884164920197,1.675385251264478,1.86402409291368,10.807987189993044,10.615498576065287,0.1886388416492012,1.675385251264478,True,ok,,0.3,0.1,0.084
2020-12-05 15:00:00+00:00,0.18998155463439526,0.18998155463439526,2.957792621666775,3.14777417630117,10.615498576065287,10.421639846846515,0.1899815546343954,2.957792621666775,True,ok,,0.3,0.1,0.084
2020-12-05 16:00:00+00:00,1.635609021083743,1.635609021083743,4.1720960020086295e-09,1.635609025255839,10.421639846846515,8.752651049822287,1.635609021083743,4.172096085421031e-09,True,ok,,0.4,0.18,0.084
2020-12-05 17:00:00+00:00,4.250238775299606,4.250238775299606,4.171051060097852e-09,4.250238779470657,8.752651049822287,4.415672707679832,4.250238775299606,4.1710507446205775e-09,True,ok,,0.4,0.18,0.084
2020-12-05 18:00:00+00:00,2.646048157706833,2.646048157706833,4.170692680105503e-09,2.6460481618775256,4.415672707679832,1.7156235671626554,2.646048157706833,4.170692736927181e-09,True,ok,,0.4,0.18,0.084
2020-12-05 19:00:00+00:00,1.681310689464808,1.681310689464808,4.1700731756577625e-09,1.6813106936348812,1.7156235671626554,4.146475451882736e-07,1.681310689464808,4.1700731850167205e-09,True,ok,,0.4,0.18,0.084
2020-12-05 20:00:00+00:00,-2.200837152467993,-2.200837152467993,3.12969903825405,0.9288618857860572,4.146475451882736e-07,2.156820824066178,-2.2008371524679933,3.12969903825405,True,ok,,0.2,0.07,0.084
2020-12-05 21:00:00+00:00,-1.4657944980283426,-1.4657944980283426,2.3434913356390115,0.8776968376106689,2.156820824066178,3.593299432133954,-1.4657944980283424,2.3434913356390115,True,ok,,0.2,0.07,0.084
2020-12-05 22:00:00+00:00,-1.460166734434753,-1.460166734434753,1.6176092900212502,0.15744255558649706,3.593299432133954,5.024262831880012,-1.460166734434753,1.6176092900212502,True,ok,,0.2,0.07,0.084
2020-12-05 23:00:00+00:00,-1.3616425570403647,-1.3616425570403647,1.5302635014131776,0.16862094437281291,5.024262831880012,6.35867253777957,-1.3616425570403647,1.5302635014131776,True,ok,,0.2,0.07,0.084
2020-12-06 00:00:00+00:00,-1.2637450164521977,-1.2637450164521977,1.7464207141868187,0.482675697734621,6.35867253777957,7.597142653902724,-1.2637450164521977,1.7464207141868187,True,ok,,0.2,0.07,0.084
2020-12-06 01:00:00+00:00,-1.3656523993294931,-1.3656523993294931,1.5115276770474013,0.14587527771790817,7.597142653902724,8.935482005245627,-1.3656523993294931,1.5115276770474013,True,ok,,0.2,0.07,0.084
2020-12-06 02:00:00+00:00,-1.3206563914248308,-1.3206563914248308,1.8707375043314995,0.5500811129066687,8.935482005245627,10.22972526884196,-1.320656391424831,1.8707375043314995,True,ok,,0.2,0.07,0.084
2020-12-06 03:00:00+00:00,-1.4740863313617862,-1.4740863313617862,2.3497422226239473,0.8756558912621611,10.22972526884196,11.67432987357651,-1.474086331361786,2.3497422226239473,True,ok,,0.2,0.07,0.084
2020-12-06 04:00:00+00:00,-2.169050858307926,-2.169050858307926,3.3875367745144978,1.2184859162065718,11.67432987357651,13.799999714718279,-2.1690508583079264,3.3875367745144978,True,ok,,0.2,0.07,0.084
2020-12-06 05:00:00+00:00,0.5735742028398642,0.5735742028398642,0.6928151890062634,1.2663893918461275,13.799999714718279,13.21471991590209,0.573574202839864,0.6928151890062634,True,ok,,0.3,0.1,0.084
2020-12-06 06:00:00+00:00,0.3839533305293241,0.3839533305293241,1.2660786998676663,1.6500320303969904,13.21471991590209,12.822930803117066,0.38395333052932384,1.2660786998676663,True,ok,,0.3,0.1,0.084
2020-12-06 07:00:00+00:00,0.3387022368723418,0.3387022368723418,4.1303701013530345,4.469072338225376,12.822930803117066,12.477316275696309,0.3387022368723429,4.1303701013530345,True,ok,,0.3,0.1,0.084
2020-12-06 08:00:00+00:00,0.27564987560736487,0.27564987560736487,3.0469076059898437,3.3225574815972085,12.477316275696309,12.196040892423488,0.27564987560736554,3.0469076059898437,True,ok,,0.3,0.1,0.084
2020-12-06 09:00:00+00:00,0.23740285037333875,0.23740285037333875,2.2670261298488117,2.5044289802221504,12.196040892423488,11.953793085920081,0.23740285037333872,2.2670261298488117,True,ok,,0.3,0.1,0.084
2020-12-06 10:00:00+00:00,0.20510408833981542,0.20510408833981542,1.411457001212501,1.6165610895523164,11.953793085920081,11.744503199859045,0.2051040883398157,1.411457001212501,True,ok,,0.3,0.1,0.084
2020-12-06 11:00:00+00:00,0.20675927248372972,0.20675927248372972,3.71966764528078,3.92642691776451,11.744503199859045,11.533524350385852,0.20675927248373085,3.71966764528078,True,ok,,0.3,0.1,0.084
2020-12-06 12:00:00+00:00,0.17442850191153503,0.17442850191153503,1.1447131329842577,1.3191416348957927,11.533524350385852,11.355536083129184,0.17442850191153453,1.1447131329842577,True,ok,,0.3,0.1,0.084
2020-12-06 13:00:00+00:00,0.17637590705776418,0.17637590705776418,1.9994810436601025,2.1758569507178667,11.355536083129184,11.175560667764119,0.1763759070577636,1.9994810436601025,True,ok,,0.3,0.1,0.084
2020-12-06 14:00:00+00:00,0.170093254619736,0.170093254619736,2.3049301840750984,2.4750234386948344,11.175560667764119,11.001996122233775,0.17009325461973668,2.3049301840750984,True,ok,,0.3,0.1,0.084
2020-12-06 15:00:00+00:00,0.15791617824588067,0.15791617824588067,1.546504692000951,1.7044208702468318,11.001996122233775,10.840857164840019,0.15791617824588067,1.546504692000951,True,ok,,0.3,0.1,0.084
2020-12-06 16:00:00+00:00,2.5900338379677477,2.5900338379677477,4.1720249477350535e-09,2.5900338421397726,10.840857164840019,8.197965493444357,2.5900338379677477,4.1720248291533766e-09,True,ok,,0.4,0.18,0.084
2020-12-06 17:00:00+00:00,3.473708285080755,3.473708285080755,9.34436972244157e-10,3.4737082860151918,8.197965493444357,4.653365202545627,3.473708285080755,9.34437110770278e-10,True,ok,,0.4,0.18,0.084
2020-12-06 18:00:00+00:00,2.771784885886074,2.771784885886074,4.190774394174923e-09,2.7717848900768485,4.653365202545627,1.8250132781720825,2.771784885886075,4.190774531450514e-09,True,ok,,0.4,0.18,0.084
2020-12-06 19:00:00+00:00,1.7885126095089934,1.7885126095089934,4.1901777603214896e-09,1.7885126136991711,1.8250132781720825,4.113261709015603e-07,1.788512609508993,4.19017766676289e-09,True,ok,,0.4,0.18,0.084
2020-12-06 20:00:00+00:00,-2.212823008780506,-2.212823008780506,2.4440657030127046,0.23124269423219868,4.113261709015603e-07,2.1685669599310664,-2.212823008780506,2.4440657030127046,True,ok,,0.2,0.07,0.084
2020-12-06 21:00:00+00:00,-1.4973844574940542,-1.4973844574940542,2.210395596219335,0.7130111387252807,2.1685669599310664,3.6360037282752398,-1.497384457494054,2.210395596219335,True,ok,,0.2,0.07,0.084
2020-12-06 22:00:00+00:00,-1.4805571569069114,-1.4805571569069114,1.6388962677052175,0.158339110798306,3.6360037282752398,5.086949742044013,-1.4805571569069114,1.6388962677052175,True,ok,,0.2,0.07,0.084
2020-12-06 23:00:00+00:00,-1.3987111102254108,-1.3987111102254108,1.5650080273698683,0.16629691714445755,5.086949742044013,6.457686630064915,-1.3987111102254108,1.5650080273698683,True,ok,,0.2,0.07,0.084
2020-12-07 00:00:00+00:00,-1.3791979533138088,-1.3791979533138088,1.5519660922893763,0.17276813897556748,6.457686630064915,7.809300624312447,-1.3791979533138088,1.5519660922893763,True,ok,,0.2,0.07,0.084
2020-12-07 01:00:00+00:00,-1.3124280103581891,-1.3124280103581891,1.783136621904812,0.4707086115466227,7.809300624312447,9.095480074463472,-1.3124280103581893,1.783136621904812,True,ok,,0.2,0.07,0.084
2020-12-07 02:00:00+00:00,-1.138644252398547,-1.138644252398547,3.0195220898366006,1.8808778374380537,9.095480074463472,10.211351441814049,-1.138644252398546,3.0195220898366006,True,ok,,0.2,0.07,0.084
2020-12-07 03:00:00+00:00,-1.499218621505672,-1.499218621505672,2.428730063001355,0.9295114414956831,10.211351441814049,11.680585690889608,-1.499218621505672,2.428730063001355,True,ok,,0.2,0.07,0.084
2020-12-07 04:00:00+00:00,-2.162667646510407,-2.162667646510407,2.937582897858162,0.7749152513477549,11.680585690889608,13.799999984469807,-2.162667646510407,2.937582897858162,True,ok,,0.2,0.07,0.084
2020-12-07 05:00:00+00:00,0.09646428126420417,0.09646428126420417,0.050014829519796605,0.14647911078400078,13.799999984469807,13.701567044404293,0.09646428126420419,0.0500148295197966,True,ok,,0.3,0.1,0.084
2020-12-07 06:00:00+00:00,0.679425068110852,0.679425068110852,1.9230418482198026,2.6024669163306546,13.701567044404293,13.008276158576892,0.6794250681108523,1.9230418482198026,True,ok,,0.3,0.1,0.084
2020-12-07 07:00:00+00:00,0.2367103537954126,0.2367103537954126,0.43966044208820765,0.6763707958836203,13.008276158576892,12.766734981234634,0.23671035379541253,0.43966044208820765,True,ok,,0.3,0.1,0.084
2020-12-07 08:00:00+00:00,0.16072319028193627,0.16072319028193627,0.2813408287053032,0.44206401898723946,12.766734981234634,12.602731725844903,0.16072319028193627,0.2813408287053032,True,ok,,0.3,0.1,0.084
2020-12-07 09:00:00+00:00,0.12620402631257077,0.12620402631257077,0.2174018809968044,0.3436059073093752,12.602731725844903,12.473952107158606,0.12620402631257066,0.2174018809968044,True,ok,,0.3,0.1,0.084
2020-12-07 10:00:00+00:00,-0.021400533785427056,-0.021400533785427056,1.0581133677578514e-09,-0.02140053272731369,12.473952107158606,12.494924630268324,-0.0214005337854269,1.058113366955464e-09,True,ok,,0.3,0.1,0.084
2020-12-07 11:00:00+00:00,-0.03541267006365653,-0.03541267006365653,2.9167026502352478e-09,-0.03541266714695388,12.494924630268324,12.529629046930708,-0.03541267006365653,2.916702652444452e-09,True,ok,,0.3,0.1,0.084
2020-12-07 12:00:00+00:00,0.15555477078269075,0.15555477078269075,0.98338897692712,1.1389437477098108,12.529629046930708,12.370899688989187,0.1555547707826911,0.98338897692712,True,ok,,0.3,0.1,0.084
2020-12-07 13:00:00+00:00,0.1396597662853506,0.1396597662853506,0.8632941626725122,1.0029539289578628,12.370899688989187,12.22838972339189,0.13965976628535107,0.8632941626725122,True,ok,,0.3,0.1,0.084
2020-12-07 14:00:00+00:00,0.14431479822423077,0.14431479822423077,2.5161631249967367,2.6604779232209674,12.22838972339189,12.0811297252039,0.14431479822423113,2.5161631249967367,True,ok,,0.3,0.1,0.084
2020-12-07 15:00:00+00:00,0.13838032395882038,0.13838032395882038,4.859478006852208,4.997858330811028,12.0811297252039,11.939925313001021,0.13838032395882105,4.859478006852208,True,ok,,0.3,0.1,0.084
2020-12-07 16:00:00+00:00,3.367329958582243,3.367329958582243,4.17200585189903e-09,3.367329962754249,11.939925313001021,8.503874334855876,3.3673299585822427,4.172005658663148e-09,True,ok,,0.4,0.18,0.084
2020-12-07 17:00:00+00:00,4.338864626143493,4.338864626143493,4.171543110942366e-09,4.338864630315036,8.503874334855876,4.076461451035986,4.338864626143495,4.171542909110314e-09,True,ok,,0.4,0.18,0.084
2020-12-07 18:00:00+00:00,2.6580480998236014,2.6580480998236014,4.1711927245557945e-09,2.658048103994794,4.076461451035986,1.3641674716241474,2.6580480998236005,4.1711929020596715e-09,True,ok,,0.4,0.18,0.084
2020-12-07 19:00:00+00:00,1.3368837158723936,1.3368837158723936,4.170575884643313e-09,1.3368837200429695,1.3641674716241474,4.1461150090960075e-07,1.3368837158723936,4.170575960856573e-09,True,ok,,0.4,0.18,0.084
2020-12-07 20:00:00+00:00,-2.1686140079126295,-2.1686140079126295,4.945370804476626,2.7767567965639968,4.1461150090960075e-07,2.1252421423658774,-2.1686140079126295,4.945370804476626,True,ok,,0.2,0.07,0.084
2020-12-07 21:00:00+00:00,-1.5752934243443455,-1.5752934243443455,2.6102342562890226,1.0349408319446771,2.1252421423658774,3.669029698223336,-1.5752934243443453,2.6102342562890226,True,ok,,0.2,0.07,0.084
2020-12-07 22:00:00+00:00,-1.3035110354582882,-1.3035110354582882,2.37569811926422,1.072187083805932,3.669029698223336,4.946470512972459,-1.303511035458288,2.37569811926422,True,ok,,0.2,0.07,0.084
2020-12-07 23:00:00+00:00,-1.3484706240986521,-1.3484706240986521,1.8312687340856992,0.48279810998704714,4.946470512972459,6.267971724589138,-1.3484706240986521,1.8312687340856992,True,ok,,0.2,0.07,0.084
2020-12-08 00:00:00+00:00,-1.3527240318200837,-1.3527240318200837,1.7320038648958196,0.3792798330757359,6.267971724589138,7.59364127577282,-1.352724031820084,1.7320038648958196,True,ok,,0.2,0.07,0.084
2020-12-08 01:00:00+00:00,-1.2206804611478481,-1.2206804611478481,2.183256244395266,0.9625757832474177,7.59364127577282,8.78990812769771,-1.2206804611478483,2.183256244395266,True,ok,,0.2,0.07,0.084
2020-12-08 02:00:00+00:00,-1.1711335724347343,-1.1711335724347343,3.0622798808912606,1.8911463084565263,8.78990812769771,9.93761902868375,-1.1711335724347347,3.0622798808912606,True,ok,,0.2,0.07,0.084
2020-12-08 03:00:00+00:00,-1.5486118731877982,-1.5486118731877982,2.5785909002948246,1.0299790271070264,9.93761902868375,11.455258664407793,-1.5486118731877982,2.5785909002948246,True,ok,,0.2,0.07,0.084
2020-12-08 04:00:00+00:00,-2.3925929084641884,-2.3925929084641884,2.890428573568313,0.4978356651041245,11.455258664407793,13.799999714702698,-2.3925929084641884,2.890428573568313,True,ok,,0.2,0.07,0.084
2020-12-08 05:00:00+00:00,0.11065021391830132,0.11065021391830132,0.04819220283175918,0.1588424167500605,13.799999714702698,13.687091333153411,0.11065021391830136,0.04819220283175917,True,ok,,0.3,0.1,0.084
2020-12-08 06:00:00+00:00,1.0966172751618188,1.0966172751618188,0.3415665026181849,1.4381837777800037,13.687091333153411,12.568094113600536,1.0966172751618186,0.341566502618185,True,ok,,0.3,0.1,0.084
2020-12-08 07:00:00+00:00,0.4661257508588213,0.4661257508588213,0.2899645771584089,0.7560903280172302,12.568094113600536,12.092455592316025,0.46612575085882163,0.2899645771584089,True,ok,,0.3,0.1,0.084
2020-12-08 08:00:00+00:00,0.2385140391328067,0.2385140391328067,0.18996687193106762,0.4284809110638743,12.092455592316025,11.849073919731529,0.23851403913280675,0.18996687193106762,True,ok,,0.3,0.1,0.084
2020-12-08 09:00:00+00:00,0.5483042813770969,0.5483042813770969,0.459034899884313,1.0073391812614099,11.849073919731529,11.289579755061022,0.548304281377097,0.459034899884313,True,ok,,0.3,0.1,0.084
2020-12-08 10:00:00+00:00,0.5991286451167342,0.5991286451167342,0.5800814708854697,1.179210116002204,11.289579755061022,10.678223994737824,0.5991286451167344,0.5800814708854697,True,ok,,0.3,0.1,0.084
2020-12-08 11:00:00+00:00,-0.03824516674955602,-0.03824516674955602,2.9166937268176873e-09,-0.03824516383286229,10.678223994737824,10.715704258152389,-0.038245166749556046,2.916693725129836e-09,True,ok,,0.3,0.1,0.084
2020-12-08 12:00:00+00:00,-1.3706303810590128,-1.3706303810590128,2.916659802565391e-09,-1.370630378142353,10.715704258152389,12.058922031590221,-1.3706303810590121,2.9166598805991753e-09,True,ok,,0.3,0.1,0.084
2020-12-08 13:00:00+00:00,-1.1216083883509405,-1.1216083883509405,2.9166613568776256e-09,-1.121608385434279,12.058922031590221,13.158098252174142,-1.1216083883509402,2.9166613526567885e-09,True,ok,,0.3,0.1,0.084
2020-12-08 14:00:00+00:00,0.35658727577103977,0.35658727577103977,1.6737346159189916,2.0303218916900314,13.158098252174142,12.794233685060837,0.3565872757710405,1.6737346159189916,True,ok,,0.3,0.1,0.084
2020-12-08 15:00:00+00:00,0.3048061011277685,0.3048061011277685,4.634353600928353,4.939159702056122,12.794233685060837,12.483207051256992,0.30480610112776657,4.634353600928353,True,ok,,0.3,0.1,0.084
2020-12-08 16:00:00+00:00,3.939389053067066,3.939389053067066,9.372844722577156e-10,3.9393890540043506,12.483207051256992,8.463422303229372,3.939389053067066,9.372844157576118e-10,True,ok,,0.4,0.18,0.084
2020-12-08 17:00:00+00:00,3.886624377450976,3.886624377450976,4.1918957194297946e-09,3.886624381642872,8.463422303229372,4.4974790609324575,3.886624377450976,4.191895578945657e-09,True,ok,,0.4,0.18,0.084
2020-12-08 18:00:00+00:00,2.9686345581021953,2.9686345581021953,4.1914929305164605e-09,2.9686345622936883,4.4974790609324575,1.4682601240934825,2.968634558102196,4.191493017109443e-09,True,ok,,0.4,0.18,0.084
2020-12-08 19:00:00+00:00,1.438894518592552,1.438894518592552,4.190940483539407e-09,1.4388945227834924,1.4682601240934825,4.112439397907508e-07,1.438894518592552,4.190940545928945e-09,True,ok,,0.4,0.18,0.084
2020-12-08 20:00:00+00:00,-2.145937458118354,-2.145937458118354,3.5471749009508757,1.4012374428325216,4.112439397907508e-07,2.1030191201999267,-2.1459374581183543,3.5471749009508757,True,ok,,0.2,0.07,0.084
2020-12-08 21:00:00+00:00,-1.6901833752619864,-1.6901833752619864,1.886719291524189,0.1965359162622026,2.1030191201999267,3.759398827956673,-1.6901833752619864,1.886719291524189,True,ok,,0.2,0.07,0.084
2020-12-08 22:00:00+00:00,-1.3728588533642454,-1.3728588533642454,1.8615064070995548,0.48864755373530955,3.759398827956673,5.1048005042536335,-1.3728588533642452,1.8615064070995548,True,ok,,0.2,0.07,0.084
2020-12-08 23:00:00+00:00,-1.3882795008875326,-1.3882795008875326,1.5415948618283597,0.15331536094082718,5.1048005042536335,6.465314415123416,-1.3882795008875322,1.5415948618283597,True,ok,,0.2,0.07,0.084
2020-12-09 00:00:00+00:00,-1.2323950127060113,-1.2323950127060113,1.755873848890089,0.5234788361840776,6.465314415123416,7.673061527575307,-1.2323950127060115,1.755873848890089,True,ok,,0.2,0.07,0.084
2020-12-09 01:00:00+00:00,-1.421654069917407,-1.421654069917407,1.533954375583271,0.11230030566586392,7.673061527575307,9.066282516094365,-1.421654069917407,1.533954375583271,True,ok,,0.2,0.07,0.084
2020-12-09 02:00:00+00:00,-1.0125005256154687,-1.0125005256154687,4.268921053502811,3.256420527887342,9.066282516094365,10.058533031197523,-1.0125005256154667,4.268921053502811,True,ok,,0.2,0.07,0.084
2020-12-09 03:00:00+00:00,-1.4157287795603122,-1.4157287795603122,2.7896605027788066,1.3739317232184944,10.058533031197523,11.44594723516663,-1.4157287795603124,2.7896605027788066,True,ok,,0.2,0.07,0.084
2020-12-09 04:00:00+00:00,-2.4020943668767596,-2.4020943668767596,2.548449505867374,0.14635513899061425,11.44594723516663,13.799999714705853,-2.40209436687676,2.548449505867374,True,ok,,0.2,0.07,0.084
2020-12-09 05:00:00+00:00,0.09093607781027513,0.09093607781027513,0.5187461974876317,0.6096822752979069,13.799999714705853,13.70720779857292,0.09093607781027532,0.5187461974876317,True,ok,,0.3,0.1,0.084
2020-12-09 06:00:00+00:00,0.048613898161133706,0.048613898161133706,1.2307499603134915,1.2793638584746252,13.70720779857292,13.657601780041151,0.04861389816113392,1.2307499603134915,True,ok,,0.3,0.1,0.084
2020-12-09 07:00:00+00:00,0.034818765198768364,0.034818765198768364,0.4842559565058201,0.5190747217045885,13.657601780041151,13.62207242779751,0.03481876519876821,0.4842559565058201,True,ok,,0.3,0.1,0.084
2020-12-09 08:00:00+00:00,0.029377519172389954,0.029377519172389954,0.6972160855440983,0.7265936047164883,13.62207242779751,13.592095367417521,0.029377519172390152,0.6972160855440983,True,ok,,0.3,0.1,0.084
2020-12-09 09:00:00+00:00,0.025578923575394374,0.025578923575394374,0.6064908735416482,0.6320697971170426,13.592095367417521,13.565994424993649,0.025578923575394225,0.6064908735416482,True,ok,,0.3,0.1,0.084
2020-12-09 10:00:00+00:00,0.023833558300832003,0.023833558300832003,3.072238401460993,3.096071959761825,13.565994424993649,13.541674467543821,0.023833558300831326,3.072238401460993,True,ok,,0.3,0.1,0.084
2020-12-09 11:00:00+00:00,0.021810037214142763,0.021810037214142763,2.870243360402612,2.892053397616755,13.541674467543821,13.51941932752939,0.02181003721414247,2.870243360402612,True,ok,,0.3,0.1,0.084
2020-12-09 12:00:00+00:00,0.02026210322773192,0.02026210322773192,3.4061749659023963,3.4264370691301282,13.51941932752939,13.498743711990887,0.020262103227730508,3.4061749659023963,True,ok,,0.3,0.1,0.084
2020-12-09 13:00:00+00:00,0.018956713635754685,0.018956713635754685,2.609078003110515,2.62803471674627,13.498743711990887,13.47940012664828,0.01895671363575383,2.609078003110515,True,ok,,0.3,0.1,0.084
2020-12-09 14:00:00+00:00,0.017905488646772216,0.017905488646772216,2.66164784874061,2.6795533373873823,13.47940012664828,13.461129219865859,0.017905488646770936,2.66164784874061,True,ok,,0.3,0.1,0.084
2020-12-09 15:00:00+00:00,0.0170558461636654,0.0170558461636654,4.463358608574177,4.480414454737843,13.461129219865859,13.443725295209058,0.01705584616366645,4.463358608574177,True,ok,,0.3,0.1,0.084
2020-12-09 16:00:00+00:00,4.875461910862234,4.875461910862234,4.172484580067248e-09,4.875461915034719,13.443725295209058,8.468764161676166,4.875461910862234,4.172484883884005e-09,True,ok,,0.4,0.18,0.084
2020-12-09 17:00:00+00:00,4.300950587898453,4.300950587898453,9.345093587853626e-10,4.300950588832962,8.468764161676166,4.080039071983867,4.300950587898452,9.345089513964825e-10,True,ok,,0.4,0.18,0.084
2020-12-09 18:00:00+00:00,2.665809059362145,2.665809059362145,4.191665681219092e-09,2.6658090635538105,4.080039071983867,1.3598257461041272,2.665809059362145,4.1916658253171834e-09,True,ok,,0.4,0.18,0.084
2020-12-09 19:00:00+00:00,1.332628828162445,1.332628828162445,4.191041069745438e-09,1.332628832353486,1.3598257461041272,4.11244489351148e-07,1.3326288281624445,4.19104097463392e-09,True,ok,,0.4,0.18,0.084
2020-12-09 20:00:00+00:00,-2.148657635225442,-2.148657635225442,3.302429157853379,1.1537715226279368,4.11244489351148e-07,2.1056848937654227,-2.1486576352254425,3.302429157853379,True,ok,,0.2,0.07,0.084
2020-12-09 21:00:00+00:00,-1.682471211268278,-1.682471211268278,1.8323552667423475,0.14988405547406936,2.1056848937654227,3.754506680808335,-1.6824712112682778,1.8323552667423473,True,ok,,0.2,0.07,0.084
2020-12-09 22:00:00+00:00,-1.4639892664267784,-1.4639892664267784,1.613608099539495,0.14961883311271654,3.754506680808335,5.189216161906578,-1.4639892664267786,1.613608099539495,True,ok,,0.2,0.07,0.084
2020-12-09 23:00:00+00:00,-1.2552181434414822,-1.2552181434414822,1.7341326417997849,0.47891449835830263,5.189216161906578,6.41932994247923,-1.2552181434414822,1.7341326417997849,True,ok,,0.2,0.07,0.084
2020-12-10 00:00:00+00:00,-1.3663096698262263,-1.3663096698262263,1.4967357813150985,0.13042611148887218,6.41932994247923,7.758313418908932,-1.3663096698262263,1.4967357813150983,True,ok,,0.2,0.07,0.084
2020-12-10 01:00:00+00:00,-1.2609859559072176,-1.2609859559072176,1.7758969849440582,0.5149110290368405,7.758313418908932,8.994079655698005,-1.2609859559072176,1.7758969849440582,True,ok,,0.2,0.07,0.084
2020-12-10 02:00:00+00:00,-1.119959404076752,-1.119959404076752,2.8611627053608,1.7412033012840482,8.994079655698005,10.091639871693221,-1.1199594040767524,2.8611627053608,True,ok,,0.2,0.07,0.084
2020-12-10 03:00:00+00:00,-1.5159462885595876,-1.5159462885595876,2.3629413414429474,0.8469950528833599,10.091639871693221,11.577267234481617,-1.5159462885595878,2.3629413414429474,True,ok,,0.2,0.07,0.084
2020-12-10 04:00:00+00:00,-2.268094367580529,-2.268094367580529,3.043794921053367,0.7757005534728377,11.577267234481617,13.799999714710536,-2.268094367580529,3.043794921053367,True,ok,,0.2,0.07,0.084
2020-12-10 05:00:00+00:00,0.09771317024128202,0.09771317024128202,0.05392605182167655,0.15163922206295857,13.799999714710536,13.7002923981378,0.09771317024128193,0.05392605182167655,True,ok,,0.3,0.1,0.084
2020-12-10 06:00:00+00:00,0.3560418245501613,0.3560418245501613,2.1882754853274484,2.5443173098776097,13.7002923981378,13.336984413902941,0.3560418245501608,2.1882754853274484,True,ok,,0.3,0.1,0.084
2020-12-10 07:00:00+00:00,0.18201367327051388,0.18201367327051388,0.7659009603452964,0.9479146336158103,13.336984413902941,13.151256175871804,0.18201367327051363,0.7659009603452964,True,ok,,0.3,0.1,0.084
2020-12-10 08:00:00+00:00,0.1674338641205857,0.1674338641205857,2.4962074991557888,2.6636413632763745,13.151256175871804,12.980405294116105,0.16743386412058717,2.4962074991557888,True,ok,,0.3,0.1,0.084
2020-12-10 09:00:00+00:00,0.13873552936683975,0.13873552936683975,1.7794041509187213,1.918139680285561,12.980405294116105,12.838838427415249,0.1387355293668412,1.7794041509187213,True,ok,,0.3,0.1,0.084
2020-12-10 10:00:00+00:00,0.11771013645053752,0.11771013645053752,1.090353183735317,1.2080633201858546,12.838838427415249,12.718726043282047,0.11771013645053788,1.090353183735317,True,ok,,0.3,0.1,0.084
2020-12-10 11:00:00+00:00,0.11200542986403295,0.11200542986403295,1.8759886556347554,1.9879940854987883,12.718726043282047,12.604434788318748,0.11200542986403275,1.8759886556347554,True,ok,,0.3,0.1,0.084
2020-12-10 12:00:00+00:00,0.10238734222830126,0.10238734222830126,1.5892204868081725,1.6916078290364738,12.604434788318748,12.49995790849395,0.10238734222830169,1.5892204868081725,True,ok,,0.3,0.1,0.084
2020-12-10 13:00:00+00:00,0.09671076190885874,0.09671076190885874,1.9062328517868743,2.002943613695733,12.49995790849395,12.401273457566544,0.09671076190885865,1.9062328517868743,True,ok,,0.3,0.1,0.084
2020-12-10 14:00:00+00:00,0.09339309259101647,0.09339309259101647,3.844383444080212,3.9377765366712283,12.401273457566544,12.305974383494078,0.09339309259101847,3.844383444080212,True,ok,,0.3,0.1,0.084
2020-12-10 15:00:00+00:00,0.08837771160583996,0.08837771160583996,3.500259991748033,3.5886377033538728,12.305974383494078,12.215793045120773,0.08837771160583985,3.500259991748033,True,ok,,0.3,0.1,0.084
2020-12-10 16:00:00+00:00,4.672692867822383,4.672692867822383,4.172060030782632e-09,4.672692871994443,12.215793045120773,7.447739098363239,4.672692867822383,4.172059996405981e-09,True,ok,,0.4,0.18,0.084
2020-12-10 17:00:00+00:00,3.4649904182095552,3.4649904182095552,4.17173895428391e-09,3.464990422381294,7.447739098363239,3.9120345899861415,3.464990418209556,4.171739100710195e-09,True,ok,,0.4,0.18,0.084
2020-12-10 18:00:00+00:00,2.8253068891215474,2.8253068891215474,9.316698523775813e-10,2.8253068900532172,3.9120345899861415,1.0290683765968076,2.825306889121548,9.31669792687051e-10,True,ok,,0.4,0.18,0.084
2020-12-10 19:00:00+00:00,1.0084866059172775,1.0084866059172775,4.190673807968892e-09,1.0084866101079513,1.0290683765968076,4.113750959877649e-07,1.008486605917278,4.1906737347577425e-09,True,ok,,0.4,0.18,0.084
2020-12-10 20:00:00+00:00,-2.3044607537461776,-2.3044607537461776,3.224271921614156,0.9198111678679783,4.113750959877649e-07,2.2583719500463504,-2.3044607537461776,3.224271921614156,True,ok,,0.2,0.07,0.084
2020-12-10 21:00:00+00:00,-1.2837839545798868,-1.2837839545798868,4.014272892763139,2.7304889381832522,2.2583719500463504,3.5164802255346395,-1.2837839545798861,4.014272892763139,True,ok,,0.2,0.07,0.084
2020-12-10 22:00:00+00:00,-1.542998321003756,-1.542998321003756,1.6657593487160478,0.12276102771229196,3.5164802255346395,5.02861858011832,-1.542998321003756,1.6657593487160478,True,ok,,0.2,0.07,0.084
2020-12-10 23:00:00+00:00,-1.4314517006984278,-1.4314517006984278,1.5793741728813375,0.14792247218290974,5.02861858011832,6.4314412468027795,-1.4314517006984278,1.5793741728813375,True,ok,,0.2,0.07,0.084
2020-12-11 00:00:00+00:00,-1.3883346669394134,-1.3883346669394134,1.5869668336323592,0.19863216669294573,6.4314412468027795,7.792009220403404,-1.3883346669394137,1.5869668336323592,True,ok,,0.2,0.07,0.084
2020-12-11 01:00:00+00:00,-1.2221033218945316,-1.2221033218945316,2.073608655363179,0.8515053334686473,7.792009220403404,8.989670475860045,-1.2221033218945319,2.073608655363179,True,ok,,0.2,0.07,0.084
2020-12-11 02:00:00+00:00,-1.2541689110579608,-1.2541689110579608,2.501009352528637,1.2468404414706764,8.989670475860045,10.218756008696847,-1.254168911057961,2.501009352528637,True,ok,,0.2,0.07,0.084
2020-12-11 03:00:00+00:00,-1.5215169086145872,-1.5215169086145872,2.7745665186280193,1.253049610013432,10.218756008696847,11.709842579139142,-1.521516908614587,2.7745665186280193,True,ok,,0.2,0.07,0.084
2020-12-11 04:00:00+00:00,-2.1328134036543998,-2.1328134036543998,5.400900062762665,3.2680866591082656,11.709842579139142,13.799999714720453,-2.1328134036543984,5.400900062762665,True,ok,,0.2,0.07,0.084
2020-12-11 05:00:00+00:00,0.5619330175737549,0.5619330175737549,0.3294335665179614,0.8913665840917163,13.799999714720453,13.226598676379886,0.5619330175737547,0.32943356651796146,True,ok,,0.3,0.1,0.084
2020-12-11 06:00:00+00:00,0.8877382197657244,0.8877382197657244,1.2551778644046165,2.142916084170341,13.226598676379886,12.32074335008833,0.8877382197657243,1.2551778644046165,True,ok,,0.3,0.1,0.084
2020-12-11 07:00:00+00:00,0.5172130628743531,0.5172130628743531,0.994074029660987,1.51128709253534,12.32074335008833,11.792974918583887,0.5172130628743531,0.994074029660987,True,ok,,0.3,0.1,0.084
2020-12-11 08:00:00+00:00,0.288019255030909,0.288019255030909,0.4469868117548261,0.7350060667857351,11.792974918583887,11.499077719572755,0.28801925503090914,0.4469868117548261,True,ok,,0.3,0.1,0.084
2020-12-11 09:00:00+00:00,0.3584247315892336,0.3584247315892336,0.8513056634928068,1.2097303950820404,11.499077719572755,11.133338197542924,0.3584247315892337,0.8513056634928068,True,ok,,0.3,0.1,0.084
2020-12-11 10:00:00+00:00,0.2640344687662657,0.2640344687662657,0.5085480371311877,0.7725825058974534,11.133338197542924,10.86391527023041,0.264034468766266,0.5085480371311877,True,ok,,0.3,0.1,0.084
2020-12-11 11:00:00+00:00,0.30622211399266874,0.30622211399266874,0.8505485922868553,1.156770706279524,10.86391527023041,10.551443725339931,0.3062221139926684,0.8505485922868553,True,ok,,0.3,0.1,0.084
2020-12-11 12:00:00+00:00,0.2803102164952891,0.2803102164952891,0.7728217611468859,1.053131977642175,10.551443725339931,10.265412892181473,0.2803102164952891,0.7728217611468859,True,ok,,0.3,0.1,0.084
2020-12-11 13:00:00+00:00,0.36006442995705124,0.36006442995705124,3.8061894030208934,4.166253832977945,10.265412892181473,9.89800020855183,0.36006442995705,3.8061894030208934,True,ok,,0.3,0.1,0.084
2020-12-11 14:00:00+00:00,0.33617219834529344,0.33617219834529344,3.0242960416794666,3.36046824002476,9.89800020855183,9.55496735309745,0.3361721983452929,3.0242960416794666,True,ok,,0.3,0.1,0.084
2020-12-11 15:00:00+00:00,0.33515935877999503,0.33515935877999503,4.840639486002151,5.175798844782146,9.55496735309745,9.212968007403576,0.3351593587799946,4.840639486002151,True,ok,,0.3,0.1,0.084
2020-12-11 16:00:00+00:00,3.228031442962362,3.228031442962362,4.172713730099531e-09,3.2280314471350757,9.212968007403576,5.919058371727697,3.2280314429623633,4.172713812939434e-09,True,ok,,0.4,0.18,0.084
2020-12-11 17:00:00+00:00,2.580322420303127,2.580322420303127,4.1722261201471156e-09,2.5803224244753533,5.919058371727697,3.286076310193894,2.580322420303126,4.172226151906974e-09,True,ok,,0.4,0.18,0.084
2020-12-11 18:00:00+00:00,1.8085258562625168,1.8085258562625168,4.171592182800055e-09,1.808525860434109,3.286076310193894,1.4406417629872443,1.8085258562625157,4.171592097729951e-09,True,ok,,0.4,0.18,0.084
2020-12-11 19:00:00+00:00,1.4118285214308512,1.4118285214308512,4.1706418318909755e-09,1.411828525601493,1.4406417629872443,4.1458841648633893e-07,1.411828521430851,4.1706419127507035e-09,True,ok,,0.4,0.18,0.084
2020-12-11 20:00:00+00:00,-2.7983283113159727,-2.7983283113159727,3.6482662832787955,0.8499379719628231,4.1458841648633893e-07,2.74236215967807,-2.7983283113159723,3.6482662832787955,True,ok,,0.2,0.07,0.084
2020-12-11 21:00:00+00:00,-1.3712690202023223,-1.3712690202023223,2.107000822957254,0.7357318027549317,2.74236215967807,4.086205799476346,-1.3712690202023223,2.107000822957254,True,ok,,0.2,0.07,0.084
2020-12-11 22:00:00+00:00,-1.234403385462266,-1.234403385462266,1.8550721400637444,0.6206687546014785,4.086205799476346,5.2959211172293665,-1.234403385462266,1.8550721400637447,True,ok,,0.2,0.07,0.084
2020-12-11 23:00:00+00:00,-1.3694892580904554,-1.3694892580904554,1.480795146743257,0.11130588865280146,5.2959211172293665,6.638020590158012,-1.3694892580904554,1.480795146743257,True,ok,,0.2,0.07,0.084
2020-12-12 00:00:00+00:00,-1.177779654547915,-1.177779654547915,1.6875419868098487,0.5097623322619338,6.638020590158012,7.792244651614968,-1.1777796545479151,1.6875419868098487,True,ok,,0.2,0.07,0.084
2020-12-12 01:00:00+00:00,-1.3610678031745849,-1.3610678031745849,1.4826513588835761,0.12158355570899118,7.792244651614968,9.12609109872606,-1.361067803174585,1.4826513588835761,True,ok,,0.2,0.07,0.084
2020-12-12 02:00:00+00:00,-1.3363340925674456,-1.3363340925674456,1.822390590533364,0.48605649796591843,9.12609109872606,10.435698509442158,-1.3363340925674456,1.822390590533364,True,ok,,0.2,0.07,0.084
2020-12-12 03:00:00+00:00,-1.2491129491630066,-1.2491129491630066,3.6770356983379715,2.427922749174965,10.435698509442158,11.659829199621905,-1.2491129491630064,3.6770356983379715,True,ok,,0.2,0.07,0.084
2020-12-12 04:00:00+00:00,-2.183847755487853,-2.183847755487853,3.476298140849101,1.2924503853612481,11.659829199621905,13.8,-2.18384776655534,3.4762981519165885,True,ok,,0.2,0.07,0.084
2020-12-12 05:00:00+00:00,1.4158533878649848e-07,1.4158533878649848e-07,1.929701829113758,1.9297019706990968,13.8,13.799999855525165,1.4158533815155888e-07,1.929701829113758,True,ok,,0.3,0.1,0.084
2020-12-12 06:00:00+00:00,7.177532979074641e-08,7.177532979074641e-08,0.6842701788179614,0.6842702505932912,13.799999855525165,13.799999782285033,7.177532983485372e-08,0.6842701788179614,True,ok,,0.3,0.1,0.084
2020-12-12 07:00:00+00:00,4.330428104992734e-08,4.330428104992734e-08,1.973339046497935,1.973339089802216,13.799999782285033,13.799999738096991,4.330428028486266e-08,1.973339046497935,True,ok,,0.3,0.1,0.084
2020-12-12 08:00:00+00:00,2.533442011731779e-08,2.533442011731779e-08,1.1484487834366561,1.1484488087710762,13.799999738096991,13.799999712245542,2.5334420169102143e-08,1.1484487834366561,True,ok,,0.3,0.1,0.084
2020-12-12 09:00:00+00:00,1.1422440882036256e-08,1.1422440882036256e-08,0.6002407106835288,0.6002407221059697,13.799999712245542,13.799999700589991,1.1422440797009232e-08,0.6002407106835288,True,ok,,0.3,0.1,0.084
2020-12-12 10:00:00+00:00,-9.339027329247074e-10,-9.339027329247074e-10,2.2425051779616,2.2425051770276974,13.799999700589991,13.799999701505216,-9.339049736927316e-10,2.2425051779616,True,ok,,0.3,0.1,0.084
2020-12-12 11:00:00+00:00,-1.324813969638683e-08,-1.324813969638683e-08,1.8462650004057295,1.8462649871575898,13.799999701505216,13.799999714488393,-1.3248140425710716e-08,1.8462650004057295,True,ok,,0.3,0.1,0.084
2020-12-12 12:00:00+00:00,-2.7075660380404543e-08,-2.7075660380404543e-08,2.7868917452915283,2.786891718215868,13.799999714488393,13.79999974102254,-2.7075660830236553e-08,2.7868917452915283,True,ok,,0.3,0.1,0.084
2020-12-12 13:00:00+00:00,-4.4836035328899015e-08,-4.4836035328899015e-08,2.112903279312458,2.1129032344764225,13.79999974102254,13.799999784961855,-4.483603502660684e-08,2.112903279312458,True,ok,,0.3,0.1,0.084
2020-12-12 14:00:00+00:00,-7.263791079736848e-08,-7.263791079736848e-08,3.6691850677159477,3.669184995078037,13.799999784961855,13.799999856147007,-7.263791167392005e-08,3.6691850677159477,True,ok,,0.3,0.1,0.084
2020-12-12 15:00:00+00:00,-1.383505958685305e-07,-1.383505958685305e-07,5.020188255728654,5.0201881173780585,13.799999856147007,13.79999999173059,-1.383505974051175e-07,5.020188255728654,True,ok,,0.3,0.1,0.084
2020-12-12 16:00:00+00:00,4.5400897794729715,4.5400897794729715,0.05840771527758015,4.598497494750552,13.79999999173059,9.167255318798986,4.540089779472972,0.05840771527757984,True,ok,,0.4,0.18,0.084
2020-12-12 17:00:00+00:00,4.1615773645514,4.1615773645514,0.055505494774010344,4.21708285932541,9.167255318798986,4.9207478039506185,4.1615773645514,0.0555054947740107,True,ok,,0.4,0.18,0.084
2020-12-12 18:00:00+00:00,2.878859521557432,2.878859521557432,0.05280064856058164,2.931660170118014,4.9207478039506185,1.9831360472593613,2.8788595215574335,0.052800648560581684,True,ok,,0.4,0.18,0.084
2020-12-12 19:00:00+00:00,1.943473312340464,1.943473312340464,0.05084757241446014,1.994320884754924,1.9831360472593613,1.4258887848228596e-08,1.9434733123404644,0.05084757241446017,True,ok,,0.4,0.18,0.084
2020-12-12 20:00:00+00:00,-2.1197589048644514,-2.1197589048644514,2.8538589601855087,0.7341000553210574,1.4258887848228596e-08,2.0773637410260504,-2.1197589048644514,2.8538589601855087,True,ok,,0.2,0.07,0.084
2020-12-12 21:00:00+00:00,-1.4651109895268548,-1.4651109895268548,2.4094178227145933,0.9443068331877386,2.0773637410260504,3.5131725107623684,-1.4651109895268546,2.4094178227145933,True,ok,,0.2,0.07,0.084
2020-12-12 22:00:00+00:00,-1.4539946437449023,-1.4539946437449023,1.6353781994830336,0.18138355573813145,3.5131725107623684,4.938087261632372,-1.453994643744902,1.6353781994830336,True,ok,,0.2,0.07,0.084
2020-12-12 23:00:00+00:00,-1.3629791114049592,-1.3629791114049592,1.525163889221096,0.16218477781613672,4.938087261632372,6.273806790809232,-1.362979111404959,1.525163889221096,True,ok,,0.2,0.07,0.084
2020-12-13 00:00:00+00:00,-1.3563229997406538,-1.3563229997406538,1.4713897498882613,0.11506675014760752,6.273806790809232,7.603003330555072,-1.3563229997406538,1.4713897498882613,True,ok,,0.2,0.07,0.084
2020-12-13 01:00:00+00:00,-1.3441326149283626,-1.3441326149283626,1.5600352816931515,0.21590266676478906,7.603003330555072,8.920253293184867,-1.3441326149283623,1.5600352816931515,True,ok,,0.2,0.07,0.084
2020-12-13 02:00:00+00:00,-1.3515800950691559,-1.3515800950691559,1.8297647332647233,0.4781846381955674,8.920253293184867,10.24480178635264,-1.3515800950691563,1.8297647332647233,True,ok,,0.2,0.07,0.084
2020-12-13 03:00:00+00:00,-1.5103149988866367,-1.5103149988866367,2.5202160557829525,1.0099010568963158,10.24480178635264,11.724910485261544,-1.5103149988866367,2.5202160557829525,True,ok,,0.2,0.07,0.084
2020-12-13 04:00:00+00:00,-2.117437989245052,-2.117437989245052,3.3977402115658206,1.280302222320769,11.724910485261544,13.799999714721695,-2.1174379892450514,3.3977402115658206,True,ok,,0.2,0.07,0.084
2020-12-13 05:00:00+00:00,0.5832152589884535,0.5832152589884535,0.4018262716127303,0.9850415306011838,13.799999714721695,13.204882103508988,0.5832152589884537,0.4018262716127303,True,ok,,0.3,0.1,0.084
2020-12-13 06:00:00+00:00,0.42998088033507265,0.42998088033507265,0.9466240921837419,1.3766049725188145,13.204882103508988,12.766126103167077,0.42998088033507226,0.9466240921837419,True,ok,,0.3,0.1,0.084
2020-12-13 07:00:00+00:00,0.42358667210536094,0.42358667210536094,4.323127472204002,4.746714144309363,12.766126103167077,12.333894805100382,0.42358667210536116,4.323127472204002,True,ok,,0.3,0.1,0.084
2020-12-13 08:00:00+00:00,0.32973692169343094,0.32973692169343094,2.604652159602357,2.934389081295788,12.333894805100382,11.997428558474432,0.32973692169343044,2.604652159602357,True,ok,,0.3,0.1,0.084
2020-12-13 09:00:00+00:00,0.28718655780757274,0.28718655780757274,2.389414911840448,2.6766014696480207,11.997428558474432,11.704381050507521,0.28718655780757313,2.389414911840448,True,ok,,0.3,0.1,0.084
2020-12-13 10:00:00+00:00,0.24378218336247093,0.24378218336247093,1.4001935861355046,1.6439757694979755,11.704381050507521,11.455623720545816,0.24378218336247076,1.4001935861355046,True,ok,,0.3,0.1,0.084
2020-12-13 11:00:00+00:00,0.24576442115416341,0.24576442115416341,2.9033681763907544,3.149132597544918,11.455623720545816,11.204843698959936,0.2457644211541638,2.9033681763907544,True,ok,,0.3,0.1,0.084
2020-12-13 12:00:00+00:00,0.23223404019343707,0.23223404019343707,2.995014015372421,3.227248055565858,11.204843698959936,10.96787018855847,0.23223404019343738,2.995014015372421,True,ok,,0.3,0.1,0.084
2020-12-13 13:00:00+00:00,0.21191994717610996,0.21191994717610996,2.0135678044629177,2.2254877516390277,10.96787018855847,10.751625344501214,0.2119199471761112,2.0135678044629177,True,ok,,0.3,0.1,0.084
2020-12-13 14:00:00+00:00,0.19459098304118672,0.19459098304118672,1.3992663490132213,1.593857332054408,10.751625344501214,10.553063116908167,0.19459098304118647,1.3992663490132213,True,ok,,0.3,0.1,0.084
2020-12-13 15:00:00+00:00,0.19812369507712235,0.19812369507712235,2.447291409088539,2.6454151041656613,10.553063116908167,10.350896081115184,0.1981236950771216,2.447291409088539,True,ok,,0.3,0.1,0.084
2020-12-13 16:00:00+00:00,3.7597338834128835,3.7597338834128835,4.172121315093591e-09,3.759733887585005,10.350896081115184,6.514432934775508,3.7597338834128817,4.1721212262683965e-09,True,ok,,0.4,0.18,0.084
2020-12-13 17:00:00+00:00,2.367789775178779,2.367789775178779,4.171711864842109e-09,2.367789779350491,6.514432934775508,4.098320919286958,2.367789775178779,4.171711899109525e-09,True,ok,,0.4,0.18,0.084
2020-12-13 18:00:00+00:00,2.8423509335636963,2.8423509335636963,4.171013756604225e-09,2.84235093773471,4.098320919286958,1.1979628238137985,2.8423509335636967,4.171013591593711e-09,True,ok,,0.4,0.18,0.084
2020-12-13 19:00:00+00:00,1.174003160966002,1.174003160966002,4.170441991746543e-09,1.174003165136444,1.1979628238137985,4.146648169278677e-07,1.174003160966002,4.170441891590309e-09,True,ok,,0.4,0.18,0.084
2020-12-13 20:00:00+00:00,-2.403622453823648,-2.403622453823648,2.63124239821066,0.22761994438701189,4.146648169278677e-07,2.3555504194119923,-2.403622453823648,2.63124239821066,True,ok,,0.2,0.07,0.084
2020-12-13 21:00:00+00:00,-1.4293679920612354,-1.4293679920612354,2.832839686014114,1.4034716939528784,2.3555504194119923,3.756331051632003,-1.4293679920612357,2.832839686014114,True,ok,,0.2,0.07,0.084
2020-12-13 22:00:00+00:00,-1.3498339253479061,-1.3498339253479061,2.0487729521222073,0.6989390267743013,3.756331051632003,5.0791682984729505,-1.349833925347906,2.0487729521222073,True,ok,,0.2,0.07,0.084
2020-12-13 23:00:00+00:00,-1.301357419767721,-1.301357419767721,1.8299367510041362,0.5285793312364152,5.0791682984729505,6.354498569845317,-1.301357419767721,1.8299367510041362,True,ok,,0.2,0.07,0.084
2020-12-14 00:00:00+00:00,-1.3255828179802904,-1.3255828179802904,1.8200910118043159,0.4945081938240254,6.354498569845317,7.653569731466002,-1.3255828179802904,1.8200910118043159,True,ok,,0.2,0.07,0.084
2020-12-14 01:00:00+00:00,-1.2823111594839167,-1.2823111594839167,1.8656723870413119,0.5833612275573951,7.653569731466002,8.910234667760239,-1.2823111594839167,1.8656723870413117,True,ok,,0.2,0.07,0.084
2020-12-14 02:00:00+00:00,-1.1163892870379328,-1.1163892870379328,3.2317852890179712,2.1153960019800384,8.910234667760239,10.004296169057413,-1.1163892870379324,3.2317852890179712,True,ok,,0.2,0.07,0.084
2020-12-14 03:00:00+00:00,-1.5357169498017476,-1.5357169498017476,2.4757369255937856,0.940019975792038,10.004296169057413,11.509298779863126,-1.5357169498017473,2.4757369255937856,True,ok,,0.2,0.07,0.084
2020-12-14 04:00:00+00:00,-2.337449933514653,-2.337449933514653,2.956791487258334,0.6193415537436809,11.509298779863126,13.799999714707486,-2.337449933514653,2.956791487258334,True,ok,,0.2,0.07,0.084
2020-12-14 05:00:00+00:00,0.7898044720426235,0.7898044720426235,0.37474336066626524,1.1645478327088887,13.799999714707486,12.994076784051748,0.7898044720426236,0.37474336066626524,True,ok,,0.3,0.1,0.084
2020-12-14 06:00:00+00:00,0.6572145710836753,0.6572145710836753,0.5617803698515661,1.2189949409352414,12.994076784051748,12.32344967070106,0.6572145710836751,0.5617803698515661,True,ok,,0.3,0.1,0.084
2020-12-14 07:00:00+00:00,1.1676714795634016,1.1676714795634016,1.6430044677088727,2.810675947272274,12.32344967070106,11.131948160942486,1.1676714795634011,1.6430044677088727,True,ok,,0.3,0.1,0.084
2020-12-14 08:00:00+00:00,0.6662300744430081,0.6662300744430081,1.0727663133369345,1.7389963877799426,11.131948160942486,10.452121554367988,0.6662300744430069,1.0727663133369345,True,ok,,0.3,0.1,0.084
2020-12-14 09:00:00+00:00,-0.3820523866359402,-0.3820523866359402,2.916663577323675e-09,-0.38205238371927663,10.452121554367988,10.82653289327121,-0.38205238663594016,2.916663577507176e-09,True,ok,,0.3,0.1,0.084
2020-12-14 10:00:00+00:00,0.37752483052621033,0.37752483052621033,0.5988094629655104,0.9763342934917207,10.82653289327121,10.441303474366913,0.3775248305262104,0.5988094629655104,True,ok,,0.3,0.1,0.084
2020-12-14 11:00:00+00:00,0.29868216041351536,0.29868216041351536,0.4478406774289546,0.74652283784247,10.441303474366913,10.136525759659245,0.29868216041351536,0.4478406774289546,True,ok,,0.3,0.1,0.084
2020-12-14 12:00:00+00:00,0.34189733467768,0.34189733467768,0.6224987520548668,0.9643960867325468,10.136525759659245,9.78765092835549,0.34189733467767996,0.6224987520548668,True,ok,,0.3,0.1,0.084
2020-12-14 13:00:00+00:00,0.3396457201049341,0.3396457201049341,0.6720134532587192,1.0116591733636533,9.78765092835549,9.44107366294229,0.33964572010493405,0.6720134532587192,True,ok,,0.3,0.1,0.084
2020-12-14 14:00:00+00:00,0.4953432115767775,0.4953432115767775,2.4732469777534614,2.968590189330239,9.44107366294229,8.935621406231293,0.495343211576779,2.4732469777534614,True,ok,,0.3,0.1,0.084
2020-12-14 15:00:00+00:00,0.4788467807091261,0.4788467807091261,2.669774414534108,3.148621195243234,8.935621406231293,8.44700224224239,0.478846780709127,2.669774414534108,True,ok,,0.3,0.1,0.084
2020-12-14 16:00:00+00:00,2.534348382962032,2.534348382962032,4.17336831759485e-09,2.5343483871354002,8.44700224224239,5.8609324637097036,2.5343483829620306,4.173368240872672e-09,True,ok,,0.4,0.18,0.084
2020-12-14 17:00:00+00:00,3.241333357585402,3.241333357585402,4.172725276418987e-09,3.2413333617581275,5.8609324637097036,2.5534494457654153,3.2413333575854018,4.172725118387355e-09,True,ok,,0.4,0.18,0.084
2020-12-14 18:00:00+00:00,1.8264180842532947,1.8264180842532947,4.172236334198942e-09,1.826418088425531,2.5534494457654153,0.6897575230579718,1.826418084253294,4.172236269083833e-09,True,ok,,0.4,0.18,0.084
2020-12-14 19:00:00+00:00,0.6759619662030253,0.6759619662030253,4.171294198940245e-09,0.6759619703743195,0.6897575230579718,4.14687537753089e-07,0.6759619662030253,4.171294184610381e-09,True,ok,,0.4,0.18,0.084
2020-12-14 20:00:00+00:00,-2.2698371390523735,-2.2698371390523735,2.7096068888130014,0.4397697497606278,4.14687537753089e-07,2.2244408109588636,-2.269837139052374,2.7096068888130014,True,ok,,0.2,0.07,0.084
2020-12-14 21:00:00+00:00,-1.669374156725099,-1.669374156725099,1.867625933984608,0.19825177725950885,2.2244408109588636,3.8604274845494606,-1.669374156725099,1.867625933984608,True,ok,,0.2,0.07,0.084
2020-12-14 22:00:00+00:00,-1.0035350158675724,-1.0035350158675724,3.784653825027171,2.7811188091595986,3.8604274845494606,4.843891800099682,-1.0035350158675727,3.784653825027171,True,ok,,0.2,0.07,0.084
2020-12-14 23:00:00+00:00,-1.3887134188328978,-1.3887134188328978,1.502528946709116,0.11381552787621829,4.843891800099682,6.204830950555921,-1.3887134188328978,1.502528946709116,True,ok,,0.2,0.07,0.084
2020-12-15 00:00:00+00:00,-1.341934275453651,-1.341934275453651,1.494003858583534,0.152069583129883,6.204830950555921,7.519926540500499,-1.341934275453651,1.494003858583534,True,ok,,0.2,0.07,0.084
2020-12-15 01:00:00+00:00,-1.3630328657889832,-1.3630328657889832,1.5285757828551336,0.16554291706615043,7.519926540500499,8.855698748973703,-1.3630328657889832,1.5285757828551336,True,ok,,0.2,0.07,0.084
2020-12-15 02:00:00+00:00,-1.0765323272763874,-1.0765323272763874,2.887208339816251,1.8106760125398635,8.855698748973703,9.910700429704562,-1.0765323272763874,2.887208339816251,True,ok,,0.2,0.07,0.084
2020-12-15 03:00:00+00:00,-1.652089001646783,-1.652089001646783,1.8535280570101202,0.2014390553633372,9.910700429704562,11.52974765131841,-1.652089001646783,1.8535280570101202,True,ok,,0.2,0.07,0.084
2020-12-15 04:00:00+00:00,-2.316583738153211,-2.316583738153211,2.454699488516349,0.13811575036313797,11.52974765131841,13.799999714708555,-2.316583738153211,2.454699488516349,True,ok,,0.2,0.07,0.084
2020-12-15 05:00:00+00:00,0.34717561709503986,0.34717561709503986,0.18860946772475418,0.535785084819794,13.799999714708555,13.445738880938107,0.34717561709503986,0.18860946772475415,True,ok,,0.3,0.1,0.084
2020-12-15 06:00:00+00:00,1.2350966925393165,1.2350966925393165,2.2127005071629453,3.447797199702262,13.445738880938107,12.18543613344901,1.2350966925393165,2.2127005071629453,True,ok,,0.3,0.1,0.084
2020-12-15 07:00:00+00:00,0.5620407374859426,0.5620407374859426,1.1674465272580414,1.729487264743984,12.18543613344901,11.6119251768307,0.5620407374859423,1.1674465272580414,True,ok,,0.3,0.1,0.084
2020-12-15 08:00:00+00:00,0.24436387740977655,0.24436387740977655,0.3365231708711472,0.5808870482809237,11.6119251768307,11.362574281514602,0.24436387740977664,0.3365231708711472,True,ok,,0.3,0.1,0.084
2020-12-15 09:00:00+00:00,-0.1291816228657564,-0.1291816228657564,2.9166718484852083e-09,-0.12918161994908456,11.362574281514602,11.489172271923044,-0.12918162286575657,2.91667185261915e-09,True,ok,,0.3,0.1,0.084
2020-12-15 10:00:00+00:00,0.35142219549574394,0.35142219549574394,1.0235291306886931,1.374951326184437,11.489172271923044,11.13057819488657,0.35142219549574344,1.0235291306886931,True,ok,,0.3,0.1,0.084
2020-12-15 11:00:00+00:00,0.254578681982237,0.254578681982237,0.539240100633699,0.793818782615936,11.13057819488657,10.870804029598574,0.25457868198223693,0.539240100633699,True,ok,,0.3,0.1,0.084
2020-12-15 12:00:00+00:00,0.3455989760009086,0.3455989760009086,1.9269718381823868,2.2725708141832954,10.870804029598574,10.518152013271116,0.34559897600090933,1.9269718381823868,True,ok,,0.3,0.1,0.084
2020-12-15 13:00:00+00:00,0.32648854418407236,0.32648854418407236,1.9998888402326478,2.32637738441672,10.518152013271116,10.185000437573084,0.3264885441840712,1.9998888402326478,True,ok,,0.3,0.1,0.084
2020-12-15 14:00:00+00:00,0.31173508785347703,0.31173508785347703,2.0620871509920025,2.3738222388454795,10.185000437573084,9.866903409151169,0.31173508785347637,2.0620871509920025,True,ok,,0.3,0.1,0.084
2020-12-15 15:00:00+00:00,0.31715081079451135,0.31715081079451135,3.7275768458935756,4.044727656688087,9.866903409151169,9.543280132830239,0.317150810794512,3.7275768458935756,True,ok,,0.3,0.1,0.084
2020-12-15 16:00:00+00:00,3.8421706122395354,3.8421706122395354,4.17262757679282e-09,3.842170616412163,9.543280132830239,5.622697875442958,3.842170612239535,4.172627459752557e-09,True,ok,,0.4,0.18,0.084
2020-12-15 17:00:00+00:00,2.9983534340356077,2.9983534340356077,4.172228340593165e-09,2.998353438207836,5.622697875442958,2.56315355499846,2.998353434035608,4.172228157719074e-09,True,ok,,0.4,0.18,0.084
2020-12-15 18:00:00+00:00,1.7250148328999388,1.7250148328999388,4.17169387922911e-09,1.7250148370716327,2.56315355499846,0.8029343377536242,1.725014832899939,4.171693843883888e-09,True,ok,,0.4,0.18,0.084
2020-12-15 19:00:00+00:00,0.786875244555518,0.786875244555518,4.1706920139716885e-09,0.7868752487262101,0.8029343377536242,4.147377894447857e-07,0.786875244555518,4.170691971265634e-09,True,ok,,0.4,0.18,0.084
2020-12-15 20:00:00+00:00,-2.206731170907794,-2.206731170907794,2.842756507374689,0.6360253364668949,4.147377894447857e-07,2.1625969622274277,-2.206731170907794,2.842756507374689,True,ok,,0.2,0.07,0.084
2020-12-15 21:00:00+00:00,-1.6260534617735545,-1.6260534617735545,1.8696851841257942,0.2436317223522397,2.1625969622274277,3.756129354765511,-1.6260534617735545,1.8696851841257942,True,ok,,0.2,0.07,0.084
2020-12-15 22:00:00+00:00,-1.4197761842381273,-1.4197761842381273,1.6394885737258178,0.21971238948769045,3.756129354765511,5.1475100153188755,-1.4197761842381273,1.6394885737258178,True,ok,,0.2,0.07,0.084
2020-12-15 23:00:00+00:00,-1.345892107426269,-1.345892107426269,1.5364328297169438,0.19054072229067484,5.1475100153188755,6.466484280596619,-1.345892107426269,1.5364328297169438,True,ok,,0.2,0.07,0.084
2020-12-16 00:00:00+00:00,-1.3781076482699852,-1.3781076482699852,1.532109509235608,0.1540018609656229,6.466484280596619,7.817029775901204,-1.3781076482699852,1.532109509235608,True,ok,,0.2,0.07,0.084
2020-12-16 01:00:00+00:00,-1.3114471165787522,-1.3114471165787522,1.7585832831672172,0.44713616658846495,7.817029775901204,9.102247950148382,-1.3114471165787525,1.7585832831672172,True,ok,,0.2,0.07,0.084
2020-12-16 02:00:00+00:00,-1.0519924088847166,-1.0519924088847166,3.1007835982506338,2.048791189365917,9.102247950148382,10.133200510855403,-1.0519924088847166,3.1007835982506338,True,ok,,0.2,0.07,0.084
2020-12-16 03:00:00+00:00,-1.6979773904339461,-1.6979773904339461,1.8516895293384117,0.15371213890446564,10.133200510855403,11.79721835348067,-1.6979773904339461,1.8516895293384117,True,ok,,0.2,0.07,0.084
2020-12-16 04:00:00+00:00,-2.043654450249927,-2.043654450249927,4.4284662264852965,2.3848117762353693,11.79721835348067,13.799999714725597,-2.043654450249926,4.4284662264852965,True,ok,,0.2,0.07,0.084
2020-12-16 05:00:00+00:00,0.12869288283900246,0.12869288283900246,0.059310728020974396,0.18800361085997686,13.799999714725597,13.668680446522533,0.12869288283900251,0.05931072802097439,True,ok,,0.3,0.1,0.084
2020-12-16 06:00:00+00:00,0.5579784264043851,0.5579784264043851,0.33310548910738247,0.8910839155117676,13.668680446522533,13.099314705293569,0.5579784264043849,0.33310548910738247,True,ok,,0.3,0.1,0.084
2020-12-16 07:00:00+00:00,0.59291989818488,0.59291989818488,0.6354032070683255,1.2283231052532055,13.099314705293569,12.494294401023284,0.59291989818488,0.6354032070683255,True,ok,,0.3,0.1,0.084
2020-12-16 08:00:00+00:00,0.5630975275318726,0.5630975275318726,0.9818563440633936,1.5449538715952662,12.494294401023284,11.91970508721525,0.5630975275318728,0.9818563440633936,True,ok,,0.3,0.1,0.084
2020-12-16 09:00:00+00:00,0.6061637329853009,0.6061637329853009,2.149701972156136,2.755865705141437,11.91970508721525,11.301170665801678,0.6061637329853018,2.149701972156136,True,ok,,0.3,0.1,0.084
2020-12-16 10:00:00+00:00,0.4371316409139947,0.4371316409139947,1.0119827551273857,1.4491143960413804,11.301170665801678,10.85511797099148,0.43713164091399503,1.0119827551273857,True,ok,,0.3,0.1,0.084
2020-12-16 11:00:00+00:00,0.43509166535534916,0.43509166535534916,1.8058906103338919,2.240982275689241,10.85511797099148,10.411146883894183,0.4350916653553499,1.8058906103338919,True,ok,,0.3,0.1,0.084
2020-12-16 12:00:00+00:00,0.3975570787444953,0.3975570787444953,1.6849107415734976,2.082467820317993,10.411146883894183,10.005476395379391,0.39755707874449564,1.6849107415734976,True,ok,,0.3,0.1,0.084
2020-12-16 13:00:00+00:00,0.3137249189586838,0.3137249189586838,0.8691909701265218,1.1829158890852056,10.005476395379391,9.685348927054203,0.3137249189586837,0.8691909701265218,True,ok,,0.3,0.1,0.084
2020-12-16 14:00:00+00:00,0.3833688505974182,0.3833688505974182,2.5250357908574688,2.908404641454887,9.685348927054203,9.294156222362961,0.38336885059741777,2.5250357908574688,True,ok,,0.3,0.1,0.084
2020-12-16 15:00:00+00:00,0.3767378134942976,0.3767378134942976,3.010754876742337,3.3874926902366345,9.294156222362961,8.909729882062658,0.37673781349429636,3.010754876742337,True,ok,,0.3,0.1,0.084
2020-12-16 16:00:00+00:00,3.6919825605878485,3.6919825605878485,9.368608111515186e-10,3.6919825615247093,8.909729882062658,5.142400738605669,3.6919825605878476,9.368610133721548e-10,True,ok,,0.4,0.18,0.084
2020-12-16 17:00:00+00:00,3.721185996017165,3.721185996017165,4.1922185722853555e-09,3.7211860002093835,5.142400738605669,1.3452721712412155,3.7211859960171636,4.192218542312308e-09,True,ok,,0.4,0.18,0.084
2020-12-16 18:00:00+00:00,0.844565718623402,0.844565718623402,4.1917936899338315e-09,0.8445657228151957,1.3452721712412155,0.48347041754386644,0.8445657186234019,4.191793699691598e-09,True,ok,,0.4,0.18,0.084
2020-12-16 19:00:00+00:00,0.4738006089090132,0.4738006089090132,9.312738913358487e-10,0.4738006098402871,0.48347041754386644,4.0845303661551924e-07,0.4738006089090131,9.312738861580377e-10,True,ok,,0.4,0.18,0.084
2020-12-16 20:00:00+00:00,-2.1766637303950302,-2.1766637303950302,2.87675611680765,0.7000923864126196,4.0845303661551924e-07,2.1331308642401665,-2.17666373039503,2.8767561168076496,True,ok,,0.2,0.07,0.084
2020-12-16 21:00:00+00:00,-1.6054693671021665,-1.6054693671021665,1.856185977939149,0.25071661083698243,2.1331308642401665,3.7064908440002897,-1.6054693671021665,1.856185977939149,True,ok,,0.2,0.07,0.084
2020-12-16 22:00:00+00:00,-1.4092352353623196,-1.4092352353623196,1.6087292630749297,0.19949402771261,3.7064908440002897,5.087541374655363,-1.4092352353623199,1.6087292630749297,True,ok,,0.2,0.07,0.084
2020-12-16 23:00:00+00:00,-1.358648715157256,-1.358648715157256,1.4728357428791907,0.11418702772193488,5.087541374655363,6.419017115509473,-1.358648715157256,1.4728357428791907,True,ok,,0.2,0.07,0.084
2020-12-17 00:00:00+00:00,-1.1917702323062507,-1.1917702323062507,1.6943738685922445,0.5026036362859939,6.419017115509473,7.586951943169598,-1.1917702323062507,1.6943738685922447,True,ok,,0.2,0.07,0.084
2020-12-17 01:00:00+00:00,-1.359588970713302,-1.359588970713302,1.4920046930039768,0.13241572229067486,7.586951943169598,8.919349134468634,-1.359588970713302,1.4920046930039768,True,ok,,0.2,0.07,0.084
2020-12-17 02:00:00+00:00,-1.0387698839170731,-1.0387698839170731,3.0778271617660593,2.039057277848986,8.919349134468634,9.937343620707365,-1.038769883917073,3.0778271617660593,True,ok,,0.2,0.07,0.084
2020-12-17 03:00:00+00:00,-1.638843397049689,-1.638843397049689,1.8311077026598161,0.19226430561012722,9.937343620707365,11.54341014981606,-1.6388433970496887,1.8311077026598161,True,ok,,0.2,0.07,0.084
2020-12-17 04:00:00+00:00,-2.3026424131564873,-2.3026424131564873,2.425313301866509,0.12267088871002192,11.54341014981606,13.799999714709417,-2.3026424131564873,2.425313301866509,True,ok,,0.2,0.07,0.084
2020-12-17 05:00:00+00:00,0.49719424349941477,0.49719424349941477,0.24247314528414532,0.7396673887835601,13.799999714709417,13.292658649914095,0.49719424349941455,0.24247314528414535,True,ok,,0.3,0.1,0.084
2020-12-17 06:00:00+00:00,1.6968427927722787,1.6968427927722787,1.1507160185161323,2.847558811288411,13.292658649914095,11.561186412391361,1.6968427927722771,1.1507160185161323,True,ok,,0.3,0.1,0.084
2020-12-17 07:00:00+00:00,1.0519916553755595,1.0519916553755595,1.1521557717347293,2.2041474271102888,11.561186412391361,10.487725539559158,1.0519916553755593,1.1521557717347293,True,ok,,0.3,0.1,0.084
2020-12-17 08:00:00+00:00,0.6675874932460122,0.6675874932460122,0.8525937111091613,1.5201812043551735,10.487725539559158,9.806513811757105,0.6675874932460124,0.8525937111091613,True,ok,,0.3,0.1,0.084
2020-12-17 09:00:00+00:00,0.33549674086863895,0.33549674086863895,0.3883018939682273,0.7237986348368662,9.806513811757105,9.46417019862584,0.3354967408686387,0.3883018939682273,True,ok,,0.3,0.1,0.084
2020-12-17 10:00:00+00:00,0.3326425621599032,0.3326425621599032,0.40319922094053096,0.7358417831004341,9.46417019862584,9.124739012748389,0.33264256215990284,0.40319922094053096,True,ok,,0.3,0.1,0.084
2020-12-17 11:00:00+00:00,0.07307824495581652,0.07307824495581652,0.07276138536086643,0.14583963031668296,9.124739012748389,9.050169375038372,0.07307824495581636,0.07276138536086643,True,ok,,0.3,0.1,0.084
2020-12-17 12:00:00+00:00,0.21431897589275248,0.21431897589275248,0.24152617803596413,0.4558451539287166,9.050169375038372,8.831476542494748,0.21431897589275256,0.24152617803596413,True,ok,,0.3,0.1,0.084
2020-12-17 13:00:00+00:00,0.3174195873897008,0.3174195873897008,0.42517033123469516,0.7425899186243959,8.831476542494748,8.507579004341991,0.3174195873897007,0.42517033123469516,True,ok,,0.3,0.1,0.084
2020-12-17 14:00:00+00:00,0.6694848989262505,0.6694848989262505,1.7646085548502657,2.434093453776516,8.507579004341991,7.8244311482947975,0.6694848989262505,1.7646085548502657,True,ok,,0.3,0.1,0.084
2020-12-17 15:00:00+00:00,0.7936219421071238,0.7936219421071238,3.384515973713423,4.178137915820547,7.8244311482947975,7.014612840022222,0.7936219421071236,3.384515973713423,True,ok,,0.3,0.1,0.084
2020-12-17 16:00:00+00:00,2.27782135721903,2.27782135721903,4.174369738763062e-09,2.2778213613933995,7.014612840022222,4.690305332655865,2.2778213572190293,4.174369614714187e-09,True,ok,,0.4,0.18,0.084
2020-12-17 17:00:00+00:00,1.5817898568007744,1.5817898568007744,4.173642764726537e-09,1.5817898609744172,4.690305332655865,3.076234050206095,1.5817898568007742,4.173642859066918e-09,True,ok,,0.4,0.18,0.084
2020-12-17 18:00:00+00:00,1.5800981097272098,1.5800981097272098,4.172549639136491e-09,1.5800981138997594,3.076234050206095,1.4638890402803708,1.58009810972721,4.172549621365717e-09,True,ok,,0.4,0.18,0.084
2020-12-17 19:00:00+00:00,1.4346108565549354,1.4346108565549354,9.291407643274852e-10,1.4346108574840761,1.4638890402803708,4.1114268167774526e-07,1.4346108565549351,9.291408642195107e-10,True,ok,,0.4,0.18,0.084
2020-12-17 20:00:00+00:00,-1.7711982590131203,-1.7711982590131203,4.468175732237654,2.6969774732245337,4.1114268167774526e-07,1.7357747049755397,-1.7711982590131206,4.468175732237654,True,ok,,0.2,0.07,0.084
2020-12-17 21:00:00+00:00,-1.543258073562246,-1.543258073562246,1.8752026840069507,0.3319446104447046,1.7357747049755397,3.2481676170665406,-1.5432580735622463,1.8752026840069507,True,ok,,0.2,0.07,0.084
2020-12-17 22:00:00+00:00,-1.3163109394621149,-1.3163109394621149,1.5730361060160365,0.2567251665539216,3.2481676170665406,4.5381523377394135,-1.316310939462115,1.5730361060160365,True,ok,,0.2,0.07,0.084
2020-12-17 23:00:00+00:00,-1.2018938212205503,-1.2018938212205503,1.4765556819011305,0.2746618606805801,4.5381523377394135,5.716008282535553,-1.2018938212205506,1.4765556819011305,True,ok,,0.2,0.07,0.084
2020-12-18 00:00:00+00:00,-1.2101318415099567,-1.2101318415099567,1.3577795913551436,0.14764774984518694,5.716008282535553,6.90193748721531,-1.2101318415099567,1.3577795913551436,True,ok,,0.2,0.07,0.084
2020-12-18 01:00:00+00:00,-1.004606989346204,-1.004606989346204,1.877846850370955,0.8732398610247508,6.90193748721531,7.88645233677459,-1.0046069893462037,1.8778468503709547,True,ok,,0.2,0.07,0.084
2020-12-18 02:00:00+00:00,-0.9756914336022633,-0.9756914336022633,2.171818660476826,1.1961272268745629,7.88645233677459,8.842629941704807,-0.9756914336022632,2.171818660476826,True,ok,,0.2,0.07,0.084
2020-12-18 03:00:00+00:00,-1.1840599799581126,-1.1840599799581126,1.6624152846152012,0.4783553046570886,8.842629941704807,10.003008722063758,-1.1840599799581126,1.6624152846152012,True,ok,,0.2,0.07,0.084
2020-12-18 04:00:00+00:00,-1.464971097916406,-1.464971097916406,1.656389486526822,0.19141838861041618,10.003008722063758,11.438680398021836,-1.464971097916406,1.656389486526822,True,ok,,0.2,0.07,0.084
2020-12-18 05:00:00+00:00,0.13693624040082905,0.13693624040082905,1.484122954531486e-07,0.1369363888131245,11.438680398021836,11.29894954046997,0.13693624040082908,1.4841229546038112e-07,True,ok,,0.3,0.1,0.084
2020-12-18 06:00:00+00:00,2.072000933459393,2.072000933459393,1.4817417648416153e-07,2.0720010816335694,11.29894954046997,9.184662873674672,2.0720009334593934,1.4817417634037377e-07,True,ok,,0.3,0.1,0.084
2020-12-18 07:00:00+00:00,1.9642200688068818,1.9642200688068818,1.4811266213499152e-07,1.964220216919544,9.184662873674672,7.1803566810145885,1.964220068806882,1.481126621967446e-07,True,ok,,0.3,0.1,0.084
2020-12-18 08:00:00+00:00,-0.3133938665704809,-0.3133938665704809,-4.596307556781198e-09,-0.31339387116678846,7.1803566810145885,7.48748267025366,-0.31339386657048085,-4.596307575629405e-09,True,ok,,0.3,0.1,0.084
2020-12-18 09:00:00+00:00,-2.1070843469998093,-2.1070843469998093,-4.623569083150869e-09,-2.1070843516233784,7.48748267025366,9.552425330313472,-2.1070843469998093,-4.623569091846281e-09,True,ok,,0.3,0.1,0.084
2020-12-18 10:00:00+00:00,-2.2117558022220787,-2.2117558022220787,-4.6293080480097615e-09,-2.2117558068513867,9.552425330313472,11.71994601649111,-2.211755802222079,-4.629307915078386e-09,True,ok,,0.3,0.1,0.084
2020-12-18 11:00:00+00:00,-2.1225040383641436,-2.1225040383641436,-4.634988393092954e-09,-2.122504042999132,11.71994601649111,13.79999997408797,-2.122504038364144,-4.6349885358836e-09,True,ok,,0.3,0.1,0.084
2020-12-18 12:00:00+00:00,1.8920694971185916,1.8920694971185916,0.015406957018883949,1.9074764541374756,13.79999997408797,11.869316813762877,1.892069497118593,0.015406957018883949,True,ok,,0.3,0.1,0.084
2020-12-18 13:00:00+00:00,-0.23580700052992973,-0.23580700052992973,2.9165869441794e-09,-0.23580699761334278,11.869316813762877,12.100407674282208,-0.23580700052992892,2.9165869486672003e-09,True,ok,,0.3,0.1,0.084
2020-12-18 14:00:00+00:00,1.0718848099519027,1.0718848099519027,0.015535531695635152,1.0874203416475379,12.100407674282208,11.006647664127204,1.0718848099519025,0.01553553169563517,True,ok,,0.3,0.1,0.084
2020-12-18 15:00:00+00:00,2.8087012086961702,2.8087012086961702,0.015777068376609193,2.8244782770727794,11.006647664127204,8.1406260226005,2.80870120869617,0.01577706837660921,True,ok,,0.3,0.1,0.084
2020-12-18 16:00:00+00:00,2.2803441077647264,2.2803441077647264,4.175868095757096e-09,2.2803441119405945,8.1406260226005,5.813744279983433,2.2803441077647273,4.175868247409264e-09,True,ok,,0.4,0.18,0.084
2020-12-18 17:00:00+00:00,2.910866634573324,2.910866634573324,9.346834417556238e-10,2.9108666355080075,5.813744279983433,2.843472203888204,2.910866634573324,9.34683438092135e-10,True,ok,,0.4,0.18,0.084
2020-12-18 18:00:00+00:00,2.203667475400055,2.203667475400055,4.1944931972182076e-09,2.2036674795945483,2.843472203888204,0.5948319228677392,2.2036674754000547,4.194493262250395e-09,True,ok,,0.4,0.18,0.084
2020-12-18 19:00:00+00:00,0.5829348815783545,0.5829348815783545,4.193714375766433e-09,0.5829348857720689,0.5948319228677392,4.110530917866839e-07,0.5829348815783547,4.1937144293767844e-09,True,ok,,0.4,0.18,0.084
2020-12-18 20:00:00+00:00,-0.9535981425783637,-0.9535981425783637,1.9928776202223293,1.0392794776439656,4.110530917866839e-07,0.9345265907798882,-0.9535981425783633,1.9928776202223293,True,ok,,0.2,0.07,0.084
2020-12-18 21:00:00+00:00,-0.6714068533471969,-0.6714068533471969,0.9451481031893108,0.27374124984211384,0.9345265907798882,1.5925053070601412,-0.6714068533471966,0.9451481031893106,True,ok,,0.2,0.07,0.084
2020-12-18 22:00:00+00:00,-0.5430408615076752,-0.5430408615076752,0.8216371387446141,0.2785962772369389,1.5925053070601412,2.124685351337663,-0.5430408615076753,0.8216371387446141,True,ok,,0.2,0.07,0.084
2020-12-18 23:00:00+00:00,-0.4892802979730806,-0.4892802979730806,0.7324149369368859,0.24313463896380524,2.124685351337663,2.604180043351282,-0.4892802979730808,0.7324149369368859,True,ok,,0.2,0.07,0.084
2020-12-19 00:00:00+00:00,-0.47590689325869645,-0.47590689325869645,0.6624728377528382,0.1865659444941417,2.604180043351282,3.0705687987448047,-0.4759068932586965,0.6624728377528382,True,ok,,0.2,0.07,0.084
2020-12-19 01:00:00+00:00,-0.44894276858986026,-0.44894276858986026,0.5956184075781433,0.14667563898828304,3.0705687987448047,3.5105327119628678,-0.4489427685898601,0.5956184075781433,True,ok,,0.2,0.07,0.084
2020-12-19 02:00:00+00:00,-0.41592612064184464,-0.41592612064184464,0.6002871761325503,0.18436105549070567,3.5105327119628678,3.9181403101918755,-0.41592612064184464,0.6002871761325503,True,ok,,0.2,0.07,0.084
2020-12-19 03:00:00+00:00,-0.27947484290716096,-0.27947484290716096,2.0389436529939413,1.7594688100867804,3.9181403101918755,4.192025656240893,-0.2794748429071608,2.0389436529939413,True,ok,,0.2,0.07,0.084
2020-12-19 04:00:00+00:00,-0.2613327213191825,-0.2613327213191825,3.119656962562647,2.8583242412434644,4.192025656240893,4.448131723133692,-0.2613327213191808,3.119656962562647,True,ok,,0.2,0.07,0.084
2020-12-19 05:00:00+00:00,0.16149715850228605,0.16149715850228605,3.971085827669807e-07,0.16149755561086881,4.448131723133692,4.283338704253808,0.16149715850228605,3.9710858277429927e-07,True,ok,,0.3,0.1,0.084
2020-12-19 06:00:00+00:00,0.13337908979208127,0.13337908979208127,7.156641861627566e-07,0.13337980545626743,4.283338704253808,4.147237592221072,0.13337908979208124,7.156641861577555e-07,True,ok,,0.3,0.1,0.084
2020-12-19 07:00:00+00:00,2.3020643432862817,2.3020643432862817,7.154851218160729e-07,2.3020650587714035,4.147237592221072,1.798192343969764,2.3020643432862813,7.154851215958817e-07,True,ok,,0.3,0.1,0.084
2020-12-19 08:00:00+00:00,1.7622275421378213,1.7622275421378213,7.154451056035072e-07,1.762228257582927,1.798192343969764,9.744413749235292e-07,1.7622275421378215,7.154451055052684e-07,True,ok,,0.3,0.1,0.084
2020-12-19 09:00:00+00:00,-0.6669386432125232,-0.6669386432125232,5.551115123125783e-15,-0.6669386432125176,9.744413749235292e-07,0.6536008447896476,-0.6669386432125239,5.558814944439319e-15,True,ok,,0.3,0.1,0.084
2020-12-19 10:00:00+00:00,-1.1580765427870818,-1.1580765427870818,3.552713678800501e-15,-1.1580765427870783,0.6536008447896476,1.7885158567209878,-1.1580765427870818,3.4664149605531135e-15,True,ok,,0.3,0.1,0.084
2020-12-19 11:00:00+00:00,-2.3588136792858907,-2.3588136792858907,2.220446049250313e-15,-2.3588136792858885,1.7885158567209878,4.100153262421161,-2.3588136792858907,2.4310965300507705e-15,True,ok,,0.3,0.1,0.084
2020-12-19 12:00:00+00:00,-2.780007249957028,-2.780007249957028,2.220446049250313e-15,-2.7800072499570256,4.100153262421161,6.824560367379048,-2.780007249957028,2.0926579206685876e-15,True,ok,,0.3,0.1,0.084
2020-12-19 13:00:00+00:00,-2.252848204590263,-2.252848204590263,2.220446049250313e-15,-2.252848204590261,6.824560367379048,9.032351607877505,-2.252848204590263,2.294979699620489e-15,True,ok,,0.3,0.1,0.084
2020-12-19 14:00:00+00:00,0.518427442455329,0.518427442455329,4.020234705137682e-07,0.5184278444787995,9.032351607877505,8.503344013535333,0.518427442455329,4.0202347052000976e-07,True,ok,,0.3,0.1,0.084
2020-12-19 15:00:00+00:00,0.8264922327803351,0.8264922327803351,4.020236117341369e-07,0.8264926348039469,8.503344013535333,7.659984592330909,0.8264922327803353,4.0202361172951683e-07,True,ok,,0.3,0.1,0.084
2020-12-19 16:00:00+00:00,0.29444760994089575,0.29444760994089575,1.6427081916958741e-09,0.29444761158360394,7.659984592330909,7.35952784749326,0.2944476099408958,1.6427081687469245e-09,True,ok,,0.4,0.18,0.084
2020-12-19 17:00:00+00:00,5.0,5.0,1.849255177900523,6.849255177900523,7.35952784749326,2.25748703116673,5.000000026368127,1.849255151532395,True,ok,,0.4,0.18,0.084
2020-12-19 18:00:00+00:00,1.2308736135321103,1.2308736135321103,1.642711522364948e-09,1.2308736151748219,2.25748703116673,1.001493547970699,1.2308736135321103,1.6427114439705077e-09,True,ok,,0.4,0.18,0.084
2020-12-19 19:00:00+00:00,0.5940017201420941,0.5940017201420941,1.6427096349858061e-09,0.5940017217848037,1.001493547970699,0.3953693437440724,0.594001720142094,1.6427096871573575e-09,True,ok,,0.4,0.18,0.084
2020-12-19 20:00:00+00:00,-1.711028398935102,-1.711028398935102,2.0448487888496145,0.33382038991451246,0.3953693437440724,2.0721771747004727,-1.7110283989351023,2.0448487888496145,True,ok,,0.2,0.07,0.084
2020-12-19 21:00:00+00:00,-1.2392307093048158,-1.2392307093048158,1.5125089867708483,0.27327827746603256,2.0721771747004727,3.2866232698191924,-1.2392307093048163,1.5125089867708483,True,ok,,0.2,0.07,0.084
2020-12-19 22:00:00+00:00,-1.3529432252178717,-1.3529432252178717,1.6375069748623634,0.2845637496444917,3.2866232698191924,4.612507630532707,-1.3529432252178717,1.6375069748623634,True,ok,,0.2,0.07,0.084
2020-12-19 23:00:00+00:00,-0.9348739793253875,-0.9348739793253875,1.182135978498022,0.24726199917263453,4.612507630532707,5.528684130271587,-0.9348739793253876,1.182135978498022,True,ok,,0.2,0.07,0.084
2020-12-20 00:00:00+00:00,-0.9509579418998418,-0.9509579418998418,1.082537719466434,0.13157977756659223,5.528684130271587,6.460622913333432,-0.950957941899842,1.082537719466434,True,ok,,0.2,0.07,0.084
2020-12-20 01:00:00+00:00,-0.9075730463793439,-0.9075730463793439,1.1203619073653117,0.21278886098596786,6.460622913333432,7.350044498785189,-0.9075730463793439,1.1203619073653117,True,ok,,0.2,0.07,0.084
2020-12-20 02:00:00+00:00,-0.8860916865282542,-0.8860916865282542,1.1808354915738062,0.2947438050455519,7.350044498785189,8.218414351582878,-0.8860916865282542,1.1808354915738062,True,ok,,0.2,0.07,0.084
2020-12-20 03:00:00+00:00,-0.9276893910233884,-0.9276893910233884,1.190919307863518,0.26322991684012964,8.218414351582878,9.127549954785799,-0.9276893910233883,1.190919307863518,True,ok,,0.2,0.07,0.084
