timestamp,action,pg,gt,soe_now,soe_new,solver_ok,solver_status,solver_error,import_price,export_price,c_bat_deg
2020-07-20 04:00:00+00:00,-0.0949825391415892,0.0,-0.0949825391415892,4.0,4.093082888358757,True,,,0.3,0.1,0.084
2020-07-20 05:00:00+00:00,-0.2131754814926236,0.0,-0.2131754814926236,4.093082888358757,4.301994860221528,True,,,0.3,0.1,0.084
2020-07-20 06:00:00+00:00,-0.4628924261580026,0.0,-0.4628924261580026,4.301994860221528,4.755629437856371,True,,,0.3,0.1,0.084
2020-07-20 07:00:00+00:00,-0.4299470928520079,0.0,-0.4299470928520079,4.755629437856371,5.176977588851338,True,,,0.3,0.1,0.084
2020-07-20 08:00:00+00:00,-0.5681336511712423,0.0,-0.5681336511712423,5.176977588851338,5.7337485669991555,True,,,0.3,0.1,0.084
2020-07-20 09:00:00+00:00,-1.237617144745794,0.0,-1.237617144745794,5.7337485669991555,6.946613368850033,True,,,0.3,0.1,0.084
2020-07-20 10:00:00+00:00,-1.435809244108657,0.0,-1.435809244108657,6.946613368850033,8.353706428076517,True,,,0.3,0.1,0.084
2020-07-20 11:00:00+00:00,-1.4684354320875987,0.0,-1.4684354320875987,8.353706428076517,9.792773151522365,True,,,0.3,0.1,0.084
2020-07-20 12:00:00+00:00,-3.373868639692036,0.0,-3.373868639692036,9.792773151522365,13.09916441842056,True,,,0.3,0.1,0.084
2020-07-20 13:00:00+00:00,-0.7151383485504492,-2.632749830875726,-3.347888179426175,13.09916441842056,13.8,True,,,0.3,0.1,0.084
2020-07-20 14:00:00+00:00,-0.0,-3.516420147305704,-3.516420147305704,13.8,13.8,True,,,0.3,0.1,0.084
2020-07-20 15:00:00+00:00,-0.0,-2.90426366877364,-2.90426366877364,13.8,13.8,True,,,0.4,0.18,0.084
2020-07-20 16:00:00+00:00,-0.0,-0.6372330818725269,-0.6372330818725269,13.8,13.8,True,,,0.4,0.18,0.084
2020-07-20 17:00:00+00:00,-0.0,-0.34281494161178333,-0.34281494161178333,13.8,13.8,True,,,0.4,0.18,0.084
2020-07-20 18:00:00+00:00,0.06606289629433805,0.0,0.06606289629433805,13.8,13.732588881332308,True,,,0.4,0.18,0.084
2020-07-20 19:00:00+00:00,0.13983166756136658,0.0,0.13983166756136658,13.732588881332308,13.589903506269689,True,,,0.2,0.07,0.084
2020-07-20 20:00:00+00:00,0.09829386114014535,0.0,0.09829386114014535,13.589903506269689,13.489603647963419,True,,,0.2,0.07,0.084
2020-07-20 21:00:00+00:00,0.18799447214603418,0.0,0.18799447214603418,13.489603647963419,13.297772553936854,True,,,0.2,0.07,0.084
2020-07-20 22:00:00+00:00,0.06942758317788443,0.0,0.06942758317788443,13.297772553936854,13.22692808130636,True,,,0.2,0.07,0.084
2020-07-20 23:00:00+00:00,0.13155072241624202,0.0,0.13155072241624202,13.22692808130636,13.092692650269377,True,,,0.2,0.07,0.084
2020-07-21 00:00:00+00:00,0.1060278611262639,0.0,0.1060278611262639,13.092692650269377,12.984500955242577,True,,,0.2,0.07,0.084
2020-07-21 01:00:00+00:00,0.10071213897599125,0.0,0.10071213897599125,12.984500955242577,12.881733466491566,True,,,0.2,0.07,0.084
2020-07-21 02:00:00+00:00,0.19816233341693895,0.0,0.19816233341693895,12.881733466491566,12.67952700382122,True,,,0.2,0.07,0.084
2020-07-21 03:00:00+00:00,0.07396106133945146,0.0,0.07396106133945146,12.67952700382122,12.604056533066679,True,,,0.2,0.07,0.084
2020-07-21 04:00:00+00:00,-0.02659902785354177,0.0,-0.02659902785354177,12.604056533066679,12.630123580363149,True,,,0.3,0.1,0.084
2020-07-21 05:00:00+00:00,-0.4361076082827946,0.0,-0.4361076082827946,12.630123580363149,13.057509036480287,True,,,0.3,0.1,0.084
2020-07-21 06:00:00+00:00,-0.7576438403262387,-0.9437558970138589,-1.7013997373400975,13.057509036480287,13.8,True,,,0.3,0.1,0.084
2020-07-21 07:00:00+00:00,-0.0,-2.8834440288494374,-2.8834440288494374,13.8,13.8,True,,,0.3,0.1,0.084
2020-07-21 08:00:00+00:00,-0.0,-3.2105909319512236,-3.2105909319512236,13.8,13.8,True,,,0.3,0.1,0.084
2020-07-21 09:00:00+00:00,-0.0,-4.023867474122248,-4.023867474122248,13.8,13.8,True,,,0.3,0.1,0.084
2020-07-21 10:00:00+00:00,-0.0,-4.137408040136213,-4.137408040136213,13.8,13.8,True,,,0.3,0.1,0.084
2020-07-21 11:00:00+00:00,-0.0,-3.2377936524786715,-3.2377936524786715,13.8,13.8,True,,,0.3,0.1,0.084
2020-07-21 12:00:00+00:00,-0.0,-2.7388533630802256,-2.7388533630802256,13.8,13.8,True,,,0.3,0.1,0.084
2020-07-21 13:00:00+00:00,-0.0,-4.934600274786913,-4.934600274786913,13.8,13.8,True,,,0.3,0.1,0.084
2020-07-21 14:00:00+00:00,-0.0,-3.5681283352064446,-3.5681283352064446,13.8,13.8,True,,,0.3,0.1,0.084
2020-07-21 15:00:00+00:00,-0.0,-2.4868874979488695,-2.4868874979488695,13.8,13.8,True,,,0.4,0.18,0.084
2020-07-21 16:00:00+00:00,-0.0,-0.7626736244668435,-0.7626736244668435,13.8,13.8,True,,,0.4,0.18,0.084
2020-07-21 17:00:00+00:00,-0.0,-0.24572061689649052,-0.24572061689649052,13.8,13.8,True,,,0.4,0.18,0.084
2020-07-21 18:00:00+00:00,0.03245516242533351,0.0,0.03245516242533351,13.8,13.766882487321089,True,,,0.4,0.18,0.084
2020-07-21 19:00:00+00:00,0.12863865226356458,0.0,0.12863865226356458,13.766882487321089,13.635618556439901,True,,,0.2,0.07,0.084
2020-07-21 20:00:00+00:00,0.1698108889023463,0.0,0.1698108889023463,13.635618556439901,13.462342139192609,True,,,0.2,0.07,0.084
2020-07-21 21:00:00+00:00,0.10456636104053914,0.0,0.10456636104053914,13.462342139192609,13.355641770783896,True,,,0.2,0.07,0.084
2020-07-21 22:00:00+00:00,0.10231352791256348,0.0,0.10231352791256348,13.355641770783896,13.251240211689444,True,,,0.2,0.07,0.084
2020-07-21 23:00:00+00:00,0.13832494435575277,0.0,0.13832494435575277,13.251240211689444,13.110092309285614,True,,,0.2,0.07,0.084
2020-07-22 00:00:00+00:00,0.061246527820163384,0.0,0.061246527820163384,13.110092309285614,13.047595852326264,True,,,0.2,0.07,0.084
2020-07-22 01:00:00+00:00,0.1932850836435952,0.0,0.1932850836435952,13.047595852326264,12.850366175138921,True,,,0.2,0.07,0.084
2020-07-22 02:00:00+00:00,0.10309375001324553,0.0,0.10309375001324553,12.850366175138921,12.745168471043772,True,,,0.2,0.07,0.084
2020-07-22 03:00:00+00:00,0.11901845313242121,0.0,0.11901845313242121,12.745168471043772,12.62372106988824,True,,,0.2,0.07,0.084
2020-07-22 04:00:00+00:00,-0.061394704173351175,0.0,-0.061394704173351175,12.62372106988824,12.683887879978125,True,,,0.3,0.1,0.084
2020-07-22 05:00:00+00:00,-0.5844748936750879,0.0,-0.5844748936750879,12.683887879978125,13.256673275779711,True,,,0.3,0.1,0.084
2020-07-22 06:00:00+00:00,-0.5544150247145812,-0.9846795509737187,-1.5390945756882999,13.256673275779711,13.8,True,,,0.3,0.1,0.084
2020-07-22 07:00:00+00:00,-0.0,-2.7227106581496106,-2.7227106581496106,13.8,13.8,True,,,0.3,0.1,0.084
2020-07-22 08:00:00+00:00,-0.0,-2.738498776051002,-2.738498776051002,13.8,13.8,True,,,0.3,0.1,0.084
2020-07-22 09:00:00+00:00,-0.0,-1.474280810837088,-1.474280810837088,13.8,13.8,True,,,0.3,0.1,0.084
2020-07-22 10:00:00+00:00,-0.0,-1.87303183821152,-1.87303183821152,13.8,13.8,True,,,0.3,0.1,0.084
2020-07-22 11:00:00+00:00,-0.0,-3.097190723880863,-3.097190723880863,13.8,13.8,True,,,0.3,0.1,0.084
2020-07-22 12:00:00+00:00,-0.0,-3.142391792506824,-3.142391792506824,13.8,13.8,True,,,0.3,0.1,0.084
2020-07-22 13:00:00+00:00,-0.0,-2.425750434866536,-2.425750434866536,13.8,13.8,True,,,0.3,0.1,0.084
2020-07-22 14:00:00+00:00,-0.0,-3.192906421075105,-3.192906421075105,13.8,13.8,True,,,0.3,0.1,0.084
2020-07-22 15:00:00+00:00,-0.0,-2.5909828400504997,-2.5909828400504997,13.8,13.8,True,,,0.4,0.18,0.084
2020-07-22 16:00:00+00:00,-0.0,-0.8058121185120033,-0.8058121185120033,13.8,13.8,True,,,0.4,0.18,0.084
2020-07-22 17:00:00+00:00,-0.0,-0.3964213826657258,-0.3964213826657258,13.8,13.8,True,,,0.4,0.18,0.084
2020-07-22 18:00:00+00:00,-0.0,-0.03323628307667739,-0.03323628307667739,13.8,13.8,True,,,0.4,0.18,0.084
2020-07-22 19:00:00+00:00,0.20561745301946355,0.0,0.20561745301946355,13.8,13.59018627242912,True,,,0.2,0.07,0.084
2020-07-22 20:00:00+00:00,0.10703038884798688,0.0,0.10703038884798688,13.59018627242912,13.480971589931174,True,,,0.2,0.07,0.084
2020-07-22 21:00:00+00:00,0.17331883347564278,0.0,0.17331883347564278,13.480971589931174,13.304115637405008,True,,,0.2,0.07,0.084
2020-07-22 22:00:00+00:00,0.10951455563704163,0.0,0.10951455563704163,13.304115637405008,13.192366090836599,True,,,0.2,0.07,0.084
2020-07-22 23:00:00+00:00,0.1172817224555546,0.0,0.1172817224555546,13.192366090836599,13.072690863841135,True,,,0.2,0.07,0.084
2020-07-23 00:00:00+00:00,0.12007461129824319,0.0,0.12007461129824319,13.072690863841135,12.950165750271498,True,,,0.2,0.07,0.084
2020-07-23 01:00:00+00:00,0.13225811113781394,0.0,0.13225811113781394,12.950165750271498,12.815208494008424,True,,,0.2,0.07,0.084
2020-07-23 02:00:00+00:00,1.969501077657276,0.0,1.969501077657276,12.815208494008424,10.805513516807121,True,,,0.2,0.07,0.084
2020-07-23 03:00:00+00:00,5.0,1.1440321200315964,6.144032120031596,10.805513516807121,5.7034727004805905,True,,,0.2,0.07,0.084
2020-07-23 04:00:00+00:00,0.6294578022650834,0.0,0.6294578022650834,5.7034727004805905,5.061168820618261,True,,,0.3,0.1,0.084
2020-07-23 05:00:00+00:00,-0.3731586414056721,0.0,-0.3731586414056721,5.061168820618261,5.426864289195819,True,,,0.3,0.1,0.084
2020-07-23 06:00:00+00:00,-1.6554724415662188,0.0,-1.6554724415662188,5.426864289195819,7.049227281930714,True,,,0.3,0.1,0.084
2020-07-23 07:00:00+00:00,-2.903693325118909,0.0,-2.903693325118909,7.049227281930714,9.894846740547244,True,,,0.3,0.1,0.084
2020-07-23 08:00:00+00:00,-3.9848502647477106,-0.052291266893380595,-4.037141531641091,9.894846740547244,13.8,True,,,0.3,0.1,0.084
2020-07-23 09:00:00+00:00,-0.0,-4.805924035541491,-4.805924035541491,13.8,13.8,True,,,0.3,0.1,0.084
2020-07-23 10:00:00+00:00,-0.0,-5.121427847387873,-5.121427847387873,13.8,13.8,True,,,0.3,0.1,0.084
2020-07-23 11:00:00+00:00,-0.0,-5.294975493272236,-5.294975493272236,13.8,13.8,True,,,0.3,0.1,0.084
2020-07-23 12:00:00+00:00,-0.0,-5.090390309626664,-5.090390309626664,13.8,13.8,True,,,0.3,0.1,0.084
2020-07-23 13:00:00+00:00,-0.0,-4.226383761714976,-4.226383761714976,13.8,13.8,True,,,0.3,0.1,0.084
2020-07-23 14:00:00+00:00,-0.0,-3.237192911996604,-3.237192911996604,13.8,13.8,True,,,0.3,0.1,0.084
2020-07-23 15:00:00+00:00,-0.0,-3.065087207852287,-3.065087207852287,13.8,13.8,True,,,0.4,0.18,0.084
2020-07-23 16:00:00+00:00,-0.0,-1.4162762516320437,-1.4162762516320437,13.8,13.8,True,,,0.4,0.18,0.084
2020-07-23 17:00:00+00:00,-0.0,-0.1832841969103652,-0.1832841969103652,13.8,13.8,True,,,0.4,0.18,0.084
2020-07-23 18:00:00+00:00,0.07521115548738597,0.0,0.07521115548738597,13.8,13.723253922972056,True,,,0.4,0.18,0.084
2020-07-23 19:00:00+00:00,0.1031630220629704,0.0,0.1031630220629704,13.723253922972056,13.617985533111883,True,,,0.2,0.07,0.084
2020-07-23 20:00:00+00:00,0.18673491657839902,0.0,0.18673491657839902,13.617985533111883,13.427439699868618,True,,,0.2,0.07,0.084
2020-07-23 21:00:00+00:00,0.09451783344480723,0.0,0.09451783344480723,13.427439699868618,13.330992931047385,True,,,0.2,0.07,0.084
2020-07-23 22:00:00+00:00,0.11986358342965452,0.0,0.11986358342965452,13.330992931047385,13.208683152037533,True,,,0.2,0.07,0.084
2020-07-23 23:00:00+00:00,0.11612405570083204,0.0,0.11612405570083204,13.208683152037533,13.090189217648929,True,,,0.2,0.07,0.084
2020-07-24 00:00:00+00:00,0.08252616692119187,0.0,0.08252616692119187,13.090189217648929,13.00597884323955,True,,,0.2,0.07,0.084
2020-07-24 01:00:00+00:00,0.16211599977281357,0.0,0.16211599977281357,13.00597884323955,12.840554353675454,True,,,0.2,0.07,0.084
2020-07-24 02:00:00+00:00,0.3487553609900999,0.0,0.3487553609900999,12.840554353675454,12.484681536338618,True,,,0.2,0.07,0.084
2020-07-24 03:00:00+00:00,0.1566606822867051,0.0,0.1566606822867051,12.484681536338618,12.324823697270551,True,,,0.2,0.07,0.084
2020-07-24 04:00:00+00:00,-0.005536221286620264,0.0,-0.005536221286620264,12.324823697270551,12.330249194131438,True,,,0.3,0.1,0.084
2020-07-24 05:00:00+00:00,-0.4552143200399318,0.0,-0.4552143200399318,12.330249194131438,12.776359227770572,True,,,0.3,0.1,0.084
2020-07-24 06:00:00+00:00,-0.76161088606142,0.0,-0.76161088606142,12.776359227770572,13.522737896110764,True,,,0.3,0.1,0.084
2020-07-24 07:00:00+00:00,-0.28292051417269093,-1.8401289461677686,-2.1230494603404595,13.522737896110764,13.8,True,,,0.3,0.1,0.084
2020-07-24 08:00:00+00:00,-0.0,-2.998486888840463,-2.998486888840463,13.8,13.8,True,,,0.3,0.1,0.084
2020-07-24 09:00:00+00:00,-0.0,-2.603230369777789,-2.603230369777789,13.8,13.8,True,,,0.3,0.1,0.084
2020-07-24 10:00:00+00:00,-0.0,-4.538089837992694,-4.538089837992694,13.8,13.8,True,,,0.3,0.1,0.084
2020-07-24 11:00:00+00:00,-0.0,-3.145549300016754,-3.145549300016754,13.8,13.8,True,,,0.3,0.1,0.084
2020-07-24 12:00:00+00:00,-0.0,-2.5329970111837787,-2.5329970111837787,13.8,13.8,True,,,0.3,0.1,0.084
2020-07-24 13:00:00+00:00,-0.0,-2.022480613105233,-2.022480613105233,13.8,13.8,True,,,0.3,0.1,0.084
2020-07-24 14:00:00+00:00,-0.0,-3.2148886648992008,-3.2148886648992008,13.8,13.8,True,,,0.3,0.1,0.084
2020-07-24 15:00:00+00:00,-0.0,-1.3231180481563585,-1.3231180481563585,13.8,13.8,True,,,0.4,0.18,0.084
2020-07-24 16:00:00+00:00,0.49434283769313325,0.0,0.49434283769313325,13.8,13.295568532966191,True,,,0.4,0.18,0.084
2020-07-24 17:00:00+00:00,-0.27197576159544845,0.0,-0.27197576159544845,13.295568532966191,13.562104779329731,True,,,0.4,0.18,0.084
2020-07-24 18:00:00+00:00,0.08935143933076964,0.0,0.08935143933076964,13.562104779329731,13.470929841237108,True,,,0.4,0.18,0.084
2020-07-24 19:00:00+00:00,0.12749143360583712,0.0,0.12749143360583712,13.470929841237108,13.340836541639316,True,,,0.2,0.07,0.084
2020-07-24 20:00:00+00:00,0.22936738895045392,0.0,0.22936738895045392,13.340836541639316,13.106788185567424,True,,,0.2,0.07,0.084
2020-07-24 21:00:00+00:00,0.12995149994691194,0.0,0.12995149994691194,13.106788185567424,12.974184614193025,True,,,0.2,0.07,0.084
2020-07-24 22:00:00+00:00,0.08860669435395128,0.0,0.08860669435395128,12.974184614193025,12.883769619954299,True,,,0.2,0.07,0.084
2020-07-24 23:00:00+00:00,0.14792194432417557,0.0,0.14792194432417557,12.883769619954299,12.732828860439835,True,,,0.2,0.07,0.084
2020-07-25 00:00:00+00:00,0.07014233346780145,0.0,0.07014233346780145,12.732828860439835,12.661255050778813,True,,,0.2,0.07,0.084
2020-07-25 01:00:00+00:00,0.16363477770752366,0.0,0.16363477770752366,12.661255050778813,12.494280787811952,True,,,0.2,0.07,0.084
2020-07-25 02:00:00+00:00,0.11453405517207259,0.0,0.11453405517207259,12.494280787811952,12.37740930294249,True,,,0.2,0.07,0.084
2020-07-25 03:00:00+00:00,0.09118442634841961,0.0,0.09118442634841961,12.37740930294249,12.2843639699339,True,,,0.2,0.07,0.084
2020-07-25 04:00:00+00:00,0.2106850445548232,0.0,0.2106850445548232,12.2843639699339,12.069379230592244,True,,,0.3,0.1,0.084
2020-07-25 05:00:00+00:00,-0.140418104497683,0.0,-0.140418104497683,12.069379230592244,12.206988972999973,True,,,0.3,0.1,0.084
2020-07-25 06:00:00+00:00,-1.0283000292248212,0.0,-1.0283000292248212,12.206988972999973,13.214723001640298,True,,,0.3,0.1,0.084
2020-07-25 07:00:00+00:00,-0.4555638960985371,0.0,-0.4555638960985371,13.214723001640298,13.661175619816865,True,,,0.3,0.1,0.084
2020-07-25 08:00:00+00:00,-0.14165753079911853,-2.2027476611166747,-2.344405191915793,13.661175619816865,13.8,True,,,0.3,0.1,0.084
2020-07-25 09:00:00+00:00,-0.0,-2.7615124068276637,-2.7615124068276637,13.8,13.8,True,,,0.3,0.1,0.084
2020-07-25 10:00:00+00:00,-0.0,-3.774437769393812,-3.774437769393812,13.8,13.8,True,,,0.3,0.1,0.084
2020-07-25 11:00:00+00:00,-0.0,-3.5974401264540536,-3.5974401264540536,13.8,13.8,True,,,0.3,0.1,0.084
2020-07-25 12:00:00+00:00,-0.0,-3.9364761388460794,-3.9364761388460794,13.8,13.8,True,,,0.3,0.1,0.084
2020-07-25 13:00:00+00:00,-0.0,-2.828030822943271,-2.828030822943271,13.8,13.8,True,,,0.3,0.1,0.084
2020-07-25 14:00:00+00:00,-0.0,-2.997410310039758,-2.997410310039758,13.8,13.8,True,,,0.3,0.1,0.084
2020-07-25 15:00:00+00:00,0.18719345653294642,0.0,0.18719345653294642,13.8,13.608986268843934,True,,,0.4,0.18,0.084
2020-07-25 16:00:00+00:00,-0.00291950288988152,0.0,-0.00291950288988152,13.608986268843934,13.611847381676018,True,,,0.4,0.18,0.084
2020-07-25 17:00:00+00:00,0.033684251118071516,0.0,0.033684251118071516,13.611847381676018,13.57747569686166,True,,,0.4,0.18,0.084
2020-07-25 18:00:00+00:00,0.10192187677544212,0.0,0.10192187677544212,13.57747569686166,13.473473781784678,True,,,0.4,0.18,0.084
2020-07-25 19:00:00+00:00,0.16424401036505507,0.0,0.16424401036505507,13.473473781784678,13.305877852840744,True,,,0.2,0.07,0.084
2020-07-25 20:00:00+00:00,0.21096275026003497,0.0,0.21096275026003497,13.305877852840744,13.090609740330505,True,,,0.2,0.07,0.084
2020-07-25 21:00:00+00:00,0.13039777763684604,0.0,0.13039777763684604,13.090609740330505,12.957550783558213,True,,,0.2,0.07,0.084
2020-07-25 22:00:00+00:00,0.1205053335322275,0.0,0.1205053335322275,12.957550783558213,12.83458615750492,True,,,0.2,0.07,0.084
2020-07-25 23:00:00+00:00,0.16368675014442874,0.0,0.16368675014442874,12.83458615750492,12.667558861439176,True,,,0.2,0.07,0.084
2020-07-26 00:00:00+00:00,0.06112661120891578,0.0,0.06112661120891578,12.667558861439176,12.605184768368854,True,,,0.2,0.07,0.084
2020-07-26 01:00:00+00:00,0.19018949984179595,0.0,0.19018949984179595,12.605184768368854,12.41111385016294,True,,,0.2,0.07,0.084
2020-07-26 02:00:00+00:00,0.10912088878949469,0.0,0.10912088878949469,12.41111385016294,12.299766004459373,True,,,0.2,0.07,0.084
2020-07-26 03:00:00+00:00,0.0874700831466251,0.0,0.0874700831466251,12.299766004459373,12.210510817575061,True,,,0.2,0.07,0.084
2020-07-26 04:00:00+00:00,0.33169843672957,0.0,0.33169843672957,12.210510817575061,11.872043024993868,True,,,0.3,0.1,0.084
2020-07-26 05:00:00+00:00,0.28483599566700823,0.0,0.28483599566700823,11.872043024993868,11.581394049823452,True,,,0.3,0.1,0.084
2020-07-26 06:00:00+00:00,0.10433954970087604,0.0,0.10433954970087604,11.581394049823452,11.474925121557252,True,,,0.3,0.1,0.084
2020-07-26 07:00:00+00:00,-0.7634001302973975,0.0,-0.7634001302973975,11.474925121557252,12.223057249248702,True,,,0.3,0.1,0.084
2020-07-26 08:00:00+00:00,-1.6091252558686717,-1.073538448162052,-2.6826637040307237,12.223057249248702,13.8,True,,,0.3,0.1,0.084
2020-07-26 09:00:00+00:00,-0.0,-2.6717406277854776,-2.6717406277854776,13.8,13.8,True,,,0.3,0.1,0.084
2020-07-26 10:00:00+00:00,-0.0,-3.0929512377400052,-3.0929512377400052,13.8,13.8,True,,,0.3,0.1,0.084
2020-07-26 11:00:00+00:00,-0.0,-3.3524540498314233,-3.3524540498314233,13.8,13.8,True,,,0.3,0.1,0.084
2020-07-26 12:00:00+00:00,-0.0,-5.181335737350436,-5.181335737350436,13.8,13.8,True,,,0.3,0.1,0.084
2020-07-26 13:00:00+00:00,-0.0,-4.779166194282638,-4.779166194282638,13.8,13.8,True,,,0.3,0.1,0.084
2020-07-26 14:00:00+00:00,-0.0,-3.5299748890055556,-3.5299748890055556,13.8,13.8,True,,,0.3,0.1,0.084
2020-07-26 15:00:00+00:00,-0.0,-1.3581937603858243,-1.3581937603858243,13.8,13.8,True,,,0.4,0.18,0.084
2020-07-26 16:00:00+00:00,-0.0,-0.8346770310287732,-0.8346770310287732,13.8,13.8,True,,,0.4,0.18,0.084
2020-07-26 17:00:00+00:00,-0.0,-0.26382387374717153,-0.26382387374717153,13.8,13.8,True,,,0.4,0.18,0.084
2020-07-26 18:00:00+00:00,0.02119609032197933,0.0,0.02119609032197933,13.8,13.778371336406144,True,,,0.4,0.18,0.084
2020-07-26 19:00:00+00:00,0.12665537260017182,0.0,0.12665537260017182,13.778371336406144,13.649131160283519,True,,,0.2,0.07,0.084
2020-07-26 20:00:00+00:00,0.19393438932100945,0.0,0.19393438932100945,13.649131160283519,13.451238926282489,True,,,0.2,0.07,0.084
2020-07-26 21:00:00+00:00,0.0925918610519832,0.0,0.0925918610519832,13.451238926282489,13.356757435413119,True,,,0.2,0.07,0.084
2020-07-26 22:00:00+00:00,0.1448318614032533,0.0,0.1448318614032533,13.356757435413119,13.20896982173633,True,,,0.2,0.07,0.084
2020-07-26 23:00:00+00:00,0.12573980552620365,0.0,0.12573980552620365,13.20896982173633,13.08066389773,True,,,0.2,0.07,0.084
2020-07-27 00:00:00+00:00,0.07385969445440492,0.0,0.07385969445440492,13.08066389773,13.005296862572443,True,,,0.2,0.07,0.084
2020-07-27 01:00:00+00:00,0.1903330000241598,0.0,0.1903330000241598,13.005296862572443,12.811079515609014,True,,,0.2,0.07,0.084
2020-07-27 02:00:00+00:00,0.09892880534066091,0.0,0.09892880534066091,12.811079515609014,12.71013175505732,True,,,0.2,0.07,0.084
2020-07-27 03:00:00+00:00,0.28633690756892793,0.0,0.28633690756892793,12.71013175505732,12.417951237129843,True,,,0.2,0.07,0.084
2020-07-27 04:00:00+00:00,-0.0803658677020749,0.0,-0.0803658677020749,12.417951237129843,12.496709787477876,True,,,0.3,0.1,0.084
2020-07-27 05:00:00+00:00,-0.1885204104295641,0.0,-0.1885204104295641,12.496709787477876,12.681459789698849,True,,,0.3,0.1,0.084
2020-07-27 06:00:00+00:00,-0.37281007010196815,0.0,-0.37281007010196815,12.681459789698849,13.046813658398777,True,,,0.3,0.1,0.084
2020-07-27 07:00:00+00:00,-0.7685574914298197,-0.3458748625883281,-1.1144323540181478,13.046813658398777,13.8,True,,,0.3,0.1,0.084
2020-07-27 08:00:00+00:00,-0.0,-1.7810933766370534,-1.7810933766370534,13.8,13.8,True,,,0.3,0.1,0.084
2020-07-27 09:00:00+00:00,-0.0,-1.6192190691018924,-1.6192190691018924,13.8,13.8,True,,,0.3,0.1,0.084
2020-07-27 10:00:00+00:00,-0.0,-1.2016443778474672,-1.2016443778474672,13.8,13.8,True,,,0.3,0.1,0.084
2020-07-27 11:00:00+00:00,-0.0,-1.048983534704223,-1.048983534704223,13.8,13.8,True,,,0.3,0.1,0.084
2020-07-27 12:00:00+00:00,-0.0,-0.6016681543223246,-0.6016681543223246,13.8,13.8,True,,,0.3,0.1,0.084
2020-07-27 13:00:00+00:00,-0.0,-0.6703874876292729,-0.6703874876292729,13.8,13.8,True,,,0.3,0.1,0.084
2020-07-27 14:00:00+00:00,-0.0,-1.1218463840996167,-1.1218463840996167,13.8,13.8,True,,,0.3,0.1,0.084
2020-07-27 15:00:00+00:00,-0.0,-0.8364189633416033,-0.8364189633416033,13.8,13.8,True,,,0.4,0.18,0.084
2020-07-27 16:00:00+00:00,-0.0,-0.5286405124261451,-0.5286405124261451,13.8,13.8,True,,,0.4,0.18,0.084
2020-07-27 17:00:00+00:00,-0.0,-0.1446431884210228,-0.1446431884210228,13.8,13.8,True,,,0.4,0.18,0.084
2020-07-27 18:00:00+00:00,-0.0,-0.021331155075880917,-0.021331155075880917,13.8,13.8,True,,,0.4,0.18,0.084
2020-07-27 19:00:00+00:00,0.17862865759431162,0.0,0.17862865759431162,13.8,13.617725859597641,True,,,0.2,0.07,0.084
2020-07-27 20:00:00+00:00,0.14925294469727424,0.0,0.14925294469727424,13.617725859597641,13.465426936437158,True,,,0.2,0.07,0.084
2020-07-27 21:00:00+00:00,0.08835108341905813,0.0,0.08835108341905813,13.465426936437158,13.375272769683017,True,,,0.2,0.07,0.084
2020-07-27 22:00:00+00:00,0.17066333304246267,0.0,0.17066333304246267,13.375272769683017,13.201126511476422,True,,,0.2,0.07,0.084
2020-07-27 23:00:00+00:00,0.07630613880422388,0.0,0.07630613880422388,13.201126511476422,13.123263104533336,True,,,0.2,0.07,0.084
2020-07-28 00:00:00+00:00,0.10336080560949124,0.0,0.10336080560949124,13.123263104533336,13.017792894727734,True,,,0.2,0.07,0.084
2020-07-28 01:00:00+00:00,0.18392352785799237,0.0,0.18392352785799237,13.017792894727734,12.830115825484885,True,,,0.2,0.07,0.084
2020-07-28 02:00:00+00:00,0.06910344437758124,0.0,0.06910344437758124,12.830115825484885,12.75960210673225,True,,,0.2,0.07,0.084
2020-07-28 03:00:00+00:00,0.3296302242812523,0.0,0.3296302242812523,12.75960210673225,12.423244735016688,True,,,0.2,0.07,0.084
2020-07-28 04:00:00+00:00,-0.015890424416074415,0.0,-0.015890424416074415,12.423244735016688,12.43881735094444,True,,,0.3,0.1,0.084
2020-07-28 05:00:00+00:00,-0.44631610844025654,0.0,-0.44631610844025654,12.43881735094444,12.876207137215891,True,,,0.3,0.1,0.084
2020-07-28 06:00:00+00:00,-0.8692854742083969,0.0,-0.8692854742083969,12.876207137215891,13.72810690194012,True,,,0.3,0.1,0.084
2020-07-28 07:00:00+00:00,-0.07336030414273603,-1.659258373037653,-1.7326186771803889,13.72810690194012,13.8,True,,,0.3,0.1,0.084
2020-07-28 08:00:00+00:00,-0.0,-2.783487294900372,-2.783487294900372,13.8,13.8,True,,,0.3,0.1,0.084
2020-07-28 09:00:00+00:00,-0.0,-2.477248555850617,-2.477248555850617,13.8,13.8,True,,,0.3,0.1,0.084
2020-07-28 10:00:00+00:00,-0.0,-3.6564086865766754,-3.6564086865766754,13.8,13.8,True,,,0.3,0.1,0.084
2020-07-28 11:00:00+00:00,-0.0,-1.728640128324681,-1.728640128324681,13.8,13.8,True,,,0.3,0.1,0.084
2020-07-28 12:00:00+00:00,-0.0,-3.0577409809913676,-3.0577409809913676,13.8,13.8,True,,,0.3,0.1,0.084
2020-07-28 13:00:00+00:00,-0.0,-1.25352857370541,-1.25352857370541,13.8,13.8,True,,,0.3,0.1,0.084
2020-07-28 14:00:00+00:00,-0.0,-2.8523402913542086,-2.8523402913542086,13.8,13.8,True,,,0.3,0.1,0.084
2020-07-28 15:00:00+00:00,-0.0,-1.895677220296129,-1.895677220296129,13.8,13.8,True,,,0.4,0.18,0.084
2020-07-28 16:00:00+00:00,-0.0,-1.185796831728946,-1.185796831728946,13.8,13.8,True,,,0.4,0.18,0.084
2020-07-28 17:00:00+00:00,-0.0,-0.44564209860750553,-0.44564209860750553,13.8,13.8,True,,,0.4,0.18,0.084
2020-07-28 18:00:00+00:00,0.06989952959292693,0.0,0.06989952959292693,13.8,13.728673949394974,True,,,0.4,0.18,0.084
2020-07-28 19:00:00+00:00,0.1878106892166466,0.0,0.1878106892166466,13.728673949394974,13.537030388969825,True,,,0.2,0.07,0.084
2020-07-28 20:00:00+00:00,0.09260091672738384,0.0,0.09260091672738384,13.537030388969825,13.442539657615352,True,,,0.2,0.07,0.084
2020-07-28 21:00:00+00:00,0.17965538909170367,0.0,0.17965538909170367,13.442539657615352,13.259217832011574,True,,,0.2,0.07,0.084
2020-07-28 22:00:00+00:00,0.10217127757602269,0.0,0.10217127757602269,13.259217832011574,13.154961426321755,True,,,0.2,0.07,0.084
2020-07-28 23:00:00+00:00,0.11290930570496452,0.0,0.11290930570496452,13.154961426321755,13.03974784907179,True,,,0.2,0.07,0.084
2020-07-29 00:00:00+00:00,0.14132752775351207,0.0,0.14132752775351207,13.03974784907179,12.895536086058003,True,,,0.2,0.07,0.084
2020-07-29 01:00:00+00:00,0.09684288881089946,0.0,0.09684288881089946,12.895536086058003,12.796716811761167,True,,,0.2,0.07,0.084
2020-07-29 02:00:00+00:00,0.17511422215037908,0.0,0.17511422215037908,12.796716811761167,12.618028829975065,True,,,0.2,0.07,0.084
2020-07-29 03:00:00+00:00,0.3102118946037075,0.0,0.3102118946037075,12.618028829975065,12.301486080379446,True,,,0.2,0.07,0.084
2020-07-29 04:00:00+00:00,-0.014855034459870319,0.0,-0.014855034459870319,12.301486080379446,12.316044014150119,True,,,0.3,0.1,0.084
2020-07-29 05:00:00+00:00,-0.3731095654444678,0.0,-0.3731095654444678,12.316044014150119,12.681691388285698,True,,,0.3,0.1,0.084
2020-07-29 06:00:00+00:00,-1.1411312364431665,-0.06910531150878763,-1.2102365479519541,12.681691388285698,13.8,True,,,0.3,0.1,0.084
2020-07-29 07:00:00+00:00,-0.0,-1.9504159339096354,-1.9504159339096354,13.8,13.8,True,,,0.3,0.1,0.084
2020-07-29 08:00:00+00:00,-0.0,-2.643955790487377,-2.643955790487377,13.8,13.8,True,,,0.3,0.1,0.084
2020-07-29 09:00:00+00:00,-0.0,-3.5077925943888006,-3.5077925943888006,13.8,13.8,True,,,0.3,0.1,0.084
2020-07-29 10:00:00+00:00,-0.0,-5.013806258451254,-5.013806258451254,13.8,13.8,True,,,0.3,0.1,0.084
2020-07-29 11:00:00+00:00,-0.0,-3.4294804385666646,-3.4294804385666646,13.8,13.8,True,,,0.3,0.1,0.084
2020-07-29 12:00:00+00:00,-0.0,-4.5125381162953095,-4.5125381162953095,13.8,13.8,True,,,0.3,0.1,0.084
2020-07-29 13:00:00+00:00,-0.0,-4.627725429084018,-4.627725429084018,13.8,13.8,True,,,0.3,0.1,0.084
2020-07-29 14:00:00+00:00,-0.0,-4.256347472975355,-4.256347472975355,13.8,13.8,True,,,0.3,0.1,0.084
2020-07-29 15:00:00+00:00,-0.0,-1.9355596366447505,-1.9355596366447505,13.8,13.8,True,,,0.4,0.18,0.084
2020-07-29 16:00:00+00:00,-0.0,-1.0635224295527546,-1.0635224295527546,13.8,13.8,True,,,0.4,0.18,0.084
2020-07-29 17:00:00+00:00,-0.0,-0.24161947942300813,-0.24161947942300813,13.8,13.8,True,,,0.4,0.18,0.084
2020-07-29 18:00:00+00:00,0.03768645022134676,0.0,0.03768645022134676,13.8,13.761544438549647,True,,,0.4,0.18,0.084
2020-07-29 19:00:00+00:00,0.18063317997172446,0.0,0.18063317997172446,13.761544438549647,13.577224867149928,True,,,0.2,0.07,0.084
2020-07-29 20:00:00+00:00,0.11423730563322704,0.0,0.11423730563322704,13.577224867149928,13.460656187932349,True,,,0.2,0.07,0.084
2020-07-29 21:00:00+00:00,0.08442755533324348,0.0,0.08442755533324348,13.460656187932349,13.374505621265774,True,,,0.2,0.07,0.084
2020-07-29 22:00:00+00:00,0.13418463901413777,0.0,0.13418463901413777,13.374505621265774,13.237582520230939,True,,,0.2,0.07,0.084
2020-07-29 23:00:00+00:00,0.08278958339956072,0.0,0.08278958339956072,13.237582520230939,13.153103353496693,True,,,0.2,0.07,0.084
2020-07-30 00:00:00+00:00,0.11357124985324016,0.0,0.11357124985324016,13.153103353496693,13.037214323034203,True,,,0.2,0.07,0.084
2020-07-30 01:00:00+00:00,0.15197783342997237,0.0,0.15197783342997237,13.037214323034203,12.882134901166884,True,,,0.2,0.07,0.084
2020-07-30 02:00:00+00:00,0.10945794429249217,0.0,0.10945794429249217,12.882134901166884,12.770443121276585,True,,,0.2,0.07,0.084
2020-07-30 03:00:00+00:00,0.2913217979375434,0.0,0.2913217979375434,12.770443121276585,12.47317598052399,True,,,0.2,0.07,0.084
2020-07-30 04:00:00+00:00,-0.019133332405784506,0.0,-0.019133332405784506,12.47317598052399,12.491926646281659,True,,,0.3,0.1,0.084
2020-07-30 05:00:00+00:00,2.9054485095034157,0.0,2.9054485095034157,12.491926646281659,9.527183269237357,True,,,0.3,0.1,0.084
2020-07-30 06:00:00+00:00,3.781113648557477,0.0,3.781113648557477,9.527183269237357,5.668904036015441,True,,,0.3,0.1,0.084
2020-07-30 07:00:00+00:00,-2.970198162821792,0.0,-2.970198162821792,5.668904036015441,8.579698235580796,True,,,0.3,0.1,0.084
2020-07-30 08:00:00+00:00,-3.9560519483368974,0.0,-3.9560519483368974,8.579698235580796,12.456629144950956,True,,,0.3,0.1,0.084
2020-07-30 09:00:00+00:00,-1.37078658678474,-3.3524671795780465,-4.723253766362786,12.456629144950956,13.8,True,,,0.3,0.1,0.084
2020-07-30 10:00:00+00:00,-0.0,-5.083482090078368,-5.083482090078368,13.8,13.8,True,,,0.3,0.1,0.084
2020-07-30 11:00:00+00:00,-0.0,-5.216036594824407,-5.216036594824407,13.8,13.8,True,,,0.3,0.1,0.084
2020-07-30 12:00:00+00:00,-0.0,-5.091746766369462,-5.091746766369462,13.8,13.8,True,,,0.3,0.1,0.084
2020-07-30 13:00:00+00:00,-0.0,-4.458905060515641,-4.458905060515641,13.8,13.8,True,,,0.3,0.1,0.084
2020-07-30 14:00:00+00:00,-0.0,-3.139144063380304,-3.139144063380304,13.8,13.8,True,,,0.3,0.1,0.084
2020-07-30 15:00:00+00:00,-0.0,-2.26235127867894,-2.26235127867894,13.8,13.8,True,,,0.4,0.18,0.084
2020-07-30 16:00:00+00:00,-0.0,-1.039041527008645,-1.039041527008645,13.8,13.8,True,,,0.4,0.18,0.084
2020-07-30 17:00:00+00:00,-0.0,-0.27974793444903867,-0.27974793444903867,13.8,13.8,True,,,0.4,0.18,0.084
2020-07-30 18:00:00+00:00,0.13582934932270266,0.0,0.13582934932270266,13.8,13.6613986231401,True,,,0.4,0.18,0.084
2020-07-30 19:00:00+00:00,0.1080646965511,0.0,0.1080646965511,13.6613986231401,13.55112852461857,True,,,0.2,0.07,0.084
2020-07-30 20:00:00+00:00,0.10793966693083461,0.0,0.10793966693083461,13.55112852461857,13.440986007342207,True,,,0.2,0.07,0.084
2020-07-30 21:00:00+00:00,0.1505469443003336,0.0,0.1505469443003336,13.440986007342207,13.287366676423499,True,,,0.2,0.07,0.084
2020-07-30 22:00:00+00:00,0.08146444451808918,0.0,0.08146444451808918,13.287366676423499,13.204239692221368,True,,,0.2,0.07,0.084
2020-07-30 23:00:00+00:00,0.17052233340475303,0.0,0.17052233340475303,13.204239692221368,13.03023731119611,True,,,0.2,0.07,0.084
2020-07-31 00:00:00+00:00,0.07516491666105066,0.0,0.07516491666105066,13.03023731119611,12.953538416644017,True,,,0.2,0.07,0.084
2020-07-31 01:00:00+00:00,0.14393786098957037,0.0,0.14393786098957037,12.953538416644017,12.806663048287312,True,,,0.2,0.07,0.084
2020-07-31 02:00:00+00:00,0.28879666567378504,0.0,0.28879666567378504,12.806663048287312,12.511972573109981,True,,,0.2,0.07,0.084
2020-07-31 03:00:00+00:00,0.13237153016570824,0.0,0.13237153016570824,12.511972573109981,12.376899583144972,True,,,0.2,0.07,0.084
2020-07-31 04:00:00+00:00,0.026823272016770223,0.0,0.026823272016770223,12.376899583144972,12.349528897413574,True,,,0.3,0.1,0.084
2020-07-31 05:00:00+00:00,-0.37176271168783703,0.0,-0.37176271168783703,12.349528897413574,12.713856354867655,True,,,0.3,0.1,0.084
2020-07-31 06:00:00+00:00,-1.1083098419717812,-0.39833230951851806,-1.5066421514902992,12.713856354867655,13.8,True,,,0.3,0.1,0.084
2020-07-31 07:00:00+00:00,-0.0,-2.752197205245541,-2.752197205245541,13.8,13.8,True,,,0.3,0.1,0.084
2020-07-31 08:00:00+00:00,-0.0,-3.8846167547535626,-3.8846167547535626,13.8,13.8,True,,,0.3,0.1,0.084
2020-07-31 09:00:00+00:00,-0.0,-4.39860585362354,-4.39860585362354,13.8,13.8,True,,,0.3,0.1,0.084
2020-07-31 10:00:00+00:00,-0.0,-4.904923365011617,-4.904923365011617,13.8,13.8,True,,,0.3,0.1,0.084
2020-07-31 11:00:00+00:00,-0.0,-5.090213646780395,-5.090213646780395,13.8,13.8,True,,,0.3,0.1,0.084
2020-07-31 12:00:00+00:00,-0.0,-4.817204700472163,-4.817204700472163,13.8,13.8,True,,,0.3,0.1,0.084
2020-07-31 13:00:00+00:00,-0.0,-4.437426298846231,-4.437426298846231,13.8,13.8,True,,,0.3,0.1,0.084
2020-07-31 14:00:00+00:00,-0.0,-3.6567231044982127,-3.6567231044982127,13.8,13.8,True,,,0.3,0.1,0.084
2020-07-31 15:00:00+00:00,-0.0,-1.4092178952386099,-1.4092178952386099,13.8,13.8,True,,,0.4,0.18,0.084
2020-07-31 16:00:00+00:00,-0.0,-1.2817516823350237,-1.2817516823350237,13.8,13.8,True,,,0.4,0.18,0.084
2020-07-31 17:00:00+00:00,-0.0,-0.16319361138078917,-0.16319361138078917,13.8,13.8,True,,,0.4,0.18,0.084
2020-07-31 18:00:00+00:00,0.09019710630393128,0.0,0.09019710630393128,13.8,13.70796213642456,True,,,0.4,0.18,0.084
2020-07-31 19:00:00+00:00,0.1556224972555009,0.0,0.1556224972555009,13.70796213642456,13.549163669837315,True,,,0.2,0.07,0.084
2020-07-31 20:00:00+00:00,0.2342491389857396,0.0,0.2342491389857396,13.549163669837315,13.310133936178397,True,,,0.2,0.07,0.084
2020-07-31 21:00:00+00:00,0.09859619432025482,0.0,0.09859619432025482,13.310133936178397,13.209525574627117,True,,,0.2,0.07,0.084
2020-07-31 22:00:00+00:00,0.16619138891961846,0.0,0.16619138891961846,13.209525574627117,13.039942524709138,True,,,0.2,0.07,0.084
2020-07-31 23:00:00+00:00,0.13731816679106842,0.0,0.13731816679106842,13.039942524709138,12.899821946350905,True,,,0.2,0.07,0.084
2020-08-01 00:00:00+00:00,0.10348491659164437,0.0,0.10348491659164437,12.899821946350905,12.794225092685961,True,,,0.2,0.07,0.084
2020-08-01 01:00:00+00:00,0.19990758333471062,0.0,0.19990758333471062,12.794225092685961,12.590237762752583,True,,,0.2,0.07,0.084
2020-08-01 02:00:00+00:00,0.07760197228060835,0.0,0.07760197228060835,12.590237762752583,12.511052076751962,True,,,0.2,0.07,0.084
2020-08-01 03:00:00+00:00,0.12927304976826898,0.0,0.12927304976826898,12.511052076751962,12.379140801478218,True,,,0.2,0.07,0.084
2020-08-01 04:00:00+00:00,-0.0037035922348273736,0.0,-0.0037035922348273736,12.379140801478218,12.38277032186835,True,,,0.3,0.1,0.084
2020-08-01 05:00:00+00:00,0.6814531565943907,0.0,0.6814531565943907,12.38277032186835,11.687409957996522,True,,,0.3,0.1,0.084
2020-08-01 06:00:00+00:00,-0.08263168803823534,0.0,-0.08263168803823534,11.687409957996522,11.768389012273992,True,,,0.3,0.1,0.084
2020-08-01 07:00:00+00:00,-2.0730724364551105,-0.30796221200104323,-2.3810346484561538,11.768389012273992,13.8,True,,,0.3,0.1,0.084
2020-08-01 08:00:00+00:00,-0.0,-3.3896333647557144,-3.3896333647557144,13.8,13.8,True,,,0.3,0.1,0.084
2020-08-01 09:00:00+00:00,-0.0,-1.4608401031094036,-1.4608401031094036,13.8,13.8,True,,,0.3,0.1,0.084
2020-08-01 10:00:00+00:00,-0.0,-0.8238955747889377,-0.8238955747889377,13.8,13.8,True,,,0.3,0.1,0.084
2020-08-01 11:00:00+00:00,-0.0,-1.006564168747997,-1.006564168747997,13.8,13.8,True,,,0.3,0.1,0.084
2020-08-01 12:00:00+00:00,-0.0,-0.7197527113567825,-0.7197527113567825,13.8,13.8,True,,,0.3,0.1,0.084
2020-08-01 13:00:00+00:00,-0.0,-0.3370218878715887,-0.3370218878715887,13.8,13.8,True,,,0.3,0.1,0.084
2020-08-01 14:00:00+00:00,-0.0,-0.4041717573883891,-0.4041717573883891,13.8,13.8,True,,,0.3,0.1,0.084
2020-08-01 15:00:00+00:00,0.8822258167821323,0.0,0.8822258167821323,13.8,12.89976957471211,True,,,0.4,0.18,0.084
2020-08-01 16:00:00+00:00,-0.10449858889040799,0.0,-0.10449858889040799,12.89976957471211,13.00217819182471,True,,,0.4,0.18,0.084
2020-08-01 17:00:00+00:00,-0.30873389145907765,0.0,-0.30873389145907765,13.00217819182471,13.304737405454606,True,,,0.4,0.18,0.084
2020-08-01 18:00:00+00:00,0.08485091945175004,0.0,0.08485091945175004,13.304737405454606,13.218154834585473,True,,,0.4,0.18,0.084
2020-08-01 19:00:00+00:00,0.25071371466026465,0.0,0.25071371466026465,13.218154834585473,12.962324513503571,True,,,0.2,0.07,0.084
2020-08-01 20:00:00+00:00,0.14931763890849195,0.0,0.14931763890849195,12.962324513503571,12.809959575841845,True,,,0.2,0.07,0.084
2020-08-01 21:00:00+00:00,0.14575538869433938,0.0,0.14575538869433938,12.809959575841845,12.661229587378234,True,,,0.2,0.07,0.084
2020-08-01 22:00:00+00:00,0.16165786095195359,0.0,0.16165786095195359,12.661229587378234,12.496272586406853,True,,,0.2,0.07,0.084
2020-08-01 23:00:00+00:00,0.06609108320607078,0.0,0.06609108320607078,12.496272586406853,12.428832705584332,True,,,0.2,0.07,0.084
2020-08-02 00:00:00+00:00,0.15857763883537718,0.0,0.15857763883537718,12.428832705584332,12.267018788405377,True,,,0.2,0.07,0.084
2020-08-02 01:00:00+00:00,0.12953774985737296,0.0,0.12953774985737296,12.267018788405377,12.134837410999895,True,,,0.2,0.07,0.084
2020-08-02 02:00:00+00:00,0.09317961134645678,0.0,0.09317961134645678,12.134837410999895,12.039756174932082,True,,,0.2,0.07,0.084
2020-08-02 03:00:00+00:00,0.16904483328130526,0.0,0.16904483328130526,12.039756174932082,11.867261447094016,True,,,0.2,0.07,0.084
2020-08-02 04:00:00+00:00,0.20450451007026277,0.0,0.20450451007026277,11.867261447094016,11.658583375593748,True,,,0.3,0.1,0.084
2020-08-02 05:00:00+00:00,0.20270721398660502,0.0,0.20270721398660502,11.658583375593748,11.451739279689049,True,,,0.3,0.1,0.084
2020-08-02 06:00:00+00:00,-0.04827406379144297,0.0,-0.04827406379144297,11.451739279689049,11.499047862204662,True,,,0.3,0.1,0.084
2020-08-02 07:00:00+00:00,-0.18228740616009326,0.0,-0.18228740616009326,11.499047862204662,11.677689520241554,True,,,0.3,0.1,0.084
2020-08-02 08:00:00+00:00,-1.275011558442646,0.0,-1.275011558442646,11.677689520241554,12.927200847515348,True,,,0.3,0.1,0.084
2020-08-02 09:00:00+00:00,-0.8906113800863806,-0.7243634742002225,-1.6149748542866031,12.927200847515348,13.8,True,,,0.3,0.1,0.084
2020-08-02 10:00:00+00:00,-0.0,-2.659248432655718,-2.659248432655718,13.8,13.8,True,,,0.3,0.1,0.084
2020-08-02 11:00:00+00:00,-0.0,-3.12509630918649,-3.12509630918649,13.8,13.8,True,,,0.3,0.1,0.084
2020-08-02 12:00:00+00:00,-0.0,-3.332619355639279,-3.332619355639279,13.8,13.8,True,,,0.3,0.1,0.084
2020-08-02 13:00:00+00:00,-0.0,-3.7336442744509015,-3.7336442744509015,13.8,13.8,True,,,0.3,0.1,0.084
2020-08-02 14:00:00+00:00,-0.0,-2.865301434817899,-2.865301434817899,13.8,13.8,True,,,0.3,0.1,0.084
2020-08-02 15:00:00+00:00,-0.0,-1.9018686414464683,-1.9018686414464683,13.8,13.8,True,,,0.4,0.18,0.084
2020-08-02 16:00:00+00:00,-0.0,-0.3424797856466066,-0.3424797856466066,13.8,13.8,True,,,0.4,0.18,0.084
2020-08-02 17:00:00+00:00,-0.0,-0.2315164183173598,-0.2315164183173598,13.8,13.8,True,,,0.4,0.18,0.084
2020-08-02 18:00:00+00:00,0.15761915893262352,0.0,0.15761915893262352,13.8,13.63916412353814,True,,,0.4,0.18,0.084
2020-08-02 19:00:00+00:00,0.17912786076333767,0.0,0.17912786076333767,13.63916412353814,13.45638059214698,True,,,0.2,0.07,0.084
2020-08-02 20:00:00+00:00,0.12017155550056018,0.0,0.12017155550056018,13.45638059214698,13.333756555921918,True,,,0.2,0.07,0.084
2020-08-02 21:00:00+00:00,0.11789080558617933,0.0,0.11789080558617933,13.333756555921918,13.213459815527857,True,,,0.2,0.07,0.084
2020-08-02 22:00:00+00:00,0.12706219419108497,0.0,0.12706219419108497,13.213459815527857,13.083804515332872,True,,,0.2,0.07,0.084
2020-08-02 23:00:00+00:00,0.07431699999438383,0.0,0.07431699999438383,13.083804515332872,13.007970841869215,True,,,0.2,0.07,0.084
2020-08-03 00:00:00+00:00,0.14998030563990294,0.0,0.14998030563990294,13.007970841869215,12.854929713665232,True,,,0.2,0.07,0.084
2020-08-03 01:00:00+00:00,0.12072738926675589,0.0,0.12072738926675589,12.854929713665232,12.731738500127726,True,,,0.2,0.07,0.084
2020-08-03 02:00:00+00:00,0.1158760836760205,0.0,0.1158760836760205,12.731738500127726,12.613497598417501,True,,,0.2,0.07,0.084
2020-08-03 03:00:00+00:00,0.3711683042446779,0.0,0.3711683042446779,12.613497598417501,12.23475443082089,True,,,0.2,0.07,0.084
2020-08-03 04:00:00+00:00,0.31131590579250296,0.0,0.31131590579250296,12.23475443082089,11.917085139195887,True,,,0.3,0.1,0.084
2020-08-03 05:00:00+00:00,0.275494358622069,0.0,0.275494358622069,11.917085139195887,11.635968446724387,True,,,0.3,0.1,0.084
2020-08-03 06:00:00+00:00,-1.6533324769488695,0.0,-1.6533324769488695,11.635968446724387,13.256234274134279,True,,,0.3,0.1,0.084
2020-08-03 07:00:00+00:00,-0.5548629855772672,-2.289186155152308,-2.844049140729575,13.256234274134279,13.8,True,,,0.3,0.1,0.084
2020-08-03 08:00:00+00:00,-0.0,-3.180720526146158,-3.180720526146158,13.8,13.8,True,,,0.3,0.1,0.084
2020-08-03 09:00:00+00:00,-0.0,-4.953635438906279,-4.953635438906279,13.8,13.8,True,,,0.3,0.1,0.084
2020-08-03 10:00:00+00:00,-0.0,-4.0248826079278155,-4.0248826079278155,13.8,13.8,True,,,0.3,0.1,0.084
2020-08-03 11:00:00+00:00,-0.0,-5.1864207054288,-5.1864207054288,13.8,13.8,True,,,0.3,0.1,0.084
2020-08-03 12:00:00+00:00,-0.0,-3.955312085406716,-3.955312085406716,13.8,13.8,True,,,0.3,0.1,0.084
2020-08-03 13:00:00+00:00,-0.0,-3.3854199088491237,-3.3854199088491237,13.8,13.8,True,,,0.3,0.1,0.084
2020-08-03 14:00:00+00:00,-0.0,-2.39431612529508,-2.39431612529508,13.8,13.8,True,,,0.3,0.1,0.084
2020-08-03 15:00:00+00:00,-0.0,-1.8126801675853146,-1.8126801675853146,13.8,13.8,True,,,0.4,0.18,0.084
2020-08-03 16:00:00+00:00,-0.0,-0.5296569296135302,-0.5296569296135302,13.8,13.8,True,,,0.4,0.18,0.084
2020-08-03 17:00:00+00:00,-0.0,-0.5002214252054465,-0.5002214252054465,13.8,13.8,True,,,0.4,0.18,0.084
2020-08-03 18:00:00+00:00,0.12445900660346772,0.0,0.12445900660346772,13.8,13.673001013669932,True,,,0.4,0.18,0.084
2020-08-03 19:00:00+00:00,0.15733809835700704,0.0,0.15733809835700704,13.673001013669932,13.512451933713802,True,,,0.2,0.07,0.084
2020-08-03 20:00:00+00:00,0.10724122235774994,0.0,0.10724122235774994,13.512451933713802,13.403022114981404,True,,,0.2,0.07,0.084
2020-08-03 21:00:00+00:00,0.15588586127758056,0.0,0.15588586127758056,13.403022114981404,13.243954909596118,True,,,0.2,0.07,0.084
2020-08-03 22:00:00+00:00,0.0630614999506208,0.0,0.0630614999506208,13.243954909596118,13.17960644025875,True,,,0.2,0.07,0.084
2020-08-03 23:00:00+00:00,0.1546814167261125,0.0,0.1546814167261125,13.17960644025875,13.021768259925983,True,,,0.2,0.07,0.084
2020-08-04 00:00:00+00:00,0.09923849976857499,0.0,0.09923849976857499,13.021768259925983,12.920504484651927,True,,,0.2,0.07,0.084
2020-08-04 01:00:00+00:00,0.1359820834848615,0.0,0.1359820834848615,12.920504484651927,12.781747256606149,True,,,0.2,0.07,0.084
2020-08-04 02:00:00+00:00,0.18472544478840286,0.0,0.18472544478840286,12.781747256606149,12.593251904781248,True,,,0.2,0.07,0.084
2020-08-04 03:00:00+00:00,0.20733528795909129,0.0,0.20733528795909129,12.593251904781248,12.381685284414829,True,,,0.2,0.07,0.084
2020-08-04 04:00:00+00:00,0.03882721575676709,0.0,0.03882721575676709,12.381685284414829,12.342065676499761,True,,,0.3,0.1,0.084
2020-08-04 05:00:00+00:00,-0.37618989646992007,0.0,-0.37618989646992007,12.342065676499761,12.710731775040284,True,,,0.3,0.1,0.084
2020-08-04 06:00:00+00:00,-1.1114981887344053,-0.5232982098691912,-1.6347963986035965,12.710731775040284,13.8,True,,,0.3,0.1,0.084
2020-08-04 07:00:00+00:00,-0.0,-3.058067868047199,-3.058067868047199,13.8,13.8,True,,,0.3,0.1,0.084
2020-08-04 08:00:00+00:00,-0.0,-3.163716441680554,-3.163716441680554,13.8,13.8,True,,,0.3,0.1,0.084
2020-08-04 09:00:00+00:00,-0.0,-3.194581094301158,-3.194581094301158,13.8,13.8,True,,,0.3,0.1,0.084
2020-08-04 10:00:00+00:00,-0.0,-3.6251419856361045,-3.6251419856361045,13.8,13.8,True,,,0.3,0.1,0.084
2020-08-04 11:00:00+00:00,-0.0,-3.315937976073031,-3.315937976073031,13.8,13.8,True,,,0.3,0.1,0.084
2020-08-04 12:00:00+00:00,-0.0,-3.692792076945396,-3.692792076945396,13.8,13.8,True,,,0.3,0.1,0.084
2020-08-04 13:00:00+00:00,-0.0,-4.198510751041142,-4.198510751041142,13.8,13.8,True,,,0.3,0.1,0.084
2020-08-04 14:00:00+00:00,-0.0,-2.586408492572828,-2.586408492572828,13.8,13.8,True,,,0.3,0.1,0.084
2020-08-04 15:00:00+00:00,-0.0,-1.5609721710283644,-1.5609721710283644,13.8,13.8,True,,,0.4,0.18,0.084
2020-08-04 16:00:00+00:00,-0.0,-0.30818802019499214,-0.30818802019499214,13.8,13.8,True,,,0.4,0.18,0.084
2020-08-04 17:00:00+00:00,-0.0,-0.15783516124400152,-0.15783516124400152,13.8,13.8,True,,,0.4,0.18,0.084
2020-08-04 18:00:00+00:00,0.06602704739241788,0.0,0.06602704739241788,13.8,13.732625461844473,True,,,0.4,0.18,0.084
2020-08-04 19:00:00+00:00,0.17659582057318912,0.0,0.17659582057318912,13.732625461844473,13.552425644933056,True,,,0.2,0.07,0.084
2020-08-04 20:00:00+00:00,0.13831633301046148,0.0,0.13831633301046148,13.552425644933056,13.411286529616259,True,,,0.2,0.07,0.084
2020-08-04 21:00:00+00:00,0.10577288891739316,0.0,0.10577288891739316,13.411286529616259,13.303355010312796,True,,,0.2,0.07,0.084
2020-08-04 22:00:00+00:00,0.12846349958048908,0.0,0.12846349958048908,13.303355010312796,13.172269806659235,True,,,0.2,0.07,0.084
2020-08-04 23:00:00+00:00,0.10113011108769311,0.0,0.10113011108769311,13.172269806659235,13.069075815753425,True,,,0.2,0.07,0.084
2020-08-05 00:00:00+00:00,0.10101758342848886,0.0,0.10101758342848886,13.069075815753425,12.96599664898966,True,,,0.2,0.07,0.084
2020-08-05 01:00:00+00:00,0.17140105559825913,0.0,0.17140105559825913,12.96599664898966,12.791097612664906,True,,,0.2,0.07,0.084
2020-08-05 02:00:00+00:00,0.08020547237396235,0.0,0.08020547237396235,12.791097612664906,12.709255293915964,True,,,0.2,0.07,0.084
2020-08-05 03:00:00+00:00,0.2960138369760292,0.0,0.2960138369760292,12.709255293915964,12.407200358226138,True,,,0.2,0.07,0.084
2020-08-05 04:00:00+00:00,-0.1125225132198626,0.0,-0.1125225132198626,12.407200358226138,12.517472421181603,True,,,0.3,0.1,0.084
2020-08-05 05:00:00+00:00,-0.4396857690831254,0.0,-0.4396857690831254,12.517472421181603,12.948364474883066,True,,,0.3,0.1,0.084
2020-08-05 06:00:00+00:00,-0.8690158419560559,-0.34351628921754584,-1.2125321311736017,12.948364474883066,13.8,True,,,0.3,0.1,0.084
2020-08-05 07:00:00+00:00,-0.0,-2.4052052433544646,-2.4052052433544646,13.8,13.8,True,,,0.3,0.1,0.084
2020-08-05 08:00:00+00:00,-0.0,-3.40848442949929,-3.40848442949929,13.8,13.8,True,,,0.3,0.1,0.084
2020-08-05 09:00:00+00:00,-0.0,-4.419352685683989,-4.419352685683989,13.8,13.8,True,,,0.3,0.1,0.084
2020-08-05 10:00:00+00:00,-0.0,-5.010826092959454,-5.010826092959454,13.8,13.8,True,,,0.3,0.1,0.084
2020-08-05 11:00:00+00:00,-0.0,-5.2252896226794325,-5.2252896226794325,13.8,13.8,True,,,0.3,0.1,0.084
2020-08-05 12:00:00+00:00,-0.0,-4.8702615023275895,-4.8702615023275895,13.8,13.8,True,,,0.3,0.1,0.084
2020-08-05 13:00:00+00:00,-0.0,-4.435320898441153,-4.435320898441153,13.8,13.8,True,,,0.3,0.1,0.084
2020-08-05 14:00:00+00:00,-0.0,-3.7323743545983485,-3.7323743545983485,13.8,13.8,True,,,0.3,0.1,0.084
2020-08-05 15:00:00+00:00,-0.0,-2.5241611220876834,-2.5241611220876834,13.8,13.8,True,,,0.4,0.18,0.084
2020-08-05 16:00:00+00:00,-0.0,-1.296133524310452,-1.296133524310452,13.8,13.8,True,,,0.4,0.18,0.084
2020-08-05 17:00:00+00:00,-0.0,-0.14645149081219228,-0.14645149081219228,13.8,13.8,True,,,0.4,0.18,0.084
2020-08-05 18:00:00+00:00,0.0911234311529502,0.0,0.0911234311529502,13.8,13.707016906986786,True,,,0.4,0.18,0.084
2020-08-05 19:00:00+00:00,0.12208457689294398,0.0,0.12208457689294398,13.707016906986786,13.582440808116434,True,,,0.2,0.07,0.084
2020-08-05 20:00:00+00:00,0.13629922197924715,0.0,0.13629922197924715,13.582440808116434,13.4433599693621,True,,,0.2,0.07,0.084
2020-08-05 21:00:00+00:00,0.080861138817999,0.0,0.080861138817999,13.4433599693621,13.360848603221285,True,,,0.2,0.07,0.084
2020-08-05 22:00:00+00:00,0.12739858361615086,0.0,0.12739858361615086,13.360848603221285,13.230850048510927,True,,,0.2,0.07,0.084
2020-08-05 23:00:00+00:00,0.12155741677019329,0.0,0.12155741677019329,13.230850048510927,13.106811868133178,True,,,0.2,0.07,0.084
2020-08-06 00:00:00+00:00,0.10805269442399351,0.0,0.10805269442399351,13.106811868133178,12.996554016680124,True,,,0.2,0.07,0.084
2020-08-06 01:00:00+00:00,0.160548694178793,0.0,0.160548694178793,12.996554016680124,12.832728818538499,True,,,0.2,0.07,0.084
2020-08-06 02:00:00+00:00,0.1426446667538749,0.0,0.1426446667538749,12.832728818538499,12.687173036136585,True,,,0.2,0.07,0.084
2020-08-06 03:00:00+00:00,0.24829820902365807,0.0,0.24829820902365807,12.687173036136585,12.43380751672469,True,,,0.2,0.07,0.084
2020-08-06 04:00:00+00:00,0.08920566315769708,0.0,0.08920566315769708,12.43380751672469,12.34278132982908,True,,,0.3,0.1,0.084
2020-08-06 05:00:00+00:00,-0.3630214980621448,0.0,-0.3630214980621448,12.34278132982908,12.698542397929982,True,,,0.3,0.1,0.084
2020-08-06 06:00:00+00:00,-1.123936328642876,-0.30506238730362467,-1.4289987159465007,12.698542397929982,13.8,True,,,0.3,0.1,0.084
2020-08-06 07:00:00+00:00,-0.0,-2.7874893936360934,-2.7874893936360934,13.8,13.8,True,,,0.3,0.1,0.084
2020-08-06 08:00:00+00:00,0.6107520286919975,0.0,0.6107520286919975,13.8,13.17678364419184,True,,,0.3,0.1,0.084
2020-08-06 09:00:00+00:00,-0.635935056947103,-0.5785319609931678,-1.2144670179402708,13.17678364419184,13.8,True,,,0.3,0.1,0.084
2020-08-06 10:00:00+00:00,-0.0,-4.943778079635431,-4.943778079635431,13.8,13.8,True,,,0.3,0.1,0.084
2020-08-06 11:00:00+00:00,-0.0,-5.006908065964162,-5.006908065964162,13.8,13.8,True,,,0.3,0.1,0.084
2020-08-06 12:00:00+00:00,-0.0,-4.896172892545466,-4.896172892545466,13.8,13.8,True,,,0.3,0.1,0.084
2020-08-06 13:00:00+00:00,-0.0,-4.3207994757799355,-4.3207994757799355,13.8,13.8,True,,,0.3,0.1,0.084
2020-08-06 14:00:00+00:00,-0.0,-3.187447538175893,-3.187447538175893,13.8,13.8,True,,,0.3,0.1,0.084
2020-08-06 15:00:00+00:00,-0.0,-2.251908032371807,-2.251908032371807,13.8,13.8,True,,,0.4,0.18,0.084
2020-08-06 16:00:00+00:00,-0.0,-1.1924743553457589,-1.1924743553457589,13.8,13.8,True,,,0.4,0.18,0.084
2020-08-06 17:00:00+00:00,-0.0,-0.23393569433954006,-0.23393569433954006,13.8,13.8,True,,,0.4,0.18,0.084
2020-08-06 18:00:00+00:00,0.14781536652201419,0.0,0.14781536652201419,13.8,13.649167993344884,True,,,0.4,0.18,0.084
2020-08-06 19:00:00+00:00,0.09167848166990088,0.0,0.09167848166990088,13.649167993344884,13.555618522253148,True,,,0.2,0.07,0.084
2020-08-06 20:00:00+00:00,0.11340116667217698,0.0,0.11340116667217698,13.555618522253148,13.439903046057049,True,,,0.2,0.07,0.084
2020-08-06 21:00:00+00:00,0.1188226665947171,0.0,0.1188226665947171,13.439903046057049,13.318655427082847,True,,,0.2,0.07,0.084
2020-08-06 22:00:00+00:00,0.07097680554389971,0.0,0.07097680554389971,13.318655427082847,13.246230115303357,True,,,0.2,0.07,0.084
2020-08-06 23:00:00+00:00,0.1609256382730271,0.0,0.1609256382730271,13.246230115303357,13.08202028033088,True,,,0.2,0.07,0.084
2020-08-07 00:00:00+00:00,0.05900505552291872,0.0,0.05900505552291872,13.08202028033088,13.02181104000137,True,,,0.2,0.07,0.084
2020-08-07 01:00:00+00:00,0.16499125007788323,0.0,0.16499125007788323,13.02181104000137,12.85345262155455,True,,,0.2,0.07,0.084
2020-08-07 02:00:00+00:00,0.10826608343124391,0.0,0.10826608343124391,12.85345262155455,12.742977026216547,True,,,0.2,0.07,0.084
2020-08-07 03:00:00+00:00,0.24186218803997728,0.0,0.24186218803997728,12.742977026216547,12.496178875155346,True,,,0.2,0.07,0.084
2020-08-07 04:00:00+00:00,0.040487493157478086,0.0,0.040487493157478086,12.496178875155346,12.454865106627308,True,,,0.3,0.1,0.084
2020-08-07 05:00:00+00:00,-0.36098741655879546,0.0,-0.36098741655879546,12.454865106627308,12.808632774854928,True,,,0.3,0.1,0.084
2020-08-07 06:00:00+00:00,-1.0115992093317068,-0.3593344407477428,-1.3709336500794496,12.808632774854928,13.8,True,,,0.3,0.1,0.084
2020-08-07 07:00:00+00:00,-0.0,-2.760249202151043,-2.760249202151043,13.8,13.8,True,,,0.3,0.1,0.084
2020-08-07 08:00:00+00:00,-0.0,-3.708907900358982,-3.708907900358982,13.8,13.8,True,,,0.3,0.1,0.084
2020-08-07 09:00:00+00:00,-0.0,-3.9622030078871506,-3.9622030078871506,13.8,13.8,True,,,0.3,0.1,0.084
2020-08-07 10:00:00+00:00,-0.0,-4.727579100893558,-4.727579100893558,13.8,13.8,True,,,0.3,0.1,0.084
2020-08-07 11:00:00+00:00,-0.0,-4.87916651893128,-4.87916651893128,13.8,13.8,True,,,0.3,0.1,0.084
2020-08-07 12:00:00+00:00,-0.0,-4.781503340262746,-4.781503340262746,13.8,13.8,True,,,0.3,0.1,0.084
2020-08-07 13:00:00+00:00,-0.0,-4.190028949360555,-4.190028949360555,13.8,13.8,True,,,0.3,0.1,0.084
2020-08-07 14:00:00+00:00,-0.0,-3.5262908342418084,-3.5262908342418084,13.8,13.8,True,,,0.3,0.1,0.084
2020-08-07 15:00:00+00:00,-0.0,-2.4188224770166866,-2.4188224770166866,13.8,13.8,True,,,0.4,0.18,0.084
2020-08-07 16:00:00+00:00,-0.0,-1.185172730692867,-1.185172730692867,13.8,13.8,True,,,0.4,0.18,0.084
2020-08-07 17:00:00+00:00,-0.0,-0.20896378088107045,-0.20896378088107045,13.8,13.8,True,,,0.4,0.18,0.084
2020-08-07 18:00:00+00:00,0.15690801068548968,0.0,0.15690801068548968,13.8,13.639889785014807,True,,,0.4,0.18,0.084
2020-08-07 19:00:00+00:00,0.21371361248794637,0.0,0.21371361248794637,13.639889785014807,13.42181467023119,True,,,0.2,0.07,0.084
2020-08-07 20:00:00+00:00,0.18574594468805528,0.0,0.18574594468805528,13.42181467023119,13.232277991978071,True,,,0.2,0.07,0.084
2020-08-07 21:00:00+00:00,0.15803033324612512,0.0,0.15803033324612512,13.232277991978071,13.071022549890188,True,,,0.2,0.07,0.084
2020-08-07 22:00:00+00:00,0.15215133308569592,0.0,0.15215133308569592,13.071022549890188,12.915766087557845,True,,,0.2,0.07,0.084
2020-08-07 23:00:00+00:00,0.18230905523565052,0.0,0.18230905523565052,12.915766087557845,12.729736439358202,True,,,0.2,0.07,0.084
2020-08-08 00:00:00+00:00,0.08307602780395093,0.0,0.08307602780395093,12.729736439358202,12.644964982415395,True,,,0.2,0.07,0.084
2020-08-08 01:00:00+00:00,0.1879904169665445,0.0,0.1879904169665445,12.644964982415395,12.453138026327084,True,,,0.2,0.07,0.084
2020-08-08 02:00:00+00:00,0.15973241672515884,0.0,0.15973241672515884,12.453138026327084,12.290145764362636,True,,,0.2,0.07,0.084
2020-08-08 03:00:00+00:00,0.07059971752248963,0.0,0.07059971752248963,12.290145764362636,12.218105236278463,True,,,0.2,0.07,0.084
2020-08-08 04:00:00+00:00,0.2602322078703006,0.0,0.2602322078703006,12.218105236278463,11.952562167023054,True,,,0.3,0.1,0.084
2020-08-08 05:00:00+00:00,-0.18135171321434124,0.0,-0.18135171321434124,11.952562167023054,12.130286845973108,True,,,0.3,0.1,0.084
2020-08-08 06:00:00+00:00,-1.357129250213835,0.0,-1.357129250213835,12.130286845973108,13.460273511182667,True,,,0.3,0.1,0.084
2020-08-08 07:00:00+00:00,-0.3466596824666673,-2.243443861488671,-2.5901035439553386,13.460273511182667,13.8,True,,,0.3,0.1,0.084
2020-08-08 08:00:00+00:00,-0.0,-3.6619900199993363,-3.6619900199993363,13.8,13.8,True,,,0.3,0.1,0.084
2020-08-08 09:00:00+00:00,-0.0,-4.2754321283273775,-4.2754321283273775,13.8,13.8,True,,,0.3,0.1,0.084
2020-08-08 10:00:00+00:00,-0.0,-4.687430265368904,-4.687430265368904,13.8,13.8,True,,,0.3,0.1,0.084
2020-08-08 11:00:00+00:00,-0.0,-4.517698354620495,-4.517698354620495,13.8,13.8,True,,,0.3,0.1,0.084
2020-08-08 12:00:00+00:00,-0.0,-4.643890337824,-4.643890337824,13.8,13.8,True,,,0.3,0.1,0.084
2020-08-08 13:00:00+00:00,-0.0,-4.152293244166301,-4.152293244166301,13.8,13.8,True,,,0.3,0.1,0.084
2020-08-08 14:00:00+00:00,-0.0,-3.3628273326128375,-3.3628273326128375,13.8,13.8,True,,,0.3,0.1,0.084
2020-08-08 15:00:00+00:00,-0.0,-2.2870120126506834,-2.2870120126506834,13.8,13.8,True,,,0.4,0.18,0.084
2020-08-08 16:00:00+00:00,-0.0,-1.170603724122778,-1.170603724122778,13.8,13.8,True,,,0.4,0.18,0.084
2020-08-08 17:00:00+00:00,-0.0,-0.19260720854883454,-0.19260720854883454,13.8,13.8,True,,,0.4,0.18,0.084
2020-08-08 18:00:00+00:00,0.18464221161297897,0.0,0.18464221161297897,13.8,13.611589579986758,True,,,0.4,0.18,0.084
2020-08-08 19:00:00+00:00,0.1412205314068046,0.0,0.1412205314068046,13.611589579986758,13.46748699691859,True,,,0.2,0.07,0.084
2020-08-08 20:00:00+00:00,0.18903688897556717,0.0,0.18903688897556717,13.46748699691859,13.274592212249644,True,,,0.2,0.07,0.084
2020-08-08 21:00:00+00:00,0.13075452791584874,0.0,0.13075452791584874,13.274592212249644,13.14116922458041,True,,,0.2,0.07,0.084
2020-08-08 22:00:00+00:00,0.06605894438690608,0.0,0.06605894438690608,13.14116922458041,13.073762138471324,True,,,0.2,0.07,0.084
2020-08-08 23:00:00+00:00,0.17759136148558732,0.0,0.17759136148558732,13.073762138471324,12.892546463486031,True,,,0.2,0.07,0.084
2020-08-09 00:00:00+00:00,0.08022947226100487,0.0,0.08022947226100487,12.892546463486031,12.810679655056434,True,,,0.2,0.07,0.084
2020-08-09 01:00:00+00:00,0.1461804447015127,0.0,0.1461804447015127,12.810679655056434,12.661515935973258,True,,,0.2,0.07,0.084
2020-08-09 02:00:00+00:00,0.15297233359548765,0.0,0.15297233359548765,12.661515935973258,12.505421718018678,True,,,0.2,0.07,0.084
2020-08-09 03:00:00+00:00,0.06078641666041474,0.0,0.06078641666041474,12.505421718018678,12.443394762242745,True,,,0.2,0.07,0.084
2020-08-09 04:00:00+00:00,0.25126751007869397,0.0,0.25126751007869397,12.443394762242745,12.186999343795097,True,,,0.3,0.1,0.084
2020-08-09 05:00:00+00:00,-0.21562064711051812,0.0,-0.21562064711051812,12.186999343795097,12.398307577963406,True,,,0.3,0.1,0.084
2020-08-09 06:00:00+00:00,-0.7746740806720264,0.0,-0.7746740806720264,12.398307577963406,13.157488177021992,True,,,0.3,0.1,0.084
2020-08-09 07:00:00+00:00,-0.6556243091612329,-0.8192594019124487,-1.4748837110736817,13.157488177021992,13.8,True,,,0.3,0.1,0.084
2020-08-09 08:00:00+00:00,-0.0,-3.341470687319857,-3.341470687319857,13.8,13.8,True,,,0.3,0.1,0.084
2020-08-09 09:00:00+00:00,-0.0,-3.496602664758693,-3.496602664758693,13.8,13.8,True,,,0.3,0.1,0.084
2020-08-09 10:00:00+00:00,-0.0,-4.2848343325028475,-4.2848343325028475,13.8,13.8,True,,,0.3,0.1,0.084
2020-08-09 11:00:00+00:00,-0.0,-4.0461952446283505,-4.0461952446283505,13.8,13.8,True,,,0.3,0.1,0.084
2020-08-09 12:00:00+00:00,-0.0,-3.9811535616105544,-3.9811535616105544,13.8,13.8,True,,,0.3,0.1,0.084
2020-08-09 13:00:00+00:00,-0.0,-2.7194815701751414,-2.7194815701751414,13.8,13.8,True,,,0.3,0.1,0.084
2020-08-09 14:00:00+00:00,-0.0,-0.6312666322894481,-0.6312666322894481,13.8,13.8,True,,,0.3,0.1,0.084
2020-08-09 15:00:00+00:00,0.3226683750880625,0.0,0.3226683750880625,13.8,13.47074655603259,True,,,0.4,0.18,0.084
2020-08-09 16:00:00+00:00,0.30869405259410115,0.0,0.30869405259410115,13.47074655603259,13.15575262481412,True,,,0.4,0.18,0.084
2020-08-09 17:00:00+00:00,0.2540665271759032,0.0,0.2540665271759032,13.15575262481412,12.896501066471362,True,,,0.4,0.18,0.084
2020-08-09 18:00:00+00:00,0.1637007241892177,0.0,0.1637007241892177,12.896501066471362,12.729459511176243,True,,,0.4,0.18,0.084
2020-08-09 19:00:00+00:00,0.22789808366298675,0.0,0.22789808366298675,12.729459511176243,12.496910446214011,True,,,0.2,0.07,0.084
2020-08-09 20:00:00+00:00,0.15391897189882042,0.0,0.15391897189882042,12.496910446214011,12.339850270807052,True,,,0.2,0.07,0.084
2020-08-09 21:00:00+00:00,0.10148838882446294,0.0,0.10148838882446294,12.339850270807052,12.236290690373925,True,,,0.2,0.07,0.084
2020-08-09 22:00:00+00:00,0.14754738874965243,0.0,0.14754738874965243,12.236290690373925,12.085732130425301,True,,,0.2,0.07,0.084
2020-08-09 23:00:00+00:00,0.11279886113007849,0.0,0.11279886113007849,12.085732130425301,11.970631251721139,True,,,0.2,0.07,0.084
2020-08-10 00:00:00+00:00,0.10953561094601953,0.0,0.10953561094601953,11.970631251721139,11.858860220143567,True,,,0.2,0.07,0.084
2020-08-10 01:00:00+00:00,0.16445861083931362,0.0,0.16445861083931362,11.858860220143567,11.69104531112386,True,,,0.2,0.07,0.084
2020-08-10 02:00:00+00:00,0.12390586111015728,0.0,0.12390586111015728,11.69104531112386,11.564610758970638,True,,,0.2,0.07,0.084
2020-08-10 03:00:00+00:00,0.14371016680399576,0.0,0.14371016680399576,11.564610758970638,11.41796773161962,True,,,0.2,0.07,0.084
2020-08-10 04:00:00+00:00,0.10384351352832337,0.0,0.10384351352832337,11.41796773161962,11.312004962713168,True,,,0.3,0.1,0.084
2020-08-10 05:00:00+00:00,-0.03412318022762676,0.0,-0.03412318022762676,11.312004962713168,11.345445679336242,True,,,0.3,0.1,0.084
2020-08-10 06:00:00+00:00,-0.9198640325882425,0.0,-0.9198640325882425,11.345445679336242,12.246912431272719,True,,,0.3,0.1,0.084
2020-08-10 07:00:00+00:00,-1.5847832333951855,-0.1950165559769812,-1.7797997893721667,12.246912431272719,13.8,True,,,0.3,0.1,0.084
2020-08-10 08:00:00+00:00,-0.0,-3.793565152387966,-3.793565152387966,13.8,13.8,True,,,0.3,0.1,0.084
2020-08-10 09:00:00+00:00,-0.0,-3.919197964196461,-3.919197964196461,13.8,13.8,True,,,0.3,0.1,0.084
2020-08-10 10:00:00+00:00,-0.0,-4.920801796801245,-4.920801796801245,13.8,13.8,True,,,0.3,0.1,0.084
2020-08-10 11:00:00+00:00,-0.0,-5.052965156212072,-5.052965156212072,13.8,13.8,True,,,0.3,0.1,0.084
2020-08-10 12:00:00+00:00,-0.0,-4.363789958813638,-4.363789958813638,13.8,13.8,True,,,0.3,0.1,0.084
2020-08-10 13:00:00+00:00,-0.0,-4.3053778359742,-4.3053778359742,13.8,13.8,True,,,0.3,0.1,0.084
2020-08-10 14:00:00+00:00,-0.0,-2.843893702960654,-2.843893702960654,13.8,13.8,True,,,0.3,0.1,0.084
2020-08-10 15:00:00+00:00,-0.0,-2.0584374066316307,-2.0584374066316307,13.8,13.8,True,,,0.4,0.18,0.084
2020-08-10 16:00:00+00:00,-0.0,-1.1314043651092098,-1.1314043651092098,13.8,13.8,True,,,0.4,0.18,0.084
2020-08-10 17:00:00+00:00,-0.0,-0.07011427180282923,-0.07011427180282923,13.8,13.8,True,,,0.4,0.18,0.084
2020-08-10 18:00:00+00:00,0.09110729387957478,0.0,0.09110729387957478,13.8,13.707033373592271,True,,,0.4,0.18,0.084
2020-08-10 19:00:00+00:00,0.18240876898966527,0.0,0.18240876898966527,13.707033373592271,13.52090197666404,True,,,0.2,0.07,0.084
2020-08-10 20:00:00+00:00,0.16767522235446525,0.0,0.16767522235446525,13.52090197666404,13.349804810996218,True,,,0.2,0.07,0.084
2020-08-10 21:00:00+00:00,0.06390130561192824,0.0,0.06390130561192824,13.349804810996218,13.284599397106495,True,,,0.2,0.07,0.084
2020-08-10 22:00:00+00:00,0.15490063898563408,0.0,0.15490063898563408,13.284599397106495,13.126537520590542,True,,,0.2,0.07,0.084
2020-08-10 23:00:00+00:00,0.1096358056863147,0.0,0.1096358056863147,13.126537520590542,13.014664249482058,True,,,0.2,0.07,0.084
2020-08-11 00:00:00+00:00,0.08030833337571888,0.0,0.08030833337571888,13.014664249482058,12.932716970527244,True,,,0.2,0.07,0.084
2020-08-11 01:00:00+00:00,0.19561283330917362,0.0,0.19561283330917362,12.932716970527244,12.733112038579106,True,,,0.2,0.07,0.084
2020-08-11 02:00:00+00:00,0.11124155565632736,0.0,0.11124155565632736,12.733112038579106,12.619600247093057,True,,,0.2,0.07,0.084
2020-08-11 03:00:00+00:00,0.16469861127270616,0.0,0.16469861127270616,12.619600247093057,12.451540439671929,True,,,0.2,0.07,0.084
2020-08-11 04:00:00+00:00,0.02575373274092469,0.0,0.02575373274092469,12.451540439671929,12.425261120548535,True,,,0.3,0.1,0.084
2020-08-11 05:00:00+00:00,-0.36383900007406883,0.0,-0.36383900007406883,12.425261120548535,12.781823340621123,True,,,0.3,0.1,0.084
2020-08-11 06:00:00+00:00,-1.0389557748764053,-0.15144274343854103,-1.1903985183149464,12.781823340621123,13.8,True,,,0.3,0.1,0.084
2020-08-11 07:00:00+00:00,-0.0,-2.2495925517623907,-2.2495925517623907,13.8,13.8,True,,,0.3,0.1,0.084
2020-08-11 08:00:00+00:00,-0.0,-3.6430828172515635,-3.6430828172515635,13.8,13.8,True,,,0.3,0.1,0.084
2020-08-11 09:00:00+00:00,-0.0,-3.94326274247407,-3.94326274247407,13.8,13.8,True,,,0.3,0.1,0.084
2020-08-11 10:00:00+00:00,-0.0,-3.4894197728271226,-3.4894197728271226,13.8,13.8,True,,,0.3,0.1,0.084
2020-08-11 11:00:00+00:00,-0.0,-5.143119680068045,-5.143119680068045,13.8,13.8,True,,,0.3,0.1,0.084
2020-08-11 12:00:00+00:00,-0.0,-3.507319478932925,-3.507319478932925,13.8,13.8,True,,,0.3,0.1,0.084
2020-08-11 13:00:00+00:00,-0.0,-0.5691667756099812,-0.5691667756099812,13.8,13.8,True,,,0.3,0.1,0.084
2020-08-11 14:00:00+00:00,-0.0,-2.0910630823741014,-2.0910630823741014,13.8,13.8,True,,,0.3,0.1,0.084
2020-08-11 15:00:00+00:00,-0.0,-2.308435738066421,-2.308435738066421,13.8,13.8,True,,,0.4,0.18,0.084
2020-08-11 16:00:00+00:00,-0.0,-0.8137117852853183,-0.8137117852853183,13.8,13.8,True,,,0.4,0.18,0.084
2020-08-11 17:00:00+00:00,-0.0,-0.06627867644764908,-0.06627867644764908,13.8,13.8,True,,,0.4,0.18,0.084
2020-08-11 18:00:00+00:00,0.1229300297664959,0.0,0.1229300297664959,13.8,13.674561194115821,True,,,0.4,0.18,0.084
2020-08-11 19:00:00+00:00,0.1593048057662116,0.0,0.1593048057662116,13.674561194115821,13.512005269864584,True,,,0.2,0.07,0.084
2020-08-11 20:00:00+00:00,0.20239386098119946,0.0,0.20239386098119946,13.512005269864584,13.305480921924584,True,,,0.2,0.07,0.084
2020-08-11 21:00:00+00:00,0.08734780552122334,0.0,0.08734780552122334,13.305480921924584,13.216350508127418,True,,,0.2,0.07,0.084
2020-08-11 22:00:00+00:00,0.1129494168864357,0.0,0.1129494168864357,13.216350508127418,13.101096001100442,True,,,0.2,0.07,0.084
2020-08-11 23:00:00+00:00,0.156186638847987,0.0,0.156186638847987,13.101096001100442,12.941721879826986,True,,,0.2,0.07,0.084
2020-08-12 00:00:00+00:00,0.059574138879776,0.0,0.059574138879776,12.941721879826986,12.880931942194561,True,,,0.2,0.07,0.084
2020-08-12 01:00:00+00:00,0.1832721941841974,0.0,0.1832721941841974,12.880931942194561,12.693919499149462,True,,,0.2,0.07,0.084
2020-08-12 02:00:00+00:00,0.32649036048253355,0.0,0.32649036048253355,12.693919499149462,12.360766070085653,True,,,0.2,0.07,0.084
2020-08-12 03:00:00+00:00,0.12807550856336308,0.0,0.12807550856336308,12.360766070085653,12.230076775633242,True,,,0.2,0.07,0.084
2020-08-12 04:00:00+00:00,-0.01748915173687687,0.0,-0.01748915173687687,12.230076775633242,12.24721614433538,True,,,0.3,0.1,0.084
2020-08-12 05:00:00+00:00,-0.5739475124300668,0.0,-0.5739475124300668,12.24721614433538,12.809684706516846,True,,,0.3,0.1,0.084
2020-08-12 06:00:00+00:00,-1.0105258096766887,-0.11929170838966674,-1.1298175180663554,12.809684706516846,13.8,True,,,0.3,0.1,0.084
2020-08-12 07:00:00+00:00,-0.0,-2.489165015101981,-2.489165015101981,13.8,13.8,True,,,0.3,0.1,0.084
2020-08-12 08:00:00+00:00,-0.0,-3.613051202093504,-3.613051202093504,13.8,13.8,True,,,0.3,0.1,0.084
2020-08-12 09:00:00+00:00,-0.0,-4.327087466245684,-4.327087466245684,13.8,13.8,True,,,0.3,0.1,0.084
2020-08-12 10:00:00+00:00,-0.0,-4.905762512391919,-4.905762512391919,13.8,13.8,True,,,0.3,0.1,0.084
2020-08-12 11:00:00+00:00,-0.0,-4.469465068072195,-4.469465068072195,13.8,13.8,True,,,0.3,0.1,0.084
2020-08-12 12:00:00+00:00,-0.0,-3.151917390394942,-3.151917390394942,13.8,13.8,True,,,0.3,0.1,0.084
2020-08-12 13:00:00+00:00,-0.0,-2.7798969586722238,-2.7798969586722238,13.8,13.8,True,,,0.3,0.1,0.084
2020-08-12 14:00:00+00:00,-0.0,-1.042191291645021,-1.042191291645021,13.8,13.8,True,,,0.3,0.1,0.084
2020-08-12 15:00:00+00:00,-0.0,-0.8697954721079932,-0.8697954721079932,13.8,13.8,True,,,0.4,0.18,0.084
2020-08-12 16:00:00+00:00,-0.0,-1.0508266086249514,-1.0508266086249514,13.8,13.8,True,,,0.4,0.18,0.084
2020-08-12 17:00:00+00:00,-0.0,-0.014110033667955308,-0.014110033667955308,13.8,13.8,True,,,0.4,0.18,0.084
2020-08-12 18:00:00+00:00,0.12758774118624447,0.0,0.12758774118624447,13.8,13.669808427360977,True,,,0.4,0.18,0.084
2020-08-12 19:00:00+00:00,0.19799358310964357,0.0,0.19799358310964357,13.669808427360977,13.467774158881749,True,,,0.2,0.07,0.084
2020-08-12 20:00:00+00:00,0.16162747187879353,0.0,0.16162747187879353,13.467774158881749,13.302848167168694,True,,,0.2,0.07,0.084
2020-08-12 21:00:00+00:00,0.08705516657829278,0.0,0.08705516657829278,13.302848167168694,13.214016364537782,True,,,0.2,0.07,0.084
2020-08-12 22:00:00+00:00,0.18040527780585822,0.0,0.18040527780585822,13.214016364537782,13.029929346368538,True,,,0.2,0.07,0.084
2020-08-12 23:00:00+00:00,0.10487694420549613,0.0,0.10487694420549613,13.029929346368538,12.92291205636293,True,,,0.2,0.07,0.084
2020-08-13 00:00:00+00:00,0.07915672202110277,0.0,0.07915672202110277,12.92291205636293,12.842139891035275,True,,,0.2,0.07,0.084
2020-08-13 01:00:00+00:00,0.2197299723042379,0.0,0.2197299723042379,12.842139891035275,12.61792563358197,True,,,0.2,0.07,0.084
2020-08-13 02:00:00+00:00,0.09895433315700951,0.0,0.09895433315700951,12.61792563358197,12.516951824238083,True,,,0.2,0.07,0.084
2020-08-13 03:00:00+00:00,0.17271327759689756,0.0,0.17271327759689756,12.516951824238083,12.340713785873902,True,,,0.2,0.07,0.084
2020-08-13 04:00:00+00:00,0.0638127711482431,0.0,0.0638127711482431,12.340713785873902,12.275598713273654,True,,,0.3,0.1,0.084
2020-08-13 05:00:00+00:00,-0.3025932950006135,0.0,-0.3025932950006135,12.275598713273654,12.572140142374256,True,,,0.3,0.1,0.084
2020-08-13 06:00:00+00:00,-1.252918222067087,-0.08388648750042504,-1.336804709567512,12.572140142374256,13.8,True,,,0.3,0.1,0.084
2020-08-13 07:00:00+00:00,-0.0,-1.335280898595861,-1.335280898595861,13.8,13.8,True,,,0.3,0.1,0.084
2020-08-13 08:00:00+00:00,-0.0,-1.0683268590946307,-1.0683268590946307,13.8,13.8,True,,,0.3,0.1,0.084
2020-08-13 09:00:00+00:00,-0.0,-2.786621947885656,-2.786621947885656,13.8,13.8,True,,,0.3,0.1,0.084
2020-08-13 10:00:00+00:00,-0.0,-4.354530041999469,-4.354530041999469,13.8,13.8,True,,,0.3,0.1,0.084
2020-08-13 11:00:00+00:00,0.6602758884444546,0.0,0.6602758884444546,13.8,13.126249093424027,True,,,0.3,0.1,0.084
2020-08-13 12:00:00+00:00,-0.6875009250775239,-1.5053619189623126,-2.1928628440398366,13.126249093424027,13.8,True,,,0.3,0.1,0.084
2020-08-13 13:00:00+00:00,-0.0,-2.855503200091165,-2.855503200091165,13.8,13.8,True,,,0.3,0.1,0.084
2020-08-13 14:00:00+00:00,-0.0,-2.1730210538157095,-2.1730210538157095,13.8,13.8,True,,,0.3,0.1,0.084
2020-08-13 15:00:00+00:00,-0.0,-1.8731498174177728,-1.8731498174177728,13.8,13.8,True,,,0.4,0.18,0.084
2020-08-13 16:00:00+00:00,-0.0,-0.8605124680663436,-0.8605124680663436,13.8,13.8,True,,,0.4,0.18,0.084
2020-08-13 17:00:00+00:00,-0.0,-0.030740268083732838,-0.030740268083732838,13.8,13.8,True,,,0.4,0.18,0.084
2020-08-13 18:00:00+00:00,0.13000475068658693,0.0,0.13000475068658693,13.8,13.667342091136137,True,,,0.4,0.18,0.084
2020-08-13 19:00:00+00:00,0.1673134723292459,0.0,0.1673134723292459,13.667342091136137,13.49661405814711,True,,,0.2,0.07,0.084
2020-08-13 20:00:00+00:00,0.1402820555316078,0.0,0.1402820555316078,13.49661405814711,13.35346910352302,True,,,0.2,0.07,0.084
2020-08-13 21:00:00+00:00,0.14398833324114485,0.0,0.14398833324114485,13.35346910352302,13.20654223286879,True,,,0.2,0.07,0.084
2020-08-13 22:00:00+00:00,0.12210669458707187,0.0,0.12210669458707187,13.20654223286879,13.081943564922797,True,,,0.2,0.07,0.084
2020-08-13 23:00:00+00:00,0.1484202500157884,0.0,0.1484202500157884,13.081943564922797,12.93049433021281,True,,,0.2,0.07,0.084
2020-08-14 00:00:00+00:00,0.12293711114989396,0.0,0.12293711114989396,12.93049433021281,12.805048298427204,True,,,0.2,0.07,0.084
2020-08-14 01:00:00+00:00,0.12061166650984029,0.0,0.12061166650984029,12.805048298427204,12.68197516933553,True,,,0.2,0.07,0.084
2020-08-14 02:00:00+00:00,0.20702483320765994,0.0,0.20702483320765994,12.68197516933553,12.470725339531796,True,,,0.2,0.07,0.084
2020-08-14 03:00:00+00:00,0.14501236098607384,0.0,0.14501236098607384,12.470725339531796,12.32275354260723,True,,,0.2,0.07,0.084
2020-08-14 04:00:00+00:00,0.13257589605110395,0.0,0.13257589605110395,12.32275354260723,12.187472016024472,True,,,0.3,0.1,0.084
2020-08-14 05:00:00+00:00,0.004725618749468691,0.0,0.004725618749468691,12.187472016024472,12.182649956076034,True,,,0.3,0.1,0.084
2020-08-14 06:00:00+00:00,-0.5514542327073342,0.0,-0.5514542327073342,12.182649956076034,12.723075104129222,True,,,0.3,0.1,0.084
2020-08-14 07:00:00+00:00,-0.7671718429469518,0.0,-0.7671718429469518,12.723075104129222,13.474903510217235,True,,,0.3,0.1,0.084
2020-08-14 08:00:00+00:00,-0.33173111202323036,-0.5104975858954275,-0.8422286979186578,13.474903510217235,13.8,True,,,0.3,0.1,0.084
2020-08-14 09:00:00+00:00,-0.0,-0.6594263189525896,-0.6594263189525896,13.8,13.8,True,,,0.3,0.1,0.084
2020-08-14 10:00:00+00:00,-0.0,-0.7987091650902545,-0.7987091650902545,13.8,13.8,True,,,0.3,0.1,0.084
2020-08-14 11:00:00+00:00,-0.0,-2.643594812212959,-2.643594812212959,13.8,13.8,True,,,0.3,0.1,0.084
2020-08-14 12:00:00+00:00,-0.0,-2.5776366098585712,-2.5776366098585712,13.8,13.8,True,,,0.3,0.1,0.084
2020-08-14 13:00:00+00:00,-0.0,-3.344857604564652,-3.344857604564652,13.8,13.8,True,,,0.3,0.1,0.084
2020-08-14 14:00:00+00:00,-0.0,-2.6891899664115178,-2.6891899664115178,13.8,13.8,True,,,0.3,0.1,0.084
2020-08-14 15:00:00+00:00,-0.0,-0.3600740404111669,-0.3600740404111669,13.8,13.8,True,,,0.4,0.18,0.084
2020-08-14 16:00:00+00:00,0.21078892843102137,0.0,0.21078892843102137,13.8,13.58490925670304,True,,,0.4,0.18,0.084
2020-08-14 17:00:00+00:00,0.1371283753555855,0.0,0.1371283753555855,13.58490925670304,13.444982343074892,True,,,0.4,0.18,0.084
2020-08-14 18:00:00+00:00,0.2454335252353515,0.0,0.2454335252353515,13.444982343074892,13.194539970385758,True,,,0.4,0.18,0.084
2020-08-14 19:00:00+00:00,0.18130211120181627,0.0,0.18130211120181627,13.194539970385758,13.00953781609819,True,,,0.2,0.07,0.084
2020-08-14 20:00:00+00:00,0.1337279721948838,0.0,0.1337279721948838,13.00953781609819,12.873080701613615,True,,,0.2,0.07,0.084
2020-08-14 21:00:00+00:00,0.17676636104848648,0.0,0.17676636104848648,12.873080701613615,12.692706863809036,True,,,0.2,0.07,0.084
2020-08-14 22:00:00+00:00,0.06278380557166205,0.0,0.06278380557166205,12.692706863809036,12.62864175608285,True,,,0.2,0.07,0.084
2020-08-14 23:00:00+00:00,0.13579063910643255,0.0,0.13579063910643255,12.62864175608285,12.490079879443632,True,,,0.2,0.07,0.084
2020-08-15 00:00:00+00:00,0.12533938894006943,0.0,0.12533938894006943,12.490079879443632,12.3621825437905,True,,,0.2,0.07,0.084
2020-08-15 01:00:00+00:00,0.10803222257561163,0.0,0.10803222257561163,12.3621825437905,12.251945581978651,True,,,0.2,0.07,0.084
2020-08-15 02:00:00+00:00,0.18735519475936907,0.0,0.18735519475936907,12.251945581978651,12.06076681181603,True,,,0.2,0.07,0.084
2020-08-15 03:00:00+00:00,0.0839876390616098,0.0,0.0839876390616098,12.06076681181603,11.975065139304183,True,,,0.2,0.07,0.084
2020-08-15 04:00:00+00:00,0.25084610843850214,0.0,0.25084610843850214,11.975065139304183,11.719099722530201,True,,,0.3,0.1,0.084
2020-08-15 05:00:00+00:00,0.37886573145380287,0.0,0.37886573145380287,11.719099722530201,11.33250203737326,True,,,0.3,0.1,0.084
2020-08-15 06:00:00+00:00,-0.10312044362455491,0.0,-0.10312044362455491,11.33250203737326,11.433560072125324,True,,,0.3,0.1,0.084
2020-08-15 07:00:00+00:00,-0.5317619098213896,0.0,-0.5317619098213896,11.433560072125324,11.954686743750287,True,,,0.3,0.1,0.084
2020-08-15 08:00:00+00:00,-1.8829727104588918,-0.4298509236418906,-2.3128236341007824,11.954686743750287,13.8,True,,,0.3,0.1,0.084
2020-08-15 09:00:00+00:00,-0.0,-4.177820190290473,-4.177820190290473,13.8,13.8,True,,,0.3,0.1,0.084
2020-08-15 10:00:00+00:00,-0.0,-3.818807650708239,-3.818807650708239,13.8,13.8,True,,,0.3,0.1,0.084
2020-08-15 11:00:00+00:00,-0.0,-2.2891879865038898,-2.2891879865038898,13.8,13.8,True,,,0.3,0.1,0.084
2020-08-15 12:00:00+00:00,-0.0,-3.6610344914933277,-3.6610344914933277,13.8,13.8,True,,,0.3,0.1,0.084
2020-08-15 13:00:00+00:00,-0.0,-3.2361508698072474,-3.2361508698072474,13.8,13.8,True,,,0.3,0.1,0.084
2020-08-15 14:00:00+00:00,-0.0,-3.6050604242195115,-3.6050604242195115,13.8,13.8,True,,,0.3,0.1,0.084
2020-08-15 15:00:00+00:00,-0.0,-1.8209187297717824,-1.8209187297717824,13.8,13.8,True,,,0.4,0.18,0.084
2020-08-15 16:00:00+00:00,-0.0,-1.0984268207131673,-1.0984268207131673,13.8,13.8,True,,,0.4,0.18,0.084
2020-08-15 17:00:00+00:00,-0.0,-0.3095596110741296,-0.3095596110741296,13.8,13.8,True,,,0.4,0.18,0.084
2020-08-15 18:00:00+00:00,0.13299099055560626,0.0,0.13299099055560626,13.8,13.664294907596322,True,,,0.4,0.18,0.084
2020-08-15 19:00:00+00:00,0.19846872219244652,0.0,0.19846872219244652,13.664294907596322,13.461775803318314,True,,,0.2,0.07,0.084
2020-08-15 20:00:00+00:00,0.19332797233263663,0.0,0.19332797233263663,13.461775803318314,13.264502362162563,True,,,0.2,0.07,0.084
2020-08-15 21:00:00+00:00,0.17413513906531858,0.0,0.17413513906531858,13.264502362162563,13.086813444748973,True,,,0.2,0.07,0.084
2020-08-15 22:00:00+00:00,0.07387777774333953,0.0,0.07387777774333953,13.086813444748973,13.01142795725577,True,,,0.2,0.07,0.084
2020-08-15 23:00:00+00:00,0.13745994457933638,0.0,0.13745994457933638,13.01142795725577,12.871162707685018,True,,,0.2,0.07,0.084
2020-08-16 00:00:00+00:00,0.12514333338207673,0.0,0.12514333338207673,12.871162707685018,12.743465428723715,True,,,0.2,0.07,0.084
2020-08-16 01:00:00+00:00,0.11215975012249425,0.0,0.11215975012249425,12.743465428723715,12.629016704108924,True,,,0.2,0.07,0.084
2020-08-16 02:00:00+00:00,0.17794977788925165,0.0,0.17794977788925165,12.629016704108924,12.447435298099483,True,,,0.2,0.07,0.084
2020-08-16 03:00:00+00:00,0.26608586091200503,0.0,0.26608586091200503,12.447435298099483,12.175919113495397,True,,,0.2,0.07,0.084
2020-08-16 04:00:00+00:00,0.11910770438877544,0.0,0.11910770438877544,12.175919113495397,12.054380639629299,True,,,0.3,0.1,0.084
2020-08-16 05:00:00+00:00,-0.12964327234737705,0.0,-0.12964327234737705,12.054380639629299,12.18143104652973,True,,,0.3,0.1,0.084
2020-08-16 06:00:00+00:00,-0.6104341732921268,0.0,-0.6104341732921268,12.18143104652973,12.779656536356013,True,,,0.3,0.1,0.084
2020-08-16 07:00:00+00:00,-1.0411667996367222,-1.2888244475366566,-2.329991247173379,12.779656536356013,13.8,True,,,0.3,0.1,0.084
2020-08-16 08:00:00+00:00,-0.0,-2.774828549387445,-2.774828549387445,13.8,13.8,True,,,0.3,0.1,0.084
2020-08-16 09:00:00+00:00,-0.0,-4.074816166490979,-4.074816166490979,13.8,13.8,True,,,0.3,0.1,0.084
2020-08-16 10:00:00+00:00,-0.0,-4.714052069664183,-4.714052069664183,13.8,13.8,True,,,0.3,0.1,0.084
2020-08-16 11:00:00+00:00,-0.0,-5.2023411742319094,-5.2023411742319094,13.8,13.8,True,,,0.3,0.1,0.084
2020-08-16 12:00:00+00:00,-0.0,-4.013455929191359,-4.013455929191359,13.8,13.8,True,,,0.3,0.1,0.084
2020-08-16 13:00:00+00:00,-0.0,-2.2137041175235734,-2.2137041175235734,13.8,13.8,True,,,0.3,0.1,0.084
2020-08-16 14:00:00+00:00,-0.0,-1.7856715364912916,-1.7856715364912916,13.8,13.8,True,,,0.3,0.1,0.084
2020-08-16 15:00:00+00:00,-0.0,-1.3903499512062218,-1.3903499512062218,13.8,13.8,True,,,0.4,0.18,0.084
2020-08-16 16:00:00+00:00,-0.0,-0.8960979742401853,-0.8960979742401853,13.8,13.8,True,,,0.4,0.18,0.084
2020-08-16 17:00:00+00:00,-0.0,-0.10940840603638387,-0.10940840603638387,13.8,13.8,True,,,0.4,0.18,0.084
2020-08-16 18:00:00+00:00,0.22436375343644313,0.0,0.22436375343644313,13.8,13.571057394452609,True,,,0.4,0.18,0.084
2020-08-16 19:00:00+00:00,0.18828805580933902,0.0,0.18828805580933902,13.571057394452609,13.378926725259406,True,,,0.2,0.07,0.084
2020-08-16 20:00:00+00:00,0.12913127799034102,0.0,0.12913127799034102,13.378926725259406,13.247160115065181,True,,,0.2,0.07,0.084
2020-08-16 21:00:00+00:00,0.17897933327886806,0.0,0.17897933327886806,13.247160115065181,13.064528142331643,True,,,0.2,0.07,0.084
2020-08-16 22:00:00+00:00,0.10108058334456536,0.0,0.10108058334456536,13.064528142331643,12.961384689939228,True,,,0.2,0.07,0.084
2020-08-16 23:00:00+00:00,0.13958230539427893,0.0,0.13958230539427893,12.961384689939228,12.818953766067516,True,,,0.2,0.07,0.084
2020-08-17 00:00:00+00:00,0.12492083339956035,0.0,0.12492083339956035,12.818953766067516,12.6914835279047,True,,,0.2,0.07,0.084
2020-08-17 01:00:00+00:00,0.13735811133649603,0.0,0.13735811133649603,12.6914835279047,12.551322189806234,True,,,0.2,0.07,0.084
2020-08-17 02:00:00+00:00,0.1449916946676041,0.0,0.1449916946676041,12.551322189806234,12.40337148096174,True,,,0.2,0.07,0.084
2020-08-17 03:00:00+00:00,0.156543805691931,0.0,0.156543805691931,12.40337148096174,12.243632903725075,True,,,0.2,0.07,0.084
2020-08-17 04:00:00+00:00,0.017125279710758647,0.0,0.017125279710758647,12.243632903725075,12.226158128510015,True,,,0.3,0.1,0.084
2020-08-17 05:00:00+00:00,-0.1733864138062428,0.0,-0.1733864138062428,12.226158128510015,12.396076814040132,True,,,0.3,0.1,0.084
2020-08-17 06:00:00+00:00,-0.16779577769703352,0.0,-0.16779577769703352,12.396076814040132,12.560516676183225,True,,,0.3,0.1,0.084
2020-08-17 07:00:00+00:00,-0.9499342688686545,0.0,-0.9499342688686545,12.560516676183225,13.491452259674507,True,,,0.3,0.1,0.084
2020-08-17 08:00:00+00:00,-0.3148446329851981,-0.30493563769240045,-0.6197802706775986,13.491452259674507,13.8,True,,,0.3,0.1,0.084
2020-08-17 09:00:00+00:00,-0.0,-1.9145169229086332,-1.9145169229086332,13.8,13.8,True,,,0.3,0.1,0.084
2020-08-17 10:00:00+00:00,-0.0,-2.478141260993891,-2.478141260993891,13.8,13.8,True,,,0.3,0.1,0.084
2020-08-17 11:00:00+00:00,-0.0,-2.1168662095843604,-2.1168662095843604,13.8,13.8,True,,,0.3,0.1,0.084
2020-08-17 12:00:00+00:00,-0.0,-1.46998508247233,-1.46998508247233,13.8,13.8,True,,,0.3,0.1,0.084
2020-08-17 13:00:00+00:00,-0.0,-1.1223423148377192,-1.1223423148377192,13.8,13.8,True,,,0.3,0.1,0.084
2020-08-17 14:00:00+00:00,-0.0,-0.09283178962775082,-0.09283178962775082,13.8,13.8,True,,,0.3,0.1,0.084
2020-08-17 15:00:00+00:00,0.6258707555633846,0.0,0.6258707555633846,13.8,13.161356371874097,True,,,0.4,0.18,0.084
2020-08-17 16:00:00+00:00,0.05053954808949525,0.0,0.05053954808949525,13.161356371874097,13.109785404435836,True,,,0.4,0.18,0.084
2020-08-17 17:00:00+00:00,-0.10655495391257412,0.0,-0.10655495391257412,13.109785404435836,13.21420925927016,True,,,0.4,0.18,0.084
2020-08-17 18:00:00+00:00,0.20270831593809474,0.0,0.20270831593809474,13.21420925927016,13.007364038925164,True,,,0.4,0.18,0.084
2020-08-17 19:00:00+00:00,0.2145423610978658,0.0,0.2145423610978658,13.007364038925164,12.788443262294688,True,,,0.2,0.07,0.084
2020-08-17 20:00:00+00:00,0.12956997200647988,0.0,0.12956997200647988,12.788443262294688,12.656229005145219,True,,,0.2,0.07,0.084
2020-08-17 21:00:00+00:00,0.17032361098130538,0.0,0.17032361098130538,12.656229005145219,12.48242940210307,True,,,0.2,0.07,0.084
2020-08-17 22:00:00+00:00,0.10543419436613713,0.0,0.10543419436613713,12.48242940210307,12.374843489484563,True,,,0.2,0.07,0.084
2020-08-17 23:00:00+00:00,0.11600716663996374,0.0,0.11600716663996374,12.374843489484563,12.256468829647865,True,,,0.2,0.07,0.084
2020-08-18 00:00:00+00:00,0.12886305598947723,0.0,0.12886305598947723,12.256468829647865,12.124975915372888,True,,,0.2,0.07,0.084
2020-08-18 01:00:00+00:00,0.13976955548657313,0.0,0.13976955548657313,12.124975915372888,11.982353919978426,True,,,0.2,0.07,0.084
2020-08-18 02:00:00+00:00,0.12298777782122278,0.0,0.12298777782122278,11.982353919978426,11.85685618750779,True,,,0.2,0.07,0.084
2020-08-18 03:00:00+00:00,0.16974730493227624,0.0,0.16974730493227624,11.85685618750779,11.68364465186261,True,,,0.2,0.07,0.084
2020-08-18 04:00:00+00:00,0.16389658605102397,0.0,0.16389658605102397,11.68364465186261,11.51640323752483,True,,,0.3,0.1,0.084
2020-08-18 05:00:00+00:00,-0.17890061307291427,0.0,-0.17890061307291427,11.51640323752483,11.691725838336286,True,,,0.3,0.1,0.084
2020-08-18 06:00:00+00:00,-0.631388211588019,0.0,-0.631388211588019,11.691725838336286,12.310486285692544,True,,,0.3,0.1,0.084
2020-08-18 07:00:00+00:00,-1.0120141418626938,0.0,-1.0120141418626938,12.310486285692544,13.302260144717984,True,,,0.3,0.1,0.084
2020-08-18 08:00:00+00:00,-0.5078978115122622,-0.5272600571196925,-1.0351578686319547,13.302260144717984,13.8,True,,,0.3,0.1,0.084
2020-08-18 09:00:00+00:00,-0.0,-0.9988079609217771,-0.9988079609217771,13.8,13.8,True,,,0.3,0.1,0.084
2020-08-18 10:00:00+00:00,-0.0,-2.1971815619467776,-2.1971815619467776,13.8,13.8,True,,,0.3,0.1,0.084
2020-08-18 11:00:00+00:00,-0.0,-3.705133509382617,-3.705133509382617,13.8,13.8,True,,,0.3,0.1,0.084
2020-08-18 12:00:00+00:00,-0.0,-1.7542719387111994,-1.7542719387111994,13.8,13.8,True,,,0.3,0.1,0.084
2020-08-18 13:00:00+00:00,-0.0,-2.1311012884789498,-2.1311012884789498,13.8,13.8,True,,,0.3,0.1,0.084
2020-08-18 14:00:00+00:00,-0.0,-1.6718897584948047,-1.6718897584948047,13.8,13.8,True,,,0.3,0.1,0.084
2020-08-18 15:00:00+00:00,-0.0,-1.4692183708068518,-1.4692183708068518,13.8,13.8,True,,,0.4,0.18,0.084
2020-08-18 16:00:00+00:00,-0.0,-0.8425328278122279,-0.8425328278122279,13.8,13.8,True,,,0.4,0.18,0.084
2020-08-18 17:00:00+00:00,0.07058666730457001,0.0,0.07058666730457001,13.8,13.727972788464726,True,,,0.4,0.18,0.084
2020-08-18 18:00:00+00:00,0.20178993748303117,0.0,0.20178993748303117,13.727972788464726,13.522064688992245,True,,,0.4,0.18,0.084
2020-08-18 19:00:00+00:00,0.1873143893612758,0.0,0.1873143893612758,13.522064688992245,13.330927556990943,True,,,0.2,0.07,0.084
2020-08-18 20:00:00+00:00,0.11464911106957316,0.0,0.11464911106957316,13.330927556990943,13.21393866814444,True,,,0.2,0.07,0.084
2020-08-18 21:00:00+00:00,0.17356636105643355,0.0,0.17356636105643355,13.21393866814444,13.036830136454201,True,,,0.2,0.07,0.084
2020-08-18 22:00:00+00:00,0.061946833358870544,0.0,0.061946833358870544,13.036830136454201,12.973619082006374,True,,,0.2,0.07,0.084
2020-08-18 23:00:00+00:00,0.13024922213554388,0.0,0.13024922213554388,12.973619082006374,12.84071171248031,True,,,0.2,0.07,0.084
2020-08-19 00:00:00+00:00,0.1121054998874665,0.0,0.1121054998874665,12.84071171248031,12.7263183452482,True,,,0.2,0.07,0.084
2020-08-19 01:00:00+00:00,0.10045433326297318,0.0,0.10045433326297318,12.7263183452482,12.623813923551289,True,,,0.2,0.07,0.084
2020-08-19 02:00:00+00:00,0.1828615277502271,0.0,0.1828615277502271,12.623813923551289,12.437220527887792,True,,,0.2,0.07,0.084
2020-08-19 03:00:00+00:00,0.24493094488779732,0.0,0.24493094488779732,12.437220527887792,12.187290992287998,True,,,0.2,0.07,0.084
2020-08-19 04:00:00+00:00,0.7225448878341266,0.0,0.7225448878341266,12.187290992287998,11.45000029041644,True,,,0.3,0.1,0.084
2020-08-19 05:00:00+00:00,0.11057850031322906,0.0,0.11057850031322906,11.45000029041644,11.337165086015187,True,,,0.3,0.1,0.084
2020-08-19 06:00:00+00:00,0.08270836118327254,0.0,0.08270836118327254,11.337165086015187,11.25276879909348,True,,,0.3,0.1,0.084
2020-08-19 07:00:00+00:00,0.15673230602476343,0.0,0.15673230602476343,11.25276879909348,11.092837874578416,True,,,0.3,0.1,0.084
2020-08-19 08:00:00+00:00,0.05808308344417149,0.0,0.05808308344417149,11.092837874578416,11.033569422084364,True,,,0.3,0.1,0.084
2020-08-19 09:00:00+00:00,0.15055219476487922,0.0,0.15055219476487922,11.033569422084364,10.879944733548772,True,,,0.3,0.1,0.084
2020-08-19 10:00:00+00:00,0.19436650030612942,0.0,0.19436650030612942,10.879944733548772,10.68161156997109,True,,,0.3,0.1,0.084
2020-08-19 11:00:00+00:00,0.2921446931944947,0.0,0.2921446931944947,10.68161156997109,10.383504740180788,True,,,0.3,0.1,0.084
2020-08-19 12:00:00+00:00,0.15654222230911283,0.0,0.15654222230911283,10.383504740180788,10.223767778640877,True,,,0.3,0.1,0.084
2020-08-19 13:00:00+00:00,0.17262330603599552,0.0,0.17262330603599552,10.223767778640877,10.047621547991902,True,,,0.3,0.1,0.084
2020-08-19 14:00:00+00:00,0.20535180564986324,0.0,0.20535180564986324,10.047621547991902,9.83807888916551,True,,,0.3,0.1,0.084
2020-08-19 15:00:00+00:00,0.13892697246074667,0.0,0.13892697246074667,9.83807888916551,9.69631667236883,True,,,0.4,0.18,0.084
2020-08-19 16:00:00+00:00,0.08944058339065987,0.0,0.08944058339065987,9.69631667236883,9.60505077094979,True,,,0.4,0.18,0.084
2020-08-19 17:00:00+00:00,0.20770744413004977,0.0,0.20770744413004977,9.60505077094979,9.393104399388514,True,,,0.4,0.18,0.084
2020-08-19 18:00:00+00:00,0.17180797224044794,0.0,0.17180797224044794,9.393104399388514,9.217790142000302,True,,,0.4,0.18,0.084
2020-08-19 19:00:00+00:00,0.22463227755493567,0.0,0.22463227755493567,9.217790142000302,8.988573532250367,True,,,0.2,0.07,0.084
2020-08-19 20:00:00+00:00,0.10937938880390606,0.0,0.10937938880390606,8.988573532250367,8.876961911021892,True,,,0.2,0.07,0.084
2020-08-19 21:00:00+00:00,0.09031630561881583,0.0,0.09031630561881583,8.876961911021892,8.784802415492488,True,,,0.2,0.07,0.084
2020-08-19 22:00:00+00:00,0.14963263878292524,0.0,0.14963263878292524,8.784802415492488,8.632116049387461,True,,,0.2,0.07,0.084
2020-08-19 23:00:00+00:00,0.06208669438627042,0.0,0.06208669438627042,8.632116049387461,8.568762279605552,True,,,0.2,0.07,0.084
2020-08-20 00:00:00+00:00,0.13895158342255484,0.0,0.13895158342255484,8.568762279605552,8.426974949582537,True,,,0.2,0.07,0.084
2020-08-20 01:00:00+00:00,0.12508955572976002,0.0,0.12508955572976002,8.426974949582537,8.29933254577666,True,,,0.2,0.07,0.084
2020-08-20 02:00:00+00:00,0.10735544464588156,0.0,0.10735544464588156,8.29933254577666,8.189786173689026,True,,,0.2,0.07,0.084
2020-08-20 03:00:00+00:00,0.2177349722570844,0.0,0.2177349722570844,8.189786173689026,7.967607630569551,True,,,0.2,0.07,0.084
2020-08-20 04:00:00+00:00,0.036664862954022825,0.0,0.036664862954022825,7.967607630569551,7.930194505106263,True,,,0.3,0.1,0.084
2020-08-20 05:00:00+00:00,-0.08059824263492313,0.0,-0.08059824263492313,7.930194505106263,8.009180782888487,True,,,0.3,0.1,0.084
2020-08-20 06:00:00+00:00,-0.5517718753843014,0.0,-0.5517718753843014,8.009180782888487,8.549917220765103,True,,,0.3,0.1,0.084
2020-08-20 07:00:00+00:00,-1.263617330375211,0.0,-1.263617330375211,8.549917220765103,9.78826220453281,True,,,0.3,0.1,0.084
2020-08-20 08:00:00+00:00,-1.9913976090317942,0.0,-1.9913976090317942,9.78826220453281,11.739831861383967,True,,,0.3,0.1,0.084
2020-08-20 09:00:00+00:00,-2.102212386342891,-0.8410272717366767,-2.943239658079568,11.739831861383967,13.8,True,,,0.3,0.1,0.084
2020-08-20 10:00:00+00:00,-0.0,-4.53306149828096,-4.53306149828096,13.8,13.8,True,,,0.3,0.1,0.084
2020-08-20 11:00:00+00:00,-0.0,-1.507659069293487,-1.507659069293487,13.8,13.8,True,,,0.3,0.1,0.084
2020-08-20 12:00:00+00:00,-0.0,-2.5438279865266717,-2.5438279865266717,13.8,13.8,True,,,0.3,0.1,0.084
2020-08-20 13:00:00+00:00,-0.0,-1.8101763644225748,-1.8101763644225748,13.8,13.8,True,,,0.3,0.1,0.084
2020-08-20 14:00:00+00:00,5.0,0.015964347903667075,5.015964347903667,13.8,8.69795918367347,True,,,0.3,0.1,0.084
2020-08-20 15:00:00+00:00,1.227110507515017,0.0,1.227110507515017,8.69795918367347,7.445805604576514,True,,,0.4,0.18,0.084
2020-08-20 16:00:00+00:00,-0.7438441063200376,0.0,-0.7438441063200376,7.445805604576514,8.17477282877015,True,,,0.4,0.18,0.084
2020-08-20 17:00:00+00:00,-0.1805483149591534,0.0,-0.1805483149591534,8.17477282877015,8.351710177430121,True,,,0.4,0.18,0.084
2020-08-20 18:00:00+00:00,0.12971740048105232,0.0,0.12971740048105232,8.351710177430121,8.2193454830617,True,,,0.4,0.18,0.084
2020-08-20 19:00:00+00:00,0.126959111316999,0.0,0.126959111316999,8.2193454830617,8.089795369472926,True,,,0.2,0.07,0.084
2020-08-20 20:00:00+00:00,0.17959836124844028,0.0,0.17959836124844028,8.089795369472926,7.906531735545946,True,,,0.2,0.07,0.084
2020-08-20 21:00:00+00:00,0.09306950002511334,0.0,0.09306950002511334,7.906531735545946,7.8115628579692995,True,,,0.2,0.07,0.084
2020-08-20 22:00:00+00:00,0.08811747215853806,0.0,0.08811747215853806,7.8115628579692995,7.721647070052424,True,,,0.2,0.07,0.084
2020-08-20 23:00:00+00:00,0.1583192219098407,0.0,0.1583192219098407,7.721647070052424,7.560096843613811,True,,,0.2,0.07,0.084
2020-08-21 00:00:00+00:00,0.07455202775266452,0.0,0.07455202775266452,7.560096843613811,7.484023345907011,True,,,0.2,0.07,0.084
2020-08-21 01:00:00+00:00,0.1803069720135794,0.0,0.1803069720135794,7.484023345907011,7.300036639770705,True,,,0.2,0.07,0.084
2020-08-21 02:00:00+00:00,0.11614172222349392,0.0,0.11614172222349392,7.300036639770705,7.18152467831816,True,,,0.2,0.07,0.084
2020-08-21 03:00:00+00:00,0.16102905553711802,0.0,0.16102905553711802,7.18152467831816,7.017209315525183,True,,,0.2,0.07,0.084
2020-08-21 04:00:00+00:00,0.1334923485284566,0.0,0.1334923485284566,7.017209315525183,6.880992633353289,True,,,0.3,0.1,0.084
2020-08-21 05:00:00+00:00,-0.11233401720651741,0.0,-0.11233401720651741,6.880992633353289,6.991079970215676,True,,,0.3,0.1,0.084
2020-08-21 06:00:00+00:00,0.546603318047706,0.0,0.546603318047706,6.991079970215676,6.433321482411894,True,,,0.3,0.1,0.084
2020-08-21 07:00:00+00:00,0.37455001735815013,0.0,0.37455001735815013,6.433321482411894,6.051127587148475,True,,,0.3,0.1,0.084
2020-08-21 08:00:00+00:00,-1.489308184831992,0.0,-1.489308184831992,6.051127587148475,7.510649608283827,True,,,0.3,0.1,0.084
2020-08-21 09:00:00+00:00,-0.909146960553447,0.0,-0.909146960553447,7.510649608283827,8.401613629626205,True,,,0.3,0.1,0.084
2020-08-21 10:00:00+00:00,-1.1694032977896176,0.0,-1.1694032977896176,8.401613629626205,9.54762886146003,True,,,0.3,0.1,0.084
2020-08-21 11:00:00+00:00,-1.0769142892748917,0.0,-1.0769142892748917,9.54762886146003,10.603004864949424,True,,,0.3,0.1,0.084
2020-08-21 12:00:00+00:00,-3.1537761283013097,0.0,-3.1537761283013097,10.603004864949424,13.693705470684709,True,,,0.3,0.1,0.084
2020-08-21 13:00:00+00:00,-0.1084638054237675,-2.644114606384009,-2.7525784118077765,13.693705470684709,13.8,True,,,0.3,0.1,0.084
2020-08-21 14:00:00+00:00,-0.0,-1.1855639699557732,-1.1855639699557732,13.8,13.8,True,,,0.3,0.1,0.084
2020-08-21 15:00:00+00:00,-0.0,-0.8336848975903229,-0.8336848975903229,13.8,13.8,True,,,0.4,0.18,0.084
2020-08-21 16:00:00+00:00,-0.0,-0.17190006825302737,-0.17190006825302737,13.8,13.8,True,,,0.4,0.18,0.084
2020-08-21 17:00:00+00:00,0.8738903427153257,0.0,0.8738903427153257,13.8,12.908275160494567,True,,,0.4,0.18,0.084
2020-08-21 18:00:00+00:00,0.21008780036849545,0.0,0.21008780036849545,12.908275160494567,12.693899853996102,True,,,0.4,0.18,0.084
2020-08-21 19:00:00+00:00,0.13157863921854215,0.0,0.13157863921854215,12.693899853996102,12.559635936426162,True,,,0.2,0.07,0.084
2020-08-21 20:00:00+00:00,0.12496897216373047,0.0,0.12496897216373047,12.559635936426162,12.432116577075416,True,,,0.2,0.07,0.084
2020-08-21 21:00:00+00:00,0.14652577803664749,0.0,0.14652577803664749,12.432116577075416,12.28260047703802,True,,,0.2,0.07,0.084
2020-08-21 22:00:00+00:00,0.09692336133321149,0.0,0.09692336133321149,12.28260047703802,12.183699087922498,True,,,0.2,0.07,0.084
2020-08-21 23:00:00+00:00,0.17921619422170829,0.0,0.17921619422170829,12.183699087922498,12.000825420349326,True,,,0.2,0.07,0.084
2020-08-22 00:00:00+00:00,0.1093275553623834,0.0,0.1093275553623834,12.000825420349326,11.88926669038771,True,,,0.2,0.07,0.084
2020-08-22 01:00:00+00:00,0.13697411140865765,0.0,0.13697411140865765,11.88926669038771,11.749497188950304,True,,,0.2,0.07,0.084
2020-08-22 02:00:00+00:00,0.47022058392895605,0.0,0.47022058392895605,11.749497188950304,11.269680266573818,True,,,0.2,0.07,0.084
2020-08-22 03:00:00+00:00,0.4287052509387338,0.0,0.4287052509387338,11.269680266573818,10.832225928881233,True,,,0.2,0.07,0.084
2020-08-22 04:00:00+00:00,0.1019966694683864,0.0,0.1019966694683864,10.832225928881233,10.728147694729818,True,,,0.3,0.1,0.084
2020-08-22 05:00:00+00:00,-0.16022674647026142,0.0,-0.16022674647026142,10.728147694729818,10.885169906270674,True,,,0.3,0.1,0.084
2020-08-22 06:00:00+00:00,-0.9786378361977837,0.0,-0.9786378361977837,10.885169906270674,11.844234985744501,True,,,0.3,0.1,0.084
2020-08-22 07:00:00+00:00,-1.8270049532234438,0.0,-1.8270049532234438,11.844234985744501,13.634699839903476,True,,,0.3,0.1,0.084
2020-08-22 08:00:00+00:00,-0.16867363275155584,-2.552356645109933,-2.7210302778614888,13.634699839903476,13.8,True,,,0.3,0.1,0.084
2020-08-22 09:00:00+00:00,-0.0,-3.22456824809902,-3.22456824809902,13.8,13.8,True,,,0.3,0.1,0.084
2020-08-22 10:00:00+00:00,-0.0,-4.736892374465018,-4.736892374465018,13.8,13.8,True,,,0.3,0.1,0.084
2020-08-22 11:00:00+00:00,-0.0,-4.754404672495068,-4.754404672495068,13.8,13.8,True,,,0.3,0.1,0.084
2020-08-22 12:00:00+00:00,-0.0,-5.147687380795735,-5.147687380795735,13.8,13.8,True,,,0.3,0.1,0.084
2020-08-22 13:00:00+00:00,-0.0,-4.709573081648943,-4.709573081648943,13.8,13.8,True,,,0.3,0.1,0.084
2020-08-22 14:00:00+00:00,-0.0,-3.5348276846478273,-3.5348276846478273,13.8,13.8,True,,,0.3,0.1,0.084
2020-08-22 15:00:00+00:00,-0.0,-2.553702836458984,-2.553702836458984,13.8,13.8,True,,,0.4,0.18,0.084
2020-08-22 16:00:00+00:00,-0.0,-1.0195111206938938,-1.0195111206938938,13.8,13.8,True,,,0.4,0.18,0.084
2020-08-22 17:00:00+00:00,-0.0,-0.14428039167036946,-0.14428039167036946,13.8,13.8,True,,,0.4,0.18,0.084
2020-08-22 18:00:00+00:00,0.12130873943297785,0.0,0.12130873943297785,13.8,13.676215572007166,True,,,0.4,0.18,0.084
2020-08-22 19:00:00+00:00,0.06888772225644857,0.0,0.06888772225644857,13.676215572007166,13.605921977867933,True,,,0.2,0.07,0.084
2020-08-22 20:00:00+00:00,0.13765374991363952,0.0,0.13765374991363952,13.605921977867933,13.465458967751974,True,,,0.2,0.07,0.084
2020-08-22 21:00:00+00:00,0.10163319440682737,0.0,0.10163319440682737,13.465458967751974,13.361751626520517,True,,,0.2,0.07,0.084
2020-08-22 22:00:00+00:00,0.09655111107561327,0.0,0.09655111107561327,13.361751626520517,13.263230084606626,True,,,0.2,0.07,0.084
2020-08-22 23:00:00+00:00,0.12099355545043962,0.0,0.12099355545043962,13.263230084606626,13.139767272922503,True,,,0.2,0.07,0.084
2020-08-23 00:00:00+00:00,0.10988808335728105,0.0,0.10988808335728105,13.139767272922503,13.027636575619155,True,,,0.2,0.07,0.084
2020-08-23 01:00:00+00:00,0.12459630557431112,0.0,0.12459630557431112,13.027636575619155,12.900497488298429,True,,,0.2,0.07,0.084
2020-08-23 02:00:00+00:00,0.1374333336432776,0.0,0.1374333336432776,12.900497488298429,12.760259392744064,True,,,0.2,0.07,0.084
2020-08-23 03:00:00+00:00,0.11135188892152571,0.0,0.11135188892152571,12.760259392744064,12.646635016293528,True,,,0.2,0.07,0.084
2020-08-23 04:00:00+00:00,0.03145077801015634,0.0,0.03145077801015634,12.646635016293528,12.61454238567092,True,,,0.3,0.1,0.084
2020-08-23 05:00:00+00:00,-0.22270660984744514,0.0,-0.22270660984744514,12.61454238567092,12.832794863321416,True,,,0.3,0.1,0.084
2020-08-23 06:00:00+00:00,-0.7333635193156101,0.0,-0.7333635193156101,12.832794863321416,13.551491112250714,True,,,0.3,0.1,0.084
2020-08-23 07:00:00+00:00,-0.2535804977033538,-1.769288239639817,-2.022868737343171,13.551491112250714,13.8,True,,,0.3,0.1,0.084
2020-08-23 08:00:00+00:00,-0.0,-3.4828632816938603,-3.4828632816938603,13.8,13.8,True,,,0.3,0.1,0.084
2020-08-23 09:00:00+00:00,-0.0,-5.158683627410318,-5.158683627410318,13.8,13.8,True,,,0.3,0.1,0.084
2020-08-23 10:00:00+00:00,-0.0,-4.198610014465303,-4.198610014465303,13.8,13.8,True,,,0.3,0.1,0.084
2020-08-23 11:00:00+00:00,-0.0,-2.735444797817592,-2.735444797817592,13.8,13.8,True,,,0.3,0.1,0.084
2020-08-23 12:00:00+00:00,-0.0,-2.9039830432023126,-2.9039830432023126,13.8,13.8,True,,,0.3,0.1,0.084
2020-08-23 13:00:00+00:00,-0.0,-3.3025054517616255,-3.3025054517616255,13.8,13.8,True,,,0.3,0.1,0.084
2020-08-23 14:00:00+00:00,-0.0,-1.2301473243759964,-1.2301473243759964,13.8,13.8,True,,,0.3,0.1,0.084
2020-08-23 15:00:00+00:00,-0.0,-1.4486105219421714,-1.4486105219421714,13.8,13.8,True,,,0.4,0.18,0.084
2020-08-23 16:00:00+00:00,-0.0,-0.48045166394336003,-0.48045166394336003,13.8,13.8,True,,,0.4,0.18,0.084
2020-08-23 17:00:00+00:00,-0.0,-0.19129085167943286,-0.19129085167943286,13.8,13.8,True,,,0.4,0.18,0.084
2020-08-23 18:00:00+00:00,0.11786973754089908,0.0,0.11786973754089908,13.8,13.679724757611329,True,,,0.4,0.18,0.084
2020-08-23 19:00:00+00:00,0.13172677772839858,0.0,0.13172677772839858,13.679724757611329,13.545309678296636,True,,,0.2,0.07,0.084
2020-08-23 20:00:00+00:00,0.055643138880199845,0.0,0.055643138880199845,13.545309678296636,13.488530965153576,True,,,0.2,0.07,0.084
2020-08-23 21:00:00+00:00,0.15922875041961676,0.0,0.15922875041961676,13.488530965153576,13.326052648398864,True,,,0.2,0.07,0.084
2020-08-23 22:00:00+00:00,0.09238763892120791,0.0,0.09238763892120791,13.326052648398864,13.231779547458856,True,,,0.2,0.07,0.084
2020-08-23 23:00:00+00:00,0.08155902774598861,0.0,0.08155902774598861,13.231779547458856,13.148556049758868,True,,,0.2,0.07,0.084
2020-08-24 00:00:00+00:00,0.15197683331966397,0.0,0.15197683331966397,13.148556049758868,12.993477648412272,True,,,0.2,0.07,0.084
2020-08-24 01:00:00+00:00,0.11295736108091128,0.0,0.11295736108091128,12.993477648412272,12.878215035064404,True,,,0.2,0.07,0.084
2020-08-24 02:00:00+00:00,0.13096161104308243,0.0,0.13096161104308243,12.878215035064404,12.744580738081666,True,,,0.2,0.07,0.084
2020-08-24 03:00:00+00:00,0.1220785276969275,0.0,0.1220785276969275,12.744580738081666,12.620010811860311,True,,,0.2,0.07,0.084
2020-08-24 04:00:00+00:00,0.07596936764443062,0.0,0.07596936764443062,12.620010811860311,12.542491048957832,True,,,0.3,0.1,0.084
2020-08-24 05:00:00+00:00,-0.049345373688255575,0.0,-0.049345373688255575,12.542491048957832,12.590849515172321,True,,,0.3,0.1,0.084
2020-08-24 06:00:00+00:00,-0.35166679404403056,0.0,-0.35166679404403056,12.590849515172321,12.935482973335471,True,,,0.3,0.1,0.084
2020-08-24 07:00:00+00:00,-0.8821602312903362,-0.44441139222519854,-1.3265716235155347,12.935482973335471,13.8,True,,,0.3,0.1,0.084
2020-08-24 08:00:00+00:00,-0.0,-1.9499623102603745,-1.9499623102603745,13.8,13.8,True,,,0.3,0.1,0.084
2020-08-24 09:00:00+00:00,-0.0,-2.7029008946811564,-2.7029008946811564,13.8,13.8,True,,,0.3,0.1,0.084
2020-08-24 10:00:00+00:00,-0.0,-1.9428768869525173,-1.9428768869525173,13.8,13.8,True,,,0.3,0.1,0.084
2020-08-24 11:00:00+00:00,-0.0,-2.994689113273292,-2.994689113273292,13.8,13.8,True,,,0.3,0.1,0.084
2020-08-24 12:00:00+00:00,-0.0,-2.9684607737500093,-2.9684607737500093,13.8,13.8,True,,,0.3,0.1,0.084
2020-08-24 13:00:00+00:00,-0.0,-0.5134494051836458,-0.5134494051836458,13.8,13.8,True,,,0.3,0.1,0.084
2020-08-24 14:00:00+00:00,-0.0,-1.066139192302291,-1.066139192302291,13.8,13.8,True,,,0.3,0.1,0.084
2020-08-24 15:00:00+00:00,-0.0,-0.7062879022887841,-0.7062879022887841,13.8,13.8,True,,,0.4,0.18,0.084
2020-08-24 16:00:00+00:00,-0.0,-0.5340133255929327,-0.5340133255929327,13.8,13.8,True,,,0.4,0.18,0.084
2020-08-24 17:00:00+00:00,-0.0,-0.106004908911113,-0.106004908911113,13.8,13.8,True,,,0.4,0.18,0.084
2020-08-24 18:00:00+00:00,0.05976387541842162,0.0,0.05976387541842162,13.8,13.739016453654672,True,,,0.4,0.18,0.084
2020-08-24 19:00:00+00:00,0.17231461131042916,0.0,0.17231461131042916,13.739016453654672,13.563185217623623,True,,,0.2,0.07,0.084
2020-08-24 20:00:00+00:00,0.1056517503844368,0.0,0.1056517503844368,13.563185217623623,13.455377309068075,True,,,0.2,0.07,0.084
2020-08-24 21:00:00+00:00,0.06867288895977869,0.0,0.06867288895977869,13.455377309068075,13.385302932578504,True,,,0.2,0.07,0.084
2020-08-24 22:00:00+00:00,0.16019413916799738,0.0,0.16019413916799738,13.385302932578504,13.22183952526422,True,,,0.2,0.07,0.084
2020-08-24 23:00:00+00:00,0.070887361296018,0.0,0.070887361296018,13.22183952526422,13.149505483125427,True,,,0.2,0.07,0.084
2020-08-25 00:00:00+00:00,0.11776677767700629,0.0,0.11776677767700629,13.149505483125427,13.029335301822359,True,,,0.2,0.07,0.084
2020-08-25 01:00:00+00:00,0.16274086116419909,0.0,0.16274086116419909,13.029335301822359,12.863273198593584,True,,,0.2,0.07,0.084
2020-08-25 02:00:00+00:00,0.09931991670396595,0.0,0.09931991670396595,12.863273198593584,12.761926344814027,True,,,0.2,0.07,0.084
2020-08-25 03:00:00+00:00,0.13012488893667862,0.0,0.13012488893667862,12.761926344814027,12.629145845899048,True,,,0.2,0.07,0.084
2020-08-25 04:00:00+00:00,0.050434945244624725,0.0,0.050434945244624725,12.629145845899048,12.577681616057594,True,,,0.3,0.1,0.084
2020-08-25 05:00:00+00:00,-0.27664196078338843,0.0,-0.27664196078338843,12.577681616057594,12.848790737625315,True,,,0.3,0.1,0.084
2020-08-25 06:00:00+00:00,-0.9706216963006999,-0.38263659681196716,-1.353258293112667,12.848790737625315,13.8,True,,,0.3,0.1,0.084
2020-08-25 07:00:00+00:00,-0.0,-2.7851109571265993,-2.7851109571265993,13.8,13.8,True,,,0.3,0.1,0.084
2020-08-25 08:00:00+00:00,-0.0,-3.199453446516132,-3.199453446516132,13.8,13.8,True,,,0.3,0.1,0.084
2020-08-25 09:00:00+00:00,-0.0,-3.9931227901691675,-3.9931227901691675,13.8,13.8,True,,,0.3,0.1,0.084
2020-08-25 10:00:00+00:00,-0.0,-2.415363889911805,-2.415363889911805,13.8,13.8,True,,,0.3,0.1,0.084
2020-08-25 11:00:00+00:00,-0.0,-1.9037516658991231,-1.9037516658991231,13.8,13.8,True,,,0.3,0.1,0.084
2020-08-25 12:00:00+00:00,-0.0,-1.2293456071574116,-1.2293456071574116,13.8,13.8,True,,,0.3,0.1,0.084
2020-08-25 13:00:00+00:00,-0.0,-1.0337688018545794,-1.0337688018545794,13.8,13.8,True,,,0.3,0.1,0.084
2020-08-25 14:00:00+00:00,-0.0,-0.5552567295633514,-0.5552567295633514,13.8,13.8,True,,,0.3,0.1,0.084
2020-08-25 15:00:00+00:00,-0.0,-0.33574397220081736,-0.33574397220081736,13.8,13.8,True,,,0.4,0.18,0.084
2020-08-25 16:00:00+00:00,-0.0,-0.19360052978270811,-0.19360052978270811,13.8,13.8,True,,,0.4,0.18,0.084
2020-08-25 17:00:00+00:00,0.055331268961584815,0.0,0.055331268961584815,13.8,13.74353952146777,True,,,0.4,0.18,0.084
2020-08-25 18:00:00+00:00,0.06895152119539708,0.0,0.06895152119539708,13.74353952146777,13.673180826370427,True,,,0.4,0.18,0.084
2020-08-25 19:00:00+00:00,0.08335161101553161,0.0,0.08335161101553161,13.673180826370427,13.588128162068864,True,,,0.2,0.07,0.084
2020-08-25 20:00:00+00:00,0.165557138911883,0.0,0.165557138911883,13.588128162068864,13.419192306036331,True,,,0.2,0.07,0.084
2020-08-25 21:00:00+00:00,0.0567351667033302,0.0,0.0567351667033302,13.419192306036331,13.361299278788035,True,,,0.2,0.07,0.084
2020-08-25 22:00:00+00:00,0.1253973611964119,0.0,0.1253973611964119,13.361299278788035,13.233342787771289,True,,,0.2,0.07,0.084
2020-08-25 23:00:00+00:00,0.12387369438542252,0.0,0.12387369438542252,13.233342787771289,13.106941058806571,True,,,0.2,0.07,0.084
2020-08-26 00:00:00+00:00,0.056448472139570466,0.0,0.056448472139570466,13.106941058806571,13.049340577031499,True,,,0.2,0.07,0.084
2020-08-26 01:00:00+00:00,0.18357902752028596,0.0,0.18357902752028596,13.049340577031499,12.862015038745493,True,,,0.2,0.07,0.084
2020-08-26 02:00:00+00:00,0.11879669446945187,0.0,0.11879669446945187,12.862015038745493,12.74079392193993,True,,,0.2,0.07,0.084
2020-08-26 03:00:00+00:00,0.10337430560853744,0.0,0.10337430560853744,12.74079392193993,12.635309936625097,True,,,0.2,0.07,0.084
2020-08-26 04:00:00+00:00,0.15144674335859745,0.0,0.15144674335859745,12.635309936625097,12.480772443402039,True,,,0.3,0.1,0.084
2020-08-26 05:00:00+00:00,-0.03561522045062418,0.0,-0.03561522045062418,12.480772443402039,12.51567535944365,True,,,0.3,0.1,0.084
2020-08-26 06:00:00+00:00,-0.0962022230655295,0.0,-0.0962022230655295,12.51567535944365,12.609953538047868,True,,,0.3,0.1,0.084
2020-08-26 07:00:00+00:00,-0.3038686702160086,0.0,-0.3038686702160086,12.609953538047868,12.907744834859557,True,,,0.3,0.1,0.084
2020-08-26 08:00:00+00:00,-0.5925148036499134,0.0,-0.5925148036499134,12.907744834859557,13.488409342436471,True,,,0.3,0.1,0.084
2020-08-26 09:00:00+00:00,-0.3179496505750303,-0.9293973751445173,-1.2473470257195476,13.488409342436471,13.8,True,,,0.3,0.1,0.084
2020-08-26 10:00:00+00:00,-0.0,-2.1819794255395504,-2.1819794255395504,13.8,13.8,True,,,0.3,0.1,0.084
2020-08-26 11:00:00+00:00,-0.0,-1.709123498046992,-1.709123498046992,13.8,13.8,True,,,0.3,0.1,0.084
2020-08-26 12:00:00+00:00,-0.0,-1.221680576539131,-1.221680576539131,13.8,13.8,True,,,0.3,0.1,0.084
2020-08-26 13:00:00+00:00,-0.0,-1.418348289226572,-1.418348289226572,13.8,13.8,True,,,0.3,0.1,0.084
2020-08-26 14:00:00+00:00,-0.0,-0.8988225803470247,-0.8988225803470247,13.8,13.8,True,,,0.3,0.1,0.084
2020-08-26 15:00:00+00:00,-0.0,-0.47538889602281154,-0.47538889602281154,13.8,13.8,True,,,0.4,0.18,0.084
2020-08-26 16:00:00+00:00,-0.0,-0.26787155455976613,-0.26787155455976613,13.8,13.8,True,,,0.4,0.18,0.084
2020-08-26 17:00:00+00:00,-0.0,-0.09676030752202104,-0.09676030752202104,13.8,13.8,True,,,0.4,0.18,0.084
2020-08-26 18:00:00+00:00,0.14360637776148305,0.0,0.14360637776148305,13.8,13.653462879835223,True,,,0.4,0.18,0.084
2020-08-26 19:00:00+00:00,0.05650497225655449,0.0,0.05650497225655449,13.653462879835223,13.595804744879555,True,,,0.2,0.07,0.084
2020-08-26 20:00:00+00:00,0.1283226111067666,0.0,0.1283226111067666,13.595804744879555,13.46486330497469,True,,,0.2,0.07,0.084
2020-08-26 21:00:00+00:00,0.10934169406890891,0.0,0.10934169406890891,13.46486330497469,13.353290147761518,True,,,0.2,0.07,0.084
2020-08-26 22:00:00+00:00,0.0560295000367695,0.0,0.0560295000367695,13.353290147761518,13.296117188540325,True,,,0.2,0.07,0.084
2020-08-26 23:00:00+00:00,0.17113033333619446,0.0,0.17113033333619446,13.296117188540325,13.12149439942176,True,,,0.2,0.07,0.084
2020-08-27 00:00:00+00:00,0.06345630562040543,0.0,0.06345630562040543,13.12149439942176,13.05674306715604,True,,,0.2,0.07,0.084
2020-08-27 01:00:00+00:00,0.1322138053390714,0.0,0.1322138053390714,13.05674306715604,12.92183102089168,True,,,0.2,0.07,0.084
2020-08-27 02:00:00+00:00,0.15885605559613983,0.0,0.15885605559613983,12.92183102089168,12.759733004977251,True,,,0.2,0.07,0.084
2020-08-27 03:00:00+00:00,0.08008622205787239,0.0,0.08008622205787239,12.759733004977251,12.67801237022432,True,,,0.2,0.07,0.084
2020-08-27 04:00:00+00:00,0.12622438507463749,0.0,0.12622438507463749,12.67801237022432,12.549211977291016,True,,,0.3,0.1,0.084
2020-08-27 05:00:00+00:00,-0.18656972987679232,0.0,-0.18656972987679232,12.549211977291016,12.732050312570273,True,,,0.3,0.1,0.084
2020-08-27 06:00:00+00:00,-0.6961025575353724,0.0,-0.6961025575353724,12.732050312570273,13.414230818954938,True,,,0.3,0.1,0.084
2020-08-27 07:00:00+00:00,-0.3936420214745543,-0.8021386334706732,-1.1957806549452275,13.414230818954938,13.8,True,,,0.3,0.1,0.084
2020-08-27 08:00:00+00:00,-0.0,-1.5458517193147505,-1.5458517193147505,13.8,13.8,True,,,0.3,0.1,0.084
2020-08-27 09:00:00+00:00,-0.0,-1.7564025803793435,-1.7564025803793435,13.8,13.8,True,,,0.3,0.1,0.084
2020-08-27 10:00:00+00:00,-0.0,-1.5465568488126513,-1.5465568488126513,13.8,13.8,True,,,0.3,0.1,0.084
2020-08-27 11:00:00+00:00,-0.0,-2.2254076736237356,-2.2254076736237356,13.8,13.8,True,,,0.3,0.1,0.084
2020-08-27 12:00:00+00:00,-0.0,-2.2077348476067358,-2.2077348476067358,13.8,13.8,True,,,0.3,0.1,0.084
2020-08-27 13:00:00+00:00,-0.0,-2.2791855959621885,-2.2791855959621885,13.8,13.8,True,,,0.3,0.1,0.084
2020-08-27 14:00:00+00:00,-0.0,-1.204458377439035,-1.204458377439035,13.8,13.8,True,,,0.3,0.1,0.084
2020-08-27 15:00:00+00:00,-0.0,-1.4913541351065327,-1.4913541351065327,13.8,13.8,True,,,0.4,0.18,0.084
2020-08-27 16:00:00+00:00,-0.0,-0.30550316444466413,-0.30550316444466413,13.8,13.8,True,,,0.4,0.18,0.084
2020-08-27 17:00:00+00:00,5.0,0.8635035022424988,5.863503502242499,13.8,8.69795918367347,True,,,0.4,0.18,0.084
2020-08-27 18:00:00+00:00,3.031224983550397,0.0,3.031224983550397,8.69795918367347,5.604872465764902,True,,,0.4,0.18,0.084
2020-08-27 19:00:00+00:00,0.05539536110560098,0.0,0.05539536110560098,5.604872465764902,5.548346587085717,True,,,0.2,0.07,0.084
2020-08-27 20:00:00+00:00,0.13520555557145003,0.0,0.13520555557145003,5.548346587085717,5.410381734461788,True,,,0.2,0.07,0.084
2020-08-27 21:00:00+00:00,0.10267680574787982,0.0,0.10267680574787982,5.410381734461788,5.305609483698646,True,,,0.2,0.07,0.084
2020-08-27 22:00:00+00:00,0.07070386124187046,0.0,0.07070386124187046,5.305609483698646,5.233462686513064,True,,,0.2,0.07,0.084
2020-08-27 23:00:00+00:00,0.1662021945714952,0.0,0.1662021945714952,5.233462686513064,5.063868610419701,True,,,0.2,0.07,0.084
2020-08-28 00:00:00+00:00,0.050061722294489505,0.0,0.050061722294489505,5.063868610419701,5.012785220323283,True,,,0.2,0.07,0.084
2020-08-28 01:00:00+00:00,0.14269611122608186,0.0,0.14269611122608186,5.012785220323283,4.867176943561975,True,,,0.2,0.07,0.084
2020-08-28 02:00:00+00:00,0.1343411390516495,0.0,0.1343411390516495,4.867176943561975,4.730094148611312,True,,,0.2,0.07,0.084
2020-08-28 03:00:00+00:00,0.05554897242652049,0.0,0.05554897242652049,4.730094148611312,4.673411523686291,True,,,0.2,0.07,0.084
2020-08-28 04:00:00+00:00,0.14560472689122536,0.0,0.14560472689122536,4.673411523686291,4.524835271756469,True,,,0.3,0.1,0.084
2020-08-28 05:00:00+00:00,0.0020402634274457,0.0,0.0020402634274457,4.524835271756469,4.522753370299892,True,,,0.3,0.1,0.084
2020-08-28 06:00:00+00:00,-0.9198825286815906,0.0,-0.9198825286815906,4.522753370299892,5.424238248407851,True,,,0.3,0.1,0.084
2020-08-28 07:00:00+00:00,-2.0548463707404117,0.0,-2.0548463707404117,5.424238248407851,7.437987691733454,True,,,0.3,0.1,0.084
2020-08-28 08:00:00+00:00,-3.8807122834598426,0.0,-3.8807122834598426,7.437987691733454,11.2410857295241,True,,,0.3,0.1,0.084
2020-08-28 09:00:00+00:00,-2.6111370106896947,-0.11951053618911667,-2.7306475468788114,11.2410857295241,13.8,True,,,0.3,0.1,0.084
2020-08-28 10:00:00+00:00,-0.0,-4.408795249999894,-4.408795249999894,13.8,13.8,True,,,0.3,0.1,0.084
2020-08-28 11:00:00+00:00,-0.0,-5.026778436808842,-5.026778436808842,13.8,13.8,True,,,0.3,0.1,0.084
2020-08-28 12:00:00+00:00,-0.0,-4.453686368878957,-4.453686368878957,13.8,13.8,True,,,0.3,0.1,0.084
2020-08-28 13:00:00+00:00,-0.0,-3.213525794976242,-3.213525794976242,13.8,13.8,True,,,0.3,0.1,0.084
2020-08-28 14:00:00+00:00,-0.0,-1.7324658363326757,-1.7324658363326757,13.8,13.8,True,,,0.3,0.1,0.084
2020-08-28 15:00:00+00:00,-0.0,-0.9409496627210202,-0.9409496627210202,13.8,13.8,True,,,0.4,0.18,0.084
2020-08-28 16:00:00+00:00,-0.0,-0.600894750868315,-0.600894750868315,13.8,13.8,True,,,0.4,0.18,0.084
2020-08-28 17:00:00+00:00,-0.0,-0.2116570958529395,-0.2116570958529395,13.8,13.8,True,,,0.4,0.18,0.084
2020-08-28 18:00:00+00:00,0.10601232306290403,0.0,0.10601232306290403,13.8,13.691824160139895,True,,,0.4,0.18,0.084
2020-08-28 19:00:00+00:00,0.09389552787409887,0.0,0.09389552787409887,13.691824160139895,13.59601239700306,True,,,0.2,0.07,0.084
2020-08-28 20:00:00+00:00,0.0842273889329701,0.0,0.0842273889329701,13.59601239700306,13.510066081765336,True,,,0.2,0.07,0.084
2020-08-28 21:00:00+00:00,0.16489761124981764,0.0,0.16489761124981764,13.510066081765336,13.341803213143073,True,,,0.2,0.07,0.084
2020-08-28 22:00:00+00:00,0.08490011107656703,0.0,0.08490011107656703,13.341803213143073,13.255170446738413,True,,,0.2,0.07,0.084
2020-08-28 23:00:00+00:00,0.1352964723428092,0.0,0.1352964723428092,13.255170446738413,13.117112821898813,True,,,0.2,0.07,0.084
2020-08-29 00:00:00+00:00,0.15305244445270969,0.0,0.15305244445270969,13.117112821898813,12.960936858171557,True,,,0.2,0.07,0.084
2020-08-29 01:00:00+00:00,0.0948084722333486,0.0,0.0948084722333486,12.960936858171557,12.864193519157936,True,,,0.2,0.07,0.084
2020-08-29 02:00:00+00:00,0.17038269445631232,0.0,0.17038269445631232,12.864193519157936,12.690333626855576,True,,,0.2,0.07,0.084
2020-08-29 03:00:00+00:00,0.08703752770688795,0.0,0.08703752770688795,12.690333626855576,12.601519823073037,True,,,0.2,0.07,0.084
2020-08-29 04:00:00+00:00,0.05020536228322445,0.0,0.05020536228322445,12.601519823073037,12.550289861559543,True,,,0.3,0.1,0.084
2020-08-29 05:00:00+00:00,-0.1628986726067532,0.0,-0.1628986726067532,12.550289861559543,12.709930560714161,True,,,0.3,0.1,0.084
2020-08-29 06:00:00+00:00,-1.1123157543733055,-0.27972775523289495,-1.3920435096062005,12.709930560714161,13.8,True,,,0.3,0.1,0.084
2020-08-29 07:00:00+00:00,-0.0,-2.728459224351978,-2.728459224351978,13.8,13.8,True,,,0.3,0.1,0.084
2020-08-29 08:00:00+00:00,-0.0,-3.6119544015666993,-3.6119544015666993,13.8,13.8,True,,,0.3,0.1,0.084
2020-08-29 09:00:00+00:00,-0.0,-3.9619921177094923,-3.9619921177094923,13.8,13.8,True,,,0.3,0.1,0.084
2020-08-29 10:00:00+00:00,-0.0,-0.7455840356034795,-0.7455840356034795,13.8,13.8,True,,,0.3,0.1,0.084
2020-08-29 11:00:00+00:00,-0.0,-3.0486307069057705,-3.0486307069057705,13.8,13.8,True,,,0.3,0.1,0.084
2020-08-29 12:00:00+00:00,-0.0,-2.7097894127778166,-2.7097894127778166,13.8,13.8,True,,,0.3,0.1,0.084
2020-08-29 13:00:00+00:00,-0.0,-4.580824581346841,-4.580824581346841,13.8,13.8,True,,,0.3,0.1,0.084
2020-08-29 14:00:00+00:00,-0.0,-2.963476097432955,-2.963476097432955,13.8,13.8,True,,,0.3,0.1,0.084
2020-08-29 15:00:00+00:00,-0.0,-1.046901799904432,-1.046901799904432,13.8,13.8,True,,,0.4,0.18,0.084
2020-08-29 16:00:00+00:00,-0.0,-0.3377226418002813,-0.3377226418002813,13.8,13.8,True,,,0.4,0.18,0.084
2020-08-29 17:00:00+00:00,-0.0,-0.060372865222696935,-0.060372865222696935,13.8,13.8,True,,,0.4,0.18,0.084
2020-08-29 18:00:00+00:00,0.09545084468962148,0.0,0.09545084468962148,13.8,13.702601178888141,True,,,0.4,0.18,0.084
2020-08-29 19:00:00+00:00,0.13160258343484654,0.0,0.13160258343484654,13.702601178888141,13.56831282844442,True,,,0.2,0.07,0.084
2020-08-29 20:00:00+00:00,0.0668693333148956,0.0,0.0668693333148956,13.56831282844442,13.500078814857792,True,,,0.2,0.07,0.084
2020-08-29 21:00:00+00:00,0.12258755554358158,0.0,0.12258755554358158,13.500078814857792,13.374989472466382,True,,,0.2,0.07,0.084
2020-08-29 22:00:00+00:00,0.11670030550161996,0.0,0.11670030550161996,13.374989472466382,13.255907528076973,True,,,0.2,0.07,0.084
2020-08-29 23:00:00+00:00,0.0638803333335452,0.0,0.0638803333335452,13.255907528076973,13.190723514471314,True,,,0.2,0.07,0.084
2020-08-30 00:00:00+00:00,0.15727072217199517,0.0,0.15727072217199517,13.190723514471314,13.03024318572438,True,,,0.2,0.07,0.084
2020-08-30 01:00:00+00:00,0.10633958347903341,0.0,0.10633958347903341,13.03024318572438,12.921733406664142,True,,,0.2,0.07,0.084
2020-08-30 02:00:00+00:00,0.09911691657437208,0.0,0.09911691657437208,12.921733406664142,12.820593695873967,True,,,0.2,0.07,0.084
2020-08-30 03:00:00+00:00,0.14675730571481926,0.0,0.14675730571481926,12.820593695873967,12.670841343103744,True,,,0.2,0.07,0.084
2020-08-30 04:00:00+00:00,0.015680081263447176,0.0,0.015680081263447176,12.670841343103744,12.65484126018186,True,,,0.3,0.1,0.084
2020-08-30 05:00:00+00:00,-0.2521470268484279,0.0,-0.2521470268484279,12.65484126018186,12.901945346493319,True,,,0.3,0.1,0.084
2020-08-30 06:00:00+00:00,-0.9163822994966141,-0.501033799278738,-1.4174160987753521,12.901945346493319,13.8,True,,,0.3,0.1,0.084
2020-08-30 07:00:00+00:00,-0.0,-2.645607196297317,-2.645607196297317,13.8,13.8,True,,,0.3,0.1,0.084
2020-08-30 08:00:00+00:00,-0.0,-2.3522342117931654,-2.3522342117931654,13.8,13.8,True,,,0.3,0.1,0.084
2020-08-30 09:00:00+00:00,-0.0,-3.548475667588282,-3.548475667588282,13.8,13.8,True,,,0.3,0.1,0.084
2020-08-30 10:00:00+00:00,-0.0,-4.00133046469661,-4.00133046469661,13.8,13.8,True,,,0.3,0.1,0.084
2020-08-30 11:00:00+00:00,-0.0,-2.5334142497910395,-2.5334142497910395,13.8,13.8,True,,,0.3,0.1,0.084
2020-08-30 12:00:00+00:00,-0.0,-2.646526891786294,-2.646526891786294,13.8,13.8,True,,,0.3,0.1,0.084
2020-08-30 13:00:00+00:00,-0.0,-3.698176384272338,-3.698176384272338,13.8,13.8,True,,,0.3,0.1,0.084
2020-08-30 14:00:00+00:00,-0.0,-1.6327892539462823,-1.6327892539462823,13.8,13.8,True,,,0.3,0.1,0.084
2020-08-30 15:00:00+00:00,-0.0,-0.5603615315796316,-0.5603615315796316,13.8,13.8,True,,,0.4,0.18,0.084
2020-08-30 16:00:00+00:00,0.027291329787700144,0.0,0.027291329787700144,13.8,13.772151704298265,True,,,0.4,0.18,0.084
2020-08-30 17:00:00+00:00,0.06407897804002662,0.0,0.06407897804002662,13.772151704298265,13.706764992012523,True,,,0.4,0.18,0.084
2020-08-30 18:00:00+00:00,0.08302875956794759,0.0,0.08302875956794759,13.706764992012523,13.622041767963598,True,,,0.4,0.18,0.084
2020-08-30 19:00:00+00:00,0.12860716679626033,0.0,0.12860716679626033,13.622041767963598,13.490809965110271,True,,,0.2,0.07,0.084
2020-08-30 20:00:00+00:00,0.08760372206634943,0.0,0.08760372206634943,13.490809965110271,13.401418411981343,True,,,0.2,0.07,0.084
2020-08-30 21:00:00+00:00,0.0891308053361045,0.0,0.0891308053361045,13.401418411981343,13.31046861061797,True,,,0.2,0.07,0.084
2020-08-30 22:00:00+00:00,0.14000402806599924,0.0,0.14000402806599924,13.31046861061797,13.1676073574894,True,,,0.2,0.07,0.084
2020-08-30 23:00:00+00:00,0.061974888973765935,0.0,0.061974888973765935,13.1676073574894,13.104367674863107,True,,,0.2,0.07,0.084
2020-08-31 00:00:00+00:00,0.1308762500948373,0.0,0.1308762500948373,13.104367674863107,12.970820480888785,True,,,0.2,0.07,0.084
2020-08-31 01:00:00+00:00,0.15193563881715128,0.0,0.15193563881715128,12.970820480888785,12.815784114748835,True,,,0.2,0.07,0.084
2020-08-31 02:00:00+00:00,0.07676830557982127,0.0,0.07676830557982127,12.815784114748835,12.73744910905514,True,,,0.2,0.07,0.084
2020-08-31 03:00:00+00:00,0.16235772203604376,0.0,0.16235772203604376,12.73744910905514,12.571777964120402,True,,,0.2,0.07,0.084
2020-08-31 04:00:00+00:00,0.06476274987856538,0.0,0.06476274987856538,12.571777964120402,12.505693525468805,True,,,0.3,0.1,0.084
2020-08-31 05:00:00+00:00,-0.06692006898967716,0.0,-0.06692006898967716,12.505693525468805,12.571275193078689,True,,,0.3,0.1,0.084
2020-08-31 06:00:00+00:00,-0.60354846391349,0.0,-0.60354846391349,12.571275193078689,13.16275268771391,True,,,0.3,0.1,0.084
2020-08-31 07:00:00+00:00,-0.5526163592649146,0.0,-0.5526163592649146,13.16275268771391,13.704316719793527,True,,,0.3,0.1,0.084
2020-08-31 08:00:00+00:00,-0.09763600021068797,-1.0988715365880046,-1.1965075367986926,13.704316719793527,13.8,True,,,0.3,0.1,0.084
2020-08-31 09:00:00+00:00,-0.0,-2.621605297042949,-2.621605297042949,13.8,13.8,True,,,0.3,0.1,0.084
2020-08-31 10:00:00+00:00,-0.0,-3.8344890199685007,-3.8344890199685007,13.8,13.8,True,,,0.3,0.1,0.084
2020-08-31 11:00:00+00:00,-0.0,-4.58137866133931,-4.58137866133931,13.8,13.8,True,,,0.3,0.1,0.084
2020-08-31 12:00:00+00:00,-0.0,-3.288934941587412,-3.288934941587412,13.8,13.8,True,,,0.3,0.1,0.084
2020-08-31 13:00:00+00:00,-0.0,-2.081127510591394,-2.081127510591394,13.8,13.8,True,,,0.3,0.1,0.084
2020-08-31 14:00:00+00:00,-0.0,-0.6879203910623015,-0.6879203910623015,13.8,13.8,True,,,0.3,0.1,0.084
2020-08-31 15:00:00+00:00,-0.0,-0.6082618448142348,-0.6082618448142348,13.8,13.8,True,,,0.4,0.18,0.084
2020-08-31 16:00:00+00:00,-0.0,-0.36165077679915447,-0.36165077679915447,13.8,13.8,True,,,0.4,0.18,0.084
2020-08-31 17:00:00+00:00,-0.0,-0.02351401232293735,-0.02351401232293735,13.8,13.8,True,,,0.4,0.18,0.084
2020-08-31 18:00:00+00:00,0.10142042433448202,0.0,0.10142042433448202,13.8,13.696509771087264,True,,,0.4,0.18,0.084
2020-08-31 19:00:00+00:00,0.14785383332835295,0.0,0.14785383332835295,13.696509771087264,13.545638512588944,True,,,0.2,0.07,0.084
2020-08-31 20:00:00+00:00,0.126994083234999,0.0,0.126994083234999,13.545638512588944,13.416052713369558,True,,,0.2,0.07,0.084
2020-08-31 21:00:00+00:00,0.09769311092429694,0.0,0.09769311092429694,13.416052713369558,13.316365865487622,True,,,0.2,0.07,0.084
2020-08-31 22:00:00+00:00,0.13872122248278732,0.0,0.13872122248278732,13.316365865487622,13.174813597648043,True,,,0.2,0.07,0.084
2020-08-31 23:00:00+00:00,0.06768400007353893,0.0,0.06768400007353893,13.174813597648043,13.105748291450555,True,,,0.2,0.07,0.084
2020-09-01 00:00:00+00:00,0.11300597222646053,0.0,0.11300597222646053,13.105748291450555,12.990436074892942,True,,,0.2,0.07,0.084
2020-09-01 01:00:00+00:00,0.15908886091179336,0.0,0.15908886091179336,12.990436074892942,12.82810050253397,True,,,0.2,0.07,0.084
2020-09-01 02:00:00+00:00,0.06229452779822884,0.0,0.06229452779822884,12.82810050253397,12.7645346578419,True,,,0.2,0.07,0.084
2020-09-01 03:00:00+00:00,0.1529852779044045,0.0,0.1529852779044045,12.7645346578419,12.608427231408834,True,,,0.2,0.07,0.084
2020-09-01 04:00:00+00:00,0.05266726822222781,0.0,0.05266726822222781,12.608427231408834,12.55468512097799,True,,,0.3,0.1,0.084
2020-09-01 05:00:00+00:00,-0.13409781893605915,0.0,-0.13409781893605915,12.55468512097799,12.686100983535328,True,,,0.3,0.1,0.084
2020-09-01 06:00:00+00:00,-1.136631649453748,-0.16369517514975307,-1.3003268246035011,12.686100983535328,13.8,True,,,0.3,0.1,0.084
2020-09-01 07:00:00+00:00,-0.0,-2.0290635967570703,-2.0290635967570703,13.8,13.8,True,,,0.3,0.1,0.084
2020-09-01 08:00:00+00:00,-0.0,-2.364456121207654,-2.364456121207654,13.8,13.8,True,,,0.3,0.1,0.084
2020-09-01 09:00:00+00:00,-0.0,-2.3793799262109845,-2.3793799262109845,13.8,13.8,True,,,0.3,0.1,0.084
2020-09-01 10:00:00+00:00,-0.0,-2.183773889859883,-2.183773889859883,13.8,13.8,True,,,0.3,0.1,0.084
2020-09-01 11:00:00+00:00,-0.0,-1.3999546017265867,-1.3999546017265867,13.8,13.8,True,,,0.3,0.1,0.084
2020-09-01 12:00:00+00:00,-0.0,-1.2257142530902594,-1.2257142530902594,13.8,13.8,True,,,0.3,0.1,0.084
2020-09-01 13:00:00+00:00,-0.0,-0.6188616971344784,-0.6188616971344784,13.8,13.8,True,,,0.3,0.1,0.084
2020-09-01 14:00:00+00:00,-0.0,-0.8236532644114732,-0.8236532644114732,13.8,13.8,True,,,0.3,0.1,0.084
2020-09-01 15:00:00+00:00,-0.0,-0.5867309052555955,-0.5867309052555955,13.8,13.8,True,,,0.4,0.18,0.084
2020-09-01 16:00:00+00:00,-0.0,-0.22487990480885206,-0.22487990480885206,13.8,13.8,True,,,0.4,0.18,0.084
2020-09-01 17:00:00+00:00,-0.0,-0.0015284425171855564,-0.0015284425171855564,13.8,13.8,True,,,0.4,0.18,0.084
2020-09-01 18:00:00+00:00,0.08736306800257645,0.0,0.08736306800257645,13.8,13.710854012242269,True,,,0.4,0.18,0.084
2020-09-01 19:00:00+00:00,0.14588408321274668,0.0,0.14588408321274668,13.710854012242269,13.561992702841508,True,,,0.2,0.07,0.084
2020-09-01 20:00:00+00:00,0.12420983350012042,0.0,0.12420983350012042,13.561992702841508,13.435247974780161,True,,,0.2,0.07,0.084
2020-09-01 21:00:00+00:00,0.08620866672727798,0.0,0.08620866672727798,13.435247974780161,13.347279947507428,True,,,0.2,0.07,0.084
2020-09-01 22:00:00+00:00,0.14318052757845995,0.0,0.14318052757845995,13.347279947507428,13.201177368345734,True,,,0.2,0.07,0.084
2020-09-01 23:00:00+00:00,0.061889388860596604,0.0,0.061889388860596604,13.201177368345734,13.13802493073288,True,,,0.2,0.07,0.084
2020-09-02 00:00:00+00:00,0.11681425000826502,0.0,0.11681425000826502,13.13802493073288,13.018826716438733,True,,,0.2,0.07,0.084
2020-09-02 01:00:00+00:00,0.1471687223937778,0.0,0.1471687223937778,13.018826716438733,12.868654550730797,True,,,0.2,0.07,0.084
2020-09-02 02:00:00+00:00,0.0884710556401147,0.0,0.0884710556401147,12.868654550730797,12.778377963342924,True,,,0.2,0.07,0.084
2020-09-02 03:00:00+00:00,0.18294797250164876,0.0,0.18294797250164876,12.778377963342924,12.591696358749406,True,,,0.2,0.07,0.084
2020-09-02 04:00:00+00:00,0.04920009854159593,0.0,0.04920009854159593,12.591696358749406,12.541492176564104,True,,,0.3,0.1,0.084
2020-09-02 05:00:00+00:00,-0.14587241990146063,0.0,-0.14587241990146063,12.541492176564104,12.684447148067536,True,,,0.3,0.1,0.084
2020-09-02 06:00:00+00:00,-0.44971977806091296,0.0,-0.44971977806091296,12.684447148067536,13.12517253056723,True,,,0.3,0.1,0.084
2020-09-02 07:00:00+00:00,-0.6885994586048678,-0.6700505585916887,-1.3586500171965565,13.12517253056723,13.8,True,,,0.3,0.1,0.084
2020-09-02 08:00:00+00:00,-0.0,-3.138446054577462,-3.138446054577462,13.8,13.8,True,,,0.3,0.1,0.084
2020-09-02 09:00:00+00:00,-0.0,-4.3446678611702385,-4.3446678611702385,13.8,13.8,True,,,0.3,0.1,0.084
2020-09-02 10:00:00+00:00,-0.0,-3.7979477768338046,-3.7979477768338046,13.8,13.8,True,,,0.3,0.1,0.084
2020-09-02 11:00:00+00:00,-0.0,-4.031446932941926,-4.031446932941926,13.8,13.8,True,,,0.3,0.1,0.084
2020-09-02 12:00:00+00:00,-0.0,-4.360052068914125,-4.360052068914125,13.8,13.8,True,,,0.3,0.1,0.084
2020-09-02 13:00:00+00:00,-0.0,-4.579359468408288,-4.579359468408288,13.8,13.8,True,,,0.3,0.1,0.084
2020-09-02 14:00:00+00:00,-0.0,-3.5896222386210357,-3.5896222386210357,13.8,13.8,True,,,0.3,0.1,0.084
2020-09-02 15:00:00+00:00,-0.0,-2.3084539302029374,-2.3084539302029374,13.8,13.8,True,,,0.4,0.18,0.084
2020-09-02 16:00:00+00:00,-0.0,-0.9471460357085955,-0.9471460357085955,13.8,13.8,True,,,0.4,0.18,0.084
2020-09-02 17:00:00+00:00,-0.0,-0.07094164348890943,-0.07094164348890943,13.8,13.8,True,,,0.4,0.18,0.084
2020-09-02 18:00:00+00:00,0.11014394520955086,0.0,0.11014394520955086,13.8,13.687608219173928,True,,,0.4,0.18,0.084
2020-09-02 19:00:00+00:00,0.09466466671095951,0.0,0.09466466671095951,13.687608219173928,13.591011620489276,True,,,0.2,0.07,0.084
2020-09-02 20:00:00+00:00,0.08549349988301592,0.0,0.08549349988301592,13.591011620489276,13.503773355302524,True,,,0.2,0.07,0.084
2020-09-02 21:00:00+00:00,0.12296999985112086,0.0,0.12296999985112086,13.503773355302524,13.378293763617707,True,,,0.2,0.07,0.084
2020-09-02 22:00:00+00:00,0.1021147223075231,0.0,0.1021147223075231,13.378293763617707,13.27409506738554,True,,,0.2,0.07,0.084
2020-09-02 23:00:00+00:00,0.08514361113177409,0.0,0.08514361113177409,13.27409506738554,13.187213831536791,True,,,0.2,0.07,0.084
2020-09-03 00:00:00+00:00,0.1293589446624121,0.0,0.1293589446624121,13.187213831536791,13.05521490841188,True,,,0.2,0.07,0.084
2020-09-03 01:00:00+00:00,0.10234433324601891,0.0,0.10234433324601891,13.05521490841188,12.950781915303697,True,,,0.2,0.07,0.084
2020-09-03 02:00:00+00:00,0.14618522204558085,0.0,0.14618522204558085,12.950781915303697,12.801613321379635,True,,,0.2,0.07,0.084
2020-09-03 03:00:00+00:00,0.11832952769067533,0.0,0.11832952769067533,12.801613321379635,12.680868905368742,True,,,0.2,0.07,0.084
2020-09-03 04:00:00+00:00,0.05650453251385617,0.0,0.05650453251385617,12.680868905368742,12.623211219130113,True,,,0.3,0.1,0.084
2020-09-03 05:00:00+00:00,-0.2994232360016799,0.0,-0.2994232360016799,12.623211219130113,12.916645990411759,True,,,0.3,0.1,0.084
2020-09-03 06:00:00+00:00,-0.9013816424369816,-0.02015247335351711,-0.9215341157904987,12.916645990411759,13.8,True,,,0.3,0.1,0.084
2020-09-03 07:00:00+00:00,-0.0,-1.2637058581182328,-1.2637058581182328,13.8,13.8,True,,,0.3,0.1,0.084
2020-09-03 08:00:00+00:00,-0.0,-1.3154385691031643,-1.3154385691031643,13.8,13.8,True,,,0.3,0.1,0.084
2020-09-03 09:00:00+00:00,-0.0,-1.39589128943193,-1.39589128943193,13.8,13.8,True,,,0.3,0.1,0.084
2020-09-03 10:00:00+00:00,-0.0,-1.114031466638174,-1.114031466638174,13.8,13.8,True,,,0.3,0.1,0.084
2020-09-03 11:00:00+00:00,-0.0,-1.1480810899813056,-1.1480810899813056,13.8,13.8,True,,,0.3,0.1,0.084
2020-09-03 12:00:00+00:00,-0.0,-0.9391258562626054,-0.9391258562626054,13.8,13.8,True,,,0.3,0.1,0.084
2020-09-03 13:00:00+00:00,-0.0,-0.8352165373176451,-0.8352165373176451,13.8,13.8,True,,,0.3,0.1,0.084
2020-09-03 14:00:00+00:00,-0.0,-0.26306521545260353,-0.26306521545260353,13.8,13.8,True,,,0.3,0.1,0.084
2020-09-03 15:00:00+00:00,-0.0,-0.10310232761216821,-0.10310232761216821,13.8,13.8,True,,,0.4,0.18,0.084
2020-09-03 16:00:00+00:00,-0.0,-0.0039054837297205543,-0.0039054837297205543,13.8,13.8,True,,,0.4,0.18,0.084
2020-09-03 17:00:00+00:00,0.10073567983820983,0.0,0.10073567983820983,13.8,13.69720848996101,True,,,0.4,0.18,0.084
2020-09-03 18:00:00+00:00,0.08524313880602516,0.0,0.08524313880602516,13.69720848996101,13.610225695260985,True,,,0.4,0.18,0.084
2020-09-03 19:00:00+00:00,0.6853110266155664,0.0,0.6853110266155664,13.610225695260985,12.910928729326733,True,,,0.2,0.07,0.084
2020-09-03 20:00:00+00:00,5.0,1.1166369949976644,6.1166369949976644,12.910928729326733,7.808887913000202,True,,,0.2,0.07,0.084
2020-09-03 21:00:00+00:00,2.566930332840813,0.0,2.566930332840813,7.808887913000202,5.189571246836107,True,,,0.2,0.07,0.084
2020-09-03 22:00:00+00:00,0.14128822218577047,0.0,0.14128822218577047,5.189571246836107,5.045399591544505,True,,,0.2,0.07,0.084
2020-09-03 23:00:00+00:00,0.08472625002331192,0.0,0.08472625002331192,5.045399591544505,4.95894423437786,True,,,0.2,0.07,0.084
2020-09-04 00:00:00+00:00,0.07903638878133568,0.0,0.07903638878133568,4.95894423437786,4.878294858070374,True,,,0.2,0.07,0.084
2020-09-04 01:00:00+00:00,0.15670816691186681,0.0,0.15670816691186681,4.878294858070374,4.718388565303163,True,,,0.2,0.07,0.084
2020-09-04 02:00:00+00:00,0.0841748890135023,0.0,0.0841748890135023,4.718388565303163,4.632495821411834,True,,,0.2,0.07,0.084
2020-09-04 03:00:00+00:00,0.1669570556375715,0.0,0.1669570556375715,4.632495821411834,4.462131478924516,True,,,0.2,0.07,0.084
2020-09-04 04:00:00+00:00,0.08197749990887117,0.0,0.08197749990887117,4.462131478924516,4.378480968813423,True,,,0.3,0.1,0.084
2020-09-04 05:00:00+00:00,0.048366718296072884,0.0,0.048366718296072884,4.378480968813423,4.329127174633757,True,,,0.3,0.1,0.084
2020-09-04 06:00:00+00:00,-0.3164260583358708,0.0,-0.3164260583358708,4.329127174633757,4.63922471180291,True,,,0.3,0.1,0.084
2020-09-04 07:00:00+00:00,-0.5217004023232223,0.0,-0.5217004023232223,4.63922471180291,5.150491106079668,True,,,0.3,0.1,0.084
2020-09-04 08:00:00+00:00,-1.740671345869152,0.0,-1.740671345869152,5.150491106079668,6.856349025031437,True,,,0.3,0.1,0.084
2020-09-04 09:00:00+00:00,-3.2576589462155128,0.0,-3.2576589462155128,6.856349025031437,10.04885479232264,True,,,0.3,0.1,0.084
2020-09-04 10:00:00+00:00,-1.9309577521282137,0.0,-1.9309577521282137,10.04885479232264,11.941193389408289,True,,,0.3,0.1,0.084
2020-09-04 11:00:00+00:00,-1.8967414393792978,-0.7565379035326854,-2.653279342911983,11.941193389408289,13.8,True,,,0.3,0.1,0.084
2020-09-04 12:00:00+00:00,-0.0,-2.708226356904898,-2.708226356904898,13.8,13.8,True,,,0.3,0.1,0.084
2020-09-04 13:00:00+00:00,-0.0,-3.91732049782468,-3.91732049782468,13.8,13.8,True,,,0.3,0.1,0.084
2020-09-04 14:00:00+00:00,-0.0,-2.152027294165147,-2.152027294165147,13.8,13.8,True,,,0.3,0.1,0.084
2020-09-04 15:00:00+00:00,-0.0,-0.8645749517189597,-0.8645749517189597,13.8,13.8,True,,,0.4,0.18,0.084
2020-09-04 16:00:00+00:00,-0.0,-0.10089676455939801,-0.10089676455939801,13.8,13.8,True,,,0.4,0.18,0.084
2020-09-04 17:00:00+00:00,0.6956912958448426,0.0,0.6956912958448426,13.8,13.090110922607304,True,,,0.4,0.18,0.084
2020-09-04 18:00:00+00:00,0.7370383319313957,0.0,0.7370383319313957,13.090110922607304,12.338030992065063,True,,,0.4,0.18,0.084
2020-09-04 19:00:00+00:00,0.17084430560800776,0.0,0.17084430560800776,12.338030992065063,12.16370006797526,True,,,0.2,0.07,0.084
2020-09-04 20:00:00+00:00,0.17196044474707697,0.0,0.17196044474707697,12.16370006797526,11.98823022639661,True,,,0.2,0.07,0.084
2020-09-04 21:00:00+00:00,0.17629941698710133,0.0,0.17629941698710133,11.98823022639661,11.808332862124058,True,,,0.2,0.07,0.084
2020-09-04 22:00:00+00:00,0.059979027790493515,0.0,0.059979027790493515,11.808332862124058,11.747129772541921,True,,,0.2,0.07,0.084
2020-09-04 23:00:00+00:00,0.14729527764850173,0.0,0.14729527764850173,11.747129772541921,11.596828468818961,True,,,0.2,0.07,0.084
2020-09-05 00:00:00+00:00,0.09536283334096264,0.0,0.09536283334096264,11.596828468818961,11.499519455205734,True,,,0.2,0.07,0.084
2020-09-05 01:00:00+00:00,0.12173372243245434,0.0,0.12173372243245434,11.499519455205734,11.375301371090984,True,,,0.2,0.07,0.084
2020-09-05 02:00:00+00:00,0.16713036098215325,0.0,0.16713036098215325,11.375301371090984,11.204760186415317,True,,,0.2,0.07,0.084
2020-09-05 03:00:00+00:00,0.05959497217072375,0.0,0.05959497217072375,11.204760186415317,11.143948990322741,True,,,0.2,0.07,0.084
2020-09-05 04:00:00+00:00,0.13411888870663108,0.0,0.13411888870663108,11.143948990322741,11.007092981438424,True,,,0.3,0.1,0.084
2020-09-05 05:00:00+00:00,0.2750905460612528,0.0,0.2750905460612528,11.007092981438424,10.72638834260041,True,,,0.3,0.1,0.084
2020-09-05 06:00:00+00:00,0.023928732658802878,0.0,0.023928732658802878,10.72638834260041,10.701971268458776,True,,,0.3,0.1,0.084
2020-09-05 07:00:00+00:00,-0.07014185443198556,0.0,-0.07014185443198556,10.701971268458776,10.77071028580212,True,,,0.3,0.1,0.084
2020-09-05 08:00:00+00:00,-0.6060466312273253,0.0,-0.6060466312273253,10.77071028580212,11.364635984404899,True,,,0.3,0.1,0.084
2020-09-05 09:00:00+00:00,-0.6957345450546556,0.0,-0.6957345450546556,11.364635984404899,12.046455838558462,True,,,0.3,0.1,0.084
2020-09-05 10:00:00+00:00,-0.09506009729986445,0.0,-0.09506009729986445,12.046455838558462,12.139614733912328,True,,,0.3,0.1,0.084
2020-09-05 11:00:00+00:00,-0.4469570437652404,0.0,-0.4469570437652404,12.139614733912328,12.577632636802264,True,,,0.3,0.1,0.084
2020-09-05 12:00:00+00:00,-0.5186467077703767,0.0,-0.5186467077703767,12.577632636802264,13.085906410417232,True,,,0.3,0.1,0.084
2020-09-05 13:00:00+00:00,-0.7286669281456821,-0.12337133712287363,-0.8520382652685558,13.085906410417232,13.8,True,,,0.3,0.1,0.084
2020-09-05 14:00:00+00:00,-0.0,-3.192328730594427,-3.192328730594427,13.8,13.8,True,,,0.3,0.1,0.084
2020-09-05 15:00:00+00:00,-0.0,-0.4700024883994657,-0.4700024883994657,13.8,13.8,True,,,0.4,0.18,0.084
2020-09-05 16:00:00+00:00,-0.0,-0.12626710443505848,-0.12626710443505848,13.8,13.8,True,,,0.4,0.18,0.084
2020-09-05 17:00:00+00:00,0.1401275685732392,0.0,0.1401275685732392,13.8,13.657012685129349,True,,,0.4,0.18,0.084
2020-09-05 18:00:00+00:00,0.06938375569403858,0.0,0.06938375569403858,13.657012685129349,13.586212934421146,True,,,0.4,0.18,0.084
2020-09-05 19:00:00+00:00,0.12295069421662223,0.0,0.12295069421662223,13.586212934421146,13.460753042363368,True,,,0.2,0.07,0.084
2020-09-05 20:00:00+00:00,0.11858861099614039,0.0,0.11858861099614039,13.460753042363368,13.339744255632613,True,,,0.2,0.07,0.084
2020-09-05 21:00:00+00:00,0.1410928335825604,0.0,0.1410928335825604,13.339744255632613,13.195771976466736,True,,,0.2,0.07,0.084
2020-09-05 22:00:00+00:00,0.21779466628233607,0.0,0.21779466628233607,13.195771976466736,12.973532521076597,True,,,0.2,0.07,0.084
2020-09-05 23:00:00+00:00,0.08341536109182571,0.0,0.08341536109182571,12.973532521076597,12.888414805676776,True,,,0.2,0.07,0.084
2020-09-06 00:00:00+00:00,0.12597113906012647,0.0,0.12597113906012647,12.888414805676776,12.759872827043994,True,,,0.2,0.07,0.084
2020-09-06 01:00:00+00:00,0.15254519460466182,0.0,0.15254519460466182,12.759872827043994,12.604214465202503,True,,,0.2,0.07,0.084
2020-09-06 02:00:00+00:00,0.09101119455496477,0.0,0.09101119455496477,12.604214465202503,12.51134589933009,True,,,0.2,0.07,0.084
2020-09-06 03:00:00+00:00,0.13545969405704075,0.0,0.13545969405704075,12.51134589933009,12.373121721720864,True,,,0.2,0.07,0.084
2020-09-06 04:00:00+00:00,0.06971954031465612,0.0,0.06971954031465612,12.373121721720864,12.301979333644685,True,,,0.3,0.1,0.084
2020-09-06 05:00:00+00:00,-0.17067383417324994,0.0,-0.17067383417324994,12.301979333644685,12.469239691134469,True,,,0.3,0.1,0.084
2020-09-06 06:00:00+00:00,-0.5820123832779384,0.0,-0.5820123832779384,12.469239691134469,13.039611826746848,True,,,0.3,0.1,0.084
2020-09-06 07:00:00+00:00,-0.7759062992379112,-1.8107706060479898,-2.586676905285901,13.039611826746848,13.8,True,,,0.3,0.1,0.084
2020-09-06 08:00:00+00:00,-0.0,-3.8428202248610748,-3.8428202248610748,13.8,13.8,True,,,0.3,0.1,0.084
2020-09-06 09:00:00+00:00,-0.0,-4.30844383911511,-4.30844383911511,13.8,13.8,True,,,0.3,0.1,0.084
2020-09-06 10:00:00+00:00,-0.0,-4.029692922676477,-4.029692922676477,13.8,13.8,True,,,0.3,0.1,0.084
2020-09-06 11:00:00+00:00,-0.0,-3.6551612167071568,-3.6551612167071568,13.8,13.8,True,,,0.3,0.1,0.084
2020-09-06 12:00:00+00:00,-0.0,-3.050439019064794,-3.050439019064794,13.8,13.8,True,,,0.3,0.1,0.084
2020-09-06 13:00:00+00:00,-0.0,-2.3492813936622667,-2.3492813936622667,13.8,13.8,True,,,0.3,0.1,0.084
2020-09-06 14:00:00+00:00,-0.0,-1.3869228682013766,-1.3869228682013766,13.8,13.8,True,,,0.3,0.1,0.084
2020-09-06 15:00:00+00:00,-0.0,-0.7891726869103555,-0.7891726869103555,13.8,13.8,True,,,0.4,0.18,0.084
2020-09-06 16:00:00+00:00,0.16658708599782926,0.0,0.16658708599782926,13.8,13.630013177553236,True,,,0.4,0.18,0.084
2020-09-06 17:00:00+00:00,0.07467742150277469,0.0,0.07467742150277469,13.630013177553236,13.5538117270402,True,,,0.4,0.18,0.084
2020-09-06 18:00:00+00:00,0.1836571571684433,0.0,0.1836571571684433,13.5538117270402,13.366406464623422,True,,,0.4,0.18,0.084
2020-09-06 19:00:00+00:00,0.20876952815320762,0.0,0.20876952815320762,13.366406464623422,13.153376333854842,True,,,0.2,0.07,0.084
2020-09-06 20:00:00+00:00,0.1191793330086603,0.0,0.1191793330086603,13.153376333854842,13.03176476956029,True,,,0.2,0.07,0.084
2020-09-06 21:00:00+00:00,0.1542002776384351,0.0,0.1542002776384351,13.03176476956029,12.874417547480254,True,,,0.2,0.07,0.084
2020-09-06 22:00:00+00:00,0.07673191665543456,0.0,0.07673191665543456,12.874417547480254,12.796119673342055,True,,,0.2,0.07,0.084
2020-09-06 23:00:00+00:00,0.10013427786032361,0.0,0.10013427786032361,12.796119673342055,12.693941838790705,True,,,0.2,0.07,0.084
2020-09-07 00:00:00+00:00,0.13077116681204914,0.0,0.13077116681204914,12.693941838790705,12.56050187265596,True,,,0.2,0.07,0.084
2020-09-07 01:00:00+00:00,0.08696861122449236,0.0,0.08696861122449236,12.56050187265596,12.471758391814642,True,,,0.2,0.07,0.084
2020-09-07 02:00:00+00:00,0.1917918888966241,0.0,0.1917918888966241,12.471758391814642,12.276052382736454,True,,,0.2,0.07,0.084
2020-09-07 03:00:00+00:00,1.036536777189043,0.0,1.036536777189043,12.276052382736454,11.218361793768043,True,,,0.2,0.07,0.084
2020-09-07 04:00:00+00:00,0.9418775465459215,0.0,0.9418775465459215,11.218361793768043,10.257262256476286,True,,,0.3,0.1,0.084
2020-09-07 05:00:00+00:00,-0.055010840744716676,0.0,-0.055010840744716676,10.257262256476286,10.311172880406108,True,,,0.3,0.1,0.084
2020-09-07 06:00:00+00:00,-1.2217551856643853,0.0,-1.2217551856643853,10.311172880406108,11.508492962357206,True,,,0.3,0.1,0.084
2020-09-07 07:00:00+00:00,-2.1920348048842277,0.0,-2.1920348048842277,11.508492962357206,13.656687071143748,True,,,0.3,0.1,0.084
2020-09-07 08:00:00+00:00,-0.14623768250637983,-2.671072196867119,-2.817309879373499,13.656687071143748,13.8,True,,,0.3,0.1,0.084
2020-09-07 09:00:00+00:00,-0.0,-4.309512441596948,-4.309512441596948,13.8,13.8,True,,,0.3,0.1,0.084
2020-09-07 10:00:00+00:00,-0.0,-4.158327098462864,-4.158327098462864,13.8,13.8,True,,,0.3,0.1,0.084
2020-09-07 11:00:00+00:00,-0.0,-4.923189742403286,-4.923189742403286,13.8,13.8,True,,,0.3,0.1,0.084
2020-09-07 12:00:00+00:00,-0.0,-3.9266013054582802,-3.9266013054582802,13.8,13.8,True,,,0.3,0.1,0.084
2020-09-07 13:00:00+00:00,-0.0,-4.499151450130218,-4.499151450130218,13.8,13.8,True,,,0.3,0.1,0.084
2020-09-07 14:00:00+00:00,-0.0,-3.181687467758683,-3.181687467758683,13.8,13.8,True,,,0.3,0.1,0.084
2020-09-07 15:00:00+00:00,-0.0,-1.878572429031248,-1.878572429031248,13.8,13.8,True,,,0.4,0.18,0.084
2020-09-07 16:00:00+00:00,-0.0,-0.7260616993842912,-0.7260616993842912,13.8,13.8,True,,,0.4,0.18,0.084
2020-09-07 17:00:00+00:00,0.36383160180150326,0.0,0.36383160180150326,13.8,13.428743263467855,True,,,0.4,0.18,0.084
2020-09-07 18:00:00+00:00,0.2039410886173503,0.0,0.2039410886173503,13.428743263467855,13.220640111817497,True,,,0.4,0.18,0.084
2020-09-07 19:00:00+00:00,0.33954686081144614,0.0,0.33954686081144614,13.220640111817497,12.874163723234389,True,,,0.2,0.07,0.084
2020-09-07 20:00:00+00:00,0.2500056942092048,0.0,0.2500056942092048,12.874163723234389,12.619055872000507,True,,,0.2,0.07,0.084
2020-09-07 21:00:00+00:00,0.12023252751032519,0.0,0.12023252751032519,12.619055872000507,12.496369619438951,True,,,0.2,0.07,0.084
2020-09-07 22:00:00+00:00,0.21390741701391003,0.0,0.21390741701391003,12.496369619438951,12.278096744934961,True,,,0.2,0.07,0.084
2020-09-07 23:00:00+00:00,0.755713552649816,0.0,0.755713552649816,12.278096744934961,11.506960466720864,True,,,0.2,0.07,0.084
2020-09-08 00:00:00+00:00,0.16130236118634553,0.0,0.16130236118634553,11.506960466720864,11.342366220612348,True,,,0.2,0.07,0.084
2020-09-08 01:00:00+00:00,0.6041994162506538,0.0,0.6041994162506538,11.342366220612348,10.725836204030049,True,,,0.2,0.07,0.084
2020-09-08 02:00:00+00:00,0.31312186035050343,0.0,0.31312186035050343,10.725836204030049,10.406324101631576,True,,,0.2,0.07,0.084
2020-09-08 03:00:00+00:00,0.2255875557422637,0.0,0.2255875557422637,10.406324101631576,10.176132718221103,True,,,0.2,0.07,0.084
2020-09-08 04:00:00+00:00,0.11277801743211441,0.0,0.11277801743211441,10.176132718221103,10.061053108596496,True,,,0.3,0.1,0.084
2020-09-08 05:00:00+00:00,-0.10575061391304266,0.0,-0.10575061391304266,10.061053108596496,10.164688710231278,True,,,0.3,0.1,0.084
2020-09-08 06:00:00+00:00,-0.2768935084958643,0.0,-0.2768935084958643,10.164688710231278,10.436044348557225,True,,,0.3,0.1,0.084
2020-09-08 07:00:00+00:00,-0.6450645441647231,0.0,-0.6450645441647231,10.436044348557225,11.068207601838653,True,,,0.3,0.1,0.084
2020-09-08 08:00:00+00:00,-1.6260319110337798,0.0,-1.6260319110337798,11.068207601838653,12.661718874651758,True,,,0.3,0.1,0.084
2020-09-08 09:00:00+00:00,-1.1615113523961664,-0.008635829499791026,-1.1701471818959575,12.661718874651758,13.8,True,,,0.3,0.1,0.084
2020-09-08 10:00:00+00:00,0.2958023056241285,0.0,0.2958023056241285,13.8,13.49816091262844,True,,,0.3,0.1,0.084
2020-09-08 11:00:00+00:00,-0.30799906874648975,-0.36781989739630305,-0.6758189661427928,13.49816091262844,13.8,True,,,0.3,0.1,0.084
2020-09-08 12:00:00+00:00,-0.0,-0.9080466388940811,-0.9080466388940811,13.8,13.8,True,,,0.3,0.1,0.084
2020-09-08 13:00:00+00:00,-0.0,-1.4978117631936898,-1.4978117631936898,13.8,13.8,True,,,0.3,0.1,0.084
2020-09-08 14:00:00+00:00,1.3430817237055601,0.0,1.3430817237055601,13.8,12.429508445198408,True,,,0.3,0.1,0.084
2020-09-08 15:00:00+00:00,-0.21046112468489434,0.0,-0.21046112468489434,12.429508445198408,12.635760347389605,True,,,0.4,0.18,0.084
2020-09-08 16:00:00+00:00,0.9788502157118126,0.0,0.9788502157118126,12.635760347389605,11.636933596663265,True,,,0.4,0.18,0.084
2020-09-08 17:00:00+00:00,1.086054809789365,0.0,1.086054809789365,11.636933596663265,10.528714403000649,True,,,0.4,0.18,0.084
2020-09-08 18:00:00+00:00,0.29032416609128314,0.0,0.29032416609128314,10.528714403000649,10.232465253927911,True,,,0.4,0.18,0.084
2020-09-08 19:00:00+00:00,0.268045138584243,0.0,0.268045138584243,10.232465253927911,9.958949806392969,True,,,0.2,0.07,0.084
2020-09-08 20:00:00+00:00,0.23650805523395552,0.0,0.23650805523395552,9.958949806392969,9.717615056154239,True,,,0.2,0.07,0.084
2020-09-08 21:00:00+00:00,0.22545119463602709,0.0,0.22545119463602709,9.717615056154239,9.48756281672972,True,,,0.2,0.07,0.084
2020-09-08 22:00:00+00:00,0.18493216664526205,0.0,0.18493216664526205,9.48756281672972,9.298856524234555,True,,,0.2,0.07,0.084
2020-09-08 23:00:00+00:00,0.1350561666594611,0.0,0.1350561666594611,9.298856524234555,9.161044109275922,True,,,0.2,0.07,0.084
2020-09-09 00:00:00+00:00,0.18339558358457342,0.0,0.18339558358457342,9.161044109275922,8.973905758679418,True,,,0.2,0.07,0.084
2020-09-09 01:00:00+00:00,0.20504702760378526,0.0,0.20504702760378526,8.973905758679418,8.76467409785923,True,,,0.2,0.07,0.084
2020-09-09 02:00:00+00:00,0.2974774718284604,0.0,0.2974774718284604,8.76467409785923,8.461125657217943,True,,,0.2,0.07,0.084
2020-09-09 03:00:00+00:00,0.2264335557010437,0.0,0.2264335557010437,8.461125657217943,8.230071008543408,True,,,0.2,0.07,0.084
2020-09-09 04:00:00+00:00,0.14559652771949752,0.0,0.14559652771949752,8.230071008543408,8.08150312311535,True,,,0.3,0.1,0.084
2020-09-09 05:00:00+00:00,0.22971352661185787,0.0,0.22971352661185787,8.08150312311535,7.847101565348148,True,,,0.3,0.1,0.084
2020-09-09 06:00:00+00:00,-0.4361638409458359,0.0,-0.4361638409458359,7.847101565348148,8.274542129475067,True,,,0.3,0.1,0.084
2020-09-09 07:00:00+00:00,-1.197544907261951,0.0,-1.197544907261951,8.274542129475067,9.44813613859178,True,,,0.3,0.1,0.084
2020-09-09 08:00:00+00:00,-0.24084065279942415,0.0,-0.24084065279942415,9.44813613859178,9.684159978335215,True,,,0.3,0.1,0.084
2020-09-09 09:00:00+00:00,1.1916101319908636,0.0,1.1916101319908636,9.684159978335215,8.468231272222088,True,,,0.3,0.1,0.084
2020-09-09 10:00:00+00:00,-0.17956672171642077,0.0,-0.17956672171642077,8.468231272222088,8.64420665950418,True,,,0.3,0.1,0.084
2020-09-09 11:00:00+00:00,-2.8974844215884517,0.0,-2.8974844215884517,8.64420665950418,11.483741392660862,True,,,0.3,0.1,0.084
2020-09-09 12:00:00+00:00,-2.363529191162386,-0.9642627439338209,-3.327791935096207,11.483741392660862,13.8,True,,,0.3,0.1,0.084
2020-09-09 13:00:00+00:00,-0.0,-1.0002424273315518,-1.0002424273315518,13.8,13.8,True,,,0.3,0.1,0.084
2020-09-09 14:00:00+00:00,-0.0,-0.9200570243079087,-0.9200570243079087,13.8,13.8,True,,,0.3,0.1,0.084
2020-09-09 15:00:00+00:00,-0.0,-0.16080915830601236,-0.16080915830601236,13.8,13.8,True,,,0.4,0.18,0.084
2020-09-09 16:00:00+00:00,0.6139688688178623,0.0,0.6139688688178623,13.8,13.173501154267488,True,,,0.4,0.18,0.084
2020-09-09 17:00:00+00:00,0.26372614971668756,0.0,0.26372614971668756,13.173501154267488,12.904392838230052,True,,,0.4,0.18,0.084
2020-09-09 18:00:00+00:00,0.9355742207633122,0.0,0.9355742207633122,12.904392838230052,11.949725266022591,True,,,0.4,0.18,0.084
2020-09-09 19:00:00+00:00,0.25897438850667737,0.0,0.25897438850667737,11.949725266022591,11.685465685913737,True,,,0.2,0.07,0.084
2020-09-09 20:00:00+00:00,0.16623308295143982,0.0,0.16623308295143982,11.685465685913737,11.515840091065328,True,,,0.2,0.07,0.084
2020-09-09 21:00:00+00:00,0.231968888598018,0.0,0.231968888598018,11.515840091065328,11.27913714351633,True,,,0.2,0.07,0.084
2020-09-09 22:00:00+00:00,0.14008791629738285,0.0,0.14008791629738285,11.27913714351633,11.136190290151653,True,,,0.2,0.07,0.084
2020-09-09 23:00:00+00:00,0.15057622222900377,0.0,0.15057622222900377,11.136190290151653,10.982541083795526,True,,,0.2,0.07,0.084
2020-09-10 00:00:00+00:00,0.20939488864209937,0.0,0.20939488864209937,10.982541083795526,10.768872830079099,True,,,0.2,0.07,0.084
2020-09-10 01:00:00+00:00,0.4370956377347314,0.0,0.4370956377347314,10.768872830079099,10.322856873206923,True,,,0.2,0.07,0.084
2020-09-10 02:00:00+00:00,0.3516063049713777,0.0,0.3516063049713777,10.322856873206923,9.96407492935858,True,,,0.2,0.07,0.084
2020-09-10 03:00:00+00:00,0.1599711112022397,0.0,0.1599711112022397,9.96407492935858,9.800839101601191,True,,,0.2,0.07,0.084
2020-09-10 04:00:00+00:00,0.11310664010614273,0.0,0.11310664010614273,9.800839101601191,9.685424162717371,True,,,0.3,0.1,0.084
2020-09-10 05:00:00+00:00,-0.027552953723746682,0.0,-0.027552953723746682,9.685424162717371,9.712426057366644,True,,,0.3,0.1,0.084
2020-09-10 06:00:00+00:00,-1.0389779330610769,0.0,-1.0389779330610769,9.712426057366644,10.730624431766499,True,,,0.3,0.1,0.084
2020-09-10 07:00:00+00:00,-2.401928407824725,0.0,-2.401928407824725,10.730624431766499,13.08451427143473,True,,,0.3,0.1,0.084
2020-09-10 08:00:00+00:00,-0.7300874781278279,-1.2855025837319645,-2.0155900618597924,13.08451427143473,13.8,True,,,0.3,0.1,0.084
2020-09-10 09:00:00+00:00,-0.0,-3.676201073971379,-3.676201073971379,13.8,13.8,True,,,0.3,0.1,0.084
2020-09-10 10:00:00+00:00,-0.0,-4.056768397233861,-4.056768397233861,13.8,13.8,True,,,0.3,0.1,0.084
2020-09-10 11:00:00+00:00,-0.0,-4.077856187290341,-4.077856187290341,13.8,13.8,True,,,0.3,0.1,0.084
2020-09-10 12:00:00+00:00,-0.0,-1.8776223475881921,-1.8776223475881921,13.8,13.8,True,,,0.3,0.1,0.084
2020-09-10 13:00:00+00:00,-0.0,-1.0854044692982205,-1.0854044692982205,13.8,13.8,True,,,0.3,0.1,0.084
2020-09-10 14:00:00+00:00,-0.0,-1.4753331113285488,-1.4753331113285488,13.8,13.8,True,,,0.3,0.1,0.084
2020-09-10 15:00:00+00:00,-0.0,-1.4509520822945228,-1.4509520822945228,13.8,13.8,True,,,0.4,0.18,0.084
2020-09-10 16:00:00+00:00,-0.0,-0.7722659960599696,-0.7722659960599696,13.8,13.8,True,,,0.4,0.18,0.084
2020-09-10 17:00:00+00:00,0.687979196035635,0.0,0.687979196035635,13.8,13.097980412208537,True,,,0.4,0.18,0.084
2020-09-10 18:00:00+00:00,0.2802794440348943,0.0,0.2802794440348943,13.097980412208537,12.81198097951987,True,,,0.4,0.18,0.084
2020-09-10 19:00:00+00:00,0.211376944788297,0.0,0.211376944788297,12.81198097951987,12.596290219531811,True,,,0.2,0.07,0.084
2020-09-10 20:00:00+00:00,0.2687777221653197,0.0,0.2687777221653197,12.596290219531811,12.322027237730465,True,,,0.2,0.07,0.084
2020-09-10 21:00:00+00:00,0.30123797187275464,0.0,0.30123797187275464,12.322027237730465,12.01464155214602,True,,,0.2,0.07,0.084
2020-09-10 22:00:00+00:00,0.9063785828590394,0.0,0.9063785828590394,12.01464155214602,11.089765447187817,True,,,0.2,0.07,0.084
2020-09-10 23:00:00+00:00,5.0,0.17639898686408717,5.176398986864087,11.089765447187817,5.987724630861287,True,,,0.2,0.07,0.084
2020-09-11 00:00:00+00:00,0.16988086129029603,0.0,0.16988086129029603,5.987724630861287,5.814376813218128,True,,,0.2,0.07,0.084
2020-09-11 01:00:00+00:00,0.17150086117585508,0.0,0.17150086117585508,5.814376813218128,5.639375934467255,True,,,0.2,0.07,0.084
2020-09-11 02:00:00+00:00,0.39198366560935993,0.0,0.39198366560935993,5.639375934467255,5.239392602212806,True,,,0.2,0.07,0.084
2020-09-11 03:00:00+00:00,0.22573616581492972,0.0,0.22573616581492972,5.239392602212806,5.009049575871042,True,,,0.2,0.07,0.084
2020-09-11 04:00:00+00:00,0.13453139571604594,0.0,0.13453139571604594,5.009049575871042,4.871772641466913,True,,,0.3,0.1,0.084
2020-09-11 05:00:00+00:00,0.21376203753217396,0.0,0.21376203753217396,4.871772641466913,4.653648113372858,True,,,0.3,0.1,0.084
2020-09-11 06:00:00+00:00,-0.6322012255815714,0.0,-0.6322012255815714,4.653648113372858,5.273205314442798,True,,,0.3,0.1,0.084
2020-09-11 07:00:00+00:00,-0.5833329821831416,0.0,-0.5833329821831416,5.273205314442798,5.844871636982276,True,,,0.3,0.1,0.084
2020-09-11 08:00:00+00:00,-2.218662555733496,0.0,-2.218662555733496,5.844871636982276,8.019160941601102,True,,,0.3,0.1,0.084
2020-09-11 09:00:00+00:00,-3.514227794958804,0.0,-3.514227794958804,8.019160941601102,11.46310418066073,True,,,0.3,0.1,0.084
2020-09-11 10:00:00+00:00,-2.384587570754358,-2.124994486415122,-4.50958205716948,11.46310418066073,13.8,True,,,0.3,0.1,0.084
2020-09-11 11:00:00+00:00,-0.0,-4.268619485550274,-4.268619485550274,13.8,13.8,True,,,0.3,0.1,0.084
2020-09-11 12:00:00+00:00,-0.0,-4.342032380466351,-4.342032380466351,13.8,13.8,True,,,0.3,0.1,0.084
2020-09-11 13:00:00+00:00,-0.0,-3.3670965792694307,-3.3670965792694307,13.8,13.8,True,,,0.3,0.1,0.084
2020-09-11 14:00:00+00:00,-0.0,-2.4434139953647995,-2.4434139953647995,13.8,13.8,True,,,0.3,0.1,0.084
2020-09-11 15:00:00+00:00,0.031924860798352016,0.0,0.031924860798352016,13.8,13.767423611430253,True,,,0.4,0.18,0.084
2020-09-11 16:00:00+00:00,-0.03324121282627311,-0.209580898253154,-0.2428221110794271,13.767423611430253,13.8,True,,,0.4,0.18,0.084
2020-09-11 17:00:00+00:00,0.2842411450305663,0.0,0.2842411450305663,13.8,13.509958015274933,True,,,0.4,0.18,0.084
2020-09-11 18:00:00+00:00,0.2979511951764427,0.0,0.2979511951764427,13.509958015274933,13.205926183462235,True,,,0.4,0.18,0.084
2020-09-11 19:00:00+00:00,0.3364545283317566,0.0,0.3364545283317566,13.205926183462235,12.862605236184933,True,,,0.2,0.07,0.084
2020-09-11 20:00:00+00:00,0.21525786136521213,0.0,0.21525786136521213,12.862605236184933,12.64295435724084,True,,,0.2,0.07,0.084
2020-09-11 21:00:00+00:00,0.19895133344597274,0.0,0.19895133344597274,12.64295435724084,12.43994279250005,True,,,0.2,0.07,0.084
2020-09-11 22:00:00+00:00,0.11388175009091685,0.0,0.11388175009091685,12.43994279250005,12.323736925060338,True,,,0.2,0.07,0.084
2020-09-11 23:00:00+00:00,0.21101269474294432,0.0,0.21101269474294432,12.323736925060338,12.108417848792028,True,,,0.2,0.07,0.084
2020-09-12 00:00:00+00:00,0.25927769399484035,0.0,0.25927769399484035,12.108417848792028,11.843848773287089,True,,,0.2,0.07,0.084
2020-09-12 01:00:00+00:00,0.17152802759011598,0.0,0.17152802759011598,11.843848773287089,11.668820173705338,True,,,0.2,0.07,0.084
2020-09-12 02:00:00+00:00,0.7702500560283669,0.0,0.7702500560283669,11.668820173705338,10.882850728778433,True,,,0.2,0.07,0.084
2020-09-12 03:00:00+00:00,0.18792616680728036,0.0,0.18792616680728036,10.882850728778433,10.691089334077127,True,,,0.2,0.07,0.084
2020-09-12 04:00:00+00:00,0.3069629168381633,0.0,0.3069629168381633,10.691089334077127,10.377861867915735,True,,,0.3,0.1,0.084
2020-09-12 05:00:00+00:00,0.2260903146246841,0.0,0.2260903146246841,10.377861867915735,10.147157465237486,True,,,0.3,0.1,0.084
2020-09-12 06:00:00+00:00,-0.46403425991827535,0.0,-0.46403425991827535,10.147157465237486,10.601911039957395,True,,,0.3,0.1,0.084
2020-09-12 07:00:00+00:00,-1.9245978611499417,0.0,-1.9245978611499417,10.601911039957395,12.488016943884338,True,,,0.3,0.1,0.084
2020-09-12 08:00:00+00:00,-1.3387582205261868,-1.7016679137396993,-3.040426134265886,12.488016943884338,13.8,True,,,0.3,0.1,0.084
2020-09-12 09:00:00+00:00,-0.0,-3.415336520340799,-3.415336520340799,13.8,13.8,True,,,0.3,0.1,0.084
2020-09-12 10:00:00+00:00,-0.0,-4.340495119869024,-4.340495119869024,13.8,13.8,True,,,0.3,0.1,0.084
2020-09-12 11:00:00+00:00,-0.0,-4.908463589988723,-4.908463589988723,13.8,13.8,True,,,0.3,0.1,0.084
2020-09-12 12:00:00+00:00,-0.0,-4.63641979475679,-4.63641979475679,13.8,13.8,True,,,0.3,0.1,0.084
2020-09-12 13:00:00+00:00,-0.0,-3.7992792954381867,-3.7992792954381867,13.8,13.8,True,,,0.3,0.1,0.084
2020-09-12 14:00:00+00:00,-0.0,-2.7716277883357927,-2.7716277883357927,13.8,13.8,True,,,0.3,0.1,0.084
2020-09-12 15:00:00+00:00,-0.0,-1.6475409587305627,-1.6475409587305627,13.8,13.8,True,,,0.4,0.18,0.084
2020-09-12 16:00:00+00:00,0.48481492089430506,0.0,0.48481492089430506,13.8,13.305290897046628,True,,,0.4,0.18,0.084
2020-09-12 17:00:00+00:00,0.2506153739764772,0.0,0.2506153739764772,13.305290897046628,13.049560923601243,True,,,0.4,0.18,0.084
2020-09-12 18:00:00+00:00,0.7136605531162689,0.0,0.7136605531162689,13.049560923601243,12.321335869400968,True,,,0.4,0.18,0.084
2020-09-12 19:00:00+00:00,0.7258879154841117,0.0,0.7258879154841117,12.321335869400968,11.580633914825345,True,,,0.2,0.07,0.084
2020-09-12 20:00:00+00:00,0.7541395546091924,0.0,0.7541395546091924,11.580633914825345,10.811103757060863,True,,,0.2,0.07,0.084
2020-09-12 21:00:00+00:00,0.2572976662211946,0.0,0.2572976662211946,10.811103757060863,10.548555118059644,True,,,0.2,0.07,0.084
2020-09-12 22:00:00+00:00,0.1259085278484554,0.0,0.1259085278484554,10.548555118059644,10.420077028418364,True,,,0.2,0.07,0.084
2020-09-12 23:00:00+00:00,0.09568972219361199,0.0,0.09568972219361199,10.420077028418364,10.322434454751413,True,,,0.2,0.07,0.084
2020-09-13 00:00:00+00:00,0.10202363908290862,0.0,0.10202363908290862,10.322434454751413,10.218328700585179,True,,,0.2,0.07,0.084
2020-09-13 01:00:00+00:00,0.15754241653548326,0.0,0.15754241653548326,10.218328700585179,10.057571132691828,True,,,0.2,0.07,0.084
2020-09-13 02:00:00+00:00,0.11087711139255124,0.0,0.11087711139255124,10.057571132691828,9.944431223107593,True,,,0.2,0.07,0.084
2020-09-13 03:00:00+00:00,0.10753588913811571,0.0,0.10753588913811571,9.944431223107593,9.834700723987066,True,,,0.2,0.07,0.084
2020-09-13 04:00:00+00:00,0.2770708250433088,0.0,0.2770708250433088,9.834700723987066,9.55197539231022,True,,,0.3,0.1,0.084
2020-09-13 05:00:00+00:00,-0.008859177376210411,0.0,-0.008859177376210411,9.55197539231022,9.560657386138907,True,,,0.3,0.1,0.084
2020-09-13 06:00:00+00:00,-0.6103528039501089,0.0,-0.6103528039501089,9.560657386138907,10.158803134010013,True,,,0.3,0.1,0.084
2020-09-13 07:00:00+00:00,-1.8253953687273223,0.0,-1.8253953687273223,10.158803134010013,11.947690595362788,True,,,0.3,0.1,0.084
2020-09-13 08:00:00+00:00,-1.890111637384911,-0.727612866897372,-2.617724504282283,11.947690595362788,13.8,True,,,0.3,0.1,0.084
2020-09-13 09:00:00+00:00,-0.0,-4.014629054405589,-4.014629054405589,13.8,13.8,True,,,0.3,0.1,0.084
2020-09-13 10:00:00+00:00,-0.0,-4.5497316214707615,-4.5497316214707615,13.8,13.8,True,,,0.3,0.1,0.084
2020-09-13 11:00:00+00:00,-0.0,-3.9122566351690513,-3.9122566351690513,13.8,13.8,True,,,0.3,0.1,0.084
2020-09-13 12:00:00+00:00,-0.0,-4.63429325775068,-4.63429325775068,13.8,13.8,True,,,0.3,0.1,0.084
2020-09-13 13:00:00+00:00,-0.0,-3.466580056269964,-3.466580056269964,13.8,13.8,True,,,0.3,0.1,0.084
2020-09-13 14:00:00+00:00,-0.0,-2.794350948653093,-2.794350948653093,13.8,13.8,True,,,0.3,0.1,0.084
2020-09-13 15:00:00+00:00,-0.0,-1.06454420940666,-1.06454420940666,13.8,13.8,True,,,0.4,0.18,0.084
2020-09-13 16:00:00+00:00,0.21375115938232533,0.0,0.21375115938232533,13.8,13.581886572058853,True,,,0.4,0.18,0.084
2020-09-13 17:00:00+00:00,0.056431031543815804,0.0,0.056431031543815804,13.581886572058853,13.524303886810062,True,,,0.4,0.18,0.084
2020-09-13 18:00:00+00:00,0.2074003889216317,0.0,0.2074003889216317,13.524303886810062,13.31267083689003,True,,,0.4,0.18,0.084
2020-09-13 19:00:00+00:00,0.19608477788766213,0.0,0.19608477788766213,13.31267083689003,13.112584328841395,True,,,0.2,0.07,0.084
2020-09-13 20:00:00+00:00,0.09786372211244371,0.0,0.09786372211244371,13.112584328841395,13.01272338791033,True,,,0.2,0.07,0.084
2020-09-13 21:00:00+00:00,0.17992533361646867,0.0,0.17992533361646867,13.01272338791033,12.829126108709852,True,,,0.2,0.07,0.084
2020-09-13 22:00:00+00:00,0.07502297250694699,0.0,0.07502297250694699,12.829126108709852,12.752572055131335,True,,,0.2,0.07,0.084
2020-09-13 23:00:00+00:00,0.12864205544259802,0.0,0.12864205544259802,12.752572055131335,12.62130465161848,True,,,0.2,0.07,0.084
2020-09-14 00:00:00+00:00,0.10002541660732701,0.0,0.10002541660732701,12.62130465161848,12.51923789997835,True,,,0.2,0.07,0.084
2020-09-14 01:00:00+00:00,0.1232738334231905,0.0,0.1232738334231905,12.51923789997835,12.393448274036318,True,,,0.2,0.07,0.084
2020-09-14 02:00:00+00:00,0.1609002224392362,0.0,0.1609002224392362,12.393448274036318,12.229264373588117,True,,,0.2,0.07,0.084
2020-09-14 03:00:00+00:00,0.10724300016032319,0.0,0.10724300016032319,12.229264373588117,12.11983274077146,True,,,0.2,0.07,0.084
2020-09-14 04:00:00+00:00,0.16393434096999535,0.0,0.16393434096999535,12.11983274077146,11.95255280100616,True,,,0.3,0.1,0.084
2020-09-14 05:00:00+00:00,-0.16016120307509468,0.0,-0.16016120307509468,11.95255280100616,12.109510780019752,True,,,0.3,0.1,0.084
2020-09-14 06:00:00+00:00,-1.0446396006914849,0.0,-1.0446396006914849,12.109510780019752,13.133257588697408,True,,,0.3,0.1,0.084
2020-09-14 07:00:00+00:00,-0.6803493992883602,-1.6917900991460355,-2.3721394984343958,13.133257588697408,13.8,True,,,0.3,0.1,0.084
2020-09-14 08:00:00+00:00,-0.0,-3.572005063229411,-3.572005063229411,13.8,13.8,True,,,0.3,0.1,0.084
2020-09-14 09:00:00+00:00,-0.0,-4.224015994297591,-4.224015994297591,13.8,13.8,True,,,0.3,0.1,0.084
2020-09-14 10:00:00+00:00,-0.0,-4.738690671371591,-4.738690671371591,13.8,13.8,True,,,0.3,0.1,0.084
2020-09-14 11:00:00+00:00,-0.0,-4.739916005666594,-4.739916005666594,13.8,13.8,True,,,0.3,0.1,0.084
2020-09-14 12:00:00+00:00,-0.0,-4.523080601606424,-4.523080601606424,13.8,13.8,True,,,0.3,0.1,0.084
2020-09-14 13:00:00+00:00,-0.0,-3.995326061693371,-3.995326061693371,13.8,13.8,True,,,0.3,0.1,0.084
2020-09-14 14:00:00+00:00,-0.0,-3.0178174728105804,-3.0178174728105804,13.8,13.8,True,,,0.3,0.1,0.084
2020-09-14 15:00:00+00:00,-0.0,-1.7309454174919605,-1.7309454174919605,13.8,13.8,True,,,0.4,0.18,0.084
2020-09-14 16:00:00+00:00,-0.0,-0.18761052223887079,-0.18761052223887079,13.8,13.8,True,,,0.4,0.18,0.084
2020-09-14 17:00:00+00:00,0.05193358016169361,0.0,0.05193358016169361,13.8,13.747006550855415,True,,,0.4,0.18,0.084
2020-09-14 18:00:00+00:00,0.1951611666123069,0.0,0.1951611666123069,13.747006550855415,13.547862503291837,True,,,0.4,0.18,0.084
2020-09-14 19:00:00+00:00,0.2109824165847566,0.0,0.2109824165847566,13.547862503291837,13.33257432310331,True,,,0.2,0.07,0.084
2020-09-14 20:00:00+00:00,0.1167331669807434,0.0,0.1167331669807434,13.33257432310331,13.213458846592347,True,,,0.2,0.07,0.084
2020-09-14 21:00:00+00:00,0.1379158331182269,0.0,0.1379158331182269,13.213458846592347,13.072728404634972,True,,,0.2,0.07,0.084
2020-09-14 22:00:00+00:00,0.07279813889662419,0.0,0.07279813889662419,13.072728404634972,12.998444589434335,True,,,0.2,0.07,0.084
2020-09-14 23:00:00+00:00,0.1297405830489264,0.0,0.1297405830489264,12.998444589434335,12.86605623938441,True,,,0.2,0.07,0.084
2020-09-15 00:00:00+00:00,0.10315180594391306,0.0,0.10315180594391306,12.86605623938441,12.760799294543682,True,,,0.2,0.07,0.084
2020-09-15 01:00:00+00:00,0.11902841669983352,0.0,0.11902841669983352,12.760799294543682,12.639341726482627,True,,,0.2,0.07,0.084
2020-09-15 02:00:00+00:00,0.16927783351209424,0.0,0.16927783351209424,12.639341726482627,12.46660924330702,True,,,0.2,0.07,0.084
2020-09-15 03:00:00+00:00,0.14268574999173483,0.0,0.14268574999173483,12.46660924330702,12.321011539233822,True,,,0.2,0.07,0.084
2020-09-15 04:00:00+00:00,0.15969080595175408,0.0,0.15969080595175408,12.321011539233822,12.158061737242237,True,,,0.3,0.1,0.084
2020-09-15 05:00:00+00:00,-0.14153592237585802,0.0,-0.14153592237585802,12.158061737242237,12.296766941170578,True,,,0.3,0.1,0.084
2020-09-15 06:00:00+00:00,-1.1275237872584112,0.0,-1.1275237872584112,12.296766941170578,13.40174025268382,True,,,0.3,0.1,0.084
2020-09-15 07:00:00+00:00,-0.40638749726140816,-1.8962601702555597,-2.302647667516968,13.40174025268382,13.8,True,,,0.3,0.1,0.084
2020-09-15 08:00:00+00:00,-0.0,-3.6323220440264405,-3.6323220440264405,13.8,13.8,True,,,0.3,0.1,0.084
2020-09-15 09:00:00+00:00,-0.0,-3.9172884561900436,-3.9172884561900436,13.8,13.8,True,,,0.3,0.1,0.084
2020-09-15 10:00:00+00:00,-0.0,-3.797613169551992,-3.797613169551992,13.8,13.8,True,,,0.3,0.1,0.084
2020-09-15 11:00:00+00:00,-0.0,-3.2127942836624452,-3.2127942836624452,13.8,13.8,True,,,0.3,0.1,0.084
2020-09-15 12:00:00+00:00,-0.0,-3.664091606366132,-3.664091606366132,13.8,13.8,True,,,0.3,0.1,0.084
2020-09-15 13:00:00+00:00,-0.0,-3.5098866191674007,-3.5098866191674007,13.8,13.8,True,,,0.3,0.1,0.084
2020-09-15 14:00:00+00:00,-0.0,-2.965772751941352,-2.965772751941352,13.8,13.8,True,,,0.3,0.1,0.084
2020-09-15 15:00:00+00:00,-0.0,-1.7483895078873724,-1.7483895078873724,13.8,13.8,True,,,0.4,0.18,0.084
2020-09-15 16:00:00+00:00,-0.0,-0.3774052831115394,-0.3774052831115394,13.8,13.8,True,,,0.4,0.18,0.084
2020-09-15 17:00:00+00:00,0.15833981676805084,0.0,0.15833981676805084,13.8,13.638428758399948,True,,,0.4,0.18,0.084
2020-09-15 18:00:00+00:00,0.20320691682232725,0.0,0.20320691682232725,13.638428758399948,13.431074761642472,True,,,0.4,0.18,0.084
2020-09-15 19:00:00+00:00,0.1996858615371914,0.0,0.1996858615371914,13.431074761642472,13.227313678441257,True,,,0.2,0.07,0.084
2020-09-15 20:00:00+00:00,0.14138441675504052,0.0,0.14138441675504052,13.227313678441257,13.08304386542591,True,,,0.2,0.07,0.084
2020-09-15 21:00:00+00:00,0.14859144429365795,0.0,0.14859144429365795,13.08304386542591,12.93141994267728,True,,,0.2,0.07,0.084
2020-09-15 22:00:00+00:00,0.09685030573209137,0.0,0.09685030573209137,12.93141994267728,12.832593100093513,True,,,0.2,0.07,0.084
2020-09-15 23:00:00+00:00,0.12232577790684193,0.0,0.12232577790684193,12.832593100093513,12.707770877739593,True,,,0.2,0.07,0.084
2020-09-16 00:00:00+00:00,0.10807219435638846,0.0,0.10807219435638846,12.707770877739593,12.597493128396339,True,,,0.2,0.07,0.084
2020-09-16 01:00:00+00:00,0.13057488884660925,0.0,0.13057488884660925,12.597493128396339,12.464253445899798,True,,,0.2,0.07,0.084
2020-09-16 02:00:00+00:00,0.13451538906627214,0.0,0.13451538906627214,12.464253445899798,12.326992844811766,True,,,0.2,0.07,0.084
2020-09-16 03:00:00+00:00,0.1312972501728268,0.0,0.1312972501728268,12.326992844811766,12.193016058921126,True,,,0.2,0.07,0.084
2020-09-16 04:00:00+00:00,0.13844276072321293,0.0,0.13844276072321293,12.193016058921126,12.051747935734173,True,,,0.3,0.1,0.084
2020-09-16 05:00:00+00:00,-0.17500135422556798,0.0,-0.17500135422556798,12.051747935734173,12.22324926287523,True,,,0.3,0.1,0.084
2020-09-16 06:00:00+00:00,-1.2981518704424417,0.0,-1.2981518704424417,12.22324926287523,13.495438095908822,True,,,0.3,0.1,0.084
2020-09-16 07:00:00+00:00,-0.31077745315426375,-1.1467691884747797,-1.4575466416290435,13.495438095908822,13.8,True,,,0.3,0.1,0.084
2020-09-16 08:00:00+00:00,-0.0,-1.924745712737562,-1.924745712737562,13.8,13.8,True,,,0.3,0.1,0.084
2020-09-16 09:00:00+00:00,-0.0,-2.64763305074721,-2.64763305074721,13.8,13.8,True,,,0.3,0.1,0.084
2020-09-16 10:00:00+00:00,-0.0,-4.224888060523907,-4.224888060523907,13.8,13.8,True,,,0.3,0.1,0.084
2020-09-16 11:00:00+00:00,-0.0,-3.4655823142640894,-3.4655823142640894,13.8,13.8,True,,,0.3,0.1,0.084
2020-09-16 12:00:00+00:00,-0.0,-3.9444388610707386,-3.9444388610707386,13.8,13.8,True,,,0.3,0.1,0.084
2020-09-16 13:00:00+00:00,-0.0,-3.6180781446796724,-3.6180781446796724,13.8,13.8,True,,,0.3,0.1,0.084
2020-09-16 14:00:00+00:00,-0.0,-2.2624707472763754,-2.2624707472763754,13.8,13.8,True,,,0.3,0.1,0.084
2020-09-16 15:00:00+00:00,-0.0,-1.0875344552931658,-1.0875344552931658,13.8,13.8,True,,,0.4,0.18,0.084
2020-09-16 16:00:00+00:00,-0.0,-0.35089088608049335,-0.35089088608049335,13.8,13.8,True,,,0.4,0.18,0.084
2020-09-16 17:00:00+00:00,0.1571511310177286,0.0,0.1571511310177286,13.8,13.639641703043134,True,,,0.4,0.18,0.084
2020-09-16 18:00:00+00:00,0.17957636104159883,0.0,0.17957636104159883,13.639641703043134,13.45640051830681,True,,,0.4,0.18,0.084
2020-09-16 19:00:00+00:00,1.2011717794868686,0.0,1.2011717794868686,13.45640051830681,12.230715029034494,True,,,0.2,0.07,0.084
2020-09-16 20:00:00+00:00,0.13014350002076905,0.0,0.13014350002076905,12.230715029034494,12.097915539217382,True,,,0.2,0.07,0.084
2020-09-16 21:00:00+00:00,0.1875179167535568,0.0,0.1875179167535568,12.097915539217382,11.90657072620355,True,,,0.2,0.07,0.084
2020-09-16 22:00:00+00:00,0.13431969483958348,0.0,0.13431969483958348,11.90657072620355,11.769509813101934,True,,,0.2,0.07,0.084
2020-09-16 23:00:00+00:00,0.16188655585183034,0.0,0.16188655585183034,11.769509813101934,11.604319449987821,True,,,0.2,0.07,0.084
2020-09-17 00:00:00+00:00,0.16655313846535144,0.0,0.16655313846535144,11.604319449987821,11.43436726788032,True,,,0.2,0.07,0.084
2020-09-17 01:00:00+00:00,0.3590316124465726,0.0,0.3590316124465726,11.43436726788032,11.068008479669531,True,,,0.2,0.07,0.084
2020-09-17 02:00:00+00:00,0.3267067783514662,0.0,0.3267067783514662,11.068008479669531,10.734634216045587,True,,,0.2,0.07,0.084
2020-09-17 03:00:00+00:00,0.19175458217196997,0.0,0.19175458217196997,10.734634216045587,10.538966275053781,True,,,0.2,0.07,0.084
2020-09-17 04:00:00+00:00,0.20129575015968734,0.0,0.20129575015968734,10.538966275053781,10.333562448360222,True,,,0.3,0.1,0.084
2020-09-17 05:00:00+00:00,-0.0779651112503474,0.0,-0.0779651112503474,10.333562448360222,10.409968257385563,True,,,0.3,0.1,0.084
2020-09-17 06:00:00+00:00,-1.0266521994291136,0.0,-1.0266521994291136,10.409968257385563,11.416087412826094,True,,,0.3,0.1,0.084
2020-09-17 07:00:00+00:00,-1.9644012511045081,0.0,-1.9644012511045081,11.416087412826094,13.341200638908512,True,,,0.3,0.1,0.084
2020-09-17 08:00:00+00:00,-0.46816261335866144,-3.2585917860191542,-3.726754399377816,13.341200638908512,13.8,True,,,0.3,0.1,0.084
2020-09-17 09:00:00+00:00,-0.0,-4.5392373342358745,-4.5392373342358745,13.8,13.8,True,,,0.3,0.1,0.084
2020-09-17 10:00:00+00:00,-0.0,-4.995928154235965,-4.995928154235965,13.8,13.8,True,,,0.3,0.1,0.084
2020-09-17 11:00:00+00:00,-0.0,-4.9023197615164,-4.9023197615164,13.8,13.8,True,,,0.3,0.1,0.084
2020-09-17 12:00:00+00:00,-0.0,-4.712880691609346,-4.712880691609346,13.8,13.8,True,,,0.3,0.1,0.084
2020-09-17 13:00:00+00:00,-0.0,-3.9706358464742526,-3.9706358464742526,13.8,13.8,True,,,0.3,0.1,0.084
2020-09-17 14:00:00+00:00,-0.0,-2.071579920672914,-2.071579920672914,13.8,13.8,True,,,0.3,0.1,0.084
2020-09-17 15:00:00+00:00,-0.0,-1.5611861269770904,-1.5611861269770904,13.8,13.8,True,,,0.4,0.18,0.084
2020-09-17 16:00:00+00:00,-0.0,-0.08255862018367793,-0.08255862018367793,13.8,13.8,True,,,0.4,0.18,0.084
2020-09-17 17:00:00+00:00,1.113750666112461,0.0,1.113750666112461,13.8,12.663519728456674,True,,,0.4,0.18,0.084
2020-09-17 18:00:00+00:00,0.25714163841406507,0.0,0.25714163841406507,12.663519728456674,12.401130301503546,True,,,0.4,0.18,0.084
2020-09-17 19:00:00+00:00,0.2243908888048597,0.0,0.2243908888048597,12.401130301503546,12.17216000680471,True,,,0.2,0.07,0.084
2020-09-17 20:00:00+00:00,0.11446202763981309,0.0,0.11446202763981309,12.17216000680471,12.055362019417146,True,,,0.2,0.07,0.084
2020-09-17 21:00:00+00:00,0.16236188886960362,0.0,0.16236188886960362,12.055362019417146,11.889686622611428,True,,,0.2,0.07,0.084
2020-09-17 22:00:00+00:00,0.060669611077838484,0.0,0.060669611077838484,11.889686622611428,11.827778856205471,True,,,0.2,0.07,0.084
2020-09-17 23:00:00+00:00,0.1452724721723135,0.0,0.1452724721723135,11.827778856205471,11.67954163970311,True,,,0.2,0.07,0.084
2020-09-18 00:00:00+00:00,0.08268366671138346,0.0,0.08268366671138346,11.67954163970311,11.595170551222107,True,,,0.2,0.07,0.084
2020-09-18 01:00:00+00:00,3.6693129700581233,0.0,3.6693129700581233,11.595170551222107,7.8509736429995325,True,,,0.2,0.07,0.084
2020-09-18 02:00:00+00:00,2.4250219132132,0.0,2.4250219132132,7.8509736429995325,5.376461486659533,True,,,0.2,0.07,0.084
2020-09-18 03:00:00+00:00,0.13036027770307332,0.0,0.13036027770307332,5.376461486659533,5.243440795125784,True,,,0.2,0.07,0.084
2020-09-18 04:00:00+00:00,0.16588813872602237,0.0,0.16588813872602237,5.243440795125784,5.0741671841808635,True,,,0.3,0.1,0.084
2020-09-18 05:00:00+00:00,0.0016955370595167051,0.0,0.0016955370595167051,5.0741671841808635,5.0724370443242135,True,,,0.3,0.1,0.084
2020-09-18 06:00:00+00:00,-0.7660780510100372,0.0,-0.7660780510100372,5.0724370443242135,5.82319353431405,True,,,0.3,0.1,0.084
2020-09-18 07:00:00+00:00,-1.9755223863488396,0.0,-1.9755223863488396,5.82319353431405,7.759205472935912,True,,,0.3,0.1,0.084
2020-09-18 08:00:00+00:00,-3.89757829778167,0.0,-3.89757829778167,7.759205472935912,11.578832204761948,True,,,0.3,0.1,0.084
2020-09-18 09:00:00+00:00,-2.266497750242911,-2.426811447229062,-4.693309197471973,11.578832204761948,13.8,True,,,0.3,0.1,0.084
2020-09-18 10:00:00+00:00,-0.0,-5.205717910814742,-5.205717910814742,13.8,13.8,True,,,0.3,0.1,0.084
2020-09-18 11:00:00+00:00,-0.0,-5.189827109052669,-5.189827109052669,13.8,13.8,True,,,0.3,0.1,0.084
2020-09-18 12:00:00+00:00,-0.0,-4.763263890988069,-4.763263890988069,13.8,13.8,True,,,0.3,0.1,0.084
2020-09-18 13:00:00+00:00,-0.0,-4.145435890746848,-4.145435890746848,13.8,13.8,True,,,0.3,0.1,0.084
2020-09-18 14:00:00+00:00,-0.0,-3.002512339679309,-3.002512339679309,13.8,13.8,True,,,0.3,0.1,0.084
2020-09-18 15:00:00+00:00,-0.0,-1.8371968539212395,-1.8371968539212395,13.8,13.8,True,,,0.4,0.18,0.084
2020-09-18 16:00:00+00:00,0.4277134006298378,0.0,0.4277134006298378,13.8,13.36355775445935,True,,,0.4,0.18,0.084
2020-09-18 17:00:00+00:00,0.09923986682581247,0.0,0.09923986682581247,13.36355775445935,13.262292584228929,True,,,0.4,0.18,0.084
2020-09-18 18:00:00+00:00,0.22468161099221978,0.0,0.22468161099221978,13.262292584228929,13.033025634236868,True,,,0.4,0.18,0.084
2020-09-18 19:00:00+00:00,0.14119977759785127,0.0,0.14119977759785127,13.033025634236868,12.888944228524775,True,,,0.2,0.07,0.084
2020-09-18 20:00:00+00:00,0.13354824979570157,0.0,0.13354824979570157,12.888944228524775,12.752670504243447,True,,,0.2,0.07,0.084
2020-09-18 21:00:00+00:00,0.12654052782853445,0.0,0.12654052782853445,12.752670504243447,12.62354751666331,True,,,0.2,0.07,0.084
2020-09-18 22:00:00+00:00,0.07856472217771734,0.0,0.07856472217771734,12.62354751666331,12.543379432808496,True,,,0.2,0.07,0.084
2020-09-18 23:00:00+00:00,0.14512197201516916,0.0,0.14512197201516916,12.543379432808496,12.395295787895058,True,,,0.2,0.07,0.084
2020-09-19 00:00:00+00:00,0.06450325003200107,0.0,0.06450325003200107,12.395295787895058,12.32947614500526,True,,,0.2,0.07,0.084
2020-09-19 01:00:00+00:00,0.16918658340242193,0.0,0.16918658340242193,12.32947614500526,12.156836774186463,True,,,0.2,0.07,0.084
2020-09-19 02:00:00+00:00,0.10021677760018237,0.0,0.10021677760018237,12.156836774186463,12.054574756227092,True,,,0.2,0.07,0.084
2020-09-19 03:00:00+00:00,0.10963425007131354,0.0,0.10963425007131354,12.054574756227092,11.942703072480853,True,,,0.2,0.07,0.084
2020-09-19 04:00:00+00:00,0.29552644447220694,0.0,0.29552644447220694,11.942703072480853,11.641145476080641,True,,,0.3,0.1,0.084
2020-09-19 05:00:00+00:00,-0.1012799185786668,0.0,-0.1012799185786668,11.641145476080641,11.740399796287734,True,,,0.3,0.1,0.084
2020-09-19 06:00:00+00:00,-0.6388207078958381,0.0,-0.6388207078958381,11.740399796287734,12.366444090025656,True,,,0.3,0.1,0.084
2020-09-19 07:00:00+00:00,-1.4628121530350457,-0.5933944092932013,-2.056206562328247,12.366444090025656,13.8,True,,,0.3,0.1,0.084
2020-09-19 08:00:00+00:00,-0.0,-3.358597513890084,-3.358597513890084,13.8,13.8,True,,,0.3,0.1,0.084
2020-09-19 09:00:00+00:00,-0.0,-4.45518505626556,-4.45518505626556,13.8,13.8,True,,,0.3,0.1,0.084
2020-09-19 10:00:00+00:00,-0.0,-5.071198052736352,-5.071198052736352,13.8,13.8,True,,,0.3,0.1,0.084
2020-09-19 11:00:00+00:00,-0.0,-5.033209674401028,-5.033209674401028,13.8,13.8,True,,,0.3,0.1,0.084
2020-09-19 12:00:00+00:00,-0.0,-4.805985026973783,-4.805985026973783,13.8,13.8,True,,,0.3,0.1,0.084
2020-09-19 13:00:00+00:00,-0.0,-4.117782002319961,-4.117782002319961,13.8,13.8,True,,,0.3,0.1,0.084
2020-09-19 14:00:00+00:00,-0.0,-3.178626139752436,-3.178626139752436,13.8,13.8,True,,,0.3,0.1,0.084
2020-09-19 15:00:00+00:00,-0.0,-1.8870430173436346,-1.8870430173436346,13.8,13.8,True,,,0.4,0.18,0.084
2020-09-19 16:00:00+00:00,-0.0,-0.4732402961376527,-0.4732402961376527,13.8,13.8,True,,,0.4,0.18,0.084
2020-09-19 17:00:00+00:00,0.06644026444241469,0.0,0.06644026444241469,13.8,13.732203811793456,True,,,0.4,0.18,0.084
2020-09-19 18:00:00+00:00,0.17707352791627262,0.0,0.17707352791627262,13.732203811793456,13.551516538409505,True,,,0.4,0.18,0.084
2020-09-19 19:00:00+00:00,0.09126777773698178,0.0,0.09126777773698178,13.551516538409505,13.458386152963605,True,,,0.2,0.07,0.084
2020-09-19 20:00:00+00:00,0.15027608334488332,0.0,0.15027608334488332,13.458386152963605,13.305043210774949,True,,,0.2,0.07,0.084
2020-09-19 21:00:00+00:00,0.18590355576939066,0.0,0.18590355576939066,13.305043210774949,13.115345704887815,True,,,0.2,0.07,0.084
2020-09-19 22:00:00+00:00,0.0864781389262941,0.0,0.0864781389262941,13.115345704887815,13.027102705983433,True,,,0.2,0.07,0.084
2020-09-19 23:00:00+00:00,0.12137055529223549,0.0,0.12137055529223549,13.027102705983433,12.903255200583192,True,,,0.2,0.07,0.084
2020-09-20 00:00:00+00:00,0.14816247228516477,0.0,0.14816247228516477,12.903255200583192,12.75206900437384,True,,,0.2,0.07,0.084
2020-09-20 01:00:00+00:00,0.05943225013150114,0.0,0.05943225013150114,12.75206900437384,12.691423851178431,True,,,0.2,0.07,0.084
2020-09-20 02:00:00+00:00,0.3391575546979893,0.0,0.3391575546979893,12.691423851178431,12.345344713731503,True,,,0.2,0.07,0.084
2020-09-20 03:00:00+00:00,0.08612047228548268,0.0,0.08612047228548268,12.345344713731503,12.257466680787132,True,,,0.2,0.07,0.084
2020-09-20 04:00:00+00:00,0.2119168335808649,0.0,0.2119168335808649,12.257466680787132,12.041225013867882,True,,,0.3,0.1,0.084
2020-09-20 05:00:00+00:00,0.2123723317464198,0.0,0.2123723317464198,12.041225013867882,11.824518552902147,True,,,0.3,0.1,0.084
2020-09-20 06:00:00+00:00,0.17203477821350155,0.0,0.17203477821350155,11.824518552902147,11.648972860847554,True,,,0.3,0.1,0.084
2020-09-20 07:00:00+00:00,0.29003686110178617,0.0,0.29003686110178617,11.648972860847554,11.353016880131445,True,,,0.3,0.1,0.084
2020-09-20 08:00:00+00:00,0.15178433332973065,0.0,0.15178433332973065,11.353016880131445,11.198134907346006,True,,,0.3,0.1,0.084
2020-09-20 09:00:00+00:00,0.1501979164097046,0.0,0.1501979164097046,11.198134907346006,11.044871727336103,True,,,0.3,0.1,0.084
2020-09-20 10:00:00+00:00,0.11778394418822385,0.0,0.11778394418822385,11.044871727336103,10.924684029184855,True,,,0.3,0.1,0.084
2020-09-20 11:00:00+00:00,0.12497255547046647,0.0,0.12497255547046647,10.924684029184855,10.797161013398664,True,,,0.3,0.1,0.084
2020-09-20 12:00:00+00:00,0.3580363049666086,0.0,0.3580363049666086,10.797161013398664,10.43181784506539,True,,,0.3,0.1,0.084
2020-09-20 13:00:00+00:00,0.5485781114339818,0.0,0.5485781114339818,10.43181784506539,9.87204426196949,True,,,0.3,0.1,0.084
2020-09-20 14:00:00+00:00,0.26698258350160387,0.0,0.26698258350160387,9.87204426196949,9.599613054314792,True,,,0.3,0.1,0.084
2020-09-20 15:00:00+00:00,0.15247772251764935,0.0,0.15247772251764935,9.599613054314792,9.44402354154168,True,,,0.4,0.18,0.084
2020-09-20 16:00:00+00:00,0.2136949445459577,0.0,0.2136949445459577,9.44402354154168,9.225967475678459,True,,,0.4,0.18,0.084
2020-09-20 17:00:00+00:00,0.18915597244898477,0.0,0.18915597244898477,9.225967475678459,9.032951177261127,True,,,0.4,0.18,0.084
2020-09-20 18:00:00+00:00,0.11180572212007293,0.0,0.11180572212007293,9.032951177261127,8.918863705710033,True,,,0.4,0.18,0.084
2020-09-20 19:00:00+00:00,0.1648233057313497,0.0,0.1648233057313497,8.918863705710033,8.75067665904539,True,,,0.2,0.07,0.084
2020-09-20 20:00:00+00:00,0.06405683318244088,0.0,0.06405683318244088,8.75067665904539,8.685312543553103,True,,,0.2,0.07,0.084
2020-09-20 21:00:00+00:00,0.13825088900460114,0.0,0.13825088900460114,8.685312543553103,8.544240207834122,True,,,0.2,0.07,0.084
2020-09-20 22:00:00+00:00,0.14736418997054082,0.0,0.14736418997054082,8.544240207834122,8.393868585415202,True,,,0.2,0.07,0.084
2020-09-20 23:00:00+00:00,0.1574175339369962,0.0,0.1574175339369962,8.393868585415202,8.233238448744798,True,,,0.2,0.07,0.084
2020-09-21 00:00:00+00:00,0.10109481060742496,0.0,0.10109481060742496,8.233238448744798,8.130080478737222,True,,,0.2,0.07,0.084
2020-09-21 01:00:00+00:00,0.1368362223386762,0.0,0.1368362223386762,8.130080478737222,7.99045168043245,True,,,0.2,0.07,0.084
2020-09-21 02:00:00+00:00,0.1402005555391312,0.0,0.1402005555391312,7.99045168043245,7.847389889065989,True,,,0.2,0.07,0.084
2020-09-21 03:00:00+00:00,0.11189052766693966,0.0,0.11189052766693966,7.847389889065989,7.7332158812425815,True,,,0.2,0.07,0.084
2020-09-21 04:00:00+00:00,0.13907944423357632,0.0,0.13907944423357632,7.7332158812425815,7.591298081004238,True,,,0.3,0.1,0.084
2020-09-21 05:00:00+00:00,-0.09117255179470983,0.0,-0.09117255179470983,7.591298081004238,7.680647181763054,True,,,0.3,0.1,0.084
2020-09-21 06:00:00+00:00,-1.031933142745632,0.0,-1.031933142745632,7.680647181763054,8.691941661653773,True,,,0.3,0.1,0.084
2020-09-21 07:00:00+00:00,-2.393309305736753,0.0,-2.393309305736753,8.691941661653773,11.037384781275792,True,,,0.3,0.1,0.084
2020-09-21 08:00:00+00:00,-2.818995121147152,-0.729307266694025,-3.548302387841177,11.037384781275792,13.8,True,,,0.3,0.1,0.084
2020-09-21 09:00:00+00:00,-0.0,-4.274851617860703,-4.274851617860703,13.8,13.8,True,,,0.3,0.1,0.084
2020-09-21 10:00:00+00:00,-0.0,-4.720418941438426,-4.720418941438426,13.8,13.8,True,,,0.3,0.1,0.084
2020-09-21 11:00:00+00:00,-0.0,-4.743711186742508,-4.743711186742508,13.8,13.8,True,,,0.3,0.1,0.084
2020-09-21 12:00:00+00:00,-0.0,-4.496960865091091,-4.496960865091091,13.8,13.8,True,,,0.3,0.1,0.084
2020-09-21 13:00:00+00:00,-0.0,-3.8613688637982837,-3.8613688637982837,13.8,13.8,True,,,0.3,0.1,0.084
2020-09-21 14:00:00+00:00,-0.0,-2.8651806138923797,-2.8651806138923797,13.8,13.8,True,,,0.3,0.1,0.084
2020-09-21 15:00:00+00:00,-0.0,-1.4429180940482804,-1.4429180940482804,13.8,13.8,True,,,0.4,0.18,0.084
2020-09-21 16:00:00+00:00,0.09067750697958264,0.0,0.09067750697958264,13.8,13.707471931653489,True,,,0.4,0.18,0.084
2020-09-21 17:00:00+00:00,0.1428207737643143,0.0,0.1428207737643143,13.707471931653489,13.561736448220515,True,,,0.4,0.18,0.084
2020-09-21 18:00:00+00:00,0.21749280568493742,0.0,0.21749280568493742,13.561736448220515,13.33980501384813,True,,,0.4,0.18,0.084
2020-09-21 19:00:00+00:00,0.19279588913387735,0.0,0.19279588913387735,13.33980501384813,13.143074514731929,True,,,0.2,0.07,0.084
2020-09-21 20:00:00+00:00,0.11597383303112455,0.0,0.11597383303112455,13.143074514731929,13.024733868781802,True,,,0.2,0.07,0.084
2020-09-21 21:00:00+00:00,0.135013055504693,0.0,0.135013055504693,13.024733868781802,12.88696544479742,True,,,0.2,0.07,0.084
2020-09-21 22:00:00+00:00,0.07215336119333914,0.0,0.07215336119333914,12.88696544479742,12.813339566028707,True,,,0.2,0.07,0.084
2020-09-21 23:00:00+00:00,0.13748283336692377,0.0,0.13748283336692377,12.813339566028707,12.673050960552255,True,,,0.2,0.07,0.084
2020-09-22 00:00:00+00:00,0.10305175014866737,0.0,0.10305175014866737,12.673050960552255,12.567896113461778,True,,,0.2,0.07,0.084
2020-09-22 01:00:00+00:00,0.14395361119906086,0.0,0.14395361119906086,12.567896113461778,12.421004673462736,True,,,0.2,0.07,0.084
2020-09-22 02:00:00+00:00,0.13874524983565015,0.0,0.13874524983565015,12.421004673462736,12.279427887916155,True,,,0.2,0.07,0.084
2020-09-22 03:00:00+00:00,0.13129980571005076,0.0,0.13129980571005076,12.279427887916155,12.14544849433447,True,,,0.2,0.07,0.084
2020-09-22 04:00:00+00:00,0.14859430569277876,0.0,0.14859430569277876,12.14544849433447,11.99382165179082,True,,,0.3,0.1,0.084
2020-09-22 05:00:00+00:00,-0.05471861297892423,0.0,-0.05471861297892423,11.99382165179082,12.047445892510165,True,,,0.3,0.1,0.084
2020-09-22 06:00:00+00:00,-0.9395666866246767,0.0,-0.9395666866246767,12.047445892510165,12.968221245402349,True,,,0.3,0.1,0.084
2020-09-22 07:00:00+00:00,-0.8487538312220937,-1.41864812287348,-2.2674019540955737,12.968221245402349,13.8,True,,,0.3,0.1,0.084
2020-09-22 08:00:00+00:00,-0.0,-3.403379848676806,-3.403379848676806,13.8,13.8,True,,,0.3,0.1,0.084
2020-09-22 09:00:00+00:00,-0.0,-4.149832310424089,-4.149832310424089,13.8,13.8,True,,,0.3,0.1,0.084
2020-09-22 10:00:00+00:00,-0.0,-4.047059224901437,-4.047059224901437,13.8,13.8,True,,,0.3,0.1,0.084
2020-09-22 11:00:00+00:00,-0.0,-4.4597733857302835,-4.4597733857302835,13.8,13.8,True,,,0.3,0.1,0.084
2020-09-22 12:00:00+00:00,-0.0,-4.29021818570232,-4.29021818570232,13.8,13.8,True,,,0.3,0.1,0.084
2020-09-22 13:00:00+00:00,-0.0,-3.7089353303659918,-3.7089353303659918,13.8,13.8,True,,,0.3,0.1,0.084
2020-09-22 14:00:00+00:00,-0.0,-1.8042468545668882,-1.8042468545668882,13.8,13.8,True,,,0.3,0.1,0.084
2020-09-22 15:00:00+00:00,-0.0,-0.6643138301198981,-0.6643138301198981,13.8,13.8,True,,,0.4,0.18,0.084
2020-09-22 16:00:00+00:00,0.6705235136378328,0.0,0.6705235136378328,13.8,13.11579233302262,True,,,0.4,0.18,0.084
2020-09-22 17:00:00+00:00,0.17638997992172112,0.0,0.17638997992172112,13.11579233302262,12.935802557592293,True,,,0.4,0.18,0.084
2020-09-22 18:00:00+00:00,0.24234647191895406,0.0,0.24234647191895406,12.935802557592293,12.688510239307647,True,,,0.4,0.18,0.084
2020-09-22 19:00:00+00:00,0.27370338889227974,0.0,0.27370338889227974,12.688510239307647,12.409221066968586,True,,,0.2,0.07,0.084
2020-09-22 20:00:00+00:00,0.2553228879027897,0.0,0.2553228879027897,12.409221066968586,12.148687507884107,True,,,0.2,0.07,0.084
2020-09-22 21:00:00+00:00,0.21932269451883107,0.0,0.21932269451883107,12.148687507884107,11.924888840007748,True,,,0.2,0.07,0.084
2020-09-22 22:00:00+00:00,0.13730519431167196,0.0,0.13730519431167196,11.924888840007748,11.78478149887339,True,,,0.2,0.07,0.084
2020-09-22 23:00:00+00:00,0.16550569449530725,0.0,0.16550569449530725,11.78478149887339,11.615898137143484,True,,,0.2,0.07,0.084
2020-09-23 00:00:00+00:00,0.1769808330482906,0.0,0.1769808330482906,11.615898137143484,11.435305450359515,True,,,0.2,0.07,0.084
2020-09-23 01:00:00+00:00,0.787952027379141,0.0,0.787952027379141,11.435305450359515,10.631272769360391,True,,,0.2,0.07,0.084
2020-09-23 02:00:00+00:00,0.39786686057779536,0.0,0.39786686057779536,10.631272769360391,10.22528617693407,True,,,0.2,0.07,0.084
2020-09-23 03:00:00+00:00,0.4176356660074663,0.0,0.4176356660074663,10.22528617693407,9.799127334069308,True,,,0.2,0.07,0.084
2020-09-23 04:00:00+00:00,0.1806697776608995,0.0,0.1806697776608995,9.799127334069308,9.614770418088797,True,,,0.3,0.1,0.084
2020-09-23 05:00:00+00:00,0.08207205331782269,0.0,0.08207205331782269,9.614770418088797,9.531023424907346,True,,,0.3,0.1,0.084
2020-09-23 06:00:00+00:00,-0.18069936361952305,0.0,-0.18069936361952305,9.531023424907346,9.708108801254479,True,,,0.3,0.1,0.084
2020-09-23 07:00:00+00:00,-1.3305818666850928,0.0,-1.3305818666850928,9.708108801254479,11.01207903060587,True,,,0.3,0.1,0.084
2020-09-23 08:00:00+00:00,-2.8448173157082968,-0.23763076388951587,-3.0824480795978126,11.01207903060587,13.8,True,,,0.3,0.1,0.084
2020-09-23 09:00:00+00:00,-0.0,-4.1777470015612606,-4.1777470015612606,13.8,13.8,True,,,0.3,0.1,0.084
2020-09-23 10:00:00+00:00,-0.0,-4.471783214404575,-4.471783214404575,13.8,13.8,True,,,0.3,0.1,0.084
2020-09-23 11:00:00+00:00,-0.0,-4.3754671634693265,-4.3754671634693265,13.8,13.8,True,,,0.3,0.1,0.084
2020-09-23 12:00:00+00:00,-0.0,-4.093821870685628,-4.093821870685628,13.8,13.8,True,,,0.3,0.1,0.084
2020-09-23 13:00:00+00:00,-0.0,-3.4784630759209967,-3.4784630759209967,13.8,13.8,True,,,0.3,0.1,0.084
2020-09-23 14:00:00+00:00,-0.0,-2.254790347308765,-2.254790347308765,13.8,13.8,True,,,0.3,0.1,0.084
2020-09-23 15:00:00+00:00,-0.0,-0.4223937558725881,-0.4223937558725881,13.8,13.8,True,,,0.4,0.18,0.084
2020-09-23 16:00:00+00:00,0.15811424175834296,0.0,0.15811424175834296,13.8,13.638658936981283,True,,,0.4,0.18,0.084
2020-09-23 17:00:00+00:00,0.2442750380980101,0.0,0.2442750380980101,13.638658936981283,13.38939869402413,True,,,0.4,0.18,0.084
2020-09-23 18:00:00+00:00,0.23845124990410269,0.0,0.23845124990410269,13.38939869402413,13.146081092081168,True,,,0.4,0.18,0.084
2020-09-23 19:00:00+00:00,0.2709705830785963,0.0,0.2709705830785963,13.146081092081168,12.869580497103009,True,,,0.2,0.07,0.084
2020-09-23 20:00:00+00:00,0.14107938878536205,0.0,0.14107938878536205,12.869580497103009,12.725621937117944,True,,,0.2,0.07,0.084
2020-09-23 21:00:00+00:00,0.17672202766206518,0.0,0.17672202766206518,12.725621937117944,12.545293337462775,True,,,0.2,0.07,0.084
2020-09-23 22:00:00+00:00,0.17001930542257077,0.0,0.17001930542257077,12.545293337462775,12.371804250296886,True,,,0.2,0.07,0.084
2020-09-23 23:00:00+00:00,0.14778502822452116,0.0,0.14778502822452116,12.371804250296886,12.221003201088191,True,,,0.2,0.07,0.084
2020-09-24 00:00:00+00:00,0.18674386068185153,0.0,0.18674386068185153,12.221003201088191,12.03044824120875,True,,,0.2,0.07,0.084
2020-09-24 01:00:00+00:00,0.1767621111366483,0.0,0.1767621111366483,12.03044824120875,11.850078740048906,True,,,0.2,0.07,0.084
2020-09-24 02:00:00+00:00,0.22761544420454233,0.0,0.22761544420454233,11.850078740048906,11.617818082697331,True,,,0.2,0.07,0.084
2020-09-24 03:00:00+00:00,0.21096336100101473,0.0,0.21096336100101473,11.617818082697331,11.40254934698201,True,,,0.2,0.07,0.084
2020-09-24 04:00:00+00:00,0.15611955572764075,0.0,0.15611955572764075,11.40254934698201,11.243243677872172,True,,,0.3,0.1,0.084
2020-09-24 05:00:00+00:00,0.2449265703441541,0.0,0.2449265703441541,11.243243677872172,10.993318606092423,True,,,0.3,0.1,0.084
2020-09-24 06:00:00+00:00,-0.5625292089781998,0.0,-0.5625292089781998,10.993318606092423,11.544597230891059,True,,,0.3,0.1,0.084
2020-09-24 07:00:00+00:00,-1.989518414101564,0.0,-1.989518414101564,11.544597230891059,13.494325276710592,True,,,0.3,0.1,0.084
2020-09-24 08:00:00+00:00,-0.3119129829483761,-2.651833254476952,-2.963746237425328,13.494325276710592,13.8,True,,,0.3,0.1,0.084
2020-09-24 09:00:00+00:00,-0.0,-4.80704549028773,-4.80704549028773,13.8,13.8,True,,,0.3,0.1,0.084
2020-09-24 10:00:00+00:00,-0.0,-4.515313694641325,-4.515313694641325,13.8,13.8,True,,,0.3,0.1,0.084
2020-09-24 11:00:00+00:00,-0.0,-3.2498333763869787,-3.2498333763869787,13.8,13.8,True,,,0.3,0.1,0.084
2020-09-24 12:00:00+00:00,-0.0,-3.370402596529142,-3.370402596529142,13.8,13.8,True,,,0.3,0.1,0.084
2020-09-24 13:00:00+00:00,-0.0,-2.8780563542658344,-2.8780563542658344,13.8,13.8,True,,,0.3,0.1,0.084
2020-09-24 14:00:00+00:00,-0.0,-0.9420163366196258,-0.9420163366196258,13.8,13.8,True,,,0.3,0.1,0.084
2020-09-24 15:00:00+00:00,-0.0,-0.45627447884338557,-0.45627447884338557,13.8,13.8,True,,,0.4,0.18,0.084
2020-09-24 16:00:00+00:00,0.43848795054972883,0.0,0.43848795054972883,13.8,13.352563315765584,True,,,0.4,0.18,0.084
2020-09-24 17:00:00+00:00,0.3990415583065195,0.0,0.3990415583065195,13.352563315765584,12.945378052187504,True,,,0.4,0.18,0.084
2020-09-24 18:00:00+00:00,0.3902535550541351,0.0,0.3902535550541351,12.945378052187504,12.547160138866959,True,,,0.4,0.18,0.084
2020-09-24 19:00:00+00:00,0.24232786124547323,0.0,0.24232786124547323,12.547160138866959,12.299886811065456,True,,,0.2,0.07,0.084
2020-09-24 20:00:00+00:00,0.19319019403987486,0.0,0.19319019403987486,12.299886811065456,12.102753960004359,True,,,0.2,0.07,0.084
2020-09-24 21:00:00+00:00,0.1556184164709515,0.0,0.1556184164709515,12.102753960004359,11.94395965748298,True,,,0.2,0.07,0.084
2020-09-24 22:00:00+00:00,0.17735705571439525,0.0,0.17735705571439525,11.94395965748298,11.762983070019311,True,,,0.2,0.07,0.084
2020-09-24 23:00:00+00:00,0.15329919456640864,0.0,0.15329919456640864,11.762983070019311,11.606555320461752,True,,,0.2,0.07,0.084
2020-09-25 00:00:00+00:00,0.21097574954032955,0.0,0.21097574954032955,11.606555320461752,11.391273943379783,True,,,0.2,0.07,0.084
2020-09-25 01:00:00+00:00,0.3934732784218255,0.0,0.3934732784218255,11.391273943379783,10.98977059805139,True,,,0.2,0.07,0.084
2020-09-25 02:00:00+00:00,0.15340524987379728,0.0,0.15340524987379728,10.98977059805139,10.833234628792413,True,,,0.2,0.07,0.084
2020-09-25 03:00:00+00:00,0.33179702890449075,0.0,0.33179702890449075,10.833234628792413,10.494666231951095,True,,,0.2,0.07,0.084
2020-09-25 04:00:00+00:00,0.16315433336893712,0.0,0.16315433336893712,10.494666231951095,10.328182218309323,True,,,0.3,0.1,0.084
2020-09-25 05:00:00+00:00,0.7273698907606434,0.0,0.7273698907606434,10.328182218309323,9.585968044063769,True,,,0.3,0.1,0.084
2020-09-25 06:00:00+00:00,-0.08161641136321081,0.0,-0.08161641136321081,9.585968044063769,9.665952127199715,True,,,0.3,0.1,0.084
2020-09-25 07:00:00+00:00,-0.6599015930397759,0.0,-0.6599015930397759,9.665952127199715,10.312655688378696,True,,,0.3,0.1,0.084
2020-09-25 08:00:00+00:00,-1.9881895956934639,0.0,-1.9881895956934639,10.312655688378696,12.26108149215829,True,,,0.3,0.1,0.084
2020-09-25 09:00:00+00:00,-1.5703250080017457,-0.7563635679889755,-2.326688575990721,12.26108149215829,13.8,True,,,0.3,0.1,0.084
2020-09-25 10:00:00+00:00,1.5062336617122645,0.0,1.5062336617122645,13.8,12.263026875803812,True,,,0.3,0.1,0.084
2020-09-25 11:00:00+00:00,-1.5683399226491725,-1.109801261900417,-2.6781411845495895,12.263026875803812,13.8,True,,,0.3,0.1,0.084
2020-09-25 12:00:00+00:00,-0.0,-2.7977936032371957,-2.7977936032371957,13.8,13.8,True,,,0.3,0.1,0.084
2020-09-25 13:00:00+00:00,-0.0,-1.15520455489387,-1.15520455489387,13.8,13.8,True,,,0.3,0.1,0.084
2020-09-25 14:00:00+00:00,-0.0,-1.0537389159596284,-1.0537389159596284,13.8,13.8,True,,,0.3,0.1,0.084
2020-09-25 15:00:00+00:00,0.24991093640190412,0.0,0.24991093640190412,13.8,13.544988840406221,True,,,0.4,0.18,0.084
2020-09-25 16:00:00+00:00,1.2876859088959818,0.0,1.2876859088959818,13.544988840406221,12.231023627247056,True,,,0.4,0.18,0.084
2020-09-25 17:00:00+00:00,0.23715562783173674,0.0,0.23715562783173674,12.231023627247056,11.989028088643243,True,,,0.4,0.18,0.084
2020-09-25 18:00:00+00:00,0.412460971683926,0.0,0.412460971683926,11.989028088643243,11.568149546108625,True,,,0.4,0.18,0.084
2020-09-25 19:00:00+00:00,0.2517815011501315,0.0,0.2517815011501315,11.568149546108625,11.311229646975837,True,,,0.2,0.07,0.084
2020-09-25 20:00:00+00:00,0.23097413876586484,0.0,0.23097413876586484,11.311229646975837,11.075541750275976,True,,,0.2,0.07,0.084
2020-09-25 21:00:00+00:00,0.21807627782556743,0.0,0.21807627782556743,11.075541750275976,10.853014936168254,True,,,0.2,0.07,0.084
2020-09-25 22:00:00+00:00,0.1301968889819252,0.0,0.1301968889819252,10.853014936168254,10.72016096781935,True,,,0.2,0.07,0.084
2020-09-25 23:00:00+00:00,0.17326955578856987,0.0,0.17326955578856987,10.72016096781935,10.54335529864734,True,,,0.2,0.07,0.084
2020-09-26 00:00:00+00:00,0.2916329169617756,0.0,0.2916329169617756,10.54335529864734,10.24577068950267,True,,,0.2,0.07,0.084
2020-09-26 01:00:00+00:00,0.1757618609454895,0.0,0.1757618609454895,10.24577068950267,10.066421851803192,True,,,0.2,0.07,0.084
2020-09-26 02:00:00+00:00,0.8126686919424271,0.0,0.8126686919424271,10.066421851803192,9.237168084515,True,,,0.2,0.07,0.084
2020-09-26 03:00:00+00:00,0.1447323329316245,0.0,0.1447323329316245,9.237168084515,9.089482030503138,True,,,0.2,0.07,0.084
2020-09-26 04:00:00+00:00,0.37011786323918267,0.0,0.37011786323918267,9.089482030503138,8.711810741483564,True,,,0.3,0.1,0.084
2020-09-26 05:00:00+00:00,0.31328128144202083,0.0,0.31328128144202083,8.711810741483564,8.392135964501911,True,,,0.3,0.1,0.084
2020-09-26 06:00:00+00:00,0.08227807640508686,0.0,0.08227807640508686,8.392135964501911,8.308178743680394,True,,,0.3,0.1,0.084
2020-09-26 07:00:00+00:00,-0.15220909270281074,0.0,-0.15220909270281074,8.308178743680394,8.457343654529149,True,,,0.3,0.1,0.084
2020-09-26 08:00:00+00:00,-0.5813564229079144,0.0,-0.5813564229079144,8.457343654529149,9.027072948978905,True,,,0.3,0.1,0.084
2020-09-26 09:00:00+00:00,-0.3038929830114512,0.0,-0.3038929830114512,9.027072948978905,9.324888072330127,True,,,0.3,0.1,0.084
2020-09-26 10:00:00+00:00,-0.7099859124241187,0.0,-0.7099859124241187,9.324888072330127,10.020674266505763,True,,,0.3,0.1,0.084
2020-09-26 11:00:00+00:00,-0.5745027348539378,0.0,-0.5745027348539378,10.020674266505763,10.583686946662622,True,,,0.3,0.1,0.084
2020-09-26 12:00:00+00:00,-0.11767799603564469,0.0,-0.11767799603564469,10.583686946662622,10.699011382777554,True,,,0.3,0.1,0.084
2020-09-26 13:00:00+00:00,0.14998050825129952,0.0,0.14998050825129952,10.699011382777554,10.545970047827248,True,,,0.3,0.1,0.084
2020-09-26 14:00:00+00:00,0.32001539211647695,0.0,0.32001539211647695,10.545970047827248,10.219423729341047,True,,,0.3,0.1,0.084
2020-09-26 15:00:00+00:00,0.4363219702948085,0.0,0.4363219702948085,10.219423729341047,9.774197229040222,True,,,0.4,0.18,0.084
2020-09-26 16:00:00+00:00,1.8348641954886966,0.0,1.8348641954886966,9.774197229040222,7.901886825480328,True,,,0.4,0.18,0.084
2020-09-26 17:00:00+00:00,0.5430186664289902,0.0,0.5430186664289902,7.901886825480328,7.347786145450746,True,,,0.4,0.18,0.084
2020-09-26 18:00:00+00:00,0.4375225276258252,0.0,0.4375225276258252,7.347786145450746,6.9013345866488836,True,,,0.4,0.18,0.084
2020-09-26 19:00:00+00:00,0.23826316674550369,0.0,0.23826316674550369,6.9013345866488836,6.658208906296329,True,,,0.2,0.07,0.084
2020-09-26 20:00:00+00:00,0.24864113900396545,0.0,0.24864113900396545,6.658208906296329,6.404493458333099,True,,,0.2,0.07,0.084
2020-09-26 21:00:00+00:00,0.14130919459395938,0.0,0.14130919459395938,6.404493458333099,6.260300402624977,True,,,0.2,0.07,0.084
2020-09-26 22:00:00+00:00,0.18320911083221453,0.0,0.18320911083221453,6.260300402624977,6.073352330347207,True,,,0.2,0.07,0.084
2020-09-26 23:00:00+00:00,0.1598278334140777,0.0,0.1598278334140777,6.073352330347207,5.910262704414475,True,,,0.2,0.07,0.084
2020-09-27 00:00:00+00:00,0.1533545279608835,0.0,0.1533545279608835,5.910262704414475,5.7537784922094914,True,,,0.2,0.07,0.084
2020-09-27 01:00:00+00:00,0.21424527792930617,0.0,0.21424527792930617,5.7537784922094914,5.535160861669383,True,,,0.2,0.07,0.084
2020-09-27 02:00:00+00:00,0.34501108327706653,0.0,0.34501108327706653,5.535160861669383,5.183108735876458,True,,,0.2,0.07,0.084
2020-09-27 03:00:00+00:00,0.6262386679516896,0.0,0.6262386679516896,5.183108735876458,4.544089686946163,True,,,0.2,0.07,0.084
2020-09-27 04:00:00+00:00,0.15237874953216984,0.0,0.15237874953216984,4.544089686946163,4.388601167015377,True,,,0.3,0.1,0.084
2020-09-27 05:00:00+00:00,0.5841009806983773,0.0,0.5841009806983773,4.388601167015377,3.792579758139482,True,,,0.3,0.1,0.084
2020-09-27 06:00:00+00:00,1.1563835631134864,0.0,1.1563835631134864,3.792579758139482,2.6125965304726586,True,,,0.3,0.1,0.084
2020-09-27 07:00:00+00:00,-1.0078593074832383,0.0,-1.0078593074832383,2.6125965304726586,3.600298651806232,True,,,0.3,0.1,0.084
2020-09-27 08:00:00+00:00,-0.8781840848052183,0.0,-0.8781840848052183,3.600298651806232,4.460919054915346,True,,,0.3,0.1,0.084
2020-09-27 09:00:00+00:00,-1.245288990169284,0.0,-1.245288990169284,4.460919054915346,5.681302265281245,True,,,0.3,0.1,0.084
2020-09-27 10:00:00+00:00,-1.8000661681314996,0.0,-1.8000661681314996,5.681302265281245,7.445367110050114,True,,,0.3,0.1,0.084
2020-09-27 11:00:00+00:00,-1.1673853483175403,0.0,-1.1673853483175403,7.445367110050114,8.589404751401304,True,,,0.3,0.1,0.084
2020-09-27 12:00:00+00:00,-1.161460892273822,0.0,-1.161460892273822,8.589404751401304,9.72763642582965,True,,,0.3,0.1,0.084
2020-09-27 13:00:00+00:00,0.14534399255509747,0.0,0.14534399255509747,9.72763642582965,9.579326229344856,True,,,0.3,0.1,0.084
2020-09-27 14:00:00+00:00,-0.5292069504415394,0.0,-0.5292069504415394,9.579326229344856,10.097949040777564,True,,,0.3,0.1,0.084
2020-09-27 15:00:00+00:00,0.48674329989303605,0.0,0.48674329989303605,10.097949040777564,9.601272204152018,True,,,0.4,0.18,0.084
2020-09-27 16:00:00+00:00,0.5544907488407294,0.0,0.5544907488407294,9.601272204152018,9.035465317579845,True,,,0.4,0.18,0.084
2020-09-27 17:00:00+00:00,0.4051023671705601,0.0,0.4051023671705601,9.035465317579845,8.622095555160907,True,,,0.4,0.18,0.084
2020-09-27 18:00:00+00:00,0.4337027495490176,0.0,0.4337027495490176,8.622095555160907,8.17954172909048,True,,,0.4,0.18,0.084
2020-09-27 19:00:00+00:00,0.21679283325672175,0.0,0.21679283325672175,8.17954172909048,7.958324552297908,True,,,0.2,0.07,0.084
2020-09-27 20:00:00+00:00,0.19263808313210806,0.0,0.19263808313210806,7.958324552297908,7.761755079714124,True,,,0.2,0.07,0.084
2020-09-27 21:00:00+00:00,0.2011174167844983,0.0,0.2011174167844983,7.761755079714124,7.556533225852391,True,,,0.2,0.07,0.084
2020-09-27 22:00:00+00:00,0.15574330534140257,0.0,0.15574330534140257,7.556533225852391,7.397611485708103,True,,,0.2,0.07,0.084
2020-09-27 23:00:00+00:00,0.20784299960136385,0.0,0.20784299960136385,7.397611485708103,7.185526792237323,True,,,0.2,0.07,0.084
2020-09-28 00:00:00+00:00,0.2543574443393278,0.0,0.2543574443393278,7.185526792237323,6.925978379646172,True,,,0.2,0.07,0.084
2020-09-28 01:00:00+00:00,0.7523837262312565,0.0,0.7523837262312565,6.925978379646172,6.158239883491829,True,,,0.2,0.07,0.084
2020-09-28 02:00:00+00:00,0.18477211163308874,0.0,0.18477211163308874,6.158239883491829,5.969696912437657,True,,,0.2,0.07,0.084
2020-09-28 03:00:00+00:00,0.1833684164047241,0.0,0.1833684164047241,5.969696912437657,5.782586283453244,True,,,0.2,0.07,0.084
2020-09-28 04:00:00+00:00,0.19276291691197295,0.0,0.19276291691197295,5.782586283453244,5.585889429461435,True,,,0.3,0.1,0.084
2020-09-28 05:00:00+00:00,0.1199814253257153,0.0,0.1199814253257153,5.585889429461435,5.463459403618868,True,,,0.3,0.1,0.084
2020-09-28 06:00:00+00:00,0.6295520303703362,0.0,0.6295520303703362,5.463459403618868,4.82105937262873,True,,,0.3,0.1,0.084
2020-09-28 07:00:00+00:00,-0.4081593540695889,0.0,-0.4081593540695889,4.82105937262873,5.221055539616927,True,,,0.3,0.1,0.084
2020-09-28 08:00:00+00:00,-0.1842841038966084,0.0,-0.1842841038966084,5.221055539616927,5.401653961435603,True,,,0.3,0.1,0.084
2020-09-28 09:00:00+00:00,-0.503656534582719,0.0,-0.503656534582719,5.401653961435603,5.895237365326667,True,,,0.3,0.1,0.084
2020-09-28 10:00:00+00:00,-1.4959446628582433,0.0,-1.4959446628582433,5.895237365326667,7.361263134927746,True,,,0.3,0.1,0.084
2020-09-28 11:00:00+00:00,-2.0237015116444037,0.0,-2.0237015116444037,7.361263134927746,9.344490616339263,True,,,0.3,0.1,0.084
2020-09-28 12:00:00+00:00,-2.4747819023633824,0.0,-2.4747819023633824,9.344490616339263,11.769776880655378,True,,,0.3,0.1,0.084
2020-09-28 13:00:00+00:00,-2.0716562442292066,-0.4728685058922282,-2.5445247501214348,11.769776880655378,13.8,True,,,0.3,0.1,0.084
2020-09-28 14:00:00+00:00,-0.0,-0.13317787212402896,-0.13317787212402896,13.8,13.8,True,,,0.3,0.1,0.084
2020-09-28 15:00:00+00:00,0.10037297583795642,0.0,0.10037297583795642,13.8,13.69757859608372,True,,,0.4,0.18,0.084
2020-09-28 16:00:00+00:00,1.0663128902764152,0.0,1.0663128902764152,13.69757859608372,12.609504218250642,True,,,0.4,0.18,0.084
2020-09-28 17:00:00+00:00,0.1987112441146968,0.0,0.1987112441146968,12.609504218250642,12.4067376426234,True,,,0.4,0.18,0.084
2020-09-28 18:00:00+00:00,0.24808527779579173,0.0,0.24808527779579173,12.4067376426234,12.153589399974633,True,,,0.4,0.18,0.084
2020-09-28 19:00:00+00:00,0.2416896110216775,0.0,0.2416896110216775,12.153589399974633,11.906967347911698,True,,,0.2,0.07,0.084
2020-09-28 20:00:00+00:00,0.16540225012037507,0.0,0.16540225012037507,11.906967347911698,11.738189541666417,True,,,0.2,0.07,0.084
2020-09-28 21:00:00+00:00,0.2053050831715266,0.0,0.2053050831715266,11.738189541666417,11.528694558838328,True,,,0.2,0.07,0.084
2020-09-28 22:00:00+00:00,0.11900561122629383,0.0,0.11900561122629383,11.528694558838328,11.407260261668641,True,,,0.2,0.07,0.084
2020-09-28 23:00:00+00:00,0.91192085884942,0.0,0.91192085884942,11.407260261668641,10.476728773046784,True,,,0.2,0.07,0.084
2020-09-29 00:00:00+00:00,0.15401791640917428,0.0,0.15401791640917428,10.476728773046784,10.31956763385375,True,,,0.2,0.07,0.084
2020-09-29 01:00:00+00:00,0.5487666927152202,0.0,0.5487666927152202,10.31956763385375,9.759601620879035,True,,,0.2,0.07,0.084
2020-09-29 02:00:00+00:00,0.2228914442777633,0.0,0.2228914442777633,9.759601620879035,9.532161371616011,True,,,0.2,0.07,0.084
2020-09-29 03:00:00+00:00,0.22929499838617184,0.0,0.22929499838617184,9.532161371616011,9.298186883466856,True,,,0.2,0.07,0.084
2020-09-29 04:00:00+00:00,0.19931563845475528,0.0,0.19931563845475528,9.298186883466856,9.094803578921187,True,,,0.3,0.1,0.084
2020-09-29 05:00:00+00:00,0.04597120467164047,0.0,0.04597120467164047,9.094803578921187,9.047894186399105,True,,,0.3,0.1,0.084
2020-09-29 06:00:00+00:00,-0.8715238188794745,0.0,-0.8715238188794745,9.047894186399105,9.90198752890099,True,,,0.3,0.1,0.084
2020-09-29 07:00:00+00:00,-2.4177581359375484,0.0,-2.4177581359375484,9.90198752890099,12.271390502119788,True,,,0.3,0.1,0.084
2020-09-29 08:00:00+00:00,-1.55980561008185,-2.1964458275372385,-3.7562514376190888,12.271390502119788,13.8,True,,,0.3,0.1,0.084
2020-09-29 09:00:00+00:00,-0.0,-4.577857092442458,-4.577857092442458,13.8,13.8,True,,,0.3,0.1,0.084
2020-09-29 10:00:00+00:00,-0.0,-4.416876825867485,-4.416876825867485,13.8,13.8,True,,,0.3,0.1,0.084
2020-09-29 11:00:00+00:00,-0.0,-3.1163937452721866,-3.1163937452721866,13.8,13.8,True,,,0.3,0.1,0.084
2020-09-29 12:00:00+00:00,-0.0,-3.943300154204387,-3.943300154204387,13.8,13.8,True,,,0.3,0.1,0.084
2020-09-29 13:00:00+00:00,-0.0,-1.6530714451952455,-1.6530714451952455,13.8,13.8,True,,,0.3,0.1,0.084
2020-09-29 14:00:00+00:00,-0.0,-0.6714793001311948,-0.6714793001311948,13.8,13.8,True,,,0.3,0.1,0.084
2020-09-29 15:00:00+00:00,0.23428547910081812,0.0,0.23428547910081812,13.8,13.560933184591002,True,,,0.4,0.18,0.084
2020-09-29 16:00:00+00:00,0.7112064424265386,0.0,0.7112064424265386,13.560933184591002,12.835212324972085,True,,,0.4,0.18,0.084
2020-09-29 17:00:00+00:00,0.6521883901596071,0.0,0.6521883901596071,12.835212324972085,12.169713967666363,True,,,0.4,0.18,0.084
2020-09-29 18:00:00+00:00,0.23265075002511335,0.0,0.23265075002511335,12.169713967666363,11.93231524315094,True,,,0.4,0.18,0.084
2020-09-29 19:00:00+00:00,0.2458882222466999,0.0,0.2458882222466999,11.93231524315094,11.681408893919613,True,,,0.2,0.07,0.084
2020-09-29 20:00:00+00:00,0.15349697211848365,0.0,0.15349697211848365,11.681408893919613,11.524779330533406,True,,,0.2,0.07,0.084
2020-09-29 21:00:00+00:00,0.2403781116459106,0.0,0.2403781116459106,11.524779330533406,11.27949554313962,True,,,0.2,0.07,0.084
2020-09-29 22:00:00+00:00,0.14223536112308507,0.0,0.14223536112308507,11.27949554313962,11.134357419544635,True,,,0.2,0.07,0.084
2020-09-29 23:00:00+00:00,0.16810336077743096,0.0,0.16810336077743096,11.134357419544635,10.962823377935011,True,,,0.2,0.07,0.084
2020-09-30 00:00:00+00:00,0.1759989722278383,0.0,0.1759989722278383,10.962823377935011,10.78323258994742,True,,,0.2,0.07,0.084
2020-09-30 01:00:00+00:00,0.4103070548481415,0.0,0.4103070548481415,10.78323258994742,10.364551921735032,True,,,0.2,0.07,0.084
2020-09-30 02:00:00+00:00,0.35647802862061406,0.0,0.35647802862061406,10.364551921735032,10.000798831305834,True,,,0.2,0.07,0.084
2020-09-30 03:00:00+00:00,0.1724491389963361,0.0,0.1724491389963361,10.000798831305834,9.8248303221259,True,,,0.2,0.07,0.084
2020-09-30 04:00:00+00:00,0.2189580000797909,0.0,0.2189580000797909,9.8248303221259,9.601403791432235,True,,,0.3,0.1,0.084
2020-09-30 05:00:00+00:00,0.16374054493502185,0.0,0.16374054493502185,9.601403791432235,9.43432160272303,True,,,0.3,0.1,0.084
2020-09-30 06:00:00+00:00,-0.04601811875794585,0.0,-0.04601811875794585,9.43432160272303,9.479419359105817,True,,,0.3,0.1,0.084
2020-09-30 07:00:00+00:00,-0.5673343801889383,0.0,-0.5673343801889383,9.479419359105817,10.035407051690976,True,,,0.3,0.1,0.084
2020-09-30 08:00:00+00:00,-0.8794485844483322,0.0,-0.8794485844483322,10.035407051690976,10.897266664450342,True,,,0.3,0.1,0.084
2020-09-30 09:00:00+00:00,-2.715491063807385,0.0,-2.715491063807385,10.897266664450342,13.558447906981579,True,,,0.3,0.1,0.084
2020-09-30 10:00:00+00:00,-0.2464817275698182,-4.59010679717598,-4.836588524745798,13.558447906981579,13.8,True,,,0.3,0.1,0.084
2020-09-30 11:00:00+00:00,-0.0,-2.6712600305571867,-2.6712600305571867,13.8,13.8,True,,,0.3,0.1,0.084
2020-09-30 12:00:00+00:00,-0.0,-2.280162522616149,-2.280162522616149,13.8,13.8,True,,,0.3,0.1,0.084
2020-09-30 13:00:00+00:00,-0.0,-2.782537965292492,-2.782537965292492,13.8,13.8,True,,,0.3,0.1,0.084
2020-09-30 14:00:00+00:00,-0.0,-0.8456286050294095,-0.8456286050294095,13.8,13.8,True,,,0.3,0.1,0.084
2020-09-30 15:00:00+00:00,-0.0,-0.1178205205755671,-0.1178205205755671,13.8,13.8,True,,,0.4,0.18,0.084
2020-09-30 16:00:00+00:00,0.0020128114377858854,0.0,0.0020128114377858854,13.8,13.79794611077777,True,,,0.4,0.18,0.084
2020-09-30 17:00:00+00:00,0.9967743289134525,0.0,0.9967743289134525,13.79794611077777,12.780829448621187,True,,,0.4,0.18,0.084
2020-09-30 18:00:00+00:00,0.22274105539851732,0.0,0.22274105539851732,12.780829448621187,12.55354265739821,True,,,0.4,0.18,0.084
2020-09-30 19:00:00+00:00,0.21012577738496982,0.0,0.21012577738496982,12.55354265739821,12.33912859884212,True,,,0.2,0.07,0.084
2020-09-30 20:00:00+00:00,0.15556552754508124,0.0,0.15556552754508124,12.33912859884212,12.180388264612445,True,,,0.2,0.07,0.084
2020-09-30 21:00:00+00:00,0.18239905519220576,0.0,0.18239905519220576,12.180388264612445,11.99426677972244,True,,,0.2,0.07,0.084
2020-09-30 22:00:00+00:00,0.14542516674995437,0.0,0.14542516674995437,11.99426677972244,11.845873752426566,True,,,0.2,0.07,0.084
2020-09-30 23:00:00+00:00,0.1885761389096579,0.0,0.1885761389096579,11.845873752426566,11.6534491208861,True,,,0.2,0.07,0.084
2020-10-01 00:00:00+00:00,0.1867050836483637,0.0,0.1867050836483637,11.6534491208861,11.462933729408178,True,,,0.2,0.07,0.084
2020-10-01 01:00:00+00:00,0.624303473806381,0.0,0.624303473806381,11.462933729408178,10.825889368381258,True,,,0.2,0.07,0.084
2020-10-01 02:00:00+00:00,0.37640180508560644,0.0,0.37640180508560644,10.825889368381258,10.441805893804109,True,,,0.2,0.07,0.084
2020-10-01 03:00:00+00:00,0.19530997234185515,0.0,0.19530997234185515,10.441805893804109,10.242510003659358,True,,,0.2,0.07,0.084
2020-10-01 04:00:00+00:00,0.15170505554411137,0.0,0.15170505554411137,10.242510003659358,10.08770892657353,True,,,0.3,0.1,0.084
2020-10-01 05:00:00+00:00,0.7642502129942056,0.0,0.7642502129942056,10.08770892657353,9.307861770456993,True,,,0.3,0.1,0.084
2020-10-01 06:00:00+00:00,-0.6641071676231436,0.0,-0.6641071676231436,9.307861770456993,9.958686794727674,True,,,0.3,0.1,0.084
2020-10-01 07:00:00+00:00,-2.0518167749738327,0.0,-2.0518167749738327,9.958686794727674,11.96946723420203,True,,,0.3,0.1,0.084
2020-10-01 08:00:00+00:00,-1.8072179610768495,0.0,-1.8072179610768495,11.96946723420203,13.740540836057342,True,,,0.3,0.1,0.084
2020-10-01 09:00:00+00:00,-0.06067261626801932,-2.486530265598103,-2.5472028818661223,13.740540836057342,13.8,True,,,0.3,0.1,0.084
2020-10-01 10:00:00+00:00,-0.0,-3.2945735853917753,-3.2945735853917753,13.8,13.8,True,,,0.3,0.1,0.084
2020-10-01 11:00:00+00:00,-0.0,-1.9129113264925173,-1.9129113264925173,13.8,13.8,True,,,0.3,0.1,0.084
2020-10-01 12:00:00+00:00,-0.0,-2.3100698800504436,-2.3100698800504436,13.8,13.8,True,,,0.3,0.1,0.084
2020-10-01 13:00:00+00:00,-0.0,-0.24086209482790408,-0.24086209482790408,13.8,13.8,True,,,0.3,0.1,0.084
2020-10-01 14:00:00+00:00,-0.0,-1.1003681830309362,-1.1003681830309362,13.8,13.8,True,,,0.3,0.1,0.084
2020-10-01 15:00:00+00:00,0.029159911212154103,0.0,0.029159911212154103,13.8,13.770244988559027,True,,,0.4,0.18,0.084
2020-10-01 16:00:00+00:00,0.41736367176821376,0.0,0.41736367176821376,13.770244988559027,13.34436369083636,True,,,0.4,0.18,0.084
2020-10-01 17:00:00+00:00,0.299685986365395,0.0,0.299685986365395,13.34436369083636,13.038561663932896,True,,,0.4,0.18,0.084
2020-10-01 18:00:00+00:00,0.31609855532116404,0.0,0.31609855532116404,13.038561663932896,12.71601211768681,True,,,0.4,0.18,0.084
2020-10-01 19:00:00+00:00,0.2365839446014827,0.0,0.2365839446014827,12.71601211768681,12.47459992931795,True,,,0.2,0.07,0.084
2020-10-01 20:00:00+00:00,0.19368013907538514,0.0,0.19368013907538514,12.47459992931795,12.276967134343067,True,,,0.2,0.07,0.084
2020-10-01 21:00:00+00:00,0.14437961108949454,0.0,0.14437961108949454,12.276967134343067,12.129641000578276,True,,,0.2,0.07,0.084
2020-10-01 22:00:00+00:00,0.21909152803421003,0.0,0.21909152803421003,12.129641000578276,11.906078216869899,True,,,0.2,0.07,0.084
2020-10-01 23:00:00+00:00,0.1352659168349373,0.0,0.1352659168349373,11.906078216869899,11.768051771119962,True,,,0.2,0.07,0.084
2020-10-02 00:00:00+00:00,0.848239055824281,0.0,0.848239055824281,11.768051771119962,10.90250171415641,True,,,0.2,0.07,0.084
2020-10-02 01:00:00+00:00,0.35465897227923054,0.0,0.35465897227923054,10.90250171415641,10.5406048036674,True,,,0.2,0.07,0.084
2020-10-02 02:00:00+00:00,0.32743136065800954,0.0,0.32743136065800954,10.5406048036674,10.2064911703429,True,,,0.2,0.07,0.084
2020-10-02 03:00:00+00:00,0.22343880554835008,0.0,0.22343880554835008,10.2064911703429,9.978492389171114,True,,,0.2,0.07,0.084
2020-10-02 04:00:00+00:00,0.15988327745331649,0.0,0.15988327745331649,9.978492389171114,9.815346187688139,True,,,0.3,0.1,0.084
2020-10-02 05:00:00+00:00,0.11311017523935471,0.0,0.11311017523935471,9.815346187688139,9.699927641525532,True,,,0.3,0.1,0.084
2020-10-02 06:00:00+00:00,-0.5006792790204629,0.0,-0.5006792790204629,9.699927641525532,10.190593334965586,True,,,0.3,0.1,0.084
2020-10-02 07:00:00+00:00,-1.1721732488522585,0.0,-1.1721732488522585,10.190593334965586,11.339323118840799,True,,,0.3,0.1,0.084
2020-10-02 08:00:00+00:00,-2.510894776693063,-0.20028093858660778,-2.711175715279671,11.339323118840799,13.8,True,,,0.3,0.1,0.084
2020-10-02 09:00:00+00:00,-0.0,-4.003233921360147,-4.003233921360147,13.8,13.8,True,,,0.3,0.1,0.084
2020-10-02 10:00:00+00:00,-0.0,-4.877488746448586,-4.877488746448586,13.8,13.8,True,,,0.3,0.1,0.084
2020-10-02 11:00:00+00:00,-0.0,-4.550648182053584,-4.550648182053584,13.8,13.8,True,,,0.3,0.1,0.084
2020-10-02 12:00:00+00:00,-0.0,-2.7255362681283817,-2.7255362681283817,13.8,13.8,True,,,0.3,0.1,0.084
2020-10-02 13:00:00+00:00,1.9127487701012236,0.0,1.9127487701012236,13.8,11.848215540713039,True,,,0.3,0.1,0.084
2020-10-02 14:00:00+00:00,-1.5593496886072489,0.0,-1.5593496886072489,11.848215540713039,13.376378235548142,True,,,0.3,0.1,0.084
2020-10-02 15:00:00+00:00,0.3942246585203764,0.0,0.3942246585203764,13.376378235548142,12.974108175833472,True,,,0.4,0.18,0.084
2020-10-02 16:00:00+00:00,0.12981127142650403,0.0,0.12981127142650403,12.974108175833472,12.841647694786019,True,,,0.4,0.18,0.084
2020-10-02 17:00:00+00:00,0.24513358036302518,0.0,0.24513358036302518,12.841647694786019,12.591511388293137,True,,,0.4,0.18,0.084
2020-10-02 18:00:00+00:00,0.3984751942528628,0.0,0.3984751942528628,12.591511388293137,12.184904047218787,True,,,0.4,0.18,0.084
2020-10-02 19:00:00+00:00,0.23229155559009945,0.0,0.23229155559009945,12.184904047218787,11.947871847637053,True,,,0.2,0.07,0.084
2020-10-02 20:00:00+00:00,0.2534377221001518,0.0,0.2534377221001518,11.947871847637053,11.689261927126694,True,,,0.2,0.07,0.084
2020-10-02 21:00:00+00:00,0.18626124999788043,0.0,0.18626124999788043,11.689261927126694,11.499199427128856,True,,,0.2,0.07,0.084
2020-10-02 22:00:00+00:00,0.16533252788649658,0.0,0.16533252788649658,11.499199427128856,11.330492766020186,True,,,0.2,0.07,0.084
2020-10-02 23:00:00+00:00,0.1676295555565091,0.0,0.1676295555565091,11.330492766020186,11.159442199125788,True,,,0.2,0.07,0.084
2020-10-03 00:00:00+00:00,0.1484286663267345,0.0,0.1484286663267345,11.159442199125788,11.007984376343407,True,,,0.2,0.07,0.084
2020-10-03 01:00:00+00:00,0.21468261129326285,0.0,0.21468261129326285,11.007984376343407,10.78892048726865,True,,,0.2,0.07,0.084
2020-10-03 02:00:00+00:00,0.4229292218499722,0.0,0.4229292218499722,10.78892048726865,10.357360056809494,True,,,0.2,0.07,0.084
2020-10-03 03:00:00+00:00,0.17438125032054075,0.0,0.17438125032054075,10.357360056809494,10.179420005462003,True,,,0.2,0.07,0.084
2020-10-03 04:00:00+00:00,0.309405749861399,0.0,0.309405749861399,10.179420005462003,9.863699852542208,True,,,0.3,0.1,0.084
2020-10-03 05:00:00+00:00,0.3032527906022309,0.0,0.3032527906022309,9.863699852542208,9.554258229478707,True,,,0.3,0.1,0.084
2020-10-03 06:00:00+00:00,0.7562922734673454,0.0,0.7562922734673454,9.554258229478707,8.78253141981815,True,,,0.3,0.1,0.084
2020-10-03 07:00:00+00:00,0.5854312989822306,0.0,0.5854312989822306,8.78253141981815,8.185152543305671,True,,,0.3,0.1,0.084
2020-10-03 08:00:00+00:00,0.0335757133806356,0.0,0.0335757133806356,8.185152543305671,8.150891611284614,True,,,0.3,0.1,0.084
2020-10-03 09:00:00+00:00,-1.983854441027075,0.0,-1.983854441027075,8.150891611284614,10.095068963491148,True,,,0.3,0.1,0.084
2020-10-03 10:00:00+00:00,-3.7805418739886254,-0.4676942596955178,-4.248236133684143,10.095068963491148,13.8,True,,,0.3,0.1,0.084
2020-10-03 11:00:00+00:00,-0.0,-4.150129239138517,-4.150129239138517,13.8,13.8,True,,,0.3,0.1,0.084
2020-10-03 12:00:00+00:00,-0.0,-3.457198402551034,-3.457198402551034,13.8,13.8,True,,,0.3,0.1,0.084
2020-10-03 13:00:00+00:00,-0.0,-0.6759963435822519,-0.6759963435822519,13.8,13.8,True,,,0.3,0.1,0.084
2020-10-03 14:00:00+00:00,-0.0,-0.03305339055664226,-0.03305339055664226,13.8,13.8,True,,,0.3,0.1,0.084
2020-10-03 15:00:00+00:00,0.18629826564615204,0.0,0.18629826564615204,13.8,13.609899728932499,True,,,0.4,0.18,0.084
2020-10-03 16:00:00+00:00,0.5173125067846073,0.0,0.5173125067846073,13.609899728932499,13.082029824050247,True,,,0.4,0.18,0.084
2020-10-03 17:00:00+00:00,0.4518550280544496,0.0,0.4518550280544496,13.082029824050247,12.620953264811012,True,,,0.4,0.18,0.084
2020-10-03 18:00:00+00:00,0.3205725549538926,0.0,0.3205725549538926,12.620953264811012,12.293838412817244,True,,,0.4,0.18,0.084
2020-10-03 19:00:00+00:00,0.2599582777023314,0.0,0.2599582777023314,12.293838412817244,12.028574864141396,True,,,0.2,0.07,0.084
2020-10-03 20:00:00+00:00,0.22736716663572568,0.0,0.22736716663572568,12.028574864141396,11.796567551247797,True,,,0.2,0.07,0.084
2020-10-03 21:00:00+00:00,0.19254761130280015,0.0,0.19254761130280015,11.796567551247797,11.600090396857185,True,,,0.2,0.07,0.084
2020-10-03 22:00:00+00:00,0.16238030568228848,0.0,0.16238030568228848,11.600090396857185,11.434396207385463,True,,,0.2,0.07,0.084
2020-10-03 23:00:00+00:00,0.2718510562260946,0.0,0.2718510562260946,11.434396207385463,11.15699717042006,True,,,0.2,0.07,0.084
2020-10-04 00:00:00+00:00,0.21033611092832333,0.0,0.21033611092832333,11.15699717042006,10.942368485799323,True,,,0.2,0.07,0.084
2020-10-04 01:00:00+00:00,0.159721527674463,0.0,0.159721527674463,10.942368485799323,10.779387335111094,True,,,0.2,0.07,0.084
2020-10-04 02:00:00+00:00,0.3285557212114329,0.0,0.3285557212114329,10.779387335111094,10.444126395099428,True,,,0.2,0.07,0.084
2020-10-04 03:00:00+00:00,0.6585959158208633,0.0,0.6585959158208633,10.444126395099428,9.772089746302628,True,,,0.2,0.07,0.084
2020-10-04 04:00:00+00:00,0.11567361090977964,0.0,0.11567361090977964,9.772089746302628,9.654055449455914,True,,,0.3,0.1,0.084
2020-10-04 05:00:00+00:00,0.7579990321624336,0.0,0.7579990321624336,9.654055449455914,8.880587049290165,True,,,0.3,0.1,0.084
2020-10-04 06:00:00+00:00,0.29331773705116976,0.0,0.29331773705116976,8.880587049290165,8.581283235972645,True,,,0.3,0.1,0.084
2020-10-04 07:00:00+00:00,-0.05320748496832316,0.0,-0.05320748496832316,8.581283235972645,8.633426571241602,True,,,0.3,0.1,0.084
2020-10-04 08:00:00+00:00,-2.9858714195845235,0.0,-2.9858714195845235,8.633426571241602,11.559580562434434,True,,,0.3,0.1,0.084
2020-10-04 09:00:00+00:00,-2.2861422832301703,-1.9270931382278875,-4.213235421458058,11.559580562434434,13.8,True,,,0.3,0.1,0.084
2020-10-04 10:00:00+00:00,-0.0,-0.9811597687366814,-0.9811597687366814,13.8,13.8,True,,,0.3,0.1,0.084
2020-10-04 11:00:00+00:00,-0.0,-0.9886661740782619,-0.9886661740782619,13.8,13.8,True,,,0.3,0.1,0.084
2020-10-04 12:00:00+00:00,-0.0,-3.4281912094250493,-3.4281912094250493,13.8,13.8,True,,,0.3,0.1,0.084
2020-10-04 13:00:00+00:00,-0.0,-0.7204453170051974,-0.7204453170051974,13.8,13.8,True,,,0.3,0.1,0.084
2020-10-04 14:00:00+00:00,-0.0,-2.8974983217619386,-2.8974983217619386,13.8,13.8,True,,,0.3,0.1,0.084
2020-10-04 15:00:00+00:00,-0.0,-0.2704788864935041,-0.2704788864935041,13.8,13.8,True,,,0.4,0.18,0.084
2020-10-04 16:00:00+00:00,0.2567584603242942,0.0,0.2567584603242942,13.8,13.53800157109766,True,,,0.4,0.18,0.084
2020-10-04 17:00:00+00:00,0.4165708052873614,0.0,0.4165708052873614,13.53800157109766,13.112929320804433,True,,,0.4,0.18,0.084
2020-10-04 18:00:00+00:00,0.9848948352972661,0.0,0.9848948352972661,13.112929320804433,12.107934590909263,True,,,0.4,0.18,0.084
2020-10-04 19:00:00+00:00,0.21837505559391454,0.0,0.21837505559391454,12.107934590909263,11.885102901527718,True,,,0.2,0.07,0.084
2020-10-04 20:00:00+00:00,0.1928457776440515,0.0,0.1928457776440515,11.885102901527718,11.688321495768482,True,,,0.2,0.07,0.084
2020-10-04 21:00:00+00:00,0.16575272234810726,0.0,0.16575272234810726,11.688321495768482,11.519186064801026,True,,,0.2,0.07,0.084
2020-10-04 22:00:00+00:00,0.1745627778106264,0.0,0.1745627778106264,11.519186064801026,11.341060781320795,True,,,0.2,0.07,0.084
2020-10-04 23:00:00+00:00,0.16724491670926422,0.0,0.16724491670926422,11.341060781320795,11.170402703046037,True,,,0.2,0.07,0.084
2020-10-05 00:00:00+00:00,0.13544841643174516,0.0,0.13544841643174516,11.170402703046037,11.032190033217725,True,,,0.2,0.07,0.084
2020-10-05 01:00:00+00:00,0.7394807222472296,0.0,0.7394807222472296,11.032190033217725,10.277617867659329,True,,,0.2,0.07,0.084
2020-10-05 02:00:00+00:00,0.15189019470214843,0.0,0.15189019470214843,10.277617867659329,10.1226278730653,True,,,0.2,0.07,0.084
2020-10-05 03:00:00+00:00,0.181697666247686,0.0,0.181697666247686,10.1226278730653,9.937222091179907,True,,,0.2,0.07,0.084
2020-10-05 04:00:00+00:00,0.19377513949076328,0.0,0.19377513949076328,9.937222091179907,9.739492357005659,True,,,0.3,0.1,0.084
2020-10-05 05:00:00+00:00,0.10326616944051792,0.0,0.10326616944051792,9.739492357005659,9.634118714719417,True,,,0.3,0.1,0.084
2020-10-05 06:00:00+00:00,-0.08411522335777782,0.0,-0.08411522335777782,9.634118714719417,9.71655163361004,True,,,0.3,0.1,0.084
2020-10-05 07:00:00+00:00,-0.17068863886197422,0.0,-0.17068863886197422,9.71655163361004,9.883826499694775,True,,,0.3,0.1,0.084
2020-10-05 08:00:00+00:00,-0.5242289289469005,0.0,-0.5242289289469005,9.883826499694775,10.397570850062738,True,,,0.3,0.1,0.084
2020-10-05 09:00:00+00:00,-3.4718664795278187,-0.4067603613208486,-3.8786268408486673,10.397570850062738,13.8,True,,,0.3,0.1,0.084
2020-10-05 10:00:00+00:00,-0.0,-3.5981644999901454,-3.5981644999901454,13.8,13.8,True,,,0.3,0.1,0.084
2020-10-05 11:00:00+00:00,-0.0,-0.3826278133849083,-0.3826278133849083,13.8,13.8,True,,,0.3,0.1,0.084
2020-10-05 12:00:00+00:00,-0.0,-0.5913245174583351,-0.5913245174583351,13.8,13.8,True,,,0.3,0.1,0.084
2020-10-05 13:00:00+00:00,-0.0,-0.7404973147776842,-0.7404973147776842,13.8,13.8,True,,,0.3,0.1,0.084
2020-10-05 14:00:00+00:00,0.6856891743881961,0.0,0.6856891743881961,13.8,13.100317168991637,True,,,0.3,0.1,0.084
2020-10-05 15:00:00+00:00,0.06779898490092812,0.0,0.06779898490092812,13.100317168991637,13.03113453133763,True,,,0.4,0.18,0.084
2020-10-05 16:00:00+00:00,0.9434745874431391,0.0,0.9434745874431391,13.03113453133763,12.068405360477284,True,,,0.4,0.18,0.084
2020-10-05 17:00:00+00:00,0.5706352353597502,0.0,0.5706352353597502,12.068405360477284,11.486124508069375,True,,,0.4,0.18,0.084
2020-10-05 18:00:00+00:00,0.24041402806970794,0.0,0.24041402806970794,11.486124508069375,11.24080407126355,True,,,0.4,0.18,0.084
2020-10-05 19:00:00+00:00,0.2044774720483356,0.0,0.2044774720483356,11.24080407126355,11.032153589581576,True,,,0.2,0.07,0.084
2020-10-05 20:00:00+00:00,0.1832877222696939,0.0,0.1832877222696939,11.032153589581576,10.845125301551276,True,,,0.2,0.07,0.084
2020-10-05 21:00:00+00:00,0.20633977825641647,0.0,0.20633977825641647,10.845125301551276,10.634574507412076,True,,,0.2,0.07,0.084
2020-10-05 22:00:00+00:00,0.14170252735349848,0.0,0.14170252735349848,10.634574507412076,10.48998009174524,True,,,0.2,0.07,0.084
2020-10-05 23:00:00+00:00,0.18549613896475886,0.0,0.18549613896475886,10.48998009174524,10.300698317291404,True,,,0.2,0.07,0.084
2020-10-06 00:00:00+00:00,0.15953705560101375,0.0,0.15953705560101375,10.300698317291404,10.13790540341282,True,,,0.2,0.07,0.084
2020-10-06 01:00:00+00:00,0.48937002755800924,0.0,0.48937002755800924,10.13790540341282,9.638548232435259,True,,,0.2,0.07,0.084
2020-10-06 02:00:00+00:00,0.24064077759848665,0.0,0.24064077759848665,9.638548232435259,9.392996418559251,True,,,0.2,0.07,0.084
2020-10-06 03:00:00+00:00,0.14008761119577645,0.0,0.14008761119577645,9.392996418559251,9.250049876522745,True,,,0.2,0.07,0.084
2020-10-06 04:00:00+00:00,0.17533761137061654,0.0,0.17533761137061654,9.250049876522745,9.071133946552727,True,,,0.3,0.1,0.084
2020-10-06 05:00:00+00:00,0.8541232705689027,0.0,0.8541232705689027,9.071133946552727,8.199579588829357,True,,,0.3,0.1,0.084
2020-10-06 06:00:00+00:00,0.04520843866446915,0.0,0.04520843866446915,8.199579588829357,8.153448528967653,True,,,0.3,0.1,0.084
2020-10-06 07:00:00+00:00,-0.357430158911537,0.0,-0.357430158911537,8.153448528967653,8.503730084700958,True,,,0.3,0.1,0.084
2020-10-06 08:00:00+00:00,-3.115401048965016,0.0,-3.115401048965016,8.503730084700958,11.556823112686674,True,,,0.3,0.1,0.084
2020-10-06 09:00:00+00:00,-1.9428533602426798,0.0,-1.9428533602426798,11.556823112686674,13.4608194057245,True,,,0.3,0.1,0.084
2020-10-06 10:00:00+00:00,-0.3461026472198986,-0.23502775707742862,-0.5811304042973272,13.4608194057245,13.8,True,,,0.3,0.1,0.084
2020-10-06 11:00:00+00:00,-0.0,-1.3305958926188992,-1.3305958926188992,13.8,13.8,True,,,0.3,0.1,0.084
2020-10-06 12:00:00+00:00,-0.0,-0.9275971301549238,-0.9275971301549238,13.8,13.8,True,,,0.3,0.1,0.084
2020-10-06 13:00:00+00:00,-0.0,-0.12466615645410406,-0.12466615645410406,13.8,13.8,True,,,0.3,0.1,0.084
2020-10-06 14:00:00+00:00,-0.0,-0.9576762203322524,-0.9576762203322524,13.8,13.8,True,,,0.3,0.1,0.084
2020-10-06 15:00:00+00:00,0.33163441532644655,0.0,0.33163441532644655,13.8,13.461597535381177,True,,,0.4,0.18,0.084
2020-10-06 16:00:00+00:00,1.284029817228299,0.0,1.284029817228299,13.461597535381177,12.151363028005361,True,,,0.4,0.18,0.084
2020-10-06 17:00:00+00:00,0.25366202763186535,0.0,0.25366202763186535,12.151363028005361,11.892524224299377,True,,,0.4,0.18,0.084
2020-10-06 18:00:00+00:00,0.20642241653336443,0.0,0.20642241653336443,11.892524224299377,11.68188910538778,True,,,0.4,0.18,0.084
2020-10-06 19:00:00+00:00,0.257314971272151,0.0,0.257314971272151,11.68188910538778,11.4193228081713,True,,,0.2,0.07,0.084
2020-10-06 20:00:00+00:00,0.15999944437874697,0.0,0.15999944437874697,11.4193228081713,11.256058069009313,True,,,0.2,0.07,0.084
2020-10-06 21:00:00+00:00,0.1732676667213444,0.0,0.1732676667213444,11.256058069009313,11.07925432745692,True,,,0.2,0.07,0.084
2020-10-06 22:00:00+00:00,0.2027087776793375,0.0,0.2027087776793375,11.07925432745692,10.872408635947393,True,,,0.2,0.07,0.084
2020-10-06 23:00:00+00:00,0.8340220306767345,0.0,0.8340220306767345,10.872408635947393,10.021365747501745,True,,,0.2,0.07,0.084
2020-10-07 00:00:00+00:00,0.2002614719735251,0.0,0.2002614719735251,10.021365747501745,9.817017306712433,True,,,0.2,0.07,0.084
2020-10-07 01:00:00+00:00,0.19613108308580166,0.0,0.19613108308580166,9.817017306712433,9.616883548461615,True,,,0.2,0.07,0.084
2020-10-07 02:00:00+00:00,0.35608233359389874,0.0,0.35608233359389874,9.616883548461615,9.25353422846784,True,,,0.2,0.07,0.084
2020-10-07 03:00:00+00:00,0.22640072187582663,0.0,0.22640072187582663,9.25353422846784,9.02251308369659,True,,,0.2,0.07,0.084
2020-10-07 04:00:00+00:00,0.1421021667083103,0.0,0.1421021667083103,9.02251308369659,8.877510872769742,True,,,0.3,0.1,0.084
2020-10-07 05:00:00+00:00,0.18277395890042272,0.0,0.18277395890042272,8.877510872769742,8.691006833075432,True,,,0.3,0.1,0.084
2020-10-07 06:00:00+00:00,0.060000676476635754,0.0,0.060000676476635754,8.691006833075432,8.629781652997233,True,,,0.3,0.1,0.084
2020-10-07 07:00:00+00:00,-0.15809678540257216,0.0,-0.15809678540257216,8.629781652997233,8.784716502691753,True,,,0.3,0.1,0.084
2020-10-07 08:00:00+00:00,-0.5821183819904179,0.0,-0.5821183819904179,8.784716502691753,9.355192517042362,True,,,0.3,0.1,0.084
2020-10-07 09:00:00+00:00,-0.9855601071978896,0.0,-0.9855601071978896,9.355192517042362,10.321041422096293,True,,,0.3,0.1,0.084
2020-10-07 10:00:00+00:00,-2.990010665622982,0.0,-2.990010665622982,10.321041422096293,13.251251874406815,True,,,0.3,0.1,0.084
2020-10-07 11:00:00+00:00,-0.5599470669318218,-1.2293819109995914,-1.7893289779314132,13.251251874406815,13.8,True,,,0.3,0.1,0.084
2020-10-07 12:00:00+00:00,-0.0,-4.349398358354532,-4.349398358354532,13.8,13.8,True,,,0.3,0.1,0.084
2020-10-07 13:00:00+00:00,-0.0,-0.3809147296507236,-0.3809147296507236,13.8,13.8,True,,,0.3,0.1,0.084
2020-10-07 14:00:00+00:00,0.1978632411015888,0.0,0.1978632411015888,13.8,13.598098733569808,True,,,0.3,0.1,0.084
2020-10-07 15:00:00+00:00,0.10309145251672394,0.0,0.10309145251672394,13.598098733569808,13.492903373858866,True,,,0.4,0.18,0.084
2020-10-07 16:00:00+00:00,1.1222408261595105,0.0,1.1222408261595105,13.492903373858866,12.3477596736961,True,,,0.4,0.18,0.084
2020-10-07 17:00:00+00:00,0.2622114165862402,0.0,0.2622114165862402,12.3477596736961,12.08019700371014,True,,,0.4,0.18,0.084
2020-10-07 18:00:00+00:00,0.3024563614580368,0.0,0.3024563614580368,12.08019700371014,11.771568063446837,True,,,0.4,0.18,0.084
2020-10-07 19:00:00+00:00,0.214496083495352,0.0,0.214496083495352,11.771568063446837,11.552694508859744,True,,,0.2,0.07,0.084
2020-10-07 20:00:00+00:00,0.1850904722452166,0.0,0.1850904722452166,11.552694508859744,11.363826680038095,True,,,0.2,0.07,0.084
2020-10-07 21:00:00+00:00,0.1329480556726456,0.0,0.1329480556726456,11.363826680038095,11.228165398739478,True,,,0.2,0.07,0.084
2020-10-07 22:00:00+00:00,0.2227508330080244,0.0,0.2227508330080244,11.228165398739478,11.000868630363943,True,,,0.2,0.07,0.084
2020-10-07 23:00:00+00:00,0.13200055578549688,0.0,0.13200055578549688,11.000868630363943,10.866174185684864,True,,,0.2,0.07,0.084
2020-10-08 00:00:00+00:00,0.14287911100917364,0.0,0.14287911100917364,10.866174185684864,10.720379174451013,True,,,0.2,0.07,0.084
2020-10-08 01:00:00+00:00,0.7382261116822572,0.0,0.7382261116822572,10.720379174451013,9.967087223754833,True,,,0.2,0.07,0.084
2020-10-08 02:00:00+00:00,0.2806623053762651,0.0,0.2806623053762651,9.967087223754833,9.680697116228032,True,,,0.2,0.07,0.084
2020-10-08 03:00:00+00:00,0.42602008456918866,0.0,0.42602008456918866,9.680697116228032,9.245982744218656,True,,,0.2,0.07,0.084
2020-10-08 04:00:00+00:00,0.15798983307679498,0.0,0.15798983307679498,9.245982744218656,9.084768628834171,True,,,0.3,0.1,0.084
2020-10-08 05:00:00+00:00,0.8335933182707222,0.0,0.8335933182707222,9.084768628834171,8.234163202027311,True,,,0.3,0.1,0.084
2020-10-08 06:00:00+00:00,0.037278733750595275,0.0,0.037278733750595275,8.234163202027311,8.19612367779201,True,,,0.3,0.1,0.084
2020-10-08 07:00:00+00:00,-0.15668937438310784,0.0,-0.15668937438310784,8.19612367779201,8.349679264687454,True,,,0.3,0.1,0.084
2020-10-08 08:00:00+00:00,-0.21509704898472498,0.0,-0.21509704898472498,8.349679264687454,8.560474372692484,True,,,0.3,0.1,0.084
2020-10-08 09:00:00+00:00,-0.5155645806460546,0.0,-0.5155645806460546,8.560474372692484,9.065727661725617,True,,,0.3,0.1,0.084
2020-10-08 10:00:00+00:00,-1.546511509268494,0.0,-1.546511509268494,9.065727661725617,10.581308940808741,True,,,0.3,0.1,0.084
2020-10-08 11:00:00+00:00,-0.7015824777379343,0.0,-0.7015824777379343,10.581308940808741,11.268859768991916,True,,,0.3,0.1,0.084
2020-10-08 12:00:00+00:00,-0.6735866417392463,0.0,-0.6735866417392463,11.268859768991916,11.928974677896377,True,,,0.3,0.1,0.084
2020-10-08 13:00:00+00:00,0.04460033287810185,0.0,0.04460033287810185,11.928974677896377,11.883464134143212,True,,,0.3,0.1,0.084
2020-10-08 14:00:00+00:00,-0.2705221946530874,0.0,-0.2705221946530874,11.883464134143212,12.148575884903238,True,,,0.3,0.1,0.084
2020-10-08 15:00:00+00:00,0.6181489564194077,0.0,0.6181489564194077,12.148575884903238,11.517811643658945,True,,,0.4,0.18,0.084
2020-10-08 16:00:00+00:00,1.0789545999434724,0.0,1.0789545999434724,11.517811643658945,10.416837562083973,True,,,0.4,0.18,0.084
2020-10-08 17:00:00+00:00,0.22827844418419735,0.0,0.22827844418419735,10.416837562083973,10.183900374140915,True,,,0.4,0.18,0.084
2020-10-08 18:00:00+00:00,0.2844359999709658,0.0,0.2844359999709658,10.183900374140915,9.89365955784401,True,,,0.4,0.18,0.084
2020-10-08 19:00:00+00:00,0.18578052806324447,0.0,0.18578052806324447,9.89365955784401,9.704087590432536,True,,,0.2,0.07,0.084
2020-10-08 20:00:00+00:00,0.19970763903458946,0.0,0.19970763903458946,9.704087590432536,9.5003042852952,True,,,0.2,0.07,0.084
2020-10-08 21:00:00+00:00,0.18567011153697974,0.0,0.18567011153697974,9.5003042852952,9.310844987808487,True,,,0.2,0.07,0.084
2020-10-08 22:00:00+00:00,0.947712195044095,0.0,0.947712195044095,9.310844987808487,8.34379172755941,True,,,0.2,0.07,0.084
2020-10-08 23:00:00+00:00,0.1494963330666223,0.0,0.1494963330666223,8.34379172755941,8.19124444892,True,,,0.2,0.07,0.084
2020-10-09 00:00:00+00:00,0.1520696111546621,0.0,0.1520696111546621,8.19124444892,8.0360713763132,True,,,0.2,0.07,0.084
2020-10-09 01:00:00+00:00,0.3750336387316391,0.0,0.3750336387316391,8.0360713763132,7.653383989852345,True,,,0.2,0.07,0.084
2020-10-09 02:00:00+00:00,0.23876188922458322,0.0,0.23876188922458322,7.653383989852345,7.409749409010933,True,,,0.2,0.07,0.084
2020-10-09 03:00:00+00:00,0.2475301391310162,0.0,0.2475301391310162,7.409749409010933,7.157167634387448,True,,,0.2,0.07,0.084
2020-10-09 04:00:00+00:00,0.14981247209443008,0.0,0.14981247209443008,7.157167634387448,7.0042977649033356,True,,,0.3,0.1,0.084
2020-10-09 05:00:00+00:00,0.14289817507595842,0.0,0.14289817507595842,7.0042977649033356,6.8584833005401125,True,,,0.3,0.1,0.084
2020-10-09 06:00:00+00:00,0.014564814372172262,0.0,0.014564814372172262,6.8584833005401125,6.843621245058304,True,,,0.3,0.1,0.084
2020-10-09 07:00:00+00:00,-0.5222240965391027,0.0,-0.5222240965391027,6.843621245058304,7.3554008596666245,True,,,0.3,0.1,0.084
2020-10-09 08:00:00+00:00,-0.8194542530653578,0.0,-0.8194542530653578,7.3554008596666245,8.158466027670675,True,,,0.3,0.1,0.084
2020-10-09 09:00:00+00:00,-2.381591958104057,0.0,-2.381591958104057,8.158466027670675,10.492426146612651,True,,,0.3,0.1,0.084
2020-10-09 10:00:00+00:00,-1.681746677124546,0.0,-1.681746677124546,10.492426146612651,12.140537890194706,True,,,0.3,0.1,0.084
2020-10-09 11:00:00+00:00,-1.1766611677706924,0.0,-1.1766611677706924,12.140537890194706,13.293665834609984,True,,,0.3,0.1,0.084
2020-10-09 12:00:00+00:00,-0.5166675157040991,-0.509382644161679,-1.026050159865778,13.293665834609984,13.8,True,,,0.3,0.1,0.084
2020-10-09 13:00:00+00:00,-0.0,-0.23558639832173334,-0.23558639832173334,13.8,13.8,True,,,0.3,0.1,0.084
2020-10-09 14:00:00+00:00,0.787345656766289,0.0,0.787345656766289,13.8,12.996586064524196,True,,,0.3,0.1,0.084
2020-10-09 15:00:00+00:00,2.259471673342367,0.0,2.259471673342367,12.996586064524196,10.691002724378924,True,,,0.4,0.18,0.084
2020-10-09 16:00:00+00:00,4.858442091466821,0.0,4.858442091466821,10.691002724378924,5.7334087534944125,True,,,0.4,0.18,0.084
2020-10-09 17:00:00+00:00,0.7333120578818844,0.0,0.7333120578818844,5.7334087534944125,4.985131143410857,True,,,0.4,0.18,0.084
2020-10-09 18:00:00+00:00,0.39327972295549124,0.0,0.39327972295549124,4.985131143410857,4.5838253036603565,True,,,0.4,0.18,0.084
2020-10-09 19:00:00+00:00,0.30717127844227743,0.0,0.30717127844227743,4.5838253036603565,4.270385223617216,True,,,0.2,0.07,0.084
2020-10-09 20:00:00+00:00,0.24561263891590948,0.0,0.24561263891590948,4.270385223617216,4.019760081866289,True,,,0.2,0.07,0.084
2020-10-09 21:00:00+00:00,0.19082430549197732,0.0,0.19082430549197732,4.019760081866289,3.8250414027928423,True,,,0.2,0.07,0.084
2020-10-09 22:00:00+00:00,0.1922812221235697,0.0,0.1922812221235697,3.8250414027928423,3.628836074095322,True,,,0.2,0.07,0.084
2020-10-09 23:00:00+00:00,0.19053430521753098,0.0,0.19053430521753098,3.628836074095322,3.43441331366927,True,,,0.2,0.07,0.084
2020-10-10 00:00:00+00:00,0.1468513331598706,0.0,0.1468513331598706,3.43441331366927,3.2845650145265446,True,,,0.2,0.07,0.084
2020-10-10 01:00:00+00:00,0.23954711080922036,0.0,0.23954711080922036,3.2845650145265446,3.0401291871701974,True,,,0.2,0.07,0.084
2020-10-10 02:00:00+00:00,0.6894813867383551,0.0,0.6894813867383551,3.0401291871701974,2.3365767517228964,True,,,0.2,0.07,0.084
2020-10-10 03:00:00+00:00,0.15798605540063632,0.0,0.15798605540063632,2.3365767517228964,2.1753664911100024,True,,,0.2,0.07,0.084
2020-10-10 04:00:00+00:00,0.183456722084681,0.0,0.183456722084681,2.1753664911100024,1.9881657542888993,True,,,0.3,0.1,0.084
2020-10-10 05:00:00+00:00,0.38798826150574495,0.0,0.38798826150574495,1.9881657542888993,1.592259364997323,True,,,0.3,0.1,0.084
2020-10-10 06:00:00+00:00,0.8276165352066825,0.0,0.8276165352066825,1.592259364997323,0.7477526964190754,True,,,0.3,0.1,0.084
2020-10-10 07:00:00+00:00,-1.2504735673180025,0.0,-1.2504735673180025,0.7477526964190754,1.9732167923907178,True,,,0.3,0.1,0.084
2020-10-10 08:00:00+00:00,-1.5551939065154938,0.0,-1.5551939065154938,1.9732167923907178,3.4973068207759015,True,,,0.3,0.1,0.084
2020-10-10 09:00:00+00:00,-2.296176061424717,0.0,-2.296176061424717,3.4973068207759015,5.747559360972124,True,,,0.3,0.1,0.084
2020-10-10 10:00:00+00:00,-0.526408363660543,0.0,-0.526408363660543,5.747559360972124,6.263439557359456,True,,,0.3,0.1,0.084
2020-10-10 11:00:00+00:00,-2.870658951769479,0.0,-2.870658951769479,6.263439557359456,9.076685330093547,True,,,0.3,0.1,0.084
2020-10-10 12:00:00+00:00,-3.615397461365649,0.0,-3.615397461365649,9.076685330093547,12.619774842231882,True,,,0.3,0.1,0.084
2020-10-10 13:00:00+00:00,-1.2043113854776721,-2.312559904673058,-3.51687129015073,12.619774842231882,13.8,True,,,0.3,0.1,0.084
2020-10-10 14:00:00+00:00,-0.0,-1.9035935503434405,-1.9035935503434405,13.8,13.8,True,,,0.3,0.1,0.084
2020-10-10 15:00:00+00:00,0.10608514254467677,0.0,0.10608514254467677,13.8,13.691749854546249,True,,,0.4,0.18,0.084
2020-10-10 16:00:00+00:00,0.6454301094967744,0.0,0.6454301094967744,13.691749854546249,13.03314770199852,True,,,0.4,0.18,0.084
2020-10-10 17:00:00+00:00,0.36797936075263465,0.0,0.36797936075263465,13.03314770199852,12.657658558373383,True,,,0.4,0.18,0.084
2020-10-10 18:00:00+00:00,0.500560501101282,0.0,0.500560501101282,12.657658558373383,12.146882536841462,True,,,0.4,0.18,0.084
2020-10-10 19:00:00+00:00,0.1943890276988349,0.0,0.1943890276988349,12.146882536841462,11.948526386128364,True,,,0.2,0.07,0.084
2020-10-10 20:00:00+00:00,0.2738540282090505,0.0,0.2738540282090505,11.948526386128364,11.669083500200761,True,,,0.2,0.07,0.084
2020-10-10 21:00:00+00:00,0.1562390000157888,0.0,0.1562390000157888,11.669083500200761,11.509655949164243,True,,,0.2,0.07,0.084
2020-10-10 22:00:00+00:00,0.1567147498236761,0.0,0.1567147498236761,11.509655949164243,11.349742939140084,True,,,0.2,0.07,0.084
2020-10-10 23:00:00+00:00,0.23121166616015956,0.0,0.23121166616015956,11.349742939140084,11.113812667548084,True,,,0.2,0.07,0.084
2020-10-11 00:00:00+00:00,0.13593422215514714,0.0,0.13593422215514714,11.113812667548084,10.975104277593852,True,,,0.2,0.07,0.084
2020-10-11 01:00:00+00:00,0.3487200558344518,0.0,0.3487200558344518,10.975104277593852,10.619267485926043,True,,,0.2,0.07,0.084
2020-10-11 02:00:00+00:00,0.27383244440555593,0.0,0.27383244440555593,10.619267485926043,10.339846624287722,True,,,0.2,0.07,0.084
2020-10-11 03:00:00+00:00,0.7105580004771549,0.0,0.7105580004771549,10.339846624287722,9.61478744012736,True,,,0.2,0.07,0.084
2020-10-11 04:00:00+00:00,0.160079999409782,0.0,0.160079999409782,9.61478744012736,9.451440501954114,True,,,0.3,0.1,0.084
2020-10-11 05:00:00+00:00,0.6312797240082804,0.0,0.6312797240082804,9.451440501954114,8.807277518272194,True,,,0.3,0.1,0.084
2020-10-11 06:00:00+00:00,1.4430615064419086,0.0,1.4430615064419086,8.807277518272194,7.33476577700494,True,,,0.3,0.1,0.084
2020-10-11 07:00:00+00:00,-0.5951574156322702,0.0,-0.5951574156322702,7.33476577700494,7.918020044324566,True,,,0.3,0.1,0.084
2020-10-11 08:00:00+00:00,-1.7889383295230026,0.0,-1.7889383295230026,7.918020044324566,9.671179607257109,True,,,0.3,0.1,0.084
2020-10-11 09:00:00+00:00,-3.735776676618369,0.0,-3.735776676618369,9.671179607257109,13.33224075034311,True,,,0.3,0.1,0.084
2020-10-11 10:00:00+00:00,-0.4773053567927448,-3.8699142134044378,-4.347219570197183,13.33224075034311,13.8,True,,,0.3,0.1,0.084
2020-10-11 11:00:00+00:00,-0.0,-3.242861860592795,-3.242861860592795,13.8,13.8,True,,,0.3,0.1,0.084
2020-10-11 12:00:00+00:00,-0.0,-2.101781050570898,-2.101781050570898,13.8,13.8,True,,,0.3,0.1,0.084
2020-10-11 13:00:00+00:00,-0.0,-2.1026909532473916,-2.1026909532473916,13.8,13.8,True,,,0.3,0.1,0.084
2020-10-11 14:00:00+00:00,-0.0,-0.5624033487272452,-0.5624033487272452,13.8,13.8,True,,,0.3,0.1,0.084
2020-10-11 15:00:00+00:00,0.8763815476907165,0.0,0.8763815476907165,13.8,12.905733114601311,True,,,0.4,0.18,0.084
2020-10-11 16:00:00+00:00,1.3246411218921808,0.0,1.3246411218921808,12.905733114601311,11.554058500425617,True,,,0.4,0.18,0.084
2020-10-11 17:00:00+00:00,0.9957719753106442,0.0,0.9957719753106442,11.554058500425617,10.537964648067817,True,,,0.4,0.18,0.084
2020-10-11 18:00:00+00:00,0.26449763905737134,0.0,0.26449763905737134,10.537964648067817,10.268069098009274,True,,,0.4,0.18,0.084
2020-10-11 19:00:00+00:00,0.21927441682020812,0.0,0.21927441682020812,10.268069098009274,10.044319693090694,True,,,0.2,0.07,0.084
2020-10-11 20:00:00+00:00,0.18744102774726057,0.0,0.18744102774726057,10.044319693090694,9.85305333824655,True,,,0.2,0.07,0.084
2020-10-11 21:00:00+00:00,0.17376424995793247,0.0,0.17376424995793247,9.85305333824655,9.675742879105803,True,,,0.2,0.07,0.084
2020-10-11 22:00:00+00:00,0.16283630562093532,0.0,0.16283630562093532,9.675742879105803,9.509583383574236,True,,,0.2,0.07,0.084
2020-10-11 23:00:00+00:00,0.27590777836375735,0.0,0.27590777836375735,9.509583383574236,9.228044834223464,True,,,0.2,0.07,0.084
2020-10-12 00:00:00+00:00,0.1406057504574459,0.0,0.1406057504574459,9.228044834223464,9.084569578654643,True,,,0.2,0.07,0.084
2020-10-12 01:00:00+00:00,0.8650198888301843,0.0,0.8650198888301843,9.084569578654643,8.201896222705475,True,,,0.2,0.07,0.084
2020-10-12 02:00:00+00:00,0.13390908333195578,0.0,0.13390908333195578,8.201896222705475,8.065254300938173,True,,,0.2,0.07,0.084
2020-10-12 03:00:00+00:00,0.21767299957540306,0.0,0.21767299957540306,8.065254300938173,7.843138995248987,True,,,0.2,0.07,0.084
2020-10-12 04:00:00+00:00,0.19798922220336063,0.0,0.19798922220336063,7.843138995248987,7.641109176674129,True,,,0.3,0.1,0.084
2020-10-12 05:00:00+00:00,0.10952285118002542,0.0,0.10952285118002542,7.641109176674129,7.52935116526594,True,,,0.3,0.1,0.084
2020-10-12 06:00:00+00:00,-0.08079760687999778,0.0,-0.08079760687999778,7.52935116526594,7.608532820008338,True,,,0.3,0.1,0.084
2020-10-12 07:00:00+00:00,-1.6722548589354733,0.0,-1.6722548589354733,7.608532820008338,9.247342581765102,True,,,0.3,0.1,0.084
2020-10-12 08:00:00+00:00,-1.0221580711075169,0.0,-1.0221580711075169,9.247342581765102,10.249057491450468,True,,,0.3,0.1,0.084
2020-10-12 09:00:00+00:00,-3.0403280904795476,0.0,-3.0403280904795476,10.249057491450468,13.228579020120424,True,,,0.3,0.1,0.084
2020-10-12 10:00:00+00:00,-0.58308263253018,-2.494890125098323,-3.077972757628503,13.228579020120424,13.8,True,,,0.3,0.1,0.084
2020-10-12 11:00:00+00:00,-0.0,-1.5875753833911435,-1.5875753833911435,13.8,13.8,True,,,0.3,0.1,0.084
2020-10-12 12:00:00+00:00,-0.0,-0.8580406597933092,-0.8580406597933092,13.8,13.8,True,,,0.3,0.1,0.084
2020-10-12 13:00:00+00:00,-0.0,-1.244027119987222,-1.244027119987222,13.8,13.8,True,,,0.3,0.1,0.084
2020-10-12 14:00:00+00:00,-0.0,-1.063133603883246,-1.063133603883246,13.8,13.8,True,,,0.3,0.1,0.084
2020-10-12 15:00:00+00:00,-0.0,-0.0188281854960188,-0.0188281854960188,13.8,13.8,True,,,0.4,0.18,0.084
2020-10-12 16:00:00+00:00,1.202985330336854,0.0,1.202985330336854,13.8,12.572463948635864,True,,,0.4,0.18,0.084
2020-10-12 17:00:00+00:00,0.22844261140558453,0.0,0.22844261140558453,12.572463948635864,12.339359243119961,True,,,0.4,0.18,0.084
2020-10-12 18:00:00+00:00,0.3812612769709695,0.0,0.3812612769709695,12.339359243119961,11.95031712376183,True,,,0.4,0.18,0.084
2020-10-12 19:00:00+00:00,0.17644247232543114,0.0,0.17644247232543114,11.95031712376183,11.770273784654247,True,,,0.2,0.07,0.084
2020-10-12 20:00:00+00:00,0.3183791654427841,0.0,0.3183791654427841,11.770273784654247,11.445397085222835,True,,,0.2,0.07,0.084
2020-10-12 21:00:00+00:00,0.149953277760082,0.0,0.149953277760082,11.445397085222835,11.292383536488057,True,,,0.2,0.07,0.084
2020-10-12 22:00:00+00:00,0.14380066655741813,0.0,0.14380066655741813,11.292383536488057,11.145648162449875,True,,,0.2,0.07,0.084
2020-10-12 23:00:00+00:00,0.5431602234416523,0.0,0.5431602234416523,11.145648162449875,10.591403036489005,True,,,0.2,0.07,0.084
2020-10-13 00:00:00+00:00,0.5539457782718852,0.0,0.5539457782718852,10.591403036489005,10.026152242334021,True,,,0.2,0.07,0.084
2020-10-13 01:00:00+00:00,0.6994075257195361,0.0,0.6994075257195361,10.026152242334021,9.312471093640617,True,,,0.2,0.07,0.084
2020-10-13 02:00:00+00:00,0.17100924970838755,0.0,0.17100924970838755,9.312471093640617,9.137971859244304,True,,,0.2,0.07,0.084
2020-10-13 03:00:00+00:00,0.18762497213151727,0.0,0.18762497213151727,9.137971859244304,8.94651780604888,True,,,0.2,0.07,0.084
2020-10-13 04:00:00+00:00,0.17545797215037875,0.0,0.17545797215037875,8.94651780604888,8.767479058956656,True,,,0.3,0.1,0.084
2020-10-13 05:00:00+00:00,0.14871187997330182,0.0,0.14871187997330182,8.767479058956656,8.61573224265737,True,,,0.3,0.1,0.084
2020-10-13 06:00:00+00:00,-0.011203872653259768,0.0,-0.011203872653259768,8.61573224265737,8.626712037857564,True,,,0.3,0.1,0.084
2020-10-13 07:00:00+00:00,-0.2751997958226221,0.0,-0.2751997958226221,8.626712037857564,8.896407837763734,True,,,0.3,0.1,0.084
2020-10-13 08:00:00+00:00,-0.6071800331323084,0.0,-0.6071800331323084,8.896407837763734,9.491444270233396,True,,,0.3,0.1,0.084
2020-10-13 09:00:00+00:00,-1.2423378371544724,0.0,-1.2423378371544724,9.491444270233396,10.70893535064478,True,,,0.3,0.1,0.084
2020-10-13 10:00:00+00:00,-2.1016196667485767,0.0,-2.1016196667485767,10.70893535064478,12.768522624058384,True,,,0.3,0.1,0.084
2020-10-13 11:00:00+00:00,-1.0525279346343024,-1.507126695857258,-2.5596546304915604,12.768522624058384,13.8,True,,,0.3,0.1,0.084
2020-10-13 12:00:00+00:00,-0.0,-3.071001937831864,-3.071001937831864,13.8,13.8,True,,,0.3,0.1,0.084
2020-10-13 13:00:00+00:00,-0.0,-1.8466068376343825,-1.8466068376343825,13.8,13.8,True,,,0.3,0.1,0.084
2020-10-13 14:00:00+00:00,0.39573916854246266,0.0,0.39573916854246266,13.8,13.396184521895448,True,,,0.3,0.1,0.084
2020-10-13 15:00:00+00:00,0.5982599167339646,0.0,0.5982599167339646,13.396184521895448,12.785715219105688,True,,,0.4,0.18,0.084
2020-10-13 16:00:00+00:00,0.9234069677463441,0.0,0.9234069677463441,12.785715219105688,11.843463211201255,True,,,0.4,0.18,0.084
2020-10-13 17:00:00+00:00,1.0367547197553846,0.0,1.0367547197553846,11.843463211201255,10.785550231859027,True,,,0.4,0.18,0.084
2020-10-13 18:00:00+00:00,0.251568111316363,0.0,0.251568111316363,10.785550231859027,10.528848077454574,True,,,0.4,0.18,0.084
2020-10-13 19:00:00+00:00,0.22773269457287262,0.0,0.22773269457287262,10.528848077454574,10.29646777687001,True,,,0.2,0.07,0.084
2020-10-13 20:00:00+00:00,0.1983149999380115,0.0,0.1983149999380115,10.29646777687001,10.094105532035304,True,,,0.2,0.07,0.084
2020-10-13 21:00:00+00:00,0.28505508320861406,0.0,0.28505508320861406,10.094105532035304,9.803232998148962,True,,,0.2,0.07,0.084
2020-10-13 22:00:00+00:00,0.15946691667768687,0.0,0.15946691667768687,9.803232998148962,9.640511654600303,True,,,0.2,0.07,0.084
2020-10-13 23:00:00+00:00,0.17326291646692513,0.0,0.17326291646692513,9.640511654600303,9.463712760246297,True,,,0.2,0.07,0.084
2020-10-14 00:00:00+00:00,0.14843213863372787,0.0,0.14843213863372787,9.463712760246297,9.312251394293513,True,,,0.2,0.07,0.084
2020-10-14 01:00:00+00:00,0.9272681117720072,0.0,0.9272681117720072,9.312251394293513,8.366059443505751,True,,,0.2,0.07,0.084
2020-10-14 02:00:00+00:00,0.12502816655635826,0.0,0.12502816655635826,8.366059443505751,8.23847968171355,True,,,0.2,0.07,0.084
2020-10-14 03:00:00+00:00,0.25264872184859405,0.0,0.25264872184859405,8.23847968171355,7.980674863500698,True,,,0.2,0.07,0.084
2020-10-14 04:00:00+00:00,0.14423980544673076,0.0,0.14423980544673076,7.980674863500698,7.833491388555054,True,,,0.3,0.1,0.084
2020-10-14 05:00:00+00:00,0.13041566701995022,0.0,0.13041566701995022,7.833491388555054,7.700414177310207,True,,,0.3,0.1,0.084
2020-10-14 06:00:00+00:00,0.09284873345601631,0.0,0.09284873345601631,7.700414177310207,7.605670571742843,True,,,0.3,0.1,0.084
2020-10-14 07:00:00+00:00,-0.16394662271779162,0.0,-0.16394662271779162,7.605670571742843,7.766338262006279,True,,,0.3,0.1,0.084
2020-10-14 08:00:00+00:00,-0.33837488252066095,0.0,-0.33837488252066095,7.766338262006279,8.097945646876527,True,,,0.3,0.1,0.084
2020-10-14 09:00:00+00:00,0.1447333051488767,0.0,0.1447333051488767,8.097945646876527,7.950258600806245,True,,,0.3,0.1,0.084
2020-10-14 10:00:00+00:00,-0.6173608661669882,0.0,-0.6173608661669882,7.950258600806245,8.555272249649892,True,,,0.3,0.1,0.084
2020-10-14 11:00:00+00:00,-0.2617591957996627,0.0,-0.2617591957996627,8.555272249649892,8.811796261533562,True,,,0.3,0.1,0.084
2020-10-14 12:00:00+00:00,-0.7206336877293971,0.0,-0.7206336877293971,8.811796261533562,9.51801727550837,True,,,0.3,0.1,0.084
2020-10-14 13:00:00+00:00,0.6967968606994527,0.0,0.6967968606994527,9.51801727550837,8.807000070713011,True,,,0.3,0.1,0.084
2020-10-14 14:00:00+00:00,1.6447808344731387,0.0,1.6447808344731387,8.807000070713011,7.128652280434298,True,,,0.3,0.1,0.084
2020-10-14 15:00:00+00:00,1.304575542685172,0.0,1.304575542685172,7.128652280434298,5.797452747082081,True,,,0.4,0.18,0.084
2020-10-14 16:00:00+00:00,1.0310563295641162,0.0,1.0310563295641162,5.797452747082081,4.745354451608494,True,,,0.4,0.18,0.084
2020-10-14 17:00:00+00:00,0.8782151663329887,0.0,0.8782151663329887,4.745354451608494,3.849216526778913,True,,,0.4,0.18,0.084
2020-10-14 18:00:00+00:00,0.27348624964290197,0.0,0.27348624964290197,3.849216526778913,3.5701489251024827,True,,,0.4,0.18,0.084
2020-10-14 19:00:00+00:00,0.18532530556519822,0.0,0.18532530556519822,3.5701489251024827,3.381041470444117,True,,,0.2,0.07,0.084
2020-10-14 20:00:00+00:00,0.1993865279674531,0.0,0.1993865279674531,3.381041470444117,3.177585829661002,True,,,0.2,0.07,0.084
2020-10-14 21:00:00+00:00,0.2477339448134104,0.0,0.2477339448134104,3.177585829661002,2.924796090055481,True,,,0.2,0.07,0.084
2020-10-14 22:00:00+00:00,0.13923788881036986,0.0,0.13923788881036986,2.924796090055481,2.782716611677553,True,,,0.2,0.07,0.084
2020-10-14 23:00:00+00:00,0.16471458309226578,0.0,0.16471458309226578,2.782716611677553,2.614640506481363,True,,,0.2,0.07,0.084
2020-10-15 00:00:00+00:00,0.1367228334003023,0.0,0.1367228334003023,2.614640506481363,2.4751274111749324,True,,,0.2,0.07,0.084
2020-10-15 01:00:00+00:00,1.375146586336029,0.0,1.375146586336029,2.4751274111749324,1.0719166087912293,True,,,0.2,0.07,0.084
2020-10-15 02:00:00+00:00,0.16874963876936178,0.0,0.16874963876936178,1.0719166087912293,0.8997230998429009,True,,,0.2,0.07,0.084
2020-10-15 03:00:00+00:00,0.2136022505150898,0.0,0.2136022505150898,0.8997230998429009,0.6817616197254623,True,,,0.2,0.07,0.084
2020-10-15 04:00:00+00:00,0.14969113888210728,0.0,0.14969113888210728,0.6817616197254623,0.5290155596416795,True,,,0.3,0.1,0.084
2020-10-15 05:00:00+00:00,0.1819397778405085,0.0,0.1819397778405085,0.5290155596416795,0.34336272511054833,True,,,0.3,0.1,0.084
2020-10-15 06:00:00+00:00,0.09064224125215363,0.0,0.09064224125215363,0.34336272511054833,0.2508706422001875,True,,,0.3,0.1,0.084
2020-10-15 07:00:00+00:00,-0.018879758536130605,0.0,-0.018879758536130605,0.2508706422001875,0.2693728055655955,True,,,0.3,0.1,0.084
2020-10-15 08:00:00+00:00,-0.012275991465670872,0.0,-0.012275991465670872,0.2693728055655955,0.28140327720195296,True,,,0.3,0.1,0.084
2020-10-15 09:00:00+00:00,-0.17152677518946918,0.0,-0.17152677518946918,0.28140327720195296,0.4494995168876328,True,,,0.3,0.1,0.084
2020-10-15 10:00:00+00:00,-0.5624463497065038,0.0,-0.5624463497065038,0.4494995168876328,1.0006969396000065,True,,,0.3,0.1,0.084
2020-10-15 11:00:00+00:00,0.17721692987566412,0.0,0.17721692987566412,1.0006969396000065,0.8198633376860636,True,,,0.3,0.1,0.084
2020-10-15 12:00:00+00:00,-0.3599124116190548,0.0,-0.3599124116190548,0.8198633376860636,1.1725775010727373,True,,,0.3,0.1,0.084
2020-10-15 13:00:00+00:00,0.6951777075641452,0.0,0.6951777075641452,1.1725775010727373,0.46321249335422177,True,,,0.3,0.1,0.084
2020-10-15 14:00:00+00:00,0.4539482434871373,0.4832325042334284,0.9371807477205657,0.46321249335422177,0.0,True,,,0.3,0.1,0.084
2020-10-15 15:00:00+00:00,0.0,2.3403531207274635,2.3403531207274635,0.0,0.0,True,,,0.4,0.18,0.084
2020-10-15 16:00:00+00:00,0.0,0.8710311596943499,0.8710311596943499,0.0,0.0,True,,,0.4,0.18,0.084
2020-10-15 17:00:00+00:00,0.0,0.6686742765982946,0.6686742765982946,0.0,0.0,True,,,0.4,0.18,0.084
2020-10-15 18:00:00+00:00,0.0,0.5718115817175955,0.5718115817175955,0.0,0.0,True,,,0.4,0.18,0.084
2020-10-15 19:00:00+00:00,0.0,0.2509894164217844,0.2509894164217844,0.0,0.0,True,,,0.2,0.07,0.084
2020-10-15 20:00:00+00:00,0.0,0.17538733370304121,0.17538733370304121,0.0,0.0,True,,,0.2,0.07,0.084
2020-10-15 21:00:00+00:00,0.0,0.1093843888998031,0.1093843888998031,0.0,0.0,True,,,0.2,0.07,0.084
2020-10-15 22:00:00+00:00,0.0,0.2175536387125651,0.2175536387125651,0.0,0.0,True,,,0.2,0.07,0.084
2020-10-15 23:00:00+00:00,0.0,0.1118854999091891,0.1118854999091891,0.0,0.0,True,,,0.2,0.07,0.084
2020-10-16 00:00:00+00:00,0.0,0.37461936148007724,0.37461936148007724,0.0,0.0,True,,,0.2,0.07,0.084
2020-10-16 01:00:00+00:00,0.0,0.8061627207862012,0.8061627207862012,0.0,0.0,True,,,0.2,0.07,0.084
2020-10-16 02:00:00+00:00,0.0,0.14056363915337464,0.14056363915337464,0.0,0.0,True,,,0.2,0.07,0.084
2020-10-16 03:00:00+00:00,0.0,0.35424461083147213,0.35424461083147213,0.0,0.0,True,,,0.2,0.07,0.084
2020-10-16 04:00:00+00:00,0.0,0.5515936382293706,0.5515936382293706,0.0,0.0,True,,,0.3,0.1,0.084
2020-10-16 05:00:00+00:00,0.0,0.6336358584721885,0.6336358584721885,0.0,0.0,True,,,0.3,0.1,0.084
2020-10-16 06:00:00+00:00,0.0,1.8596740643496719,1.8596740643496719,0.0,0.0,True,,,0.3,0.1,0.084
2020-10-16 07:00:00+00:00,0.0,0.6677230787486423,0.6677230787486423,0.0,0.0,True,,,0.3,0.1,0.084
2020-10-16 08:00:00+00:00,-0.3042196409444694,0.0,-0.3042196409444694,0.0,0.29813524812558,True,,,0.3,0.1,0.084
2020-10-16 09:00:00+00:00,-1.565617716471811,0.0,-1.565617716471811,0.29813524812558,1.832440610267955,True,,,0.3,0.1,0.084
2020-10-16 10:00:00+00:00,-1.6814458429373087,0.0,-1.6814458429373087,1.832440610267955,3.4802575363465174,True,,,0.3,0.1,0.084
2020-10-16 11:00:00+00:00,-0.34153977139946196,0.0,-0.34153977139946196,3.4802575363465174,3.81496651231799,True,,,0.3,0.1,0.084
2020-10-16 12:00:00+00:00,0.22062983473671768,0.0,0.22062983473671768,3.81496651231799,3.589834027892768,True,,,0.3,0.1,0.084
2020-10-16 13:00:00+00:00,0.06941642443594616,0.0,0.06941642443594616,3.589834027892768,3.519000941733639,True,,,0.3,0.1,0.084
2020-10-16 14:00:00+00:00,0.7907791329089725,0.0,0.7907791329089725,3.519000941733639,2.712083459173463,True,,,0.3,0.1,0.084
2020-10-16 15:00:00+00:00,1.4724875021180854,0.0,1.4724875021180854,2.712083459173463,1.209545191706029,True,,,0.4,0.18,0.084
2020-10-16 16:00:00+00:00,0.9015185213089907,0.0,0.9015185213089907,1.209545191706029,0.28962833322746695,True,,,0.4,0.18,0.084
2020-10-16 17:00:00+00:00,0.2838357665629176,0.4073346234019268,0.6911703899648444,0.28962833322746695,0.0,True,,,0.4,0.18,0.084
2020-10-16 18:00:00+00:00,0.0,5.540955148839947,5.540955148839947,0.0,0.0,True,,,0.4,0.18,0.084
2020-10-16 19:00:00+00:00,0.0,0.9738670285092452,0.9738670285092452,0.0,0.0,True,,,0.2,0.07,0.084
2020-10-16 20:00:00+00:00,0.0,0.2159376388523314,0.2159376388523314,0.0,0.0,True,,,0.2,0.07,0.084
2020-10-16 21:00:00+00:00,0.0,0.17938577783372653,0.17938577783372653,0.0,0.0,True,,,0.2,0.07,0.084
2020-10-16 22:00:00+00:00,0.0,0.15510480558607323,0.15510480558607323,0.0,0.0,True,,,0.2,0.07,0.084
2020-10-16 23:00:00+00:00,0.0,0.15043347244527588,0.15043347244527588,0.0,0.0,True,,,0.2,0.07,0.084
2020-10-17 00:00:00+00:00,0.0,0.17946144465870312,0.17946144465870312,0.0,0.0,True,,,0.2,0.07,0.084
2020-10-17 01:00:00+00:00,0.0,0.15009561107953398,0.15009561107953398,0.0,0.0,True,,,0.2,0.07,0.084
2020-10-17 02:00:00+00:00,0.0,0.9525316936280998,0.9525316936280998,0.0,0.0,True,,,0.2,0.07,0.084
2020-10-17 03:00:00+00:00,0.0,0.12443900014029616,0.12443900014029616,0.0,0.0,True,,,0.2,0.07,0.084
2020-10-17 04:00:00+00:00,0.0,0.3244458067231702,0.3244458067231702,0.0,0.0,True,,,0.3,0.1,0.084
2020-10-17 05:00:00+00:00,0.0,0.6871731390370249,0.6871731390370249,0.0,0.0,True,,,0.3,0.1,0.084
2020-10-17 06:00:00+00:00,0.0,0.7938685934364563,0.7938685934364563,0.0,0.0,True,,,0.3,0.1,0.084
2020-10-17 07:00:00+00:00,0.0,0.007752037237430704,0.007752037237430704,0.0,0.0,True,,,0.3,0.1,0.084
2020-10-17 08:00:00+00:00,0.0,0.14468578934011792,0.14468578934011792,0.0,0.0,True,,,0.3,0.1,0.084
2020-10-17 09:00:00+00:00,0.0,0.4775121779409872,0.4775121779409872,0.0,0.0,True,,,0.3,0.1,0.084
2020-10-17 10:00:00+00:00,0.0,0.1283301337794794,0.1283301337794794,0.0,0.0,True,,,0.3,0.1,0.084
2020-10-17 11:00:00+00:00,-0.1458623359145787,0.0,-0.1458623359145787,0.0,0.14294508919628712,True,,,0.3,0.1,0.084
2020-10-17 12:00:00+00:00,-0.9274811245121721,0.0,-0.9274811245121721,0.14294508919628712,1.0518765912182158,True,,,0.3,0.1,0.084
2020-10-17 13:00:00+00:00,-1.001145271935591,0.0,-1.001145271935591,1.0518765912182158,2.032998957715095,True,,,0.3,0.1,0.084
2020-10-17 14:00:00+00:00,-0.05271917270472337,0.0,-0.05271917270472337,2.032998957715095,2.084663746965724,True,,,0.3,0.1,0.084
2020-10-17 15:00:00+00:00,0.44002247230476654,0.0,0.44002247230476654,2.084663746965724,1.635661224205758,True,,,0.4,0.18,0.084
2020-10-17 16:00:00+00:00,1.0739549348840318,0.0,1.0739549348840318,1.635661224205758,0.5397888416710317,True,,,0.4,0.18,0.084
2020-10-17 17:00:00+00:00,0.528993064837611,0.5790387947112755,1.1080318595488865,0.5397888416710317,1.1102230246251565e-16,True,,,0.4,0.18,0.084
2020-10-17 18:00:00+00:00,1.0880185641326534e-16,0.543267916422421,0.5432679164224211,1.1102230246251565e-16,0.0,True,,,0.4,0.18,0.084
2020-10-17 19:00:00+00:00,0.0,0.4971418899721566,0.4971418899721566,0.0,0.0,True,,,0.2,0.07,0.084
2020-10-17 20:00:00+00:00,0.0,0.1896031113333172,0.1896031113333172,0.0,0.0,True,,,0.2,0.07,0.084
2020-10-17 21:00:00+00:00,0.0,0.20866308335198297,0.20866308335198297,0.0,0.0,True,,,0.2,0.07,0.084
2020-10-17 22:00:00+00:00,0.0,0.1517373616509971,0.1517373616509971,0.0,0.0,True,,,0.2,0.07,0.084
2020-10-17 23:00:00+00:00,0.0,0.14588097219202265,0.14588097219202265,0.0,0.0,True,,,0.2,0.07,0.084
2020-10-18 00:00:00+00:00,0.0,0.1636362778531181,0.1636362778531181,0.0,0.0,True,,,0.2,0.07,0.084
2020-10-18 01:00:00+00:00,0.0,0.1679118887053594,0.1679118887053594,0.0,0.0,True,,,0.2,0.07,0.084
2020-10-18 02:00:00+00:00,0.0,0.4178545289622419,0.4178545289622419,0.0,0.0,True,,,0.2,0.07,0.084
2020-10-18 03:00:00+00:00,0.0,0.6960210574918332,0.6960210574918332,0.0,0.0,True,,,0.2,0.07,0.084
2020-10-18 04:00:00+00:00,0.0,0.16343483334382375,0.16343483334382375,0.0,0.0,True,,,0.3,0.1,0.084
2020-10-18 05:00:00+00:00,0.0,0.559701169564988,0.559701169564988,0.0,0.0,True,,,0.3,0.1,0.084
2020-10-18 06:00:00+00:00,0.0,1.9819972685754526,1.9819972685754526,0.0,0.0,True,,,0.3,0.1,0.084
2020-10-18 07:00:00+00:00,0.0,1.4119665397813024,1.4119665397813024,0.0,0.0,True,,,0.3,0.1,0.084
2020-10-18 08:00:00+00:00,-0.24500937900936032,0.0,-0.24500937900936032,0.0,0.2401091914291731,True,,,0.3,0.1,0.084
2020-10-18 09:00:00+00:00,0.06815177641517804,0.0,0.06815177641517804,0.2401091914291731,0.17056656243409346,True,,,0.3,0.1,0.084
2020-10-18 10:00:00+00:00,-0.15024992508385712,0.0,-0.15024992508385712,0.17056656243409346,0.31781148901627343,True,,,0.3,0.1,0.084
2020-10-18 11:00:00+00:00,0.07172290520494583,0.0,0.07172290520494583,0.31781148901627343,0.24462485105204299,True,,,0.3,0.1,0.084
2020-10-18 12:00:00+00:00,0.23973235403100213,0.6359446284223155,0.8756769824533176,0.24462485105204299,0.0,True,,,0.3,0.1,0.084
2020-10-18 13:00:00+00:00,0.0,0.664437775151757,0.664437775151757,0.0,0.0,True,,,0.3,0.1,0.084
2020-10-18 14:00:00+00:00,0.0,0.35471490982117815,0.35471490982117815,0.0,0.0,True,,,0.3,0.1,0.084
2020-10-18 15:00:00+00:00,0.0,1.6391338448889863,1.6391338448889863,0.0,0.0,True,,,0.4,0.18,0.084
2020-10-18 16:00:00+00:00,0.0,0.6153097948332856,0.6153097948332856,0.0,0.0,True,,,0.4,0.18,0.084
2020-10-18 17:00:00+00:00,0.0,1.638918052903811,1.638918052903811,0.0,0.0,True,,,0.4,0.18,0.084
2020-10-18 18:00:00+00:00,0.0,0.2263904444615048,0.2263904444615048,0.0,0.0,True,,,0.4,0.18,0.084
2020-10-18 19:00:00+00:00,0.0,0.2583477225753998,0.2583477225753998,0.0,0.0,True,,,0.2,0.07,0.084
2020-10-18 20:00:00+00:00,0.0,0.14916038898891895,0.14916038898891895,0.0,0.0,True,,,0.2,0.07,0.084
2020-10-18 21:00:00+00:00,0.0,0.1840200272374682,0.1840200272374682,0.0,0.0,True,,,0.2,0.07,0.084
2020-10-18 22:00:00+00:00,0.0,0.1552365002923543,0.1552365002923543,0.0,0.0,True,,,0.2,0.07,0.084
2020-10-18 23:00:00+00:00,0.0,0.16184766675366266,0.16184766675366266,0.0,0.0,True,,,0.2,0.07,0.084
2020-10-19 00:00:00+00:00,0.0,0.14285558330218,0.14285558330218,0.0,0.0,True,,,0.2,0.07,0.084
2020-10-19 01:00:00+00:00,0.0,0.9145960014316776,0.9145960014316776,0.0,0.0,True,,,0.2,0.07,0.084
2020-10-19 02:00:00+00:00,0.0,0.16862227782408415,0.16862227782408415,0.0,0.0,True,,,0.2,0.07,0.084
2020-10-19 03:00:00+00:00,0.0,0.1789716392172708,0.1789716392172708,0.0,0.0,True,,,0.2,0.07,0.084
2020-10-19 04:00:00+00:00,0.0,0.19564844449096244,0.19564844449096244,0.0,0.0,True,,,0.3,0.1,0.084
2020-10-19 05:00:00+00:00,0.0,0.11436369408766421,0.11436369408766421,0.0,0.0,True,,,0.3,0.1,0.084
2020-10-19 06:00:00+00:00,0.0,0.02641376997337472,0.02641376997337472,0.0,0.0,True,,,0.3,0.1,0.084
2020-10-19 07:00:00+00:00,-0.3032975086483462,0.0,-0.3032975086483462,0.0,0.2972315584753793,True,,,0.3,0.1,0.084
2020-10-19 08:00:00+00:00,-0.9058549314307983,0.0,-0.9058549314307983,0.2972315584753793,1.1849693912775616,True,,,0.3,0.1,0.084
2020-10-19 09:00:00+00:00,-1.3168041488740634,0.0,-1.3168041488740634,1.1849693912775616,2.4754374571741438,True,,,0.3,0.1,0.084
2020-10-19 10:00:00+00:00,-3.7334180195113253,0.0,-3.7334180195113253,2.4754374571741438,6.134187116295243,True,,,0.3,0.1,0.084
2020-10-19 11:00:00+00:00,-2.0406776842183083,0.0,-2.0406776842183083,6.134187116295243,8.134051246829184,True,,,0.3,0.1,0.084
2020-10-19 12:00:00+00:00,-0.45412261282146205,0.0,-0.45412261282146205,8.134051246829184,8.579091407394216,True,,,0.3,0.1,0.084
2020-10-19 13:00:00+00:00,0.386638272538679,0.0,0.386638272538679,8.579091407394216,8.184562557864952,True,,,0.3,0.1,0.084
2020-10-19 14:00:00+00:00,0.43916148245471726,0.0,0.43916148245471726,8.184562557864952,7.736438596176465,True,,,0.3,0.1,0.084
2020-10-19 15:00:00+00:00,0.5507700695138307,0.0,0.5507700695138307,7.736438596176465,7.1744283211623525,True,,,0.4,0.18,0.084
2020-10-19 16:00:00+00:00,1.4896308516900663,0.0,1.4896308516900663,7.1744283211623525,5.654396839845958,True,,,0.4,0.18,0.084
2020-10-19 17:00:00+00:00,0.6520705843845996,0.0,0.6520705843845996,5.654396839845958,4.989018692514734,True,,,0.4,0.18,0.084
2020-10-19 18:00:00+00:00,0.48206644502745694,0.0,0.48206644502745694,4.989018692514734,4.497114156772431,True,,,0.4,0.18,0.084
2020-10-19 19:00:00+00:00,0.21322188883887389,0.0,0.21322188883887389,4.497114156772431,4.279540800814397,True,,,0.2,0.07,0.084
2020-10-19 20:00:00+00:00,0.18629347191916618,0.0,0.18629347191916618,4.279540800814397,4.089445421305044,True,,,0.2,0.07,0.084
2020-10-19 21:00:00+00:00,0.2960524995962779,0.0,0.2960524995962779,4.089445421305044,3.787351033961903,True,,,0.2,0.07,0.084
2020-10-19 22:00:00+00:00,0.12698258328172893,0.0,0.12698258328172893,3.787351033961903,3.6577769693887103,True,,,0.2,0.07,0.084
2020-10-19 23:00:00+00:00,0.19026508342160117,0.0,0.19026508342160117,3.6577769693887103,3.463628925080954,True,,,0.2,0.07,0.084
2020-10-20 00:00:00+00:00,0.264252778421508,0.0,0.264252778421508,3.463628925080954,3.193983232814109,True,,,0.2,0.07,0.084
2020-10-20 01:00:00+00:00,1.311897364152801,0.0,1.311897364152801,3.193983232814109,1.8553124530663532,True,,,0.2,0.07,0.084
2020-10-20 02:00:00+00:00,0.46701530556148896,0.0,0.46701530556148896,1.8553124530663532,1.3787662229015685,True,,,0.2,0.07,0.084
2020-10-20 03:00:00+00:00,0.24760108342435655,0.0,0.24760108342435655,1.3787662229015685,1.126112056142021,True,,,0.2,0.07,0.084
2020-10-20 04:00:00+00:00,0.21154661106533476,0.0,0.21154661106533476,1.126112056142021,0.9102481672998427,True,,,0.3,0.1,0.084
2020-10-20 05:00:00+00:00,0.11550565989026626,0.0,0.11550565989026626,0.9102481672998427,0.7923852490444689,True,,,0.3,0.1,0.084
2020-10-20 06:00:00+00:00,0.023013346568560866,0.0,0.023013346568560866,0.7923852490444689,0.7689022423418558,True,,,0.3,0.1,0.084
2020-10-20 07:00:00+00:00,-0.2102405210866783,0.0,-0.2102405210866783,0.7689022423418558,0.9749379530068005,True,,,0.3,0.1,0.084
2020-10-20 08:00:00+00:00,-0.8165780077698588,0.0,-0.8165780077698588,0.9749379530068005,1.7751844006212623,True,,,0.3,0.1,0.084
2020-10-20 09:00:00+00:00,-0.9280293371533069,0.0,-0.9280293371533069,1.7751844006212623,2.684653151031503,True,,,0.3,0.1,0.084
2020-10-20 10:00:00+00:00,-1.4519305057150194,0.0,-1.4519305057150194,2.684653151031503,4.107545046632222,True,,,0.3,0.1,0.084
2020-10-20 11:00:00+00:00,0.3445944331942859,0.0,0.3445944331942859,4.107545046632222,3.755918073984991,True,,,0.3,0.1,0.084
2020-10-20 12:00:00+00:00,0.234909476777056,0.0,0.234909476777056,3.755918073984991,3.516214526253301,True,,,0.3,0.1,0.084
2020-10-20 13:00:00+00:00,0.4282002697461415,0.0,0.4282002697461415,3.516214526253301,3.079275475491932,True,,,0.3,0.1,0.084
2020-10-20 14:00:00+00:00,0.8717907412287839,0.0,0.8717907412287839,3.079275475491932,2.189693086482969,True,,,0.3,0.1,0.084
2020-10-20 15:00:00+00:00,1.1353857518290202,0.0,1.1353857518290202,2.189693086482969,1.0311361968615196,True,,,0.4,0.18,0.084
2020-10-20 16:00:00+00:00,1.010513472924289,0.8044397984455351,1.8149532713698242,1.0311361968615196,2.220446049250313e-16,True,,,0.4,0.18,0.084
2020-10-20 17:00:00+00:00,2.1760371282653068e-16,0.9614754137383559,0.9614754137383561,2.220446049250313e-16,0.0,True,,,0.4,0.18,0.084
2020-10-20 18:00:00+00:00,0.0,0.2835384724325605,0.2835384724325605,0.0,0.0,True,,,0.4,0.18,0.084
2020-10-20 19:00:00+00:00,0.0,0.20954433284070753,0.20954433284070753,0.0,0.0,True,,,0.2,0.07,0.084
2020-10-20 20:00:00+00:00,0.0,0.15624511073695274,0.15624511073695274,0.0,0.0,True,,,0.2,0.07,0.084
2020-10-20 21:00:00+00:00,0.0,0.2285826111237208,0.2285826111237208,0.0,0.0,True,,,0.2,0.07,0.084
2020-10-20 22:00:00+00:00,0.0,0.13394283317989775,0.13394283317989775,0.0,0.0,True,,,0.2,0.07,0.084
2020-10-20 23:00:00+00:00,0.0,0.19675205572181279,0.19675205572181279,0.0,0.0,True,,,0.2,0.07,0.084
2020-10-21 00:00:00+00:00,0.0,0.2593182220405996,0.2593182220405996,0.0,0.0,True,,,0.2,0.07,0.084
2020-10-21 01:00:00+00:00,0.0,0.5760292515145408,0.5760292515145408,0.0,0.0,True,,,0.2,0.07,0.084
2020-10-21 02:00:00+00:00,0.0,0.28973483362727737,0.28973483362727737,0.0,0.0,True,,,0.2,0.07,0.084
2020-10-21 03:00:00+00:00,0.0,0.27865208367771604,0.27865208367771604,0.0,0.0,True,,,0.2,0.07,0.084
2020-10-21 04:00:00+00:00,0.0,0.1864568612760971,0.1864568612760971,0.0,0.0,True,,,0.3,0.1,0.084
2020-10-21 05:00:00+00:00,0.0,0.13153188874456626,0.13153188874456626,0.0,0.0,True,,,0.3,0.1,0.084
2020-10-21 06:00:00+00:00,0.0,0.1572606845713209,0.1572606845713209,0.0,0.0,True,,,0.3,0.1,0.084
2020-10-21 07:00:00+00:00,0.0,0.18853565270389164,0.18853565270389164,0.0,0.0,True,,,0.3,0.1,0.084
2020-10-21 08:00:00+00:00,0.0,0.8690323438903835,0.8690323438903835,0.0,0.0,True,,,0.3,0.1,0.084
2020-10-21 09:00:00+00:00,0.0,0.5180986125873888,0.5180986125873888,0.0,0.0,True,,,0.3,0.1,0.084
2020-10-21 10:00:00+00:00,-0.6550613840270317,0.0,-0.6550613840270317,0.0,0.6419601563464911,True,,,0.3,0.1,0.084
2020-10-21 11:00:00+00:00,-0.7057305776869196,0.0,-0.7057305776869196,0.6419601563464911,1.3335761224796723,True,,,0.3,0.1,0.084
2020-10-21 12:00:00+00:00,-0.9464843082942271,0.0,-0.9464843082942271,1.3335761224796723,2.261130744608015,True,,,0.3,0.1,0.084
2020-10-21 13:00:00+00:00,-0.00530350302891627,0.0,-0.00530350302891627,2.261130744608015,2.266328177576353,True,,,0.3,0.1,0.084
2020-10-21 14:00:00+00:00,-0.8487404330667405,0.0,-0.8487404330667405,2.266328177576353,3.0980938019817588,True,,,0.3,0.1,0.084
2020-10-21 15:00:00+00:00,-0.16264918238751325,0.0,-0.16264918238751325,3.0980938019817588,3.2574900007215217,True,,,0.4,0.18,0.084
2020-10-21 16:00:00+00:00,0.7836099890638589,0.0,0.7836099890638589,3.2574900007215217,2.457887971064523,True,,,0.4,0.18,0.084
2020-10-21 17:00:00+00:00,0.41751422229078067,0.0,0.41751422229078067,2.457887971064523,2.031853050359645,True,,,0.4,0.18,0.084
2020-10-21 18:00:00+00:00,0.38231952913072403,0.0,0.38231952913072403,2.031853050359645,1.641731081858906,True,,,0.4,0.18,0.084
2020-10-21 19:00:00+00:00,0.24454680563078968,0.0,0.24454680563078968,1.641731081858906,1.392193525092794,True,,,0.2,0.07,0.084
2020-10-21 20:00:00+00:00,0.32826794401539755,0.0,0.32826794401539755,1.392193525092794,1.0572262352811639,True,,,0.2,0.07,0.084
2020-10-21 21:00:00+00:00,0.1719016108592349,0.0,0.1719016108592349,1.0572262352811639,0.8818164282819446,True,,,0.2,0.07,0.084
2020-10-21 22:00:00+00:00,0.1380056945721309,0.0,0.1380056945721309,0.8818164282819446,0.7409942909634437,True,,,0.2,0.07,0.084
2020-10-21 23:00:00+00:00,0.17005919445620662,0.0,0.17005919445620662,0.7409942909634437,0.5674645007020084,True,,,0.2,0.07,0.084
2020-10-22 00:00:00+00:00,0.5561152106879682,0.43144420803535044,0.9875594187233186,0.5674645007020084,0.0,True,,,0.2,0.07,0.084
2020-10-22 01:00:00+00:00,0.0,0.2136371110227375,0.2136371110227375,0.0,0.0,True,,,0.2,0.07,0.084
2020-10-22 02:00:00+00:00,0.0,0.4582665280103688,0.4582665280103688,0.0,0.0,True,,,0.2,0.07,0.084
2020-10-22 03:00:00+00:00,0.0,0.15842047220336075,0.15842047220336075,0.0,0.0,True,,,0.2,0.07,0.084
2020-10-22 04:00:00+00:00,0.0,0.21451997231642414,0.21451997231642414,0.0,0.0,True,,,0.3,0.1,0.084
2020-10-22 05:00:00+00:00,0.0,0.1275026113165748,0.1275026113165748,0.0,0.0,True,,,0.3,0.1,0.084
2020-10-22 06:00:00+00:00,0.0,0.046639703043941334,0.046639703043941334,0.0,0.0,True,,,0.3,0.1,0.084
2020-10-22 07:00:00+00:00,-0.23899458529227552,0.0,-0.23899458529227552,0.0,0.23421469358643002,True,,,0.3,0.1,0.084
2020-10-22 08:00:00+00:00,-0.7858028361225494,0.0,-0.7858028361225494,0.23421469358643002,1.0043014729865285,True,,,0.3,0.1,0.084
2020-10-22 09:00:00+00:00,-2.1285598678429007,0.0,-2.1285598678429007,1.0043014729865285,3.090290143472571,True,,,0.3,0.1,0.084
2020-10-22 10:00:00+00:00,-1.669703249838617,0.0,-1.669703249838617,3.090290143472571,4.726599328314416,True,,,0.3,0.1,0.084
2020-10-22 11:00:00+00:00,-0.7312157543200644,0.0,-0.7312157543200644,4.726599328314416,5.443190767548079,True,,,0.3,0.1,0.084
2020-10-22 12:00:00+00:00,-0.7419679051911692,0.0,-0.7419679051911692,5.443190767548079,6.1703193146354245,True,,,0.3,0.1,0.084
2020-10-22 13:00:00+00:00,0.21368797371085915,0.0,0.21368797371085915,6.1703193146354245,5.952270361869242,True,,,0.3,0.1,0.084
2020-10-22 14:00:00+00:00,-0.7615340035135261,0.0,-0.7615340035135261,5.952270361869242,6.698573685312497,True,,,0.3,0.1,0.084
2020-10-22 15:00:00+00:00,0.7477904901710068,0.0,0.7477904901710068,6.698573685312497,5.9355221647298375,True,,,0.4,0.18,0.084
2020-10-22 16:00:00+00:00,1.019704582653373,0.0,1.019704582653373,5.9355221647298375,4.895007284471293,True,,,0.4,0.18,0.084
2020-10-22 17:00:00+00:00,0.21140563845104646,0.0,0.21140563845104646,4.895007284471293,4.679287245235532,True,,,0.4,0.18,0.084
2020-10-22 18:00:00+00:00,0.3269503890355427,0.0,0.3269503890355427,4.679287245235532,4.3456643992808965,True,,,0.4,0.18,0.084
2020-10-22 19:00:00+00:00,0.26642611084249285,0.0,0.26642611084249285,4.3456643992808965,4.07380102087019,True,,,0.2,0.07,0.084
2020-10-22 20:00:00+00:00,0.1363325557337866,0.0,0.1363325557337866,4.07380102087019,3.9346861680806113,True,,,0.2,0.07,0.084
2020-10-22 21:00:00+00:00,0.19836166708999217,0.0,0.19836166708999217,3.9346861680806113,3.732276303703068,True,,,0.2,0.07,0.084
2020-10-22 22:00:00+00:00,0.14764900010161935,0.0,0.14764900010161935,3.732276303703068,3.581614058701416,True,,,0.2,0.07,0.084
2020-10-22 23:00:00+00:00,0.1358847498655318,0.0,0.1358847498655318,3.581614058701416,3.442956150675363,True,,,0.2,0.07,0.084
2020-10-23 00:00:00+00:00,0.27722399995062114,0.0,0.27722399995062114,3.442956150675363,3.1600745180726886,True,,,0.2,0.07,0.084
2020-10-23 01:00:00+00:00,0.5267916117217807,0.0,0.5267916117217807,3.1600745180726886,2.622532057132096,True,,,0.2,0.07,0.084
2020-10-23 02:00:00+00:00,0.35434694348441237,0.0,0.35434694348441237,2.622532057132096,2.2609535433724917,True,,,0.2,0.07,0.084
2020-10-23 03:00:00+00:00,0.2692234171046144,0.0,0.2692234171046144,2.2609535433724917,1.9862357708167626,True,,,0.2,0.07,0.084
2020-10-23 04:00:00+00:00,0.17499516703022866,0.0,0.17499516703022866,1.9862357708167626,1.8076692738471416,True,,,0.3,0.1,0.084
2020-10-23 05:00:00+00:00,0.13805608339839504,0.0,0.13805608339839504,1.8076692738471416,1.6667957193589835,True,,,0.3,0.1,0.084
2020-10-23 06:00:00+00:00,0.09182562079795017,0.0,0.09182562079795017,1.6667957193589835,1.5730961062998507,True,,,0.3,0.1,0.084
2020-10-23 07:00:00+00:00,0.7266774979152902,0.0,0.7266774979152902,1.5730961062998507,0.8315884553658811,True,,,0.3,0.1,0.084
2020-10-23 08:00:00+00:00,-0.16532327396988417,0.0,-0.16532327396988417,0.8315884553658811,0.9936052638563676,True,,,0.3,0.1,0.084
2020-10-23 09:00:00+00:00,-0.07050615358106044,0.0,-0.07050615358106044,0.9936052638563676,1.0627012943658067,True,,,0.3,0.1,0.084
2020-10-23 10:00:00+00:00,-0.1264473666769336,0.0,-0.1264473666769336,1.0627012943658067,1.1866197137092016,True,,,0.3,0.1,0.084
2020-10-23 11:00:00+00:00,0.269907982697796,0.0,0.269907982697796,1.1866197137092016,0.9112034048338995,True,,,0.3,0.1,0.084
2020-10-23 12:00:00+00:00,0.11017010385277674,0.0,0.11017010385277674,0.9112034048338995,0.7987849315147395,True,,,0.3,0.1,0.084
2020-10-23 13:00:00+00:00,0.03256712276314425,0.0,0.03256712276314425,0.7987849315147395,0.7655531735931638,True,,,0.3,0.1,0.084
2020-10-23 14:00:00+00:00,0.43627639880737595,0.0,0.43627639880737595,0.7655531735931638,0.32037317481012706,True,,,0.3,0.1,0.084
2020-10-23 15:00:00+00:00,0.31396571131392453,0.9923369559973119,1.3063026673112363,0.32037317481012706,0.0,True,,,0.4,0.18,0.084
2020-10-23 16:00:00+00:00,0.0,0.9195274046161617,0.9195274046161617,0.0,0.0,True,,,0.4,0.18,0.084
2020-10-23 17:00:00+00:00,0.0,0.7297558881468237,0.7297558881468237,0.0,0.0,True,,,0.4,0.18,0.084
2020-10-23 18:00:00+00:00,0.0,0.23664741671880118,0.23664741671880118,0.0,0.0,True,,,0.4,0.18,0.084
2020-10-23 19:00:00+00:00,0.0,0.34527955610487143,0.34527955610487143,0.0,0.0,True,,,0.2,0.07,0.084
2020-10-23 20:00:00+00:00,0.0,2.145636480143335,2.145636480143335,0.0,0.0,True,,,0.2,0.07,0.084
2020-10-23 21:00:00+00:00,0.0,4.553653971772726,4.553653971772726,0.0,0.0,True,,,0.2,0.07,0.084
2020-10-23 22:00:00+00:00,0.0,0.16283130563365092,0.16283130563365092,0.0,0.0,True,,,0.2,0.07,0.084
2020-10-23 23:00:00+00:00,0.0,0.1210017223331664,0.1210017223331664,0.0,0.0,True,,,0.2,0.07,0.084
2020-10-24 00:00:00+00:00,0.0,0.19724502747588693,0.19724502747588693,0.0,0.0,True,,,0.2,0.07,0.084
2020-10-24 01:00:00+00:00,0.0,0.17092972239123447,0.17092972239123447,0.0,0.0,True,,,0.2,0.07,0.084
2020-10-24 02:00:00+00:00,0.0,0.3708023603306873,0.3708023603306873,0.0,0.0,True,,,0.2,0.07,0.084
2020-10-24 03:00:00+00:00,0.0,0.1568746110836667,0.1568746110836667,0.0,0.0,True,,,0.2,0.07,0.084
2020-10-24 04:00:00+00:00,0.0,0.3061420827998051,0.3061420827998051,0.0,0.0,True,,,0.3,0.1,0.084
2020-10-24 05:00:00+00:00,0.0,0.35818583256933384,0.35818583256933384,0.0,0.0,True,,,0.3,0.1,0.084
2020-10-24 06:00:00+00:00,0.0,0.6662411369415089,0.6662411369415089,0.0,0.0,True,,,0.3,0.1,0.084
2020-10-24 07:00:00+00:00,0.0,0.43096530753122964,0.43096530753122964,0.0,0.0,True,,,0.3,0.1,0.084
2020-10-24 08:00:00+00:00,0.0,0.7592648791027256,0.7592648791027256,0.0,0.0,True,,,0.3,0.1,0.084
2020-10-24 09:00:00+00:00,-0.1690045820788876,0.0,-0.1690045820788876,0.0,0.16562449043730984,True,,,0.3,0.1,0.084
2020-10-24 10:00:00+00:00,-0.4498819430283664,0.0,-0.4498819430283664,0.16562449043730984,0.606508794605109,True,,,0.3,0.1,0.084
2020-10-24 11:00:00+00:00,-1.018334426796118,0.0,-1.018334426796118,0.606508794605109,1.6044765328653048,True,,,0.3,0.1,0.084
2020-10-24 12:00:00+00:00,-0.774608246571349,0.0,-0.774608246571349,1.6044765328653048,2.363592614505227,True,,,0.3,0.1,0.084
2020-10-24 13:00:00+00:00,-0.3010204107100022,0.0,-0.3010204107100022,2.363592614505227,2.658592617001029,True,,,0.3,0.1,0.084
2020-10-24 14:00:00+00:00,-0.13798695744426795,0.0,-0.13798695744426795,2.658592617001029,2.7938198352964116,True,,,0.3,0.1,0.084
2020-10-24 15:00:00+00:00,2.0401721348781705,0.0,2.0401721348781705,2.7938198352964116,0.7120115344003191,True,,,0.4,0.18,0.084
2020-10-24 16:00:00+00:00,0.6977713037123127,0.18151887796898458,0.8792901816812972,0.7120115344003191,0.0,True,,,0.4,0.18,0.084
2020-10-24 17:00:00+00:00,0.0,0.73218383506404,0.73218383506404,0.0,0.0,True,,,0.4,0.18,0.084
2020-10-24 18:00:00+00:00,0.0,0.36553047164016317,0.36553047164016317,0.0,0.0,True,,,0.4,0.18,0.084
2020-10-24 19:00:00+00:00,0.0,0.23021963855425537,0.23021963855425537,0.0,0.0,True,,,0.2,0.07,0.084
2020-10-24 20:00:00+00:00,0.0,0.2143280560917327,0.2143280560917327,0.0,0.0,True,,,0.2,0.07,0.084
2020-10-24 21:00:00+00:00,0.0,0.12056669435501097,0.12056669435501097,0.0,0.0,True,,,0.2,0.07,0.084
2020-10-24 22:00:00+00:00,0.0,0.18493241666158064,0.18493241666158064,0.0,0.0,True,,,0.2,0.07,0.084
2020-10-24 23:00:00+00:00,0.0,0.17682625015311762,0.17682625015311762,0.0,0.0,True,,,0.2,0.07,0.084
2020-10-25 00:00:00+00:00,0.0,0.13475283317301018,0.13475283317301018,0.0,0.0,True,,,0.2,0.07,0.084
2020-10-25 01:00:00+00:00,0.0,0.17031936078866305,0.17031936078866305,0.0,0.0,True,,,0.2,0.07,0.084
2020-10-25 02:00:00+00:00,0.0,0.18102305578125835,0.18102305578125835,0.0,0.0,True,,,0.2,0.07,0.084
2020-10-25 03:00:00+00:00,0.0,0.25045291627512994,0.25045291627512994,0.0,0.0,True,,,0.2,0.07,0.084
2020-10-25 04:00:00+00:00,0.0,0.34386255551179185,0.34386255551179185,0.0,0.0,True,,,0.2,0.07,0.084
2020-10-25 05:00:00+00:00,0.0,0.3397531672610183,0.3397531672610183,0.0,0.0,True,,,0.3,0.1,0.084
2020-10-25 06:00:00+00:00,0.0,0.32224650499172197,0.32224650499172197,0.0,0.0,True,,,0.3,0.1,0.084
2020-10-25 07:00:00+00:00,0.0,3.0333192182875215,3.0333192182875215,0.0,0.0,True,,,0.3,0.1,0.084
2020-10-25 08:00:00+00:00,0.0,0.7770279083351531,0.7770279083351531,0.0,0.0,True,,,0.3,0.1,0.084
2020-10-25 09:00:00+00:00,0.0,1.0882718492918104,1.0882718492918104,0.0,0.0,True,,,0.3,0.1,0.084
2020-10-25 10:00:00+00:00,-0.3704043489919305,0.0,-0.3704043489919305,0.0,0.36299626201209184,True,,,0.3,0.1,0.084
2020-10-25 11:00:00+00:00,-0.20310514076815697,0.0,-0.20310514076815697,0.36299626201209184,0.5620392999648857,True,,,0.3,0.1,0.084
2020-10-25 12:00:00+00:00,0.061200468551975425,0.0,0.061200468551975425,0.5620392999648857,0.4995898422587883,True,,,0.3,0.1,0.084
2020-10-25 13:00:00+00:00,0.3741927592098484,0.0,0.3741927592098484,0.4995898422587883,0.11776049612628992,True,,,0.3,0.1,0.084
2020-10-25 14:00:00+00:00,0.11540528620376411,2.27457545427308,2.3899807404768443,0.11776049612628992,0.0,True,,,0.3,0.1,0.084
2020-10-25 15:00:00+00:00,0.0,0.7405736360516133,0.7405736360516133,0.0,0.0,True,,,0.3,0.1,0.084
2020-10-25 16:00:00+00:00,0.0,1.6818441358248388,1.6818441358248388,0.0,0.0,True,,,0.4,0.18,0.084
2020-10-25 17:00:00+00:00,0.0,0.8756326408147831,0.8756326408147831,0.0,0.0,True,,,0.4,0.18,0.084
2020-10-25 18:00:00+00:00,0.0,0.7284617772552698,0.7284617772552698,0.0,0.0,True,,,0.4,0.18,0.084
2020-10-25 19:00:00+00:00,0.0,0.387095554892222,0.387095554892222,0.0,0.0,True,,,0.4,0.18,0.084
2020-10-25 20:00:00+00:00,0.0,0.44887980693446206,0.44887980693446206,0.0,0.0,True,,,0.2,0.07,0.084
2020-10-25 21:00:00+00:00,0.0,0.768368721244069,0.768368721244069,0.0,0.0,True,,,0.2,0.07,0.084
2020-10-25 22:00:00+00:00,0.0,0.1953533610741297,0.1953533610741297,0.0,0.0,True,,,0.2,0.07,0.084
2020-10-25 23:00:00+00:00,0.0,0.1608020274162292,0.1608020274162292,0.0,0.0,True,,,0.2,0.07,0.084
2020-10-26 00:00:00+00:00,0.0,0.15756091709931677,0.15756091709931677,0.0,0.0,True,,,0.2,0.07,0.084
2020-10-26 01:00:00+00:00,0.0,0.15968269452783787,0.15968269452783787,0.0,0.0,True,,,0.2,0.07,0.084
2020-10-26 02:00:00+00:00,0.0,0.5662461410390008,0.5662461410390008,0.0,0.0,True,,,0.2,0.07,0.084
2020-10-26 03:00:00+00:00,0.0,0.3713402216752367,0.3713402216752367,0.0,0.0,True,,,0.2,0.07,0.084
2020-10-26 04:00:00+00:00,0.0,0.1538946385489571,0.1538946385489571,0.0,0.0,True,,,0.2,0.07,0.084
2020-10-26 05:00:00+00:00,0.0,0.19286813902325106,0.19286813902325106,0.0,0.0,True,,,0.3,0.1,0.084
2020-10-26 06:00:00+00:00,0.0,0.10531138916545471,0.10531138916545471,0.0,0.0,True,,,0.3,0.1,0.084
2020-10-26 07:00:00+00:00,-0.00383916722970002,0.0,-0.00383916722970002,0.0,0.0037623838851060195,True,,,0.3,0.1,0.084
2020-10-26 08:00:00+00:00,-0.05690742156953181,0.0,-0.05690742156953181,0.0037623838851060195,0.05953165702324719,True,,,0.3,0.1,0.084
2020-10-26 09:00:00+00:00,-0.2447367250400486,0.0,-0.2447367250400486,0.05953165702324719,0.2993736475624948,True,,,0.3,0.1,0.084
2020-10-26 10:00:00+00:00,-0.3277151074792238,0.0,-0.3277151074792238,0.2993736475624948,0.6205344528921342,True,,,0.3,0.1,0.084
2020-10-26 11:00:00+00:00,-0.5589005538906631,0.0,-0.5589005538906631,0.6205344528921342,1.168256995704984,True,,,0.3,0.1,0.084
2020-10-26 12:00:00+00:00,-0.03984066906313328,0.0,-0.03984066906313328,1.168256995704984,1.2073008513868546,True,,,0.3,0.1,0.084
2020-10-26 13:00:00+00:00,0.3638981526630589,0.0,0.3638981526630589,1.2073008513868546,0.8359762058123047,True,,,0.3,0.1,0.084
2020-10-26 14:00:00+00:00,0.4442234491415874,0.0,0.4442234491415874,0.8359762058123047,0.38268697199435836,True,,,0.3,0.1,0.084
2020-10-26 15:00:00+00:00,0.3750332325544712,0.5110014599321115,0.8860346924865827,0.38268697199435836,0.0,True,,,0.3,0.1,0.084
2020-10-26 16:00:00+00:00,0.0,1.2978232376879673,1.2978232376879673,0.0,0.0,True,,,0.4,0.18,0.084
2020-10-26 17:00:00+00:00,0.0,1.3441284730937744,1.3441284730937744,0.0,0.0,True,,,0.4,0.18,0.084
2020-10-26 18:00:00+00:00,0.0,0.5930598039150227,0.5930598039150227,0.0,0.0,True,,,0.4,0.18,0.084
2020-10-26 19:00:00+00:00,0.0,0.19670000001324542,0.19670000001324542,0.0,0.0,True,,,0.4,0.18,0.084
2020-10-26 20:00:00+00:00,0.0,0.4303049438714975,0.4303049438714975,0.0,0.0,True,,,0.2,0.07,0.084
2020-10-26 21:00:00+00:00,0.0,0.15189405554665478,0.15189405554665478,0.0,0.0,True,,,0.2,0.07,0.084
2020-10-26 22:00:00+00:00,0.0,0.1811468054797916,0.1811468054797916,0.0,0.0,True,,,0.2,0.07,0.084
2020-10-26 23:00:00+00:00,0.0,0.19042302740150013,0.19042302740150013,0.0,0.0,True,,,0.2,0.07,0.084
2020-10-27 00:00:00+00:00,0.0,0.1287873611317741,0.1287873611317741,0.0,0.0,True,,,0.2,0.07,0.084
2020-10-27 01:00:00+00:00,0.0,0.16758844472567222,0.16758844472567222,0.0,0.0,True,,,0.2,0.07,0.084
2020-10-27 02:00:00+00:00,0.0,0.8667058314667797,0.8667058314667797,0.0,0.0,True,,,0.2,0.07,0.084
2020-10-27 03:00:00+00:00,0.0,0.20493858327335787,0.20493858327335787,0.0,0.0,True,,,0.2,0.07,0.084
2020-10-27 04:00:00+00:00,0.0,0.1422071387317446,0.1422071387317446,0.0,0.0,True,,,0.2,0.07,0.084
2020-10-27 05:00:00+00:00,0.0,0.7012321104553009,0.7012321104553009,0.0,0.0,True,,,0.3,0.1,0.084
2020-10-27 06:00:00+00:00,0.0,0.21229872124121973,0.21229872124121973,0.0,0.0,True,,,0.3,0.1,0.084
2020-10-27 07:00:00+00:00,-0.4877451425672946,0.0,-0.4877451425672946,0.0,0.47799023971594873,True,,,0.3,0.1,0.084
2020-10-27 08:00:00+00:00,-0.36034632144558915,0.0,-0.36034632144558915,0.47799023971594873,0.831129634732626,True,,,0.3,0.1,0.084
2020-10-27 09:00:00+00:00,-3.2450275620909945,0.0,-3.2450275620909945,0.831129634732626,4.011256645581801,True,,,0.3,0.1,0.084
2020-10-27 10:00:00+00:00,-2.2354055478331687,0.0,-2.2354055478331687,4.011256645581801,6.201954082458306,True,,,0.3,0.1,0.084
2020-10-27 11:00:00+00:00,-1.6833477171773656,0.0,-1.6833477171773656,6.201954082458306,7.851634845292124,True,,,0.3,0.1,0.084
2020-10-27 12:00:00+00:00,-1.1916763783252102,0.0,-1.1916763783252102,7.851634845292124,9.01947769605083,True,,,0.3,0.1,0.084
2020-10-27 13:00:00+00:00,-0.34344493110198177,0.0,-0.34344493110198177,9.01947769605083,9.356053728530771,True,,,0.3,0.1,0.084
2020-10-27 14:00:00+00:00,0.5852189900437528,0.0,0.5852189900437528,9.356053728530771,8.758891493792248,True,,,0.3,0.1,0.084
2020-10-27 15:00:00+00:00,1.0481265943957454,0.0,1.0481265943957454,8.758891493792248,7.689374560735365,True,,,0.3,0.1,0.084
2020-10-27 16:00:00+00:00,1.2283873357264925,0.0,1.2283873357264925,7.689374560735365,6.435918095708331,True,,,0.4,0.18,0.084
2020-10-27 17:00:00+00:00,1.0576491089714894,0.0,1.0576491089714894,6.435918095708331,5.356684311043546,True,,,0.4,0.18,0.084
2020-10-27 18:00:00+00:00,0.709633916160794,0.0,0.709633916160794,5.356684311043546,4.632568070063144,True,,,0.4,0.18,0.084
2020-10-27 19:00:00+00:00,0.32038440224726933,0.0,0.32038440224726933,4.632568070063144,4.305645210627155,True,,,0.4,0.18,0.084
2020-10-27 20:00:00+00:00,0.4672561092482664,0.0,0.4672561092482664,4.305645210627155,3.828853262414638,True,,,0.2,0.07,0.084
2020-10-27 21:00:00+00:00,0.6480318015151553,0.0,0.6480318015151553,3.828853262414638,3.167596322093051,True,,,0.2,0.07,0.084
2020-10-27 22:00:00+00:00,0.20266202795770433,0.0,0.20266202795770433,3.167596322093051,2.9607983343811077,True,,,0.2,0.07,0.084
2020-10-27 23:00:00+00:00,0.15449475026925405,0.0,0.15449475026925405,2.9607983343811077,2.803150630024726,True,,,0.2,0.07,0.084
2020-10-28 00:00:00+00:00,0.1353158334811527,0.0,0.1353158334811527,2.803150630024726,2.665073248921509,True,,,0.2,0.07,0.084
2020-10-28 01:00:00+00:00,0.18488972239759216,0.0,0.18488972239759216,2.665073248921509,2.47641026688315,True,,,0.2,0.07,0.084
2020-10-28 02:00:00+00:00,0.502293279165692,0.0,0.502293279165692,2.47641026688315,1.9638661044691785,True,,,0.2,0.07,0.084
2020-10-28 03:00:00+00:00,0.19032011100716062,0.0,0.19032011100716062,1.9638661044691785,1.7696619095639126,True,,,0.2,0.07,0.084
2020-10-28 04:00:00+00:00,0.20838694357871992,0.0,0.20838694357871992,1.7696619095639126,1.55702217121828,True,,,0.2,0.07,0.084
2020-10-28 05:00:00+00:00,0.16663600001070247,0.0,0.16663600001070247,1.55702217121828,1.3869854365134815,True,,,0.3,0.1,0.084
2020-10-28 06:00:00+00:00,0.21614245518715486,0.0,0.21614245518715486,1.3869854365134815,1.1664319108123031,True,,,0.3,0.1,0.084
2020-10-28 07:00:00+00:00,-0.33441488596753605,0.0,-0.33441488596753605,1.1664319108123031,1.4941584990604886,True,,,0.3,0.1,0.084
2020-10-28 08:00:00+00:00,-2.3515857914684375,0.0,-2.3515857914684375,1.4941584990604886,3.7987125746995574,True,,,0.3,0.1,0.084
2020-10-28 09:00:00+00:00,-3.6054800862641168,0.0,-3.6054800862641168,3.7987125746995574,7.332083059238392,True,,,0.3,0.1,0.084
2020-10-28 10:00:00+00:00,-0.8941689803258669,0.0,-0.8941689803258669,7.332083059238392,8.208368659957742,True,,,0.3,0.1,0.084
2020-10-28 11:00:00+00:00,-3.005815940577317,0.0,-3.005815940577317,8.208368659957742,11.154068281723513,True,,,0.3,0.1,0.084
2020-10-28 12:00:00+00:00,-2.699930324771927,-0.2555378038227487,-2.9554681285946756,11.154068281723513,13.8,True,,,0.3,0.1,0.084
2020-10-28 13:00:00+00:00,-0.0,-1.6725409254281451,-1.6725409254281451,13.8,13.8,True,,,0.3,0.1,0.084
2020-10-28 14:00:00+00:00,-0.0,-0.8597664485893033,-0.8597664485893033,13.8,13.8,True,,,0.3,0.1,0.084
2020-10-28 15:00:00+00:00,0.4233198076092877,0.0,0.4233198076092877,13.8,13.368041012643584,True,,,0.3,0.1,0.084
2020-10-28 16:00:00+00:00,0.8423683272945465,0.0,0.8423683272945465,13.368041012643584,12.508481494996087,True,,,0.4,0.18,0.084
2020-10-28 17:00:00+00:00,1.000536863215765,0.0,1.000536863215765,12.508481494996087,11.487525512122858,True,,,0.4,0.18,0.084
2020-10-28 18:00:00+00:00,0.8656668620347963,0.0,0.8656668620347963,11.487525512122858,10.60419197943429,True,,,0.4,0.18,0.084
2020-10-28 19:00:00+00:00,0.2308966393126381,0.0,0.2308966393126381,10.60419197943429,10.368583163809149,True,,,0.4,0.18,0.084
2020-10-28 20:00:00+00:00,0.24782272249857587,0.0,0.24782272249857587,10.368583163809149,10.11570283472897,True,,,0.2,0.07,0.084
2020-10-28 21:00:00+00:00,0.16739122186501829,0.0,0.16739122186501829,10.11570283472897,9.94489546547895,True,,,0.2,0.07,0.084
2020-10-28 22:00:00+00:00,0.18114783300028917,0.0,0.18114783300028917,9.94489546547895,9.760050737927635,True,,,0.2,0.07,0.084
2020-10-28 23:00:00+00:00,0.12407705561584907,0.0,0.12407705561584907,9.760050737927635,9.633441497503298,True,,,0.2,0.07,0.084
2020-10-29 00:00:00+00:00,0.1755888333241144,0.0,0.1755888333241144,9.633441497503298,9.45426921860114,True,,,0.2,0.07,0.084
2020-10-29 01:00:00+00:00,0.26943797167672057,0.0,0.26943797167672057,9.45426921860114,9.17933251280857,True,,,0.2,0.07,0.084
2020-10-29 02:00:00+00:00,0.5363976670159238,0.0,0.5363976670159238,9.17933251280857,8.631987954629055,True,,,0.2,0.07,0.084
2020-10-29 03:00:00+00:00,0.264334638818105,0.0,0.264334638818105,8.631987954629055,8.362258731345275,True,,,0.2,0.07,0.084
2020-10-29 04:00:00+00:00,0.24225705531968025,0.0,0.24225705531968025,8.362258731345275,8.115057654488458,True,,,0.2,0.07,0.084
2020-10-29 05:00:00+00:00,0.5620154164605677,0.0,0.5620154164605677,8.115057654488458,7.541572535651144,True,,,0.3,0.1,0.084
2020-10-29 06:00:00+00:00,0.49358505803707536,0.0,0.49358505803707536,7.541572535651144,7.0379143131643325,True,,,0.3,0.1,0.084
2020-10-29 07:00:00+00:00,-0.7750454843648092,0.0,-0.7750454843648092,7.0379143131643325,7.797458887841845,True,,,0.3,0.1,0.084
2020-10-29 08:00:00+00:00,-1.671158828627561,0.0,-1.671158828627561,7.797458887841845,9.435194539896855,True,,,0.3,0.1,0.084
2020-10-29 09:00:00+00:00,-1.602092475486898,0.0,-1.602092475486898,9.435194539896855,11.005245165874015,True,,,0.3,0.1,0.084
2020-10-29 10:00:00+00:00,-2.683001470527978,0.0,-2.683001470527978,11.005245165874015,13.634586606991434,True,,,0.3,0.1,0.084
2020-10-29 11:00:00+00:00,-0.16878917653935413,-2.275541928942356,-2.44433110548171,13.634586606991434,13.8,True,,,0.3,0.1,0.084
2020-10-29 12:00:00+00:00,-0.0,-1.7039660212207122,-1.7039660212207122,13.8,13.8,True,,,0.3,0.1,0.084
2020-10-29 13:00:00+00:00,-0.0,-1.9231441827836164,-1.9231441827836164,13.8,13.8,True,,,0.3,0.1,0.084
2020-10-29 14:00:00+00:00,0.49597264702192123,0.0,0.49597264702192123,13.8,13.29390546222253,True,,,0.3,0.1,0.084
2020-10-29 15:00:00+00:00,1.6074834875506003,0.0,1.6074834875506003,13.29390546222253,11.653616189211712,True,,,0.3,0.1,0.084
2020-10-29 16:00:00+00:00,1.279068259168676,0.0,1.279068259168676,11.653616189211712,10.348444496182452,True,,,0.4,0.18,0.084
2020-10-29 17:00:00+00:00,0.7567670546849575,0.0,0.7567670546849575,10.348444496182452,9.57623321589168,True,,,0.4,0.18,0.084
2020-10-29 18:00:00+00:00,0.8078426376263296,0.0,0.8078426376263296,9.57623321589168,8.751903993823996,True,,,0.4,0.18,0.084
2020-10-29 19:00:00+00:00,0.3575029158671691,0.0,0.3575029158671691,8.751903993823996,8.387105100081987,True,,,0.4,0.18,0.084
2020-10-29 20:00:00+00:00,0.2176988059282303,0.0,0.2176988059282303,8.387105100081987,8.164963461379712,True,,,0.2,0.07,0.084
2020-10-29 21:00:00+00:00,0.14964288892481054,0.0,0.14964288892481054,8.164963461379712,8.012266635946231,True,,,0.2,0.07,0.084
2020-10-29 22:00:00+00:00,0.1812214999543293,0.0,0.1812214999543293,8.012266635946231,7.8273467380336506,True,,,0.2,0.07,0.084
2020-10-29 23:00:00+00:00,0.8245414984014295,0.0,0.8245414984014295,7.8273467380336506,6.985977862113824,True,,,0.2,0.07,0.084
2020-10-30 00:00:00+00:00,0.17743116685284524,0.0,0.17743116685284524,6.985977862113824,6.804925651039492,True,,,0.2,0.07,0.084
2020-10-30 01:00:00+00:00,0.14194011068873946,0.0,0.14194011068873946,6.804925651039492,6.6600888033979215,True,,,0.2,0.07,0.084
2020-10-30 02:00:00+00:00,0.42817861259778434,0.0,0.42817861259778434,6.6600888033979215,6.223171851767529,True,,,0.2,0.07,0.084
2020-10-30 03:00:00+00:00,0.2005729447205863,0.0,0.2005729447205863,6.223171851767529,6.018505581644482,True,,,0.2,0.07,0.084
2020-10-30 04:00:00+00:00,0.22445444408787607,0.0,0.22445444408787607,6.018505581644482,5.789470434616037,True,,,0.2,0.07,0.084
2020-10-30 05:00:00+00:00,0.203244527694914,0.0,0.203244527694914,5.789470434616037,5.582078059417145,True,,,0.3,0.1,0.084
2020-10-30 06:00:00+00:00,0.11253549301103619,0.0,0.11253549301103619,5.582078059417145,5.467245923691598,True,,,0.3,0.1,0.084
2020-10-30 07:00:00+00:00,0.13549825543516886,0.0,0.13549825543516886,5.467245923691598,5.328982397737344,True,,,0.3,0.1,0.084
2020-10-30 08:00:00+00:00,0.5412598841001252,0.0,0.5412598841001252,5.328982397737344,4.776676393553543,True,,,0.3,0.1,0.084
2020-10-30 09:00:00+00:00,0.5618381873903601,0.0,0.5618381873903601,4.776676393553543,4.203372120706237,True,,,0.3,0.1,0.084
2020-10-30 10:00:00+00:00,-0.2410362044953752,0.0,-0.2410362044953752,4.203372120706237,4.439587601111705,True,,,0.3,0.1,0.084
2020-10-30 11:00:00+00:00,-0.14023239870701731,0.0,-0.14023239870701731,4.439587601111705,4.577015351844582,True,,,0.3,0.1,0.084
2020-10-30 12:00:00+00:00,0.5047261032310012,0.0,0.5047261032310012,4.577015351844582,4.061988715894581,True,,,0.3,0.1,0.084
2020-10-30 13:00:00+00:00,0.37941450366096974,0.0,0.37941450366096974,4.061988715894581,3.6748310590976736,True,,,0.3,0.1,0.084
2020-10-30 14:00:00+00:00,0.3948915366656018,0.0,0.3948915366656018,3.6748310590976736,3.2718805114797127,True,,,0.3,0.1,0.084
2020-10-30 15:00:00+00:00,1.3123172860019507,0.0,1.3123172860019507,3.2718805114797127,1.9327812400491506,True,,,0.3,0.1,0.084
2020-10-30 16:00:00+00:00,0.9143472264523699,0.0,0.9143472264523699,1.9327812400491506,0.999773866118161,True,,,0.4,0.18,0.084
2020-10-30 17:00:00+00:00,0.9797783887957977,0.9794709689257447,1.9592493577215424,0.999773866118161,0.0,True,,,0.4,0.18,0.084
2020-10-30 18:00:00+00:00,0.0,0.8583375013324945,0.8583375013324945,0.0,0.0,True,,,0.4,0.18,0.084
2020-10-30 19:00:00+00:00,0.0,0.28899177792072284,0.28899177792072284,0.0,0.0,True,,,0.4,0.18,0.084
2020-10-30 20:00:00+00:00,0.0,0.22845494438012434,0.22845494438012434,0.0,0.0,True,,,0.2,0.07,0.084
2020-10-30 21:00:00+00:00,0.0,0.22467722246117075,0.22467722246117075,0.0,0.0,True,,,0.2,0.07,0.084
2020-10-30 22:00:00+00:00,0.0,0.2066923889636996,0.2066923889636996,0.0,0.0,True,,,0.2,0.07,0.084
2020-10-30 23:00:00+00:00,0.0,5.069799851653311,5.069799851653311,0.0,0.0,True,,,0.2,0.07,0.084
2020-10-31 00:00:00+00:00,0.0,1.4287157453245576,1.4287157453245576,0.0,0.0,True,,,0.2,0.07,0.084
2020-10-31 01:00:00+00:00,0.0,0.13368761087788456,0.13368761087788456,0.0,0.0,True,,,0.2,0.07,0.084
2020-10-31 02:00:00+00:00,0.0,0.19895902793937253,0.19895902793937253,0.0,0.0,True,,,0.2,0.07,0.084
2020-10-31 03:00:00+00:00,0.0,0.17228241686291176,0.17228241686291176,0.0,0.0,True,,,0.2,0.07,0.084
2020-10-31 04:00:00+00:00,0.0,0.14899950011306345,0.14899950011306345,0.0,0.0,True,,,0.2,0.07,0.084
2020-10-31 05:00:00+00:00,0.0,0.306728055561914,0.306728055561914,0.0,0.0,True,,,0.3,0.1,0.084
2020-10-31 06:00:00+00:00,0.0,0.36475226527301735,0.36475226527301735,0.0,0.0,True,,,0.3,0.1,0.084
2020-10-31 07:00:00+00:00,0.0,0.5817280948871868,0.5817280948871868,0.0,0.0,True,,,0.3,0.1,0.084
2020-10-31 08:00:00+00:00,-0.029530263998590704,0.0,-0.029530263998590704,0.0,0.02893965871861889,True,,,0.3,0.1,0.084
2020-10-31 09:00:00+00:00,0.02836086554424651,0.4574577659292905,0.485818631473537,0.02893965871861889,0.0,True,,,0.3,0.1,0.084
2020-10-31 10:00:00+00:00,-0.8935818516512948,0.0,-0.8935818516512948,0.0,0.8757102146182688,True,,,0.3,0.1,0.084
2020-10-31 11:00:00+00:00,-1.1355688310214844,0.0,-1.1355688310214844,0.8757102146182688,1.9885676690193237,True,,,0.3,0.1,0.084
2020-10-31 12:00:00+00:00,-0.42764219054198344,0.0,-0.42764219054198344,1.9885676690193237,2.4076570157504675,True,,,0.3,0.1,0.084
2020-10-31 13:00:00+00:00,0.13519256219324927,0.0,0.13519256219324927,2.4076570157504675,2.2697054216757233,True,,,0.3,0.1,0.084
2020-10-31 14:00:00+00:00,0.23329269325660162,0.0,0.23329269325660162,2.2697054216757233,2.031651653046538,True,,,0.3,0.1,0.084
2020-10-31 15:00:00+00:00,0.3135555781743539,0.0,0.3135555781743539,2.031651653046538,1.7116969814400542,True,,,0.3,0.1,0.084
2020-10-31 16:00:00+00:00,1.2962742994993584,0.0,1.2962742994993584,1.7116969814400542,0.3889681043998927,True,,,0.4,0.18,0.084
2020-10-31 17:00:00+00:00,0.38118874231189487,1.4867138691715729,1.8679026114834678,0.3889681043998927,0.0,True,,,0.4,0.18,0.084
2020-10-31 18:00:00+00:00,0.0,0.2933241942193772,0.2933241942193772,0.0,0.0,True,,,0.4,0.18,0.084
2020-10-31 19:00:00+00:00,0.0,0.35543355524274983,0.35543355524274983,0.0,0.0,True,,,0.4,0.18,0.084
2020-10-31 20:00:00+00:00,0.0,0.2531347221215568,0.2531347221215568,0.0,0.0,True,,,0.2,0.07,0.084
2020-10-31 21:00:00+00:00,0.0,0.2617085830397078,0.2617085830397078,0.0,0.0,True,,,0.2,0.07,0.084
2020-10-31 22:00:00+00:00,0.0,0.1745710278749466,0.1745710278749466,0.0,0.0,True,,,0.2,0.07,0.084
2020-10-31 23:00:00+00:00,0.0,0.20374822210735727,0.20374822210735727,0.0,0.0,True,,,0.2,0.07,0.084
2020-11-01 00:00:00+00:00,0.0,0.1294758055263095,0.1294758055263095,0.0,0.0,True,,,0.2,0.07,0.084
2020-11-01 01:00:00+00:00,0.0,0.145265916718377,0.145265916718377,0.0,0.0,True,,,0.2,0.07,0.084
2020-11-01 02:00:00+00:00,0.0,0.2285249167733723,0.2285249167733723,0.0,0.0,True,,,0.2,0.07,0.084
2020-11-01 03:00:00+00:00,0.0,0.21397083381017082,0.21397083381017082,0.0,0.0,True,,,0.2,0.07,0.084
2020-11-01 04:00:00+00:00,0.0,0.4655020272519857,0.4655020272519857,0.0,0.0,True,,,0.2,0.07,0.084
2020-11-01 05:00:00+00:00,0.0,0.3018679999404485,0.3018679999404485,0.0,0.0,True,,,0.3,0.1,0.084
2020-11-01 06:00:00+00:00,0.0,0.3987251674758065,0.3987251674758065,0.0,0.0,True,,,0.3,0.1,0.084
2020-11-01 07:00:00+00:00,0.0,1.2041823831884344,1.2041823831884344,0.0,0.0,True,,,0.3,0.1,0.084
2020-11-01 08:00:00+00:00,-0.36467407877335634,0.0,-0.36467407877335634,0.0,0.3573805971978892,True,,,0.3,0.1,0.084
2020-11-01 09:00:00+00:00,-1.359835828537868,0.0,-1.359835828537868,0.3573805971978892,1.6900197091649998,True,,,0.3,0.1,0.084
2020-11-01 10:00:00+00:00,-1.5599331214888346,0.0,-1.5599331214888346,1.6900197091649998,3.2187541682240575,True,,,0.3,0.1,0.084
2020-11-01 11:00:00+00:00,-1.0874572540358114,0.0,-1.0874572540358114,3.2187541682240575,4.284462277179152,True,,,0.3,0.1,0.084
2020-11-01 12:00:00+00:00,-0.787616250202391,0.0,-0.787616250202391,4.284462277179152,5.0563262023774955,True,,,0.3,0.1,0.084
2020-11-01 13:00:00+00:00,0.12539556224373444,0.0,0.12539556224373444,5.0563262023774955,4.928371547026746,True,,,0.3,0.1,0.084
2020-11-01 14:00:00+00:00,0.271536814104459,0.0,0.271536814104459,4.928371547026746,4.651293165287502,True,,,0.3,0.1,0.084
2020-11-01 15:00:00+00:00,0.11268556604257496,0.0,0.11268556604257496,4.651293165287502,4.536307893815486,True,,,0.3,0.1,0.084
2020-11-01 16:00:00+00:00,0.4955258741502099,0.0,0.4955258741502099,4.536307893815486,4.030669246723436,True,,,0.4,0.18,0.084
2020-11-01 17:00:00+00:00,0.8023470277468366,0.0,0.8023470277468366,4.030669246723436,3.211947789838909,True,,,0.4,0.18,0.084
2020-11-01 18:00:00+00:00,0.43511066629886586,0.0,0.43511066629886586,3.211947789838909,2.7679573140237395,True,,,0.4,0.18,0.084
2020-11-01 19:00:00+00:00,0.9668495519214205,0.0,0.9668495519214205,2.7679573140237395,1.7813761385937186,True,,,0.4,0.18,0.084
2020-11-01 20:00:00+00:00,0.20399780577288756,0.0,0.20399780577288756,1.7813761385937186,1.5732151122948537,True,,,0.2,0.07,0.084
2020-11-01 21:00:00+00:00,0.20906161132123743,0.0,0.20906161132123743,1.5732151122948537,1.3598869374772644,True,,,0.2,0.07,0.084
2020-11-01 22:00:00+00:00,0.14269388915432832,0.0,0.14269388915432832,1.3598869374772644,1.214280928136113,True,,,0.2,0.07,0.084
2020-11-01 23:00:00+00:00,0.19722383340199792,0.0,0.19722383340199792,1.214280928136113,1.0130321185422377,True,,,0.2,0.07,0.084
2020-11-02 00:00:00+00:00,0.17565441669623047,0.0,0.17565441669623047,1.0130321185422377,0.8337929178317984,True,,,0.2,0.07,0.084
2020-11-02 01:00:00+00:00,0.18596172202957995,0.0,0.18596172202957995,0.8337929178317984,0.6440360586179413,True,,,0.2,0.07,0.084
2020-11-02 02:00:00+00:00,0.16845811163319488,0.0,0.16845811163319488,0.6440360586179413,0.47214002633917107,True,,,0.2,0.07,0.084
2020-11-02 03:00:00+00:00,0.1896440832402969,0.0,0.1896440832402969,0.47214002633917107,0.2786256556858069,True,,,0.2,0.07,0.084
2020-11-02 04:00:00+00:00,0.21665319441159558,0.0,0.21665319441159558,0.2786256556858069,0.057550967510709344,True,,,0.2,0.07,0.084
2020-11-02 05:00:00+00:00,0.05639994816049516,0.08049435727267232,0.13689430543316747,0.057550967510709344,0.0,True,,,0.3,0.1,0.084
2020-11-02 06:00:00+00:00,0.0,0.20453874388316567,0.20453874388316567,0.0,0.0,True,,,0.3,0.1,0.084
2020-11-02 07:00:00+00:00,-0.1037745230524019,0.0,-0.1037745230524019,0.0,0.10169903259135385,True,,,0.3,0.1,0.084
2020-11-02 08:00:00+00:00,-0.22924558413595067,0.0,-0.22924558413595067,0.10169903259135385,0.3263597050445855,True,,,0.3,0.1,0.084
2020-11-02 09:00:00+00:00,-0.32876818604935176,0.0,-0.32876818604935176,0.3263597050445855,0.6485525273729502,True,,,0.3,0.1,0.084
2020-11-02 10:00:00+00:00,-0.8308922705284015,0.0,-0.8308922705284015,0.6485525273729502,1.4628269524907838,True,,,0.3,0.1,0.084
2020-11-02 11:00:00+00:00,-2.722349712203928,0.0,-2.722349712203928,1.4628269524907838,4.130729670450633,True,,,0.3,0.1,0.084
2020-11-02 12:00:00+00:00,-1.0237801493314032,0.0,-1.0237801493314032,4.130729670450633,5.134034216795408,True,,,0.3,0.1,0.084
2020-11-02 13:00:00+00:00,-0.6711810086415646,0.0,-0.6711810086415646,5.134034216795408,5.791791605264141,True,,,0.3,0.1,0.084
2020-11-02 14:00:00+00:00,-0.21540843780579685,0.0,-0.21540843780579685,5.791791605264141,6.002891874313822,True,,,0.3,0.1,0.084
2020-11-02 15:00:00+00:00,0.21755896315474152,0.0,0.21755896315474152,6.002891874313822,5.780892932319188,True,,,0.3,0.1,0.084
2020-11-02 16:00:00+00:00,0.2103633052666982,0.0,0.2103633052666982,5.780892932319188,5.566236498373577,True,,,0.4,0.18,0.084
2020-11-02 17:00:00+00:00,0.3168216117196619,0.0,0.3168216117196619,5.566236498373577,5.242949139475963,True,,,0.4,0.18,0.084
2020-11-02 18:00:00+00:00,0.5402153876940415,0.0,0.5402153876940415,5.242949139475963,4.6917089479514305,True,,,0.4,0.18,0.084
2020-11-02 19:00:00+00:00,0.2161878331634736,0.0,0.2161878331634736,4.6917089479514305,4.471109118192784,True,,,0.4,0.18,0.084
2020-11-02 20:00:00+00:00,0.40510469535986643,0.0,0.40510469535986643,4.471109118192784,4.057736980070471,True,,,0.2,0.07,0.084
2020-11-02 21:00:00+00:00,0.19067344474792514,0.0,0.19067344474792514,4.057736980070471,3.863172240531772,True,,,0.2,0.07,0.084
2020-11-02 22:00:00+00:00,0.131815055653784,0.0,0.131815055653784,3.863172240531772,3.72866708170138,True,,,0.2,0.07,0.084
2020-11-02 23:00:00+00:00,0.17339863873587713,0.0,0.17339863873587713,3.72866708170138,3.551729695236199,True,,,0.2,0.07,0.084
2020-11-03 00:00:00+00:00,0.14986255546410893,0.0,0.14986255546410893,3.551729695236199,3.3988087202728225,True,,,0.2,0.07,0.084
2020-11-03 01:00:00+00:00,0.17636074979040353,0.0,0.17636074979040353,3.3988087202728225,3.218848771507105,True,,,0.2,0.07,0.084
2020-11-03 02:00:00+00:00,1.1249666658480963,0.0,1.1249666658480963,3.218848771507105,2.0709236022743536,True,,,0.2,0.07,0.084
2020-11-03 03:00:00+00:00,0.38854410987695087,0.0,0.38854410987695087,2.0709236022743536,1.6744500207672608,True,,,0.2,0.07,0.084
2020-11-03 04:00:00+00:00,0.1771723609844845,0.0,0.1771723609844845,1.6744500207672608,1.4936618973137052,True,,,0.2,0.07,0.084
2020-11-03 05:00:00+00:00,0.15506674984561059,0.0,0.15506674984561059,1.4936618973137052,1.335430519920225,True,,,0.3,0.1,0.084
2020-11-03 06:00:00+00:00,0.15904162569329197,0.0,0.15904162569329197,1.335430519920225,1.1731431467638047,True,,,0.3,0.1,0.084
2020-11-03 07:00:00+00:00,-1.0010319866182247,0.0,-1.0010319866182247,1.1731431467638047,2.154154493649665,True,,,0.3,0.1,0.084
2020-11-03 08:00:00+00:00,-2.113256796534217,0.0,-2.113256796534217,2.154154493649665,4.225146154253197,True,,,0.3,0.1,0.084
2020-11-03 09:00:00+00:00,-1.8608442461290589,0.0,-1.8608442461290589,4.225146154253197,6.048773515459676,True,,,0.3,0.1,0.084
2020-11-03 10:00:00+00:00,-3.3775149681008183,0.0,-3.3775149681008183,6.048773515459676,9.358738184198478,True,,,0.3,0.1,0.084
2020-11-03 11:00:00+00:00,-3.946918429146325,0.0,-3.946918429146325,9.358738184198478,13.226718244761877,True,,,0.3,0.1,0.084
2020-11-03 12:00:00+00:00,-0.5849813828960451,-1.3788066830050678,-1.9637880659011129,13.226718244761877,13.8,True,,,0.3,0.1,0.084
2020-11-03 13:00:00+00:00,-0.0,-0.48710729438820105,-0.48710729438820105,13.8,13.8,True,,,0.3,0.1,0.084
2020-11-03 14:00:00+00:00,-0.0,-0.05246044746313145,-0.05246044746313145,13.8,13.8,True,,,0.3,0.1,0.084
2020-11-03 15:00:00+00:00,0.6119720959862536,0.0,0.6119720959862536,13.8,13.175538677565047,True,,,0.3,0.1,0.084
2020-11-03 16:00:00+00:00,1.3043291413598606,0.0,1.3043291413598606,13.175538677565047,11.844590574136618,True,,,0.4,0.18,0.084
2020-11-03 17:00:00+00:00,1.5512259191539577,0.0,1.5512259191539577,11.844590574136618,10.261706983163192,True,,,0.4,0.18,0.084
2020-11-03 18:00:00+00:00,0.47432444510724864,0.0,0.47432444510724864,10.261706983163192,9.777702447339468,True,,,0.4,0.18,0.084
2020-11-03 19:00:00+00:00,0.21876447226736287,0.0,0.21876447226736287,9.777702447339468,9.554473394005424,True,,,0.4,0.18,0.084
2020-11-03 20:00:00+00:00,0.3843164451201757,0.0,0.3843164451201757,9.554473394005424,9.162313756127693,True,,,0.2,0.07,0.084
2020-11-03 21:00:00+00:00,0.134362999871042,0.0,0.134362999871042,9.162313756127693,9.025208654218467,True,,,0.2,0.07,0.084
2020-11-03 22:00:00+00:00,0.19527347206804482,0.0,0.19527347206804482,9.025208654218467,8.825950009251075,True,,,0.2,0.07,0.084
2020-11-03 23:00:00+00:00,0.1657918892065685,0.0,0.1657918892065685,8.825950009251075,8.656774612101515,True,,,0.2,0.07,0.084
2020-11-04 00:00:00+00:00,0.2959437224679527,0.0,0.2959437224679527,8.656774612101515,8.354791221828094,True,,,0.2,0.07,0.084
2020-11-04 01:00:00+00:00,0.16641213891771078,0.0,0.16641213891771078,8.354791221828094,8.184982916810021,True,,,0.2,0.07,0.084
2020-11-04 02:00:00+00:00,0.8766803076585146,0.0,0.8766803076585146,8.184982916810021,7.290411174301333,True,,,0.2,0.07,0.084
2020-11-04 03:00:00+00:00,0.17588727786540986,0.0,0.17588727786540986,7.290411174301333,7.110934360152956,True,,,0.2,0.07,0.084
2020-11-04 04:00:00+00:00,0.1868817499266728,0.0,0.1868817499266728,7.110934360152956,6.920238696962473,True,,,0.2,0.07,0.084
2020-11-04 05:00:00+00:00,0.19907624944845825,0.0,0.19907624944845825,6.920238696962473,6.717099666913025,True,,,0.3,0.1,0.084
2020-11-04 06:00:00+00:00,0.04895671640017939,0.0,0.04895671640017939,6.717099666913025,6.667143833851618,True,,,0.3,0.1,0.084
2020-11-04 07:00:00+00:00,-1.1745862173327086,0.0,-1.1745862173327086,6.667143833851618,7.8182383268376725,True,,,0.3,0.1,0.084
2020-11-04 08:00:00+00:00,-1.6667172622966582,0.0,-1.6667172622966582,7.8182383268376725,9.451621243888397,True,,,0.3,0.1,0.084
2020-11-04 09:00:00+00:00,-1.007595211804964,0.0,-1.007595211804964,9.451621243888397,10.439064551457262,True,,,0.3,0.1,0.084
2020-11-04 10:00:00+00:00,-3.4295259679007537,-0.513074510859556,-3.9426004787603097,10.439064551457262,13.8,True,,,0.3,0.1,0.084
2020-11-04 11:00:00+00:00,-0.0,-3.7867582193866998,-3.7867582193866998,13.8,13.8,True,,,0.3,0.1,0.084
2020-11-04 12:00:00+00:00,-0.0,-2.4739599925117925,-2.4739599925117925,13.8,13.8,True,,,0.3,0.1,0.084
2020-11-04 13:00:00+00:00,-0.0,-3.219066911661123,-3.219066911661123,13.8,13.8,True,,,0.3,0.1,0.084
2020-11-04 14:00:00+00:00,-0.0,-0.6296842559291034,-0.6296842559291034,13.8,13.8,True,,,0.3,0.1,0.084
2020-11-04 15:00:00+00:00,1.3188577954850431,0.0,1.3188577954850431,13.8,12.454226739300978,True,,,0.3,0.1,0.084
2020-11-04 16:00:00+00:00,0.8214310692811823,0.0,0.8214310692811823,12.454226739300978,11.61603177064671,True,,,0.4,0.18,0.084
2020-11-04 17:00:00+00:00,0.8950798068073068,0.0,0.8950798068073068,11.61603177064671,10.702685029006602,True,,,0.4,0.18,0.084
2020-11-04 18:00:00+00:00,1.0216086904154886,0.0,1.0216086904154886,10.702685029006602,9.660227181643858,True,,,0.4,0.18,0.084
2020-11-04 19:00:00+00:00,0.2824892224258847,0.0,0.2824892224258847,9.660227181643858,9.371972873046017,True,,,0.4,0.18,0.084
2020-11-04 20:00:00+00:00,0.18140016654597396,0.0,0.18140016654597396,9.371972873046017,9.18687066228482,True,,,0.2,0.07,0.084
2020-11-04 21:00:00+00:00,0.21256383286582103,0.0,0.21256383286582103,9.18687066228482,8.969968792013574,True,,,0.2,0.07,0.084
2020-11-04 22:00:00+00:00,0.2591126944277019,0.0,0.2591126944277019,8.969968792013574,8.705568083413878,True,,,0.2,0.07,0.084
2020-11-04 23:00:00+00:00,0.1444188057793511,0.0,0.1444188057793511,8.705568083413878,8.5582019550676,True,,,0.2,0.07,0.084
2020-11-05 00:00:00+00:00,0.3330980836868287,0.0,0.3330980836868287,8.5582019550676,8.218305951305531,True,,,0.2,0.07,0.084
2020-11-05 01:00:00+00:00,0.12417322240405615,0.0,0.12417322240405615,8.218305951305531,8.091598581505474,True,,,0.2,0.07,0.084
2020-11-05 02:00:00+00:00,1.2789763340420182,0.0,1.2789763340420182,8.091598581505474,6.786520689625863,True,,,0.2,0.07,0.084
2020-11-05 03:00:00+00:00,0.17058566661145963,0.0,0.17058566661145963,6.786520689625863,6.612453682879476,True,,,0.2,0.07,0.084
2020-11-05 04:00:00+00:00,0.20175094414816958,0.0,0.20175094414816958,6.612453682879476,6.406585372524201,True,,,0.2,0.07,0.084
2020-11-05 05:00:00+00:00,0.1394641945574017,0.0,0.1394641945574017,6.406585372524201,6.264274969914607,True,,,0.3,0.1,0.084
2020-11-05 06:00:00+00:00,0.2968388103238462,0.0,0.2968388103238462,6.264274969914607,5.961378224686192,True,,,0.3,0.1,0.084
2020-11-05 07:00:00+00:00,-0.12125364593125851,0.0,-0.12125364593125851,5.961378224686192,6.080206797698826,True,,,0.3,0.1,0.084
2020-11-05 08:00:00+00:00,-0.47086270420386866,0.0,-0.47086270420386866,6.080206797698826,6.541652247818617,True,,,0.3,0.1,0.084
2020-11-05 09:00:00+00:00,-0.8936972796632872,0.0,-0.8936972796632872,6.541652247818617,7.417475581888638,True,,,0.3,0.1,0.084
2020-11-05 10:00:00+00:00,-2.50563296169038,0.0,-2.50563296169038,7.417475581888638,9.872995884345212,True,,,0.3,0.1,0.084
2020-11-05 11:00:00+00:00,-4.0068789569849255,0.0,-4.0068789569849255,9.872995884345212,13.799737262190439,True,,,0.3,0.1,0.084
2020-11-05 12:00:00+00:00,-0.0002680998056756091,-3.43051360868933,-3.4307817084950054,13.799737262190439,13.8,True,,,0.3,0.1,0.084
2020-11-05 13:00:00+00:00,-0.0,-2.0667163215752304,-2.0667163215752304,13.8,13.8,True,,,0.3,0.1,0.084
2020-11-05 14:00:00+00:00,0.6315043414175275,0.0,0.6315043414175275,13.8,13.155607814880074,True,,,0.3,0.1,0.084
2020-11-05 15:00:00+00:00,1.3909005695874652,0.0,1.3909005695874652,13.155607814880074,11.736321519382662,True,,,0.3,0.1,0.084
2020-11-05 16:00:00+00:00,1.096959939283063,0.0,1.096959939283063,11.736321519382662,10.61697464256321,True,,,0.4,0.18,0.084
2020-11-05 17:00:00+00:00,1.3144340540832926,0.0,1.3144340540832926,10.61697464256321,9.275715403702709,True,,,0.4,0.18,0.084
2020-11-05 18:00:00+00:00,1.2341829435692888,0.0,1.2341829435692888,9.275715403702709,8.016345053121801,True,,,0.4,0.18,0.084
2020-11-05 19:00:00+00:00,0.3812971945603686,0.0,0.3812971945603686,8.016345053121801,7.627266283162242,True,,,0.4,0.18,0.084
2020-11-05 20:00:00+00:00,0.203128638373481,0.0,0.203128638373481,7.627266283162242,7.419992162372975,True,,,0.2,0.07,0.084
2020-11-05 21:00:00+00:00,0.1440197501447466,0.0,0.1440197501447466,7.419992162372975,7.273033233653846,True,,,0.2,0.07,0.084
2020-11-05 22:00:00+00:00,0.1995529722876019,0.0,0.1995529722876019,7.273033233653846,7.069407751727722,True,,,0.2,0.07,0.084
2020-11-05 23:00:00+00:00,0.11797152754995562,0.0,0.11797152754995562,7.069407751727722,6.949028641982869,True,,,0.2,0.07,0.084
2020-11-06 00:00:00+00:00,0.17076711124049287,0.0,0.17076711124049287,6.949028641982869,6.774776487655835,True,,,0.2,0.07,0.084
2020-11-06 01:00:00+00:00,0.2677703329006828,0.0,0.2677703329006828,6.774776487655835,6.50154145408371,True,,,0.2,0.07,0.084
2020-11-06 02:00:00+00:00,0.7689090006245505,0.0,0.7689090006245505,6.50154145408371,5.71694043303825,True,,,0.2,0.07,0.084
2020-11-06 03:00:00+00:00,0.22635955521530565,0.0,0.22635955521530565,5.71694043303825,5.485961295063448,True,,,0.2,0.07,0.084
2020-11-06 04:00:00+00:00,0.1603872223430211,0.0,0.1603872223430211,5.485961295063448,5.322300864101182,True,,,0.2,0.07,0.084
2020-11-06 05:00:00+00:00,0.1820773888905846,0.0,0.1820773888905846,5.322300864101182,5.136507610131198,True,,,0.3,0.1,0.084
2020-11-06 06:00:00+00:00,0.0587458228309492,0.0,0.0587458228309492,5.136507610131198,5.07656289295676,True,,,0.3,0.1,0.084
2020-11-06 07:00:00+00:00,-0.38864252987510867,0.0,-0.38864252987510867,5.07656289295676,5.457432572234366,True,,,0.3,0.1,0.084
2020-11-06 08:00:00+00:00,-0.37437415328838797,0.0,-0.37437415328838797,5.457432572234366,5.824319242456987,True,,,0.3,0.1,0.084
2020-11-06 09:00:00+00:00,-0.487628110029597,0.0,-0.487628110029597,5.824319242456987,6.302194790285992,True,,,0.3,0.1,0.084
2020-11-06 10:00:00+00:00,-0.7905188897666345,0.0,-0.7905188897666345,6.302194790285992,7.0769033022572945,True,,,0.3,0.1,0.084
2020-11-06 11:00:00+00:00,-0.3865014431893139,0.0,-0.3865014431893139,7.0769033022572945,7.455674716582822,True,,,0.3,0.1,0.084
2020-11-06 12:00:00+00:00,-0.6908150092138645,0.0,-0.6908150092138645,7.455674716582822,8.13267342561241,True,,,0.3,0.1,0.084
2020-11-06 13:00:00+00:00,-1.8928375825072612,0.0,-1.8928375825072612,8.13267342561241,9.987654256469526,True,,,0.3,0.1,0.084
2020-11-06 14:00:00+00:00,-0.5087462625562015,0.0,-0.5087462625562015,9.987654256469526,10.486225593774604,True,,,0.3,0.1,0.084
2020-11-06 15:00:00+00:00,0.8251028320937337,0.0,0.8251028320937337,10.486225593774604,9.644283928372834,True,,,0.3,0.1,0.084
2020-11-06 16:00:00+00:00,1.610072650656753,0.0,1.610072650656753,9.644283928372834,8.001352652192473,True,,,0.4,0.18,0.084
2020-11-06 17:00:00+00:00,0.8728834712346404,0.0,0.8728834712346404,8.001352652192473,7.110655232565289,True,,,0.4,0.18,0.084
2020-11-06 18:00:00+00:00,0.9917300261126619,0.0,0.9917300261126619,7.110655232565289,6.098685818164614,True,,,0.4,0.18,0.084
2020-11-06 19:00:00+00:00,0.26669527784718383,0.0,0.26669527784718383,6.098685818164614,5.826547779545039,True,,,0.4,0.18,0.084
2020-11-06 20:00:00+00:00,0.26822577818499677,0.0,0.26822577818499677,5.826547779545039,5.5528480058868785,True,,,0.2,0.07,0.084
2020-11-06 21:00:00+00:00,0.16866474989785113,0.0,0.16866474989785113,5.5528480058868785,5.38074111823601,True,,,0.2,0.07,0.084
2020-11-06 22:00:00+00:00,0.15160888869762434,0.0,0.15160888869762434,5.38074111823601,5.2260381705853725,True,,,0.2,0.07,0.084
2020-11-06 23:00:00+00:00,0.3116172493590254,0.0,0.3116172493590254,5.2260381705853725,4.9080613855251425,True,,,0.2,0.07,0.084
2020-11-07 00:00:00+00:00,0.11123830559518609,0.0,0.11123830559518609,4.9080613855251425,4.794552910428014,True,,,0.2,0.07,0.084
2020-11-07 01:00:00+00:00,2.2157232520421357,0.0,2.2157232520421357,4.794552910428014,2.5336108165074673,True,,,0.2,0.07,0.084
2020-11-07 02:00:00+00:00,2.482938600177318,1.4864410665908632,3.969379666768181,2.5336108165074673,0.0,True,,,0.2,0.07,0.084
2020-11-07 03:00:00+00:00,0.0,0.4478630561563701,0.4478630561563701,0.0,0.0,True,,,0.2,0.07,0.084
2020-11-07 04:00:00+00:00,0.0,0.47230077743000537,0.47230077743000537,0.0,0.0,True,,,0.2,0.07,0.084
2020-11-07 05:00:00+00:00,0.0,0.2653784718328048,0.2653784718328048,0.0,0.0,True,,,0.3,0.1,0.084
2020-11-07 06:00:00+00:00,0.0,0.5599816625531147,0.5599816625531147,0.0,0.0,True,,,0.3,0.1,0.084
2020-11-07 07:00:00+00:00,-0.5526523775355574,0.0,-0.5526523775355574,0.0,0.5415993299848463,True,,,0.3,0.1,0.084
2020-11-07 08:00:00+00:00,-2.0627634485948128,0.0,-2.0627634485948128,0.5415993299848463,2.5631075096077627,True,,,0.3,0.1,0.084
2020-11-07 09:00:00+00:00,-2.604760953402063,0.0,-2.604760953402063,2.5631075096077627,5.115773243941784,True,,,0.3,0.1,0.084
2020-11-07 10:00:00+00:00,-3.5556244974953914,0.0,-3.5556244974953914,5.115773243941784,8.600285251487268,True,,,0.3,0.1,0.084
2020-11-07 11:00:00+00:00,-3.449600036246749,0.0,-3.449600036246749,8.600285251487268,11.980893287009081,True,,,0.3,0.1,0.084
2020-11-07 12:00:00+00:00,-1.8562313397866523,-0.8964431534759414,-2.7526744932625937,11.980893287009081,13.8,True,,,0.3,0.1,0.084
2020-11-07 13:00:00+00:00,0.20199584659032052,0.0,0.20199584659032052,13.8,13.593881789193551,True,,,0.3,0.1,0.084
2020-11-07 14:00:00+00:00,0.5100573917694906,0.0,0.5100573917694906,13.593881789193551,13.073415062898153,True,,,0.3,0.1,0.084
2020-11-07 15:00:00+00:00,0.6792151727013209,0.0,0.6792151727013209,13.073415062898153,12.38033835606007,True,,,0.3,0.1,0.084
2020-11-07 16:00:00+00:00,0.8411248097976038,0.0,0.8411248097976038,12.38033835606007,11.522047733817617,True,,,0.4,0.18,0.084
2020-11-07 17:00:00+00:00,1.2923026923868375,0.0,1.2923026923868375,11.522047733817617,10.203371517096354,True,,,0.4,0.18,0.084
2020-11-07 18:00:00+00:00,0.6782953626049883,0.0,0.6782953626049883,10.203371517096354,9.511233391989222,True,,,0.4,0.18,0.084
2020-11-07 19:00:00+00:00,0.24625127804544222,0.0,0.24625127804544222,9.511233391989222,9.259956577657139,True,,,0.4,0.18,0.084
2020-11-07 20:00:00+00:00,0.27923800005118055,0.0,0.27923800005118055,9.259956577657139,8.975019842911037,True,,,0.2,0.07,0.084
2020-11-07 21:00:00+00:00,0.22102213890022726,0.0,0.22102213890022726,8.975019842911037,8.749487048114887,True,,,0.2,0.07,0.084
2020-11-07 22:00:00+00:00,0.3524544165743721,0.0,0.3524544165743721,8.749487048114887,8.389839684263487,True,,,0.2,0.07,0.084
2020-11-07 23:00:00+00:00,0.14322152766386637,0.0,0.14322152766386637,8.389839684263487,8.24369526827995,True,,,0.2,0.07,0.084
2020-11-08 00:00:00+00:00,0.16815224993758732,0.0,0.16815224993758732,8.24369526827995,8.072111339772208,True,,,0.2,0.07,0.084
2020-11-08 01:00:00+00:00,0.1261757498608695,0.0,0.1261757498608695,8.072111339772208,7.943360574608056,True,,,0.2,0.07,0.084
2020-11-08 02:00:00+00:00,0.3616283060815593,0.0,0.3616283060815593,7.943360574608056,7.574352099014628,True,,,0.2,0.07,0.084
2020-11-08 03:00:00+00:00,0.2737750558031929,0.0,0.2737750558031929,7.574352099014628,7.294989797174635,True,,,0.2,0.07,0.084
2020-11-08 04:00:00+00:00,0.7072182758543223,0.0,0.7072182758543223,7.294989797174635,6.573338495282469,True,,,0.2,0.07,0.084
2020-11-08 05:00:00+00:00,0.5523742221646847,0.0,0.5523742221646847,6.573338495282469,6.009691329808301,True,,,0.3,0.1,0.084
2020-11-08 06:00:00+00:00,0.34658115181219445,0.0,0.34658115181219445,6.009691329808301,5.656037093265245,True,,,0.3,0.1,0.084
2020-11-08 07:00:00+00:00,0.6351620224446621,0.0,0.6351620224446621,5.656037093265245,5.00791258056661,True,,,0.3,0.1,0.084
2020-11-08 08:00:00+00:00,-1.1321867042230027,0.0,-1.1321867042230027,5.00791258056661,6.117455550705152,True,,,0.3,0.1,0.084
2020-11-08 09:00:00+00:00,-2.2012547107342106,0.0,-2.2012547107342106,6.117455550705152,8.274685167224678,True,,,0.3,0.1,0.084
2020-11-08 10:00:00+00:00,-3.2193103437255624,0.0,-3.2193103437255624,8.274685167224678,11.42960930407573,True,,,0.3,0.1,0.084
2020-11-08 11:00:00+00:00,-2.418766016249257,-0.7454194544506412,-3.164185470699898,11.42960930407573,13.8,True,,,0.3,0.1,0.084
2020-11-08 12:00:00+00:00,-0.0,-2.9330836478875515,-2.9330836478875515,13.8,13.8,True,,,0.3,0.1,0.084
2020-11-08 13:00:00+00:00,-0.0,-1.8076936086673852,-1.8076936086673852,13.8,13.8,True,,,0.3,0.1,0.084
2020-11-08 14:00:00+00:00,-0.0,-0.6745847838052846,-0.6745847838052846,13.8,13.8,True,,,0.3,0.1,0.084
2020-11-08 15:00:00+00:00,0.41300109707231286,0.0,0.41300109707231286,13.8,13.378570309109886,True,,,0.3,0.1,0.084
2020-11-08 16:00:00+00:00,1.6830592524899397,0.0,1.6830592524899397,13.378570309109886,11.661162908609947,True,,,0.4,0.18,0.084
2020-11-08 17:00:00+00:00,1.2733149983776952,0.0,1.2733149983776952,11.661162908609947,10.361861889857197,True,,,0.4,0.18,0.084
2020-11-08 18:00:00+00:00,0.7953839451524944,0.0,0.7953839451524944,10.361861889857197,9.550245619293428,True,,,0.4,0.18,0.084
2020-11-08 19:00:00+00:00,0.5403416118833754,0.0,0.5403416118833754,9.550245619293428,8.998876627575697,True,,,0.4,0.18,0.084
2020-11-08 20:00:00+00:00,0.2106560834805169,0.0,0.2106560834805169,8.998876627575697,8.78392144035068,True,,,0.2,0.07,0.084
2020-11-08 21:00:00+00:00,0.19822997216383628,0.0,0.19822997216383628,8.78392144035068,8.581645958550848,True,,,0.2,0.07,0.084
2020-11-08 22:00:00+00:00,0.34208513927989603,0.0,0.34208513927989603,8.581645958550848,8.232579489897892,True,,,0.2,0.07,0.084
2020-11-08 23:00:00+00:00,0.7218794466839901,0.0,0.7218794466839901,8.232579489897892,7.495967809608106,True,,,0.2,0.07,0.084
2020-11-09 00:00:00+00:00,0.13593013874689752,0.0,0.13593013874689752,7.495967809608106,7.357263586396987,True,,,0.2,0.07,0.084
2020-11-09 01:00:00+00:00,0.16833911143673796,0.0,0.16833911143673796,7.357263586396987,7.185488982890111,True,,,0.2,0.07,0.084
2020-11-09 02:00:00+00:00,0.7836144434928886,0.0,0.7836144434928886,7.185488982890111,6.385882407897368,True,,,0.2,0.07,0.084
2020-11-09 03:00:00+00:00,0.13804680545859865,0.0,0.13804680545859865,6.385882407897368,6.245018320694716,True,,,0.2,0.07,0.084
2020-11-09 04:00:00+00:00,0.3652532211383185,0.0,0.3652532211383185,6.245018320694716,5.872310952186228,True,,,0.2,0.07,0.084
2020-11-09 05:00:00+00:00,0.12697508340941527,0.0,0.12697508340941527,5.872310952186228,5.742744540543968,True,,,0.3,0.1,0.084
2020-11-09 06:00:00+00:00,0.377350817210555,0.0,0.377350817210555,5.742744540543968,5.357692686247483,True,,,0.3,0.1,0.084
2020-11-09 07:00:00+00:00,-0.13524170982097772,0.0,-0.13524170982097772,5.357692686247483,5.490229561872041,True,,,0.3,0.1,0.084
2020-11-09 08:00:00+00:00,-1.1606609271963895,0.0,-1.1606609271963895,5.490229561872041,6.627677270524503,True,,,0.3,0.1,0.084
2020-11-09 09:00:00+00:00,-1.4103108459493667,0.0,-1.4103108459493667,6.627677270524503,8.009781899554882,True,,,0.3,0.1,0.084
2020-11-09 10:00:00+00:00,-2.9255099849086155,0.0,-2.9255099849086155,8.009781899554882,10.876781684765326,True,,,0.3,0.1,0.084
2020-11-09 11:00:00+00:00,-1.4404717482638998,0.0,-1.4404717482638998,10.876781684765326,12.288443998063949,True,,,0.3,0.1,0.084
2020-11-09 12:00:00+00:00,-1.0278447371461845,0.0,-1.0278447371461845,12.288443998063949,13.295731840467209,True,,,0.3,0.1,0.084
2020-11-09 13:00:00+00:00,-0.3536965051778886,0.0,-0.3536965051778886,13.295731840467209,13.64235441554154,True,,,0.3,0.1,0.084
2020-11-09 14:00:00+00:00,0.7933779468910894,0.0,0.7933779468910894,13.64235441554154,12.832785081979203,True,,,0.3,0.1,0.084
2020-11-09 15:00:00+00:00,1.341820640930271,0.0,1.341820640930271,12.832785081979203,11.46358034633607,True,,,0.3,0.1,0.084
2020-11-09 16:00:00+00:00,1.397103110917411,0.0,1.397103110917411,11.46358034633607,10.037964927032588,True,,,0.4,0.18,0.084
2020-11-09 17:00:00+00:00,1.1793237728781185,0.0,1.1793237728781185,10.037964927032588,8.834573322054917,True,,,0.4,0.18,0.084
2020-11-09 18:00:00+00:00,0.7479476938327164,0.0,0.7479476938327164,8.834573322054917,8.071361389572553,True,,,0.4,0.18,0.084
2020-11-09 19:00:00+00:00,0.25551733345190686,0.0,0.25551733345190686,8.071361389572553,7.810629416662445,True,,,0.4,0.18,0.084
2020-11-09 20:00:00+00:00,0.3906763616747322,0.0,0.3906763616747322,7.810629416662445,7.411980068014759,True,,,0.2,0.07,0.084
2020-11-09 21:00:00+00:00,0.14672133330504125,0.0,0.14672133330504125,7.411980068014759,7.262264421785125,True,,,0.2,0.07,0.084
2020-11-09 22:00:00+00:00,0.18515077793068385,0.0,0.18515077793068385,7.262264421785125,7.073335056549733,True,,,0.2,0.07,0.084
2020-11-09 23:00:00+00:00,0.27667188995944064,0.0,0.27667188995944064,7.073335056549733,6.7910168014890795,True,,,0.2,0.07,0.084
2020-11-10 00:00:00+00:00,0.1589781108935672,0.0,0.1589781108935672,6.7910168014890795,6.6287942393527866,True,,,0.2,0.07,0.084
2020-11-10 01:00:00+00:00,0.16369247216913432,0.0,0.16369247216913432,6.6287942393527866,6.461761104486323,True,,,0.2,0.07,0.084
2020-11-10 02:00:00+00:00,0.8088225535419257,0.0,0.8088225535419257,6.461761104486323,5.636431968219052,True,,,0.2,0.07,0.084
2020-11-10 03:00:00+00:00,0.8182419420692644,0.0,0.8182419420692644,5.636431968219052,4.801491211005517,True,,,0.2,0.07,0.084
2020-11-10 04:00:00+00:00,0.40926733220948225,0.0,0.40926733220948225,4.801491211005517,4.383871484261147,True,,,0.2,0.07,0.084
2020-11-10 05:00:00+00:00,0.18007047191990747,0.0,0.18007047191990747,4.383871484261147,4.200126104751037,True,,,0.3,0.1,0.084
2020-11-10 06:00:00+00:00,1.152451649353513,0.0,1.152451649353513,4.200126104751037,3.0241550339821464,True,,,0.3,0.1,0.084
2020-11-10 07:00:00+00:00,0.044190451012625975,0.0,0.044190451012625975,3.0241550339821464,2.979062737030487,True,,,0.3,0.1,0.084
2020-11-10 08:00:00+00:00,-0.25679579777425293,0.0,-0.25679579777425293,2.979062737030487,3.230722618849255,True,,,0.3,0.1,0.084
2020-11-10 09:00:00+00:00,-0.5172681082767547,0.0,-0.5172681082767547,3.230722618849255,3.737645364960475,True,,,0.3,0.1,0.084
2020-11-10 10:00:00+00:00,-0.9901170442987676,0.0,-0.9901170442987676,3.737645364960475,4.707960068373267,True,,,0.3,0.1,0.084
2020-11-10 11:00:00+00:00,-2.957973709888477,0.0,-2.957973709888477,4.707960068373267,7.606774304063974,True,,,0.3,0.1,0.084
2020-11-10 12:00:00+00:00,-2.324933120131036,0.0,-2.324933120131036,7.606774304063974,9.885208761792388,True,,,0.3,0.1,0.084
2020-11-10 13:00:00+00:00,-2.208200102307057,0.0,-2.208200102307057,9.885208761792388,12.049244862053303,True,,,0.3,0.1,0.084
2020-11-10 14:00:00+00:00,-0.1947631888980609,0.0,-0.1947631888980609,12.049244862053303,12.240112787173404,True,,,0.3,0.1,0.084
2020-11-10 15:00:00+00:00,1.6350667698853774,0.0,1.6350667698853774,12.240112787173404,10.571677307698529,True,,,0.3,0.1,0.084
2020-11-10 16:00:00+00:00,1.2089294702662363,0.0,1.2089294702662363,10.571677307698529,9.33807580742686,True,,,0.4,0.18,0.084
2020-11-10 17:00:00+00:00,1.6726138361692438,0.0,1.6726138361692438,9.33807580742686,7.631326995009264,True,,,0.4,0.18,0.084
2020-11-10 18:00:00+00:00,1.1796389978223396,0.0,1.1796389978223396,7.631326995009264,6.427613731925244,True,,,0.4,0.18,0.084
2020-11-10 19:00:00+00:00,0.26414644415908384,0.0,0.26414644415908384,6.427613731925244,6.158076544007812,True,,,0.4,0.18,0.084
2020-11-10 20:00:00+00:00,0.29735199975702475,0.0,0.29735199975702475,6.158076544007812,5.85465613609248,True,,,0.2,0.07,0.084
2020-11-10 21:00:00+00:00,0.18712527776294316,0.0,0.18712527776294316,5.85465613609248,5.6637119751098846,True,,,0.2,0.07,0.084
2020-11-10 22:00:00+00:00,0.857870332757632,0.0,0.857870332757632,5.6637119751098846,4.788334084540872,True,,,0.2,0.07,0.084
2020-11-10 23:00:00+00:00,0.14237180544535338,0.0,0.14237180544535338,4.788334084540872,4.643056732045613,True,,,0.2,0.07,0.084
2020-11-11 00:00:00+00:00,0.13891080538696707,0.0,0.13891080538696707,4.643056732045613,4.501311012262994,True,,,0.2,0.07,0.084
2020-11-11 01:00:00+00:00,0.15463944426112694,0.0,0.15463944426112694,4.501311012262994,4.343515660976129,True,,,0.2,0.07,0.084
2020-11-11 02:00:00+00:00,0.8297702209896521,0.0,0.8297702209896521,4.343515660976129,3.496811353843831,True,,,0.2,0.07,0.084
2020-11-11 03:00:00+00:00,0.15136202786233693,0.0,0.15136202786233693,3.496811353843831,3.3423603050047115,True,,,0.2,0.07,0.084
2020-11-11 04:00:00+00:00,0.24004213927586843,0.0,0.24004213927586843,3.3423603050047115,3.0974193465599478,True,,,0.2,0.07,0.084
2020-11-11 05:00:00+00:00,0.12174491671986051,0.0,0.12174491671986051,3.0974193465599478,2.9731898397029473,True,,,0.3,0.1,0.084
2020-11-11 06:00:00+00:00,0.7770849745220609,0.0,0.7770849745220609,2.9731898397029473,2.180245988149824,True,,,0.3,0.1,0.084
2020-11-11 07:00:00+00:00,0.0988811033934925,0.0,0.0988811033934925,2.180245988149824,2.0793469030544234,True,,,0.3,0.1,0.084
2020-11-11 08:00:00+00:00,0.05286239672794197,0.0,0.05286239672794197,2.0793469030544234,2.0254056819034623,True,,,0.3,0.1,0.084
2020-11-11 09:00:00+00:00,0.48304081671374965,0.0,0.48304081671374965,2.0254056819034623,1.5325068893384115,True,,,0.3,0.1,0.084
2020-11-11 10:00:00+00:00,-0.18629561945094936,0.0,-0.18629561945094936,1.5325068893384115,1.7150765964003418,True,,,0.3,0.1,0.084
2020-11-11 11:00:00+00:00,0.18507698669077188,0.0,0.18507698669077188,1.7150765964003418,1.5262225283485338,True,,,0.3,0.1,0.084
2020-11-11 12:00:00+00:00,0.4508827373233322,0.0,0.4508827373233322,1.5262225283485338,1.066138102508399,True,,,0.3,0.1,0.084
2020-11-11 13:00:00+00:00,0.7107118812512618,0.0,0.7107118812512618,1.066138102508399,0.34092189714996846,True,,,0.3,0.1,0.084
2020-11-11 14:00:00+00:00,0.3341034592069691,0.7394607870820575,1.0735642462890267,0.34092189714996846,0.0,True,,,0.3,0.1,0.084
2020-11-11 15:00:00+00:00,0.0,1.3086756808464541,1.3086756808464541,0.0,0.0,True,,,0.3,0.1,0.084
2020-11-11 16:00:00+00:00,0.0,1.2312674448834537,1.2312674448834537,0.0,0.0,True,,,0.4,0.18,0.084
2020-11-11 17:00:00+00:00,0.0,1.3391843647638944,1.3391843647638944,0.0,0.0,True,,,0.4,0.18,0.084
2020-11-11 18:00:00+00:00,0.0,1.5248529486656186,1.5248529486656186,0.0,0.0,True,,,0.4,0.18,0.084
2020-11-11 19:00:00+00:00,0.0,0.21584972299999686,0.21584972299999686,0.0,0.0,True,,,0.4,0.18,0.084
2020-11-11 20:00:00+00:00,0.0,0.45906077677144014,0.45906077677144014,0.0,0.0,True,,,0.2,0.07,0.084
2020-11-11 21:00:00+00:00,0.0,0.15198427758216873,0.15198427758216873,0.0,0.0,True,,,0.2,0.07,0.084
2020-11-11 22:00:00+00:00,0.0,0.14736922192308644,0.14736922192308644,0.0,0.0,True,,,0.2,0.07,0.084
2020-11-11 23:00:00+00:00,0.0,0.1560149445427787,0.1560149445427787,0.0,0.0,True,,,0.2,0.07,0.084
2020-11-12 00:00:00+00:00,0.0,0.1285959725512399,0.1285959725512399,0.0,0.0,True,,,0.2,0.07,0.084
2020-11-12 01:00:00+00:00,0.0,0.3009452499575088,0.3009452499575088,0.0,0.0,True,,,0.2,0.07,0.084
2020-11-12 02:00:00+00:00,0.0,0.811818559386995,0.811818559386995,0.0,0.0,True,,,0.2,0.07,0.084
2020-11-12 03:00:00+00:00,0.0,0.21758094465997496,0.21758094465997496,0.0,0.0,True,,,0.2,0.07,0.084
2020-11-12 04:00:00+00:00,0.0,0.1746384168306989,0.1746384168306989,0.0,0.0,True,,,0.2,0.07,0.084
2020-11-12 05:00:00+00:00,0.0,1.0075224460946197,1.0075224460946197,0.0,0.0,True,,,0.3,0.1,0.084
2020-11-12 06:00:00+00:00,0.0,0.5683681698287582,0.5683681698287582,0.0,0.0,True,,,0.3,0.1,0.084
2020-11-12 07:00:00+00:00,0.0,0.03446445990723206,0.03446445990723206,0.0,0.0,True,,,0.3,0.1,0.084
2020-11-12 08:00:00+00:00,-0.05976124231787924,0.0,-0.05976124231787924,0.0,0.05856601747152166,True,,,0.3,0.1,0.084
2020-11-12 09:00:00+00:00,-0.995057718686126,0.0,-0.995057718686126,0.05856601747152166,1.033722581783925,True,,,0.3,0.1,0.084
2020-11-12 10:00:00+00:00,-0.28004165813329124,0.0,-0.28004165813329124,1.033722581783925,1.3081634067545505,True,,,0.3,0.1,0.084
2020-11-12 11:00:00+00:00,-0.42059005730225213,0.0,-0.42059005730225213,1.3081634067545505,1.7203416629107575,True,,,0.3,0.1,0.084
2020-11-12 12:00:00+00:00,0.025684824367318893,0.0,0.025684824367318893,1.7203416629107575,1.6941326584543097,True,,,0.3,0.1,0.084
2020-11-12 13:00:00+00:00,-1.7878223153518087,0.0,-1.7878223153518087,1.6941326584543097,3.4461985274990825,True,,,0.3,0.1,0.084
2020-11-12 14:00:00+00:00,-0.07140990222651372,0.0,-0.07140990222651372,3.4461985274990825,3.5161802316810657,True,,,0.3,0.1,0.084
2020-11-12 15:00:00+00:00,1.8351321957269409,0.0,1.8351321957269409,3.5161802316810657,1.6435963584903097,True,,,0.3,0.1,0.084
2020-11-12 16:00:00+00:00,1.3882423302968343,0.0,1.3882423302968343,1.6435963584903097,0.22702255206496846,True,,,0.4,0.18,0.084
2020-11-12 17:00:00+00:00,0.22248210102366908,1.0157927610750237,1.2382748620986928,0.22702255206496846,0.0,True,,,0.4,0.18,0.084
2020-11-12 18:00:00+00:00,0.0,1.0665293901072606,1.0665293901072606,0.0,0.0,True,,,0.4,0.18,0.084
2020-11-12 19:00:00+00:00,0.0,0.4347091941012278,0.4347091941012278,0.0,0.0,True,,,0.4,0.18,0.084
2020-11-12 20:00:00+00:00,0.0,0.3223322501659393,0.3223322501659393,0.0,0.0,True,,,0.2,0.07,0.084
2020-11-12 21:00:00+00:00,0.0,0.7926254425843545,0.7926254425843545,0.0,0.0,True,,,0.2,0.07,0.084
2020-11-12 22:00:00+00:00,0.0,0.17806349998580093,0.17806349998580093,0.0,0.0,True,,,0.2,0.07,0.084
2020-11-12 23:00:00+00:00,0.0,0.13002358360290533,0.13002358360290533,0.0,0.0,True,,,0.2,0.07,0.084
2020-11-13 00:00:00+00:00,0.0,0.19162733328077539,0.19162733328077539,0.0,0.0,True,,,0.2,0.07,0.084
2020-11-13 01:00:00+00:00,0.0,0.2824810558319096,0.2824810558319096,0.0,0.0,True,,,0.2,0.07,0.084
2020-11-13 02:00:00+00:00,0.0,0.7901531412098147,0.7901531412098147,0.0,0.0,True,,,0.2,0.07,0.084
2020-11-13 03:00:00+00:00,0.0,0.19466644409232645,0.19466644409232645,0.0,0.0,True,,,0.2,0.07,0.084
2020-11-13 04:00:00+00:00,0.0,0.46368727802700516,0.46368727802700516,0.0,0.0,True,,,0.2,0.07,0.084
2020-11-13 05:00:00+00:00,0.0,0.9048145016140413,0.9048145016140413,0.0,0.0,True,,,0.3,0.1,0.084
2020-11-13 06:00:00+00:00,0.0,0.9119573402308867,0.9119573402308867,0.0,0.0,True,,,0.3,0.1,0.084
2020-11-13 07:00:00+00:00,-0.22919470649843468,0.0,-0.22919470649843468,0.0,0.22461081236846597,True,,,0.3,0.1,0.084
2020-11-13 08:00:00+00:00,-1.9997725162640383,0.0,-1.9997725162640383,0.22461081236846597,2.1843878783072235,True,,,0.3,0.1,0.084
2020-11-13 09:00:00+00:00,-2.739699434082993,0.0,-2.739699434082993,2.1843878783072235,4.869293323708557,True,,,0.3,0.1,0.084
2020-11-13 10:00:00+00:00,-2.1203867106287873,0.0,-2.1203867106287873,4.869293323708557,6.947272300124768,True,,,0.3,0.1,0.084
2020-11-13 11:00:00+00:00,-2.300324363240702,0.0,-2.300324363240702,6.947272300124768,9.201590176100655,True,,,0.3,0.1,0.084
2020-11-13 12:00:00+00:00,-1.7747383821889384,0.0,-1.7747383821889384,9.201590176100655,10.940833790645815,True,,,0.3,0.1,0.084
2020-11-13 13:00:00+00:00,-0.2517317108935322,0.0,-0.2517317108935322,10.940833790645815,11.187530867321478,True,,,0.3,0.1,0.084
2020-11-13 14:00:00+00:00,0.4477325637698632,0.0,0.4477325637698632,11.187530867321478,10.730660904291005,True,,,0.3,0.1,0.084
2020-11-13 15:00:00+00:00,1.1705429770961122,0.0,1.1705429770961122,10.730660904291005,9.536229295009258,True,,,0.3,0.1,0.084
2020-11-13 16:00:00+00:00,0.8419949973901112,0.0,0.8419949973901112,9.536229295009258,8.677050726243838,True,,,0.4,0.18,0.084
2020-11-13 17:00:00+00:00,0.9254913367907209,0.0,0.9254913367907209,8.677050726243838,7.732671811151265,True,,,0.4,0.18,0.084
2020-11-13 18:00:00+00:00,0.6973204470263589,0.0,0.6973204470263589,7.732671811151265,7.021120334593756,True,,,0.4,0.18,0.084
2020-11-13 19:00:00+00:00,0.46012644618352294,0.0,0.46012644618352294,7.021120334593756,6.551603552773835,True,,,0.4,0.18,0.084
2020-11-13 20:00:00+00:00,0.370641249680519,0.0,0.370641249680519,6.551603552773835,6.173398195956978,True,,,0.2,0.07,0.084
2020-11-13 21:00:00+00:00,0.4276182221545117,0.0,0.4276182221545117,6.173398195956978,5.737053071309518,True,,,0.2,0.07,0.084
2020-11-13 22:00:00+00:00,0.1280440833409627,0.0,0.1280440833409627,5.737053071309518,5.606395843410576,True,,,0.2,0.07,0.084
2020-11-13 23:00:00+00:00,0.1682392777125039,0.0,0.1682392777125039,5.606395843410576,5.434723111050878,True,,,0.2,0.07,0.084
2020-11-14 00:00:00+00:00,0.15275586133533076,0.0,0.15275586133533076,5.434723111050878,5.278849783157683,True,,,0.2,0.07,0.084
2020-11-14 01:00:00+00:00,0.14764461117320601,0.0,0.14764461117320601,5.278849783157683,5.1281920166544115,True,,,0.2,0.07,0.084
2020-11-14 02:00:00+00:00,0.19977774995432956,0.0,0.19977774995432956,5.1281920166544115,4.9243371697622385,True,,,0.2,0.07,0.084
2020-11-14 03:00:00+00:00,2.448932503819466,0.0,2.448932503819466,4.9243371697622385,2.42542645157911,True,,,0.2,0.07,0.084
2020-11-14 04:00:00+00:00,2.376917922547528,1.442822018861373,3.819739941408901,2.42542645157911,0.0,True,,,0.2,0.07,0.084
2020-11-14 05:00:00+00:00,0.0,0.14316061115264891,0.14316061115264891,0.0,0.0,True,,,0.3,0.1,0.084
2020-11-14 06:00:00+00:00,0.0,0.15923272700492458,0.15923272700492458,0.0,0.0,True,,,0.3,0.1,0.084
2020-11-14 07:00:00+00:00,0.0,0.82664632604396,0.82664632604396,0.0,0.0,True,,,0.3,0.1,0.084
2020-11-14 08:00:00+00:00,-0.5313961289683522,0.0,-0.5313961289683522,0.0,0.5207682063889851,True,,,0.3,0.1,0.084
2020-11-14 09:00:00+00:00,-0.14680355844762571,0.0,-0.14680355844762571,0.5207682063889851,0.6646356936676583,True,,,0.3,0.1,0.084
2020-11-14 10:00:00+00:00,-0.1401870517644863,0.0,-0.1401870517644863,0.6646356936676583,0.8020190043968548,True,,,0.3,0.1,0.084
2020-11-14 11:00:00+00:00,-1.259933803570864,0.0,-1.259933803570864,0.8020190043968548,2.0367541318963016,True,,,0.3,0.1,0.084
2020-11-14 12:00:00+00:00,-0.3157942619844392,0.0,-0.3157942619844392,2.0367541318963016,2.346232508641052,True,,,0.3,0.1,0.084
2020-11-14 13:00:00+00:00,-1.0051930796820543,0.0,-1.0051930796820543,2.346232508641052,3.331321726729465,True,,,0.3,0.1,0.084
2020-11-14 14:00:00+00:00,-0.02451545314131075,0.0,-0.02451545314131075,3.331321726729465,3.3553468708079497,True,,,0.3,0.1,0.084
2020-11-14 15:00:00+00:00,0.45129391347229325,0.0,0.45129391347229325,3.3553468708079497,2.894842877468875,True,,,0.3,0.1,0.084
2020-11-14 16:00:00+00:00,0.7400473043123882,0.0,0.7400473043123882,2.894842877468875,2.13969256694603,True,,,0.4,0.18,0.084
2020-11-14 17:00:00+00:00,0.6901566123247143,0.0,0.6901566123247143,2.13969256694603,1.4354511257983622,True,,,0.4,0.18,0.084
2020-11-14 18:00:00+00:00,0.9138307204935282,0.0,0.9138307204935282,1.4354511257983622,0.5029707987641497,True,,,0.4,0.18,0.084
2020-11-14 19:00:00+00:00,0.49291138278886676,0.006441978812431914,0.4993533616012987,0.5029707987641497,0.0,True,,,0.4,0.18,0.084
2020-11-14 20:00:00+00:00,0.0,0.25966461110644856,0.25966461110644856,0.0,0.0,True,,,0.2,0.07,0.084
2020-11-14 21:00:00+00:00,0.0,0.4633389994727245,0.4633389994727245,0.0,0.0,True,,,0.2,0.07,0.084
2020-11-14 22:00:00+00:00,0.0,0.21520033386018608,0.21520033386018608,0.0,0.0,True,,,0.2,0.07,0.084
2020-11-14 23:00:00+00:00,0.0,0.19178563900258808,0.19178563900258808,0.0,0.0,True,,,0.2,0.07,0.084
2020-11-15 00:00:00+00:00,0.0,0.11766327796247271,0.11766327796247271,0.0,0.0,True,,,0.2,0.07,0.084
2020-11-15 01:00:00+00:00,0.0,0.17892444403966284,0.17892444403966284,0.0,0.0,True,,,0.2,0.07,0.084
2020-11-15 02:00:00+00:00,0.0,0.18712183316283756,0.18712183316283756,0.0,0.0,True,,,0.2,0.07,0.084
2020-11-15 03:00:00+00:00,0.0,0.22197966693507323,0.22197966693507323,0.0,0.0,True,,,0.2,0.07,0.084
2020-11-15 04:00:00+00:00,0.0,0.39951325031386437,0.39951325031386437,0.0,0.0,True,,,0.2,0.07,0.084
2020-11-15 05:00:00+00:00,0.0,0.2942211670027833,0.2942211670027833,0.0,0.0,True,,,0.3,0.1,0.084
2020-11-15 06:00:00+00:00,0.0,0.48450543135555313,0.48450543135555313,0.0,0.0,True,,,0.3,0.1,0.084
2020-11-15 07:00:00+00:00,0.0,1.4204577003690024,1.4204577003690024,0.0,0.0,True,,,0.3,0.1,0.084
2020-11-15 08:00:00+00:00,0.0,0.38166885104306997,0.38166885104306997,0.0,0.0,True,,,0.3,0.1,0.084
2020-11-15 09:00:00+00:00,-2.0644465518615247,0.0,-2.0644465518615247,0.0,2.023157620824294,True,,,0.3,0.1,0.084
2020-11-15 10:00:00+00:00,-2.562902863312863,0.0,-2.562902863312863,2.023157620824294,4.5348024268709,True,,,0.3,0.1,0.084
2020-11-15 11:00:00+00:00,-1.7898619005894785,0.0,-1.7898619005894785,4.5348024268709,6.288867089448589,True,,,0.3,0.1,0.084
2020-11-15 12:00:00+00:00,-1.4673911513489328,0.0,-1.4673911513489328,6.288867089448589,7.726910417770543,True,,,0.3,0.1,0.084
2020-11-15 13:00:00+00:00,-0.5924122155504655,0.0,-0.5924122155504655,7.726910417770543,8.307474389009998,True,,,0.3,0.1,0.084
2020-11-15 14:00:00+00:00,0.0442515515100904,0.0,0.0442515515100904,8.307474389009998,8.262319744611947,True,,,0.3,0.1,0.084
2020-11-15 15:00:00+00:00,0.15713295188242427,0.0,0.15713295188242427,8.262319744611947,8.101979997793146,True,,,0.3,0.1,0.084
2020-11-15 16:00:00+00:00,1.0196909712870923,0.0,1.0196909712870923,8.101979997793146,7.061479006683868,True,,,0.4,0.18,0.084
2020-11-15 17:00:00+00:00,0.9712059415499361,0.0,0.9712059415499361,7.061479006683868,6.070452535714545,True,,,0.4,0.18,0.084
2020-11-15 18:00:00+00:00,1.124185168290139,0.0,1.124185168290139,6.070452535714545,4.923324812969505,True,,,0.4,0.18,0.084
2020-11-15 19:00:00+00:00,0.22932197220590356,0.0,0.22932197220590356,4.923324812969505,4.689322800514502,True,,,0.4,0.18,0.084
2020-11-15 20:00:00+00:00,0.34780552727646324,0.0,0.34780552727646324,4.689322800514502,4.334419201252804,True,,,0.2,0.07,0.084
2020-11-15 21:00:00+00:00,0.18612522247632343,0.0,0.18612522247632343,4.334419201252804,4.1444955048483925,True,,,0.2,0.07,0.084
2020-11-15 22:00:00+00:00,0.16346258336438046,0.0,0.16346258336438046,4.1444955048483925,3.977696950394943,True,,,0.2,0.07,0.084
2020-11-15 23:00:00+00:00,1.0687109742403034,0.0,1.0687109742403034,3.977696950394943,2.887175548108919,True,,,0.2,0.07,0.084
2020-11-16 00:00:00+00:00,0.1123168054474725,0.0,0.1123168054474725,2.887175548108919,2.772566562958437,True,,,0.2,0.07,0.084
2020-11-16 01:00:00+00:00,0.19044105566607547,0.0,0.19044105566607547,2.772566562958437,2.578238955135911,True,,,0.2,0.07,0.084
2020-11-16 02:00:00+00:00,0.5666219180795883,0.0,0.5666219180795883,2.578238955135911,2.0000533244424537,True,,,0.2,0.07,0.084
2020-11-16 03:00:00+00:00,0.1586673608329559,0.0,0.1586673608329559,2.0000533244424537,1.8381478542047436,True,,,0.2,0.07,0.084
2020-11-16 04:00:00+00:00,0.3874610549185009,0.0,0.3874610549185009,1.8381478542047436,1.4427794308185182,True,,,0.2,0.07,0.084
2020-11-16 05:00:00+00:00,0.1205258057832719,0.0,0.1205258057832719,1.4427794308185182,1.3197939147131388,True,,,0.3,0.1,0.084
2020-11-16 06:00:00+00:00,0.18972963220287553,0.0,0.18972963220287553,1.3197939147131388,1.1261922492000005,True,,,0.3,0.1,0.084
2020-11-16 07:00:00+00:00,-0.06612632373073538,0.0,-0.06612632373073538,1.1261922492000005,1.1909960464561211,True,,,0.3,0.1,0.084
2020-11-16 08:00:00+00:00,-0.40024022980823387,0.0,-0.40024022980823387,1.1909960464561211,1.5832314716681903,True,,,0.3,0.1,0.084
2020-11-16 09:00:00+00:00,-1.4561171972444689,0.0,-1.4561171972444689,1.5832314716681903,3.01022632496777,True,,,0.3,0.1,0.084
2020-11-16 10:00:00+00:00,-0.5693149730103226,0.0,-0.5693149730103226,3.01022632496777,3.568154998517886,True,,,0.3,0.1,0.084
2020-11-16 11:00:00+00:00,-1.5284752567449291,0.0,-1.5284752567449291,3.568154998517886,5.0660607501279165,True,,,0.3,0.1,0.084
2020-11-16 12:00:00+00:00,-0.9990699929609158,0.0,-0.9990699929609158,5.0660607501279165,6.045149343229614,True,,,0.3,0.1,0.084
2020-11-16 13:00:00+00:00,-0.14529510617073502,0.0,-0.14529510617073502,6.045149343229614,6.187538547276934,True,,,0.3,0.1,0.084
2020-11-16 14:00:00+00:00,0.9925950417509476,0.0,0.9925950417509476,6.187538547276934,5.1746864638576,True,,,0.3,0.1,0.084
2020-11-16 15:00:00+00:00,1.2268347388022698,0.0,1.2268347388022698,5.1746864638576,3.9228142814063043,True,,,0.3,0.1,0.084
2020-11-16 16:00:00+00:00,1.4502772245221671,0.0,1.4502772245221671,3.9228142814063043,2.4429395625061336,True,,,0.4,0.18,0.084
2020-11-16 17:00:00+00:00,0.8638807500812727,0.0,0.8638807500812727,2.4429395625061336,1.5614285930354472,True,,,0.4,0.18,0.084
2020-11-16 18:00:00+00:00,0.9415368629561527,0.0,0.9415368629561527,1.5614285930354472,0.6006766920597812,True,,,0.4,0.18,0.084
2020-11-16 19:00:00+00:00,0.25444930558204654,0.0,0.25444930558204654,0.6006766920597812,0.3410345435066725,True,,,0.4,0.18,0.084
2020-11-16 20:00:00+00:00,0.28458997233178834,0.0,0.28458997233178834,0.3410345435066725,0.050636612555868044,True,,,0.2,0.07,0.084
2020-11-16 21:00:00+00:00,0.04962388030475068,0.1405570084566639,0.1901808887614146,0.050636612555868044,0.0,True,,,0.2,0.07,0.084
2020-11-16 22:00:00+00:00,0.0,0.15530536108811713,0.15530536108811713,0.0,0.0,True,,,0.2,0.07,0.084
2020-11-16 23:00:00+00:00,0.0,0.17545380569299074,0.17545380569299074,0.0,0.0,True,,,0.2,0.07,0.084
2020-11-17 00:00:00+00:00,0.0,0.14797377768092684,0.14797377768092684,0.0,0.0,True,,,0.2,0.07,0.084
2020-11-17 01:00:00+00:00,0.0,0.28888233326805873,0.28888233326805873,0.0,0.0,True,,,0.2,0.07,0.084
2020-11-17 02:00:00+00:00,0.0,0.769031835285822,0.769031835285822,0.0,0.0,True,,,0.2,0.07,0.084
2020-11-17 03:00:00+00:00,0.0,0.16083474979930473,0.16083474979930473,0.0,0.0,True,,,0.2,0.07,0.084
2020-11-17 04:00:00+00:00,0.0,0.21795258315139313,0.21795258315139313,0.0,0.0,True,,,0.2,0.07,0.084
2020-11-17 05:00:00+00:00,0.0,0.15069058339065974,0.15069058339065974,0.0,0.0,True,,,0.3,0.1,0.084
2020-11-17 06:00:00+00:00,0.0,0.17580294410122782,0.17580294410122782,0.0,0.0,True,,,0.3,0.1,0.084
2020-11-17 07:00:00+00:00,0.0,0.10692906139116175,0.10692906139116175,0.0,0.0,True,,,0.3,0.1,0.084
2020-11-17 08:00:00+00:00,0.0,0.3214343027637392,0.3214343027637392,0.0,0.0,True,,,0.3,0.1,0.084
2020-11-17 09:00:00+00:00,0.0,1.056883363329314,1.056883363329314,0.0,0.0,True,,,0.3,0.1,0.084
2020-11-17 10:00:00+00:00,0.0,0.796559065626407,0.796559065626407,0.0,0.0,True,,,0.3,0.1,0.084
2020-11-17 11:00:00+00:00,0.0,0.014370292020026886,0.014370292020026886,0.0,0.0,True,,,0.3,0.1,0.084
2020-11-17 12:00:00+00:00,0.0,0.41058845306603,0.41058845306603,0.0,0.0,True,,,0.3,0.1,0.084
2020-11-17 13:00:00+00:00,0.0,0.11121839905452008,0.11121839905452008,0.0,0.0,True,,,0.3,0.1,0.084
2020-11-17 14:00:00+00:00,0.0,1.0109052395508205,1.0109052395508205,0.0,0.0,True,,,0.3,0.1,0.084
2020-11-17 15:00:00+00:00,0.0,1.5077251631022421,1.5077251631022421,0.0,0.0,True,,,0.3,0.1,0.084
2020-11-17 16:00:00+00:00,0.0,1.3400311671627907,1.3400311671627907,0.0,0.0,True,,,0.4,0.18,0.084
2020-11-17 17:00:00+00:00,0.0,0.7024593341562493,0.7024593341562493,0.0,0.0,True,,,0.4,0.18,0.084
2020-11-17 18:00:00+00:00,0.0,0.4968927215523184,0.4968927215523184,0.0,0.0,True,,,0.4,0.18,0.084
2020-11-17 19:00:00+00:00,0.0,0.21843438901371418,0.21843438901371418,0.0,0.0,True,,,0.4,0.18,0.084
2020-11-17 20:00:00+00:00,0.0,0.32480241657627923,0.32480241657627923,0.0,0.0,True,,,0.2,0.07,0.084
2020-11-17 21:00:00+00:00,0.0,0.14217730554474695,0.14217730554474695,0.0,0.0,True,,,0.2,0.07,0.084
2020-11-17 22:00:00+00:00,0.0,0.18112016638649847,0.18112016638649847,0.0,0.0,True,,,0.2,0.07,0.084
2020-11-17 23:00:00+00:00,0.0,0.16872411127090453,0.16872411127090453,0.0,0.0,True,,,0.2,0.07,0.084
2020-11-18 00:00:00+00:00,0.0,0.1404275553464888,0.1404275553464888,0.0,0.0,True,,,0.2,0.07,0.084
2020-11-18 01:00:00+00:00,0.0,0.9794549189302663,0.9794549189302663,0.0,0.0,True,,,0.2,0.07,0.084
2020-11-18 02:00:00+00:00,0.0,0.4612166941642754,0.4612166941642754,0.0,0.0,True,,,0.2,0.07,0.084
2020-11-18 03:00:00+00:00,0.0,0.18891849996248875,0.18891849996248875,0.0,0.0,True,,,0.2,0.07,0.084
2020-11-18 04:00:00+00:00,0.0,0.48640675089889207,0.48640675089889207,0.0,0.0,True,,,0.2,0.07,0.084
2020-11-18 05:00:00+00:00,0.0,0.5206994734658137,0.5206994734658137,0.0,0.0,True,,,0.3,0.1,0.084
2020-11-18 06:00:00+00:00,0.0,0.6560250835418703,0.6560250835418703,0.0,0.0,True,,,0.3,0.1,0.084
2020-11-18 07:00:00+00:00,0.0,0.3646334186110909,0.3646334186110909,0.0,0.0,True,,,0.3,0.1,0.084
2020-11-18 08:00:00+00:00,-0.07907552294283535,0.0,-0.07907552294283535,0.0,0.07749401248397864,True,,,0.3,0.1,0.084
2020-11-18 09:00:00+00:00,0.07594413223429906,0.40066255225643044,0.4766066844907295,0.07749401248397864,0.0,True,,,0.3,0.1,0.084
2020-11-18 10:00:00+00:00,-0.06045235804607005,0.0,-0.06045235804607005,0.0,0.05924331088514865,True,,,0.3,0.1,0.084
2020-11-18 11:00:00+00:00,-1.8567686603073872,0.0,-1.8567686603073872,0.05924331088514865,1.8788765979863882,True,,,0.3,0.1,0.084
2020-11-18 12:00:00+00:00,-2.856558781627951,0.0,-2.856558781627951,1.8788765979863882,4.67830420398178,True,,,0.3,0.1,0.084
2020-11-18 13:00:00+00:00,-2.402044232542031,0.0,-2.402044232542031,4.67830420398178,7.03230755187297,True,,,0.3,0.1,0.084
2020-11-18 14:00:00+00:00,-0.8117569977862629,0.0,-0.8117569977862629,7.03230755187297,7.827829409703508,True,,,0.3,0.1,0.084
2020-11-18 15:00:00+00:00,0.9889864669323869,0.0,0.9889864669323869,7.827829409703508,6.818659545486787,True,,,0.3,0.1,0.084
2020-11-18 16:00:00+00:00,0.6479539444790963,0.0,0.6479539444790963,6.818659545486787,6.157482051120362,True,,,0.4,0.18,0.084
2020-11-18 17:00:00+00:00,0.8099918896145291,0.0,0.8099918896145291,6.157482051120362,5.330959714779006,True,,,0.4,0.18,0.084
2020-11-18 18:00:00+00:00,0.5125169741657046,0.0,0.5125169741657046,5.330959714779006,4.8079832105282865,True,,,0.4,0.18,0.084
2020-11-18 19:00:00+00:00,0.37947044566207483,0.0,0.37947044566207483,4.8079832105282865,4.420768470056782,True,,,0.4,0.18,0.084
2020-11-18 20:00:00+00:00,0.2839024163537554,0.0,0.2839024163537554,4.420768470056782,4.131072126838664,True,,,0.2,0.07,0.084
2020-11-18 21:00:00+00:00,0.1607531946897508,0.0,0.1607531946897508,4.131072126838664,3.967038254706265,True,,,0.2,0.07,0.084
2020-11-18 22:00:00+00:00,0.16806141644053982,0.0,0.16806141644053982,3.967038254706265,3.795547013440408,True,,,0.2,0.07,0.084
2020-11-18 23:00:00+00:00,0.13940019430584397,0.0,0.13940019430584397,3.795547013440408,3.653301917209955,True,,,0.2,0.07,0.084
2020-11-19 00:00:00+00:00,0.17997616661124746,0.0,0.17997616661124746,3.653301917209955,3.4696527676066413,True,,,0.2,0.07,0.084
2020-11-19 01:00:00+00:00,0.12260274981127862,0.0,0.12260274981127862,3.4696527676066413,3.3445479208604385,True,,,0.2,0.07,0.084
2020-11-19 02:00:00+00:00,0.7361664987060752,0.0,0.7361664987060752,3.3445479208604385,2.593357616058321,True,,,0.2,0.07,0.084
2020-11-19 03:00:00+00:00,0.16225241655243783,0.0,0.16225241655243783,2.593357616058321,2.4277939256986905,True,,,0.2,0.07,0.084
2020-11-19 04:00:00+00:00,0.1866114723443984,0.0,0.1866114723443984,2.4277939256986905,2.2373740559595086,True,,,0.2,0.07,0.084
2020-11-19 05:00:00+00:00,0.1833211942275366,0.0,0.1833211942275366,2.2373740559595086,2.0503116128701855,True,,,0.3,0.1,0.084
2020-11-19 06:00:00+00:00,0.6998826955265453,0.0,0.6998826955265453,2.0503116128701855,1.336145597026772,True,,,0.3,0.1,0.084
2020-11-19 07:00:00+00:00,0.3805622856649865,0.0,0.3805622856649865,1.336145597026772,0.9478167341033163,True,,,0.3,0.1,0.084
2020-11-19 08:00:00+00:00,-2.253817047142343,0.0,-2.253817047142343,0.9478167341033163,3.1565574403028127,True,,,0.3,0.1,0.084
2020-11-19 09:00:00+00:00,-1.8595497006759787,0.0,-1.8595497006759787,3.1565574403028127,4.978916146965272,True,,,0.3,0.1,0.084
2020-11-19 10:00:00+00:00,-0.8527782558833957,0.0,-0.8527782558833957,4.978916146965272,5.814638837731,True,,,0.3,0.1,0.084
2020-11-19 11:00:00+00:00,-0.3126208946038023,0.0,-0.3126208946038023,5.814638837731,6.121007314442726,True,,,0.3,0.1,0.084
2020-11-19 12:00:00+00:00,0.3592367952166848,0.0,0.3592367952166848,6.121007314442726,5.754439156058353,True,,,0.3,0.1,0.084
2020-11-19 13:00:00+00:00,-0.07399742549854231,0.0,-0.07399742549854231,5.754439156058353,5.826956633046925,True,,,0.3,0.1,0.084
2020-11-19 14:00:00+00:00,1.1284380128475895,0.0,1.1284380128475895,5.826956633046925,4.675489272998364,True,,,0.3,0.1,0.084
2020-11-19 15:00:00+00:00,1.4558585151549053,0.0,1.4558585151549053,4.675489272998364,3.1899193595749913,True,,,0.3,0.1,0.084
2020-11-19 16:00:00+00:00,1.2822849478960043,0.0,1.2822849478960043,3.1899193595749913,1.8814653311096807,True,,,0.4,0.18,0.084
2020-11-19 17:00:00+00:00,1.189970000690884,0.0,1.189970000690884,1.8814653311096807,0.6672102283638808,True,,,0.4,0.18,0.084
2020-11-19 18:00:00+00:00,0.6538660237966032,0.4242061397640502,1.0780721635606534,0.6672102283638808,0.0,True,,,0.4,0.18,0.084
2020-11-19 19:00:00+00:00,0.0,0.4334144463618592,0.4334144463618592,0.0,0.0,True,,,0.4,0.18,0.084
2020-11-19 20:00:00+00:00,0.0,0.30782991556591477,0.30782991556591477,0.0,0.0,True,,,0.2,0.07,0.084
2020-11-19 21:00:00+00:00,0.0,0.18294316646258052,0.18294316646258052,0.0,0.0,True,,,0.2,0.07,0.084
2020-11-19 22:00:00+00:00,0.0,0.3246465843756988,0.3246465843756988,0.0,0.0,True,,,0.2,0.07,0.084
2020-11-19 23:00:00+00:00,0.0,0.8639080819580295,0.8639080819580295,0.0,0.0,True,,,0.2,0.07,0.084
2020-11-20 00:00:00+00:00,0.0,0.16784938855965953,0.16784938855965953,0.0,0.0,True,,,0.2,0.07,0.084
2020-11-20 01:00:00+00:00,0.0,0.24760477730962946,0.24760477730962946,0.0,0.0,True,,,0.2,0.07,0.084
2020-11-20 02:00:00+00:00,0.0,0.5525092212729984,0.5525092212729984,0.0,0.0,True,,,0.2,0.07,0.084
2020-11-20 03:00:00+00:00,0.0,0.16190752775404177,0.16190752775404177,0.0,0.0,True,,,0.2,0.07,0.084
2020-11-20 04:00:00+00:00,0.0,0.2000266386402978,0.2000266386402978,0.0,0.0,True,,,0.2,0.07,0.084
2020-11-20 05:00:00+00:00,0.0,0.16099055541621307,0.16099055541621307,0.0,0.0,True,,,0.3,0.1,0.084
2020-11-20 06:00:00+00:00,0.0,0.7998782834827673,0.7998782834827673,0.0,0.0,True,,,0.3,0.1,0.084
2020-11-20 07:00:00+00:00,0.0,0.04965367619826904,0.04965367619826904,0.0,0.0,True,,,0.3,0.1,0.084
2020-11-20 08:00:00+00:00,-0.3108726256239917,0.0,-0.3108726256239917,0.0,0.30465517311151186,True,,,0.3,0.1,0.084
2020-11-20 09:00:00+00:00,-0.9856688543055708,0.0,-0.9856688543055708,0.30465517311151186,1.2706106503309713,True,,,0.3,0.1,0.084
2020-11-20 10:00:00+00:00,-0.5019283033549101,0.0,-0.5019283033549101,1.2706106503309713,1.7625003876187832,True,,,0.3,0.1,0.084
2020-11-20 11:00:00+00:00,-1.064944381075161,0.0,-1.064944381075161,1.7625003876187832,2.806145881072441,True,,,0.3,0.1,0.084
2020-11-20 12:00:00+00:00,-1.2440902885371237,0.0,-1.2440902885371237,2.806145881072441,4.025354363838822,True,,,0.3,0.1,0.084
2020-11-20 13:00:00+00:00,0.7266207342308619,0.0,0.7266207342308619,4.025354363838822,3.28390463503182,True,,,0.3,0.1,0.084
2020-11-20 14:00:00+00:00,0.6396745409498724,0.0,0.6396745409498724,3.28390463503182,2.631175511613583,True,,,0.3,0.1,0.084
2020-11-20 15:00:00+00:00,2.2235472757029826,0.0,2.2235472757029826,2.631175511613583,0.36224972007992706,True,,,0.3,0.1,0.084
2020-11-20 16:00:00+00:00,0.3550047256783285,0.8528164955991201,1.2078212212774486,0.36224972007992706,0.0,True,,,0.4,0.18,0.084
2020-11-20 17:00:00+00:00,0.0,1.1659648639281601,1.1659648639281601,0.0,0.0,True,,,0.4,0.18,0.084
2020-11-20 18:00:00+00:00,0.0,0.8748386104477757,0.8748386104477757,0.0,0.0,True,,,0.4,0.18,0.084
2020-11-20 19:00:00+00:00,0.0,0.849289276266098,0.849289276266098,0.0,0.0,True,,,0.4,0.18,0.084
2020-11-20 20:00:00+00:00,0.0,0.5362107210795073,0.5362107210795073,0.0,0.0,True,,,0.2,0.07,0.084
2020-11-20 21:00:00+00:00,0.0,0.1945494439893299,0.1945494439893299,0.0,0.0,True,,,0.2,0.07,0.084
2020-11-20 22:00:00+00:00,0.0,0.1390375555329853,0.1390375555329853,0.0,0.0,True,,,0.2,0.07,0.084
2020-11-20 23:00:00+00:00,0.0,0.20016024986108163,0.20016024986108163,0.0,0.0,True,,,0.2,0.07,0.084
2020-11-21 00:00:00+00:00,0.0,0.3206048062165572,0.3206048062165572,0.0,0.0,True,,,0.2,0.07,0.084
2020-11-21 01:00:00+00:00,0.0,0.18327180586655942,0.18327180586655942,0.0,0.0,True,,,0.2,0.07,0.084
2020-11-21 02:00:00+00:00,0.0,0.17725319436126288,0.17725319436126288,0.0,0.0,True,,,0.2,0.07,0.084
2020-11-21 03:00:00+00:00,0.0,0.7831934158457645,0.7831934158457645,0.0,0.0,True,,,0.2,0.07,0.084
2020-11-21 04:00:00+00:00,0.0,0.6340705829461404,0.6340705829461404,0.0,0.0,True,,,0.2,0.07,0.084
2020-11-21 05:00:00+00:00,0.0,1.3995738064342076,1.3995738064342076,0.0,0.0,True,,,0.3,0.1,0.084
2020-11-21 06:00:00+00:00,0.0,4.550083393630578,4.550083393630578,0.0,0.0,True,,,0.3,0.1,0.084
2020-11-21 07:00:00+00:00,0.0,1.2517599251648468,1.2517599251648468,0.0,0.0,True,,,0.3,0.1,0.084
2020-11-21 08:00:00+00:00,0.0,1.4237703348125061,1.4237703348125061,0.0,0.0,True,,,0.3,0.1,0.084
2020-11-21 09:00:00+00:00,0.0,0.969646516578315,0.969646516578315,0.0,0.0,True,,,0.3,0.1,0.084
2020-11-21 10:00:00+00:00,0.0,1.3938279734133772,1.3938279734133772,0.0,0.0,True,,,0.3,0.1,0.084
2020-11-21 11:00:00+00:00,0.0,0.8917266439346494,0.8917266439346494,0.0,0.0,True,,,0.3,0.1,0.084
2020-11-21 12:00:00+00:00,0.0,0.5867067370787441,0.5867067370787441,0.0,0.0,True,,,0.3,0.1,0.084
2020-11-21 13:00:00+00:00,0.0,0.8659045066673632,0.8659045066673632,0.0,0.0,True,,,0.3,0.1,0.084
2020-11-21 14:00:00+00:00,0.0,0.7561087288806279,0.7561087288806279,0.0,0.0,True,,,0.3,0.1,0.084
2020-11-21 15:00:00+00:00,0.0,0.698921975734499,0.698921975734499,0.0,0.0,True,,,0.3,0.1,0.084
2020-11-21 16:00:00+00:00,0.0,2.015381887555121,2.015381887555121,0.0,0.0,True,,,0.4,0.18,0.084
2020-11-21 17:00:00+00:00,0.0,2.2773854497697585,2.2773854497697585,0.0,0.0,True,,,0.4,0.18,0.084
2020-11-21 18:00:00+00:00,0.0,0.5602345809486181,0.5602345809486181,0.0,0.0,True,,,0.4,0.18,0.084
2020-11-21 19:00:00+00:00,0.0,0.7570678900586235,0.7570678900586235,0.0,0.0,True,,,0.4,0.18,0.084
2020-11-21 20:00:00+00:00,0.0,0.26629252778689083,0.26629252778689083,0.0,0.0,True,,,0.2,0.07,0.084
2020-11-21 21:00:00+00:00,0.0,0.2111363057560392,0.2111363057560392,0.0,0.0,True,,,0.2,0.07,0.084
2020-11-21 22:00:00+00:00,0.0,0.8647073319620563,0.8647073319620563,0.0,0.0,True,,,0.2,0.07,0.084
2020-11-21 23:00:00+00:00,0.0,0.16618749990993056,0.16618749990993056,0.0,0.0,True,,,0.2,0.07,0.084
2020-11-22 00:00:00+00:00,0.0,0.18953369428581668,0.18953369428581668,0.0,0.0,True,,,0.2,0.07,0.084
2020-11-22 01:00:00+00:00,0.0,0.16657227799627525,0.16657227799627525,0.0,0.0,True,,,0.2,0.07,0.084
2020-11-22 02:00:00+00:00,0.0,0.1948554168754155,0.1948554168754155,0.0,0.0,True,,,0.2,0.07,0.084
2020-11-22 03:00:00+00:00,0.0,0.23396683261394466,0.23396683261394466,0.0,0.0,True,,,0.2,0.07,0.084
2020-11-22 04:00:00+00:00,0.0,0.7446126382695304,0.7446126382695304,0.0,0.0,True,,,0.2,0.07,0.084
2020-11-22 05:00:00+00:00,0.0,0.1783639445066453,0.1783639445066453,0.0,0.0,True,,,0.3,0.1,0.084
2020-11-22 06:00:00+00:00,0.0,0.6001351378440858,0.6001351378440858,0.0,0.0,True,,,0.3,0.1,0.084
2020-11-22 07:00:00+00:00,0.0,2.307253552593582,2.307253552593582,0.0,0.0,True,,,0.3,0.1,0.084
2020-11-22 08:00:00+00:00,0.0,1.6916957517964626,1.6916957517964626,0.0,0.0,True,,,0.3,0.1,0.084
2020-11-22 09:00:00+00:00,0.0,1.461257263460836,1.461257263460836,0.0,0.0,True,,,0.3,0.1,0.084
2020-11-22 10:00:00+00:00,0.0,0.7018637515714784,0.7018637515714784,0.0,0.0,True,,,0.3,0.1,0.084
2020-11-22 11:00:00+00:00,0.0,1.633201745691884,1.633201745691884,0.0,0.0,True,,,0.3,0.1,0.084
2020-11-22 12:00:00+00:00,-0.034588798615758476,0.0,-0.034588798615758476,0.0,0.033897022643443304,True,,,0.3,0.1,0.084
2020-11-22 13:00:00+00:00,0.033219082190574435,1.2766771847854115,1.309896266975986,0.033897022643443304,0.0,True,,,0.3,0.1,0.084
2020-11-22 14:00:00+00:00,0.0,1.2204650545812654,1.2204650545812654,0.0,0.0,True,,,0.3,0.1,0.084
2020-11-22 15:00:00+00:00,0.0,0.8439948828671613,0.8439948828671613,0.0,0.0,True,,,0.3,0.1,0.084
2020-11-22 16:00:00+00:00,0.0,1.965591336382758,1.965591336382758,0.0,0.0,True,,,0.4,0.18,0.084
2020-11-22 17:00:00+00:00,0.0,0.6816331909312149,0.6816331909312149,0.0,0.0,True,,,0.4,0.18,0.084
2020-11-22 18:00:00+00:00,0.0,1.188435773478614,1.188435773478614,0.0,0.0,True,,,0.4,0.18,0.084
2020-11-22 19:00:00+00:00,0.0,0.49400002886189304,0.49400002886189304,0.0,0.0,True,,,0.4,0.18,0.084
2020-11-22 20:00:00+00:00,0.0,0.2909022778934901,0.2909022778934901,0.0,0.0,True,,,0.2,0.07,0.084
2020-11-22 21:00:00+00:00,0.0,0.18613286099433862,0.18613286099433862,0.0,0.0,True,,,0.2,0.07,0.084
2020-11-22 22:00:00+00:00,0.0,0.17646630551550138,0.17646630551550138,0.0,0.0,True,,,0.2,0.07,0.084
2020-11-22 23:00:00+00:00,0.0,0.1959398887289896,0.1959398887289896,0.0,0.0,True,,,0.2,0.07,0.084
2020-11-23 00:00:00+00:00,0.0,0.15767069418430335,0.15767069418430335,0.0,0.0,True,,,0.2,0.07,0.084
2020-11-23 01:00:00+00:00,0.0,0.34211038800610505,0.34211038800610505,0.0,0.0,True,,,0.2,0.07,0.084
2020-11-23 02:00:00+00:00,0.0,0.7846706141842731,0.7846706141842731,0.0,0.0,True,,,0.2,0.07,0.084
2020-11-23 03:00:00+00:00,0.0,0.5390509740988416,0.5390509740988416,0.0,0.0,True,,,0.2,0.07,0.084
2020-11-23 04:00:00+00:00,0.0,0.7258375879340703,0.7258375879340703,0.0,0.0,True,,,0.2,0.07,0.084
2020-11-23 05:00:00+00:00,0.0,0.15683572238816137,0.15683572238816137,0.0,0.0,True,,,0.3,0.1,0.084
2020-11-23 06:00:00+00:00,0.0,0.8548055772619693,0.8548055772619693,0.0,0.0,True,,,0.3,0.1,0.084
2020-11-23 07:00:00+00:00,-0.20979671624547225,0.0,-0.20979671624547225,0.0,0.2056007819205628,True,,,0.3,0.1,0.084
2020-11-23 08:00:00+00:00,-1.9631458862638105,0.0,-1.9631458862638105,0.2056007819205628,2.129483750459097,True,,,0.3,0.1,0.084
2020-11-23 09:00:00+00:00,-3.3151779032576587,0.0,-3.3151779032576587,2.129483750459097,5.378358095651603,True,,,0.3,0.1,0.084
2020-11-23 10:00:00+00:00,-3.8798669144994,0.0,-3.8798669144994,5.378358095651603,9.180627671861014,True,,,0.3,0.1,0.084
2020-11-23 11:00:00+00:00,-3.597965088517639,0.0,-3.597965088517639,9.180627671861014,12.7066334586083,True,,,0.3,0.1,0.084
2020-11-23 12:00:00+00:00,-1.1156801442772457,-1.5080265441829266,-2.6237066884601723,12.7066334586083,13.8,True,,,0.3,0.1,0.084
2020-11-23 13:00:00+00:00,-0.0,-1.3669161431569254,-1.3669161431569254,13.8,13.8,True,,,0.3,0.1,0.084
2020-11-23 14:00:00+00:00,0.1885880230184707,0.0,0.1885880230184707,13.8,13.607563241817887,True,,,0.3,0.1,0.084
2020-11-23 15:00:00+00:00,1.4661990232911608,0.0,1.4661990232911608,13.607563241817887,12.111441789479969,True,,,0.3,0.1,0.084
2020-11-23 16:00:00+00:00,1.4663688068575331,0.0,1.4663688068575331,12.111441789479969,10.615147088604935,True,,,0.4,0.18,0.084
2020-11-23 17:00:00+00:00,0.8786464719242519,0.0,0.8786464719242519,10.615147088604935,9.718569056029168,True,,,0.4,0.18,0.084
2020-11-23 18:00:00+00:00,1.1539124480512422,0.0,1.1539124480512422,9.718569056029168,8.541107374344227,True,,,0.4,0.18,0.084
2020-11-23 19:00:00+00:00,0.7531724994288559,0.0,0.7531724994288559,8.541107374344227,7.772564007580089,True,,,0.4,0.18,0.084
2020-11-23 20:00:00+00:00,0.6806490553696957,0.0,0.6806490553696957,7.772564007580089,7.078024155162032,True,,,0.2,0.07,0.084
2020-11-23 21:00:00+00:00,0.18188116631242954,0.0,0.18188116631242954,7.078024155162032,6.892431128312614,True,,,0.2,0.07,0.084
2020-11-23 22:00:00+00:00,0.17249952750205985,0.0,0.17249952750205985,6.892431128312614,6.716411202290104,True,,,0.2,0.07,0.084
2020-11-23 23:00:00+00:00,0.2975032788197194,0.0,0.2975032788197194,6.716411202290104,6.412836427984267,True,,,0.2,0.07,0.084
2020-11-24 00:00:00+00:00,0.17882991653813268,0.0,0.17882991653813268,6.412836427984267,6.230356921312703,True,,,0.2,0.07,0.084
2020-11-24 01:00:00+00:00,0.1074133332782322,0.0,0.1074133332782322,6.230356921312703,6.120751479192058,True,,,0.2,0.07,0.084
2020-11-24 02:00:00+00:00,0.80467516476843,0.0,0.80467516476843,6.120751479192058,5.299654372285497,True,,,0.2,0.07,0.084
2020-11-24 03:00:00+00:00,0.28119244537618415,0.0,0.28119244537618415,5.299654372285497,5.012723305575105,True,,,0.2,0.07,0.084
2020-11-24 04:00:00+00:00,0.33412750081486176,0.0,0.33412750081486176,5.012723305575105,4.671776876172185,True,,,0.2,0.07,0.084
2020-11-24 05:00:00+00:00,0.17443091674115918,0.0,0.17443091674115918,4.671776876172185,4.493786144803655,True,,,0.3,0.1,0.084
2020-11-24 06:00:00+00:00,0.7600927784575358,0.0,0.7600927784575358,4.493786144803655,3.7181812688265783,True,,,0.3,0.1,0.084
2020-11-24 07:00:00+00:00,0.16981832160776128,0.0,0.16981832160776128,3.7181812688265783,3.5448972671860055,True,,,0.3,0.1,0.084
2020-11-24 08:00:00+00:00,0.008056038277724697,0.0,0.008056038277724697,3.5448972671860055,3.5366768199638376,True,,,0.3,0.1,0.084
2020-11-24 09:00:00+00:00,-0.13277143202942474,0.0,-0.13277143202942474,3.5366768199638376,3.666792823352674,True,,,0.3,0.1,0.084
2020-11-24 10:00:00+00:00,0.0811924713104614,0.0,0.0811924713104614,3.666792823352674,3.583943362831795,True,,,0.3,0.1,0.084
2020-11-24 11:00:00+00:00,-0.8770697874904132,0.0,-0.8770697874904132,3.583943362831795,4.4434717545724,True,,,0.3,0.1,0.084
2020-11-24 12:00:00+00:00,-0.7494741440867089,0.0,-0.7494741440867089,4.4434717545724,5.177956415777374,True,,,0.3,0.1,0.084
2020-11-24 13:00:00+00:00,-1.630310895047791,0.0,-1.630310895047791,5.177956415777374,6.775661092924209,True,,,0.3,0.1,0.084
2020-11-24 14:00:00+00:00,0.008802900852278691,0.0,0.008802900852278691,6.775661092924209,6.766678541034129,True,,,0.3,0.1,0.084
2020-11-24 15:00:00+00:00,1.8065829763976085,0.0,1.8065829763976085,6.766678541034129,4.923226524301875,True,,,0.3,0.1,0.084
2020-11-24 16:00:00+00:00,1.45587088610596,0.0,1.45587088610596,4.923226524301875,3.437643987459059,True,,,0.4,0.18,0.084
2020-11-24 17:00:00+00:00,1.094438969686297,0.0,1.094438969686297,3.437643987459059,2.3208695285954906,True,,,0.4,0.18,0.084
2020-11-24 18:00:00+00:00,1.3454018624067312,0.0,1.3454018624067312,2.3208695285954906,0.9480104853233158,True,,,0.4,0.18,0.084
2020-11-24 19:00:00+00:00,0.7409106415218779,0.0,0.7409106415218779,0.9480104853233158,0.1919792184642567,True,,,0.4,0.18,0.084
2020-11-24 20:00:00+00:00,0.18813963409497156,0.5050287544121295,0.693168388507101,0.1919792184642567,0.0,True,,,0.2,0.07,0.084
2020-11-24 21:00:00+00:00,0.0,0.6200499450763053,0.6200499450763053,0.0,0.0,True,,,0.2,0.07,0.084
2020-11-24 22:00:00+00:00,0.0,0.13697058330641854,0.13697058330641854,0.0,0.0,True,,,0.2,0.07,0.084
2020-11-24 23:00:00+00:00,0.0,0.21867999995284598,0.21867999995284598,0.0,0.0,True,,,0.2,0.07,0.084
2020-11-25 00:00:00+00:00,0.0,0.10990969481600658,0.10990969481600658,0.0,0.0,True,,,0.2,0.07,0.084
2020-11-25 01:00:00+00:00,0.0,0.1815055275943544,0.1815055275943544,0.0,0.0,True,,,0.2,0.07,0.084
2020-11-25 02:00:00+00:00,0.0,0.7924503072023389,0.7924503072023389,0.0,0.0,True,,,0.2,0.07,0.084
2020-11-25 03:00:00+00:00,0.0,0.6128797511763037,0.6128797511763037,0.0,0.0,True,,,0.2,0.07,0.084
2020-11-25 04:00:00+00:00,0.0,0.7799210544453724,0.7799210544453724,0.0,0.0,True,,,0.2,0.07,0.084
2020-11-25 05:00:00+00:00,0.0,0.2826885258939533,0.2826885258939533,0.0,0.0,True,,,0.3,0.1,0.084
2020-11-25 06:00:00+00:00,0.0,1.5616091165950932,1.5616091165950932,0.0,0.0,True,,,0.3,0.1,0.084
2020-11-25 07:00:00+00:00,0.0,0.1381509522546758,0.1381509522546758,0.0,0.0,True,,,0.3,0.1,0.084
2020-11-25 08:00:00+00:00,-1.5351301829479662,0.0,-1.5351301829479662,0.0,1.504427579289007,True,,,0.3,0.1,0.084
2020-11-25 09:00:00+00:00,-2.577038767365569,0.0,-2.577038767365569,1.504427579289007,4.029925571307264,True,,,0.3,0.1,0.084
2020-11-25 10:00:00+00:00,-3.5197687516643628,0.0,-3.5197687516643628,4.029925571307264,7.479298947938339,True,,,0.3,0.1,0.084
2020-11-25 11:00:00+00:00,-3.655414637962612,0.0,-3.655414637962612,7.479298947938339,11.0616052931417,True,,,0.3,0.1,0.084
2020-11-25 12:00:00+00:00,-2.2956053349747956,0.0,-2.2956053349747956,11.0616052931417,13.311298521417,True,,,0.3,0.1,0.084
2020-11-25 13:00:00+00:00,-0.49867497814591993,-1.2126839239638914,-1.7113589021098112,13.311298521417,13.8,True,,,0.3,0.1,0.084
2020-11-25 14:00:00+00:00,0.3149827662359253,0.0,0.3149827662359253,13.8,13.478589014044974,True,,,0.3,0.1,0.084
2020-11-25 15:00:00+00:00,1.7923022753616846,0.0,1.7923022753616846,13.478589014044974,11.649709141226928,True,,,0.3,0.1,0.084
2020-11-25 16:00:00+00:00,1.319714555650287,0.0,1.319714555650287,11.649709141226928,10.30306163546133,True,,,0.4,0.18,0.084
2020-11-25 17:00:00+00:00,1.2764928613742188,0.0,1.2764928613742188,10.30306163546133,9.000517899365187,True,,,0.4,0.18,0.084
2020-11-25 18:00:00+00:00,1.2911613320853983,0.0,1.2911613320853983,9.000517899365187,7.68300633601274,True,,,0.4,0.18,0.084
2020-11-25 19:00:00+00:00,0.3922333622799978,0.0,0.3922333622799978,7.68300633601274,7.282768211237232,True,,,0.4,0.18,0.084
2020-11-25 20:00:00+00:00,0.6608957784758673,0.0,0.6608957784758673,7.282768211237232,6.608384763812878,True,,,0.2,0.07,0.084
2020-11-25 21:00:00+00:00,0.11978083341121656,0.0,0.11978083341121656,6.608384763812878,6.486159423597351,True,,,0.2,0.07,0.084
2020-11-25 22:00:00+00:00,0.18449816659291585,0.0,0.18449816659291585,6.486159423597351,6.297895988298457,True,,,0.2,0.07,0.084
2020-11-25 23:00:00+00:00,0.12676936100588895,0.0,0.12676936100588895,6.297895988298457,6.168539497476122,True,,,0.2,0.07,0.084
2020-11-26 00:00:00+00:00,0.15874622233178856,0.0,0.15874622233178856,6.168539497476122,6.0065535563212356,True,,,0.2,0.07,0.084
2020-11-26 01:00:00+00:00,0.15781947255399492,0.0,0.15781947255399492,6.0065535563212356,5.845513278204915,True,,,0.2,0.07,0.084
2020-11-26 02:00:00+00:00,0.8429857784244746,0.0,0.8429857784244746,5.845513278204915,4.985323708384022,True,,,0.2,0.07,0.084
2020-11-26 03:00:00+00:00,0.16126116670237642,0.0,0.16126116670237642,4.985323708384022,4.820771497463229,True,,,0.2,0.07,0.084
2020-11-26 04:00:00+00:00,0.5287731378661261,0.0,0.5287731378661261,4.820771497463229,4.281207071069224,True,,,0.2,0.07,0.084
2020-11-26 05:00:00+00:00,0.7951597798373976,0.0,0.7951597798373976,4.281207071069224,3.4698195406228995,True,,,0.3,0.1,0.084
2020-11-26 06:00:00+00:00,1.8867114755789447,0.0,1.8867114755789447,3.4698195406228995,1.5446037492158131,True,,,0.3,0.1,0.084
2020-11-26 07:00:00+00:00,0.3584668314714543,0.0,0.3584668314714543,1.5446037492158131,1.1788212681224923,True,,,0.3,0.1,0.084
2020-11-26 08:00:00+00:00,-0.12005073539662595,0.0,-0.12005073539662595,1.1788212681224923,1.2964709888111858,True,,,0.3,0.1,0.084
2020-11-26 09:00:00+00:00,0.12396164809132014,0.0,0.12396164809132014,1.2964709888111858,1.1699795111669815,True,,,0.3,0.1,0.084
2020-11-26 10:00:00+00:00,-0.10353636631161706,0.0,-0.10353636631161706,1.1699795111669815,1.2714451501523663,True,,,0.3,0.1,0.084
2020-11-26 11:00:00+00:00,-0.08731150372740856,0.0,-0.08731150372740856,1.2714451501523663,1.3570104238052267,True,,,0.3,0.1,0.084
2020-11-26 12:00:00+00:00,0.8576514204978948,0.0,0.8576514204978948,1.3570104238052267,0.48185591309308917,True,,,0.3,0.1,0.084
2020-11-26 13:00:00+00:00,0.47221879483122736,0.25466888654565983,0.7268876813768872,0.48185591309308917,0.0,True,,,0.3,0.1,0.084
2020-11-26 14:00:00+00:00,0.0,1.2542277688141534,1.2542277688141534,0.0,0.0,True,,,0.3,0.1,0.084
2020-11-26 15:00:00+00:00,0.0,1.2235437609936548,1.2235437609936548,0.0,0.0,True,,,0.3,0.1,0.084
2020-11-26 16:00:00+00:00,0.0,1.5385924169248983,1.5385924169248983,0.0,0.0,True,,,0.4,0.18,0.084
2020-11-26 17:00:00+00:00,0.0,1.611780417508551,1.611780417508551,0.0,0.0,True,,,0.4,0.18,0.084
2020-11-26 18:00:00+00:00,0.0,0.843861028790474,0.843861028790474,0.0,0.0,True,,,0.4,0.18,0.084
2020-11-26 19:00:00+00:00,0.0,0.2546581662522419,0.2546581662522419,0.0,0.0,True,,,0.4,0.18,0.084
2020-11-26 20:00:00+00:00,0.0,0.6604751959297412,0.6604751959297412,0.0,0.0,True,,,0.2,0.07,0.084
2020-11-26 21:00:00+00:00,0.0,0.612826859548356,0.612826859548356,0.0,0.0,True,,,0.2,0.07,0.084
2020-11-26 22:00:00+00:00,0.0,0.15742480556699975,0.15742480556699975,0.0,0.0,True,,,0.2,0.07,0.084
2020-11-26 23:00:00+00:00,0.0,0.17391272235976316,0.17391272235976316,0.0,0.0,True,,,0.2,0.07,0.084
2020-11-27 00:00:00+00:00,0.0,0.14505041637420624,0.14505041637420624,0.0,0.0,True,,,0.2,0.07,0.084
2020-11-27 01:00:00+00:00,0.0,0.27679927670690835,0.27679927670690835,0.0,0.0,True,,,0.2,0.07,0.084
2020-11-27 02:00:00+00:00,0.0,0.6257672790633285,0.6257672790633285,0.0,0.0,True,,,0.2,0.07,0.084
2020-11-27 03:00:00+00:00,0.0,0.9214214432001095,0.9214214432001095,0.0,0.0,True,,,0.2,0.07,0.084
2020-11-27 04:00:00+00:00,0.0,0.32272550036907255,0.32272550036907255,0.0,0.0,True,,,0.2,0.07,0.084
2020-11-27 05:00:00+00:00,0.0,0.2263094441148972,0.2263094441148972,0.0,0.0,True,,,0.3,0.1,0.084
2020-11-27 06:00:00+00:00,0.0,1.0427227777851962,1.0427227777851962,0.0,0.0,True,,,0.3,0.1,0.084
2020-11-27 07:00:00+00:00,0.0,0.21869516768756958,0.21869516768756958,0.0,0.0,True,,,0.3,0.1,0.084
2020-11-27 08:00:00+00:00,0.0,0.07787518262689613,0.07787518262689613,0.0,0.0,True,,,0.3,0.1,0.084
2020-11-27 09:00:00+00:00,-0.13362217875495308,0.0,-0.13362217875495308,0.0,0.130949735179854,True,,,0.3,0.1,0.084
2020-11-27 10:00:00+00:00,-0.635452541929004,0.0,-0.635452541929004,0.130949735179854,0.7536932262702779,True,,,0.3,0.1,0.084
2020-11-27 11:00:00+00:00,-3.4040611091023663,0.0,-3.4040611091023663,0.7536932262702779,4.089673113190597,True,,,0.3,0.1,0.084
2020-11-27 12:00:00+00:00,-1.4076716813285686,0.0,-1.4076716813285686,4.089673113190597,5.469191360892594,True,,,0.3,0.1,0.084
2020-11-27 13:00:00+00:00,-1.354280162197145,0.0,-1.354280162197145,5.469191360892594,6.796385919845797,True,,,0.3,0.1,0.084
2020-11-27 14:00:00+00:00,0.3162905275394167,0.0,0.3162905275394167,6.796385919845797,6.473640483581086,True,,,0.3,0.1,0.084
2020-11-27 15:00:00+00:00,1.5131575210586803,0.0,1.5131575210586803,6.473640483581086,4.929602196786514,True,,,0.3,0.1,0.084
2020-11-27 16:00:00+00:00,1.3006606652736654,0.0,1.3006606652736654,4.929602196786514,3.602397436303182,True,,,0.4,0.18,0.084
2020-11-27 17:00:00+00:00,1.7049417522933765,0.0,1.7049417522933765,3.602397436303182,1.862660954371165,True,,,0.4,0.18,0.084
2020-11-27 18:00:00+00:00,1.2011443288379235,0.0,1.2011443288379235,1.862660954371165,0.6370034759651204,True,,,0.4,0.18,0.084
2020-11-27 19:00:00+00:00,0.624263406445818,0.35205464661428987,0.9763180530601079,0.6370034759651204,0.0,True,,,0.4,0.18,0.084
2020-11-27 20:00:00+00:00,0.0,0.21768116667800472,0.21768116667800472,0.0,0.0,True,,,0.2,0.07,0.084
2020-11-27 21:00:00+00:00,0.0,0.5053109997616871,0.5053109997616871,0.0,0.0,True,,,0.2,0.07,0.084
2020-11-27 22:00:00+00:00,0.0,0.544347859247526,0.544347859247526,0.0,0.0,True,,,0.2,0.07,0.084
2020-11-27 23:00:00+00:00,0.0,0.17076161102983659,0.17076161102983659,0.0,0.0,True,,,0.2,0.07,0.084
2020-11-28 00:00:00+00:00,0.0,0.14651427755885646,0.14651427755885646,0.0,0.0,True,,,0.2,0.07,0.084
2020-11-28 01:00:00+00:00,0.0,0.13444580540392123,0.13444580540392123,0.0,0.0,True,,,0.2,0.07,0.084
2020-11-28 02:00:00+00:00,0.0,0.19948608330355716,0.19948608330355716,0.0,0.0,True,,,0.2,0.07,0.084
2020-11-28 03:00:00+00:00,0.0,0.7370958340273959,0.7370958340273959,0.0,0.0,True,,,0.2,0.07,0.084
2020-11-28 04:00:00+00:00,0.0,0.41872922016514663,0.41872922016514663,0.0,0.0,True,,,0.2,0.07,0.084
2020-11-28 05:00:00+00:00,0.0,0.37288536042637405,0.37288536042637405,0.0,0.0,True,,,0.3,0.1,0.084
2020-11-28 06:00:00+00:00,0.0,0.14588305558628503,0.14588305558628503,0.0,0.0,True,,,0.3,0.1,0.084
2020-11-28 07:00:00+00:00,0.0,1.0914360378233416,1.0914360378233416,0.0,0.0,True,,,0.3,0.1,0.084
2020-11-28 08:00:00+00:00,0.0,5.677421181143384,5.677421181143384,0.0,0.0,True,,,0.3,0.1,0.084
2020-11-28 09:00:00+00:00,0.0,1.8512037409219728,1.8512037409219728,0.0,0.0,True,,,0.3,0.1,0.084
2020-11-28 10:00:00+00:00,0.0,1.155453201305182,1.155453201305182,0.0,0.0,True,,,0.3,0.1,0.084
2020-11-28 11:00:00+00:00,0.0,0.8410731202120983,0.8410731202120983,0.0,0.0,True,,,0.3,0.1,0.084
2020-11-28 12:00:00+00:00,0.0,1.2632191184364525,1.2632191184364525,0.0,0.0,True,,,0.3,0.1,0.084
2020-11-28 13:00:00+00:00,0.0,0.8635515927294671,0.8635515927294671,0.0,0.0,True,,,0.3,0.1,0.084
2020-11-28 14:00:00+00:00,0.0,0.710149028381079,0.710149028381079,0.0,0.0,True,,,0.3,0.1,0.084
2020-11-28 15:00:00+00:00,0.0,0.8887618285168181,0.8887618285168181,0.0,0.0,True,,,0.3,0.1,0.084
2020-11-28 16:00:00+00:00,0.0,0.8886163057406752,0.8886163057406752,0.0,0.0,True,,,0.4,0.18,0.084
2020-11-28 17:00:00+00:00,0.0,1.4898921445740607,1.4898921445740607,0.0,0.0,True,,,0.4,0.18,0.084
2020-11-28 18:00:00+00:00,0.0,1.2646507505443365,1.2646507505443365,0.0,0.0,True,,,0.4,0.18,0.084
2020-11-28 19:00:00+00:00,0.0,0.2293863332006663,0.2293863332006663,0.0,0.0,True,,,0.4,0.18,0.084
2020-11-28 20:00:00+00:00,0.0,0.6889808876991278,0.6889808876991278,0.0,0.0,True,,,0.2,0.07,0.084
2020-11-28 21:00:00+00:00,0.0,0.24789094388484975,0.24789094388484975,0.0,0.0,True,,,0.2,0.07,0.084
2020-11-28 22:00:00+00:00,0.0,0.6704836953004202,0.6704836953004202,0.0,0.0,True,,,0.2,0.07,0.084
2020-11-28 23:00:00+00:00,0.0,0.2077061112854216,0.2077061112854216,0.0,0.0,True,,,0.2,0.07,0.084
2020-11-29 00:00:00+00:00,0.0,0.10907155547142039,0.10907155547142039,0.0,0.0,True,,,0.2,0.07,0.084
2020-11-29 01:00:00+00:00,0.0,0.15251444431940717,0.15251444431940717,0.0,0.0,True,,,0.2,0.07,0.084
2020-11-29 02:00:00+00:00,0.0,0.19569488898383247,0.19569488898383247,0.0,0.0,True,,,0.2,0.07,0.084
2020-11-29 03:00:00+00:00,0.0,0.4391226384427816,0.4391226384427816,0.0,0.0,True,,,0.2,0.07,0.084
2020-11-29 04:00:00+00:00,0.0,1.0115716404226094,1.0115716404226094,0.0,0.0,True,,,0.2,0.07,0.084
2020-11-29 05:00:00+00:00,0.0,0.40723555435869396,0.40723555435869396,0.0,0.0,True,,,0.3,0.1,0.084
2020-11-29 06:00:00+00:00,0.0,1.4274641982422935,1.4274641982422935,0.0,0.0,True,,,0.3,0.1,0.084
2020-11-29 07:00:00+00:00,0.0,1.4027572149436593,1.4027572149436593,0.0,0.0,True,,,0.3,0.1,0.084
2020-11-29 08:00:00+00:00,0.0,0.8452249760158229,0.8452249760158229,0.0,0.0,True,,,0.3,0.1,0.084
2020-11-29 09:00:00+00:00,0.0,0.20476070257247128,0.20476070257247128,0.0,0.0,True,,,0.3,0.1,0.084
2020-11-29 10:00:00+00:00,0.0,0.05466880858053953,0.05466880858053953,0.0,0.0,True,,,0.3,0.1,0.084
2020-11-29 11:00:00+00:00,-0.34120280327121066,0.0,-0.34120280327121066,0.0,0.3343787472057864,True,,,0.3,0.1,0.084
2020-11-29 12:00:00+00:00,-1.452311279038816,0.0,-1.452311279038816,0.3343787472057864,1.757643800663826,True,,,0.3,0.1,0.084
2020-11-29 13:00:00+00:00,-0.04913116371786884,0.0,-0.04913116371786884,1.757643800663826,1.8057923411073373,True,,,0.3,0.1,0.084
2020-11-29 14:00:00+00:00,0.24663674147558476,0.0,0.24663674147558476,1.8057923411073373,1.5541221967444958,True,,,0.3,0.1,0.084
2020-11-29 15:00:00+00:00,0.9245036945426133,0.0,0.9245036945426133,1.5541221967444958,0.6107510798642781,True,,,0.3,0.1,0.084
2020-11-29 16:00:00+00:00,0.5985360582669925,1.20984508501685,1.8083811432838426,0.6107510798642781,0.0,True,,,0.4,0.18,0.084
2020-11-29 17:00:00+00:00,0.0,1.1886248050398296,1.1886248050398296,0.0,0.0,True,,,0.4,0.18,0.084
2020-11-29 18:00:00+00:00,0.0,1.052365249792733,1.052365249792733,0.0,0.0,True,,,0.4,0.18,0.084
2020-11-29 19:00:00+00:00,0.0,0.6904277788824502,0.6904277788824502,0.0,0.0,True,,,0.4,0.18,0.084
2020-11-29 20:00:00+00:00,0.0,0.5103694144010539,0.5103694144010539,0.0,0.0,True,,,0.2,0.07,0.084
2020-11-29 21:00:00+00:00,0.0,0.5818980545626743,0.5818980545626743,0.0,0.0,True,,,0.2,0.07,0.084
2020-11-29 22:00:00+00:00,0.0,0.16545824993716338,0.16545824993716338,0.0,0.0,True,,,0.2,0.07,0.084
2020-11-29 23:00:00+00:00,0.0,0.1814090002139409,0.1814090002139409,0.0,0.0,True,,,0.2,0.07,0.084
2020-11-30 00:00:00+00:00,0.0,0.14505283347235784,0.14505283347235784,0.0,0.0,True,,,0.2,0.07,0.084
2020-11-30 01:00:00+00:00,0.0,0.1858277220964431,0.1858277220964431,0.0,0.0,True,,,0.2,0.07,0.084
2020-11-30 02:00:00+00:00,0.0,0.773508388966984,0.773508388966984,0.0,0.0,True,,,0.2,0.07,0.084
2020-11-30 03:00:00+00:00,0.0,1.0762528930134232,1.0762528930134232,0.0,0.0,True,,,0.2,0.07,0.084
2020-11-30 04:00:00+00:00,0.0,0.665598250450029,0.665598250450029,0.0,0.0,True,,,0.2,0.07,0.084
2020-11-30 05:00:00+00:00,0.0,0.11589597204791183,0.11589597204791183,0.0,0.0,True,,,0.3,0.1,0.084
2020-11-30 06:00:00+00:00,0.0,0.7240914167775041,0.7240914167775041,0.0,0.0,True,,,0.3,0.1,0.084
2020-11-30 07:00:00+00:00,-0.12126464926273826,0.0,-0.12126464926273826,0.0,0.1188393562774835,True,,,0.3,0.1,0.084
2020-11-30 08:00:00+00:00,-1.6574354854608404,0.0,-1.6574354854608404,0.1188393562774835,1.743126132029107,True,,,0.3,0.1,0.084
2020-11-30 09:00:00+00:00,-1.4779975184520986,0.0,-1.4779975184520986,1.743126132029107,3.1915637001121633,True,,,0.3,0.1,0.084
2020-11-30 10:00:00+00:00,-0.4730516993328987,0.0,-0.4730516993328987,3.1915637001121633,3.655154365458404,True,,,0.3,0.1,0.084
2020-11-30 11:00:00+00:00,-0.6402256253929426,0.0,-0.6402256253929426,3.655154365458404,4.282575478343488,True,,,0.3,0.1,0.084
2020-11-30 12:00:00+00:00,-0.7314333715584999,0.0,-0.7314333715584999,4.282575478343488,4.9993801824708175,True,,,0.3,0.1,0.084
2020-11-30 13:00:00+00:00,0.04746250187702148,0.0,0.04746250187702148,4.9993801824708175,4.950949058106509,True,,,0.3,0.1,0.084
2020-11-30 14:00:00+00:00,0.9082771736435495,0.0,0.9082771736435495,4.950949058106509,4.024135615613091,True,,,0.3,0.1,0.084
2020-11-30 15:00:00+00:00,1.6865780542865116,0.0,1.6865780542865116,4.024135615613091,2.303137601035018,True,,,0.3,0.1,0.084
2020-11-30 16:00:00+00:00,1.4817069410694976,0.0,1.4817069410694976,2.303137601035018,0.7911917428008368,True,,,0.4,0.18,0.084
2020-11-30 17:00:00+00:00,0.77536790794482,5.412632086714606,6.1879999946594255,0.7911917428008368,0.0,True,,,0.4,0.18,0.084
2020-11-30 18:00:00+00:00,0.0,2.9377724381102457,2.9377724381102457,0.0,0.0,True,,,0.4,0.18,0.084
2020-11-30 19:00:00+00:00,0.0,1.5054997005250723,1.5054997005250723,0.0,0.0,True,,,0.4,0.18,0.084
2020-11-30 20:00:00+00:00,0.0,0.1960987224737803,0.1960987224737803,0.0,0.0,True,,,0.2,0.07,0.084
2020-11-30 21:00:00+00:00,0.0,1.30058663090335,1.30058663090335,0.0,0.0,True,,,0.2,0.07,0.084
2020-11-30 22:00:00+00:00,0.0,0.16878122210237756,0.16878122210237756,0.0,0.0,True,,,0.2,0.07,0.084
2020-11-30 23:00:00+00:00,0.0,0.12795194427172354,0.12795194427172354,0.0,0.0,True,,,0.2,0.07,0.084
2020-12-01 00:00:00+00:00,0.0,0.48118114053143424,0.48118114053143424,0.0,0.0,True,,,0.2,0.07,0.084
2020-12-01 01:00:00+00:00,0.0,0.12253291687965412,0.12253291687965412,0.0,0.0,True,,,0.2,0.07,0.084
2020-12-01 02:00:00+00:00,0.0,2.0791309447447475,2.0791309447447475,0.0,0.0,True,,,0.2,0.07,0.084
2020-12-01 03:00:00+00:00,0.0,0.8535399156676405,0.8535399156676405,0.0,0.0,True,,,0.2,0.07,0.084
2020-12-01 04:00:00+00:00,0.0,2.129340590463746,2.129340590463746,0.0,0.0,True,,,0.2,0.07,0.084
2020-12-01 05:00:00+00:00,0.0,1.2758547007507757,1.2758547007507757,0.0,0.0,True,,,0.3,0.1,0.084
2020-12-01 06:00:00+00:00,0.0,1.3748024112277553,1.3748024112277553,0.0,0.0,True,,,0.3,0.1,0.084
2020-12-01 07:00:00+00:00,0.0,2.066633244647013,2.066633244647013,0.0,0.0,True,,,0.3,0.1,0.084
2020-12-01 08:00:00+00:00,0.0,0.5375231142531864,0.5375231142531864,0.0,0.0,True,,,0.3,0.1,0.084
2020-12-01 09:00:00+00:00,0.0,0.5114931905788492,0.5114931905788492,0.0,0.0,True,,,0.3,0.1,0.084
2020-12-01 10:00:00+00:00,0.0,0.24193381917915183,0.24193381917915183,0.0,0.0,True,,,0.3,0.1,0.084
2020-12-01 11:00:00+00:00,0.0,0.4205765155805945,0.4205765155805945,0.0,0.0,True,,,0.3,0.1,0.084
2020-12-01 12:00:00+00:00,0.0,1.0758448112812076,1.0758448112812076,0.0,0.0,True,,,0.3,0.1,0.084
2020-12-01 13:00:00+00:00,0.0,0.9985046598620808,0.9985046598620808,0.0,0.0,True,,,0.3,0.1,0.084
2020-12-01 14:00:00+00:00,0.0,2.570399452522068,2.570399452522068,0.0,0.0,True,,,0.3,0.1,0.084
2020-12-01 15:00:00+00:00,0.0,5.01616661326803,5.01616661326803,0.0,0.0,True,,,0.3,0.1,0.084
2020-12-01 16:00:00+00:00,0.0,5.673366890297995,5.673366890297995,0.0,0.0,True,,,0.4,0.18,0.084
2020-12-01 17:00:00+00:00,0.0,4.759984965488645,4.759984965488645,0.0,0.0,True,,,0.4,0.18,0.084
2020-12-01 18:00:00+00:00,0.0,2.906729024463229,2.906729024463229,0.0,0.0,True,,,0.4,0.18,0.084
2020-12-01 19:00:00+00:00,0.0,0.8249369738711257,0.8249369738711257,0.0,0.0,True,,,0.4,0.18,0.084
2020-12-01 20:00:00+00:00,0.0,0.7915077792406097,0.7915077792406097,0.0,0.0,True,,,0.2,0.07,0.084
2020-12-01 21:00:00+00:00,0.0,2.3285530759943844,2.3285530759943844,0.0,0.0,True,,,0.2,0.07,0.084
2020-12-01 22:00:00+00:00,0.0,0.22213416699833347,0.22213416699833347,0.0,0.0,True,,,0.2,0.07,0.084
2020-12-01 23:00:00+00:00,0.0,0.13233055555820453,0.13233055555820453,0.0,0.0,True,,,0.2,0.07,0.084
2020-12-02 00:00:00+00:00,0.0,0.15190097229215824,0.15190097229215824,0.0,0.0,True,,,0.2,0.07,0.084
2020-12-02 01:00:00+00:00,0.0,0.4918764456351599,0.4918764456351599,0.0,0.0,True,,,0.2,0.07,0.084
2020-12-02 02:00:00+00:00,0.0,1.8764139956076955,1.8764139956076955,0.0,0.0,True,,,0.2,0.07,0.084
2020-12-02 03:00:00+00:00,0.0,1.040501829894383,1.040501829894383,0.0,0.0,True,,,0.2,0.07,0.084
2020-12-02 04:00:00+00:00,0.0,0.30892252583238844,0.30892252583238844,0.0,0.0,True,,,0.2,0.07,0.084
2020-12-02 05:00:00+00:00,0.0,0.4905685009506016,0.4905685009506016,0.0,0.0,True,,,0.3,0.1,0.084
2020-12-02 06:00:00+00:00,0.0,2.00011121747229,2.00011121747229,0.0,0.0,True,,,0.3,0.1,0.084
2020-12-02 07:00:00+00:00,0.0,0.6551491482290731,0.6551491482290731,0.0,0.0,True,,,0.3,0.1,0.084
2020-12-02 08:00:00+00:00,0.0,1.4830781270569753,1.4830781270569753,0.0,0.0,True,,,0.3,0.1,0.084
2020-12-02 09:00:00+00:00,0.0,0.5208311614002763,0.5208311614002763,0.0,0.0,True,,,0.3,0.1,0.084
2020-12-02 10:00:00+00:00,0.0,0.27360251817566245,0.27360251817566245,0.0,0.0,True,,,0.3,0.1,0.084
2020-12-02 11:00:00+00:00,0.0,0.4028095329333089,0.4028095329333089,0.0,0.0,True,,,0.3,0.1,0.084
2020-12-02 12:00:00+00:00,0.0,2.3278933603555303,2.3278933603555303,0.0,0.0,True,,,0.3,0.1,0.084
2020-12-02 13:00:00+00:00,0.0,1.8308610054175054,1.8308610054175054,0.0,0.0,True,,,0.3,0.1,0.084
2020-12-02 14:00:00+00:00,0.0,2.6229376123931654,2.6229376123931654,0.0,0.0,True,,,0.3,0.1,0.084
2020-12-02 15:00:00+00:00,0.0,5.493159848361362,5.493159848361362,0.0,0.0,True,,,0.3,0.1,0.084
2020-12-02 16:00:00+00:00,0.0,4.669438056548436,4.669438056548436,0.0,0.0,True,,,0.4,0.18,0.084
2020-12-02 17:00:00+00:00,0.0,5.936333356621528,5.936333356621528,0.0,0.0,True,,,0.4,0.18,0.084
2020-12-02 18:00:00+00:00,0.0,3.509238900523717,3.509238900523717,0.0,0.0,True,,,0.4,0.18,0.084
2020-12-02 19:00:00+00:00,0.0,0.7461174167527084,0.7461174167527084,0.0,0.0,True,,,0.4,0.18,0.084
2020-12-02 20:00:00+00:00,0.0,1.0745415774742755,1.0745415774742755,0.0,0.0,True,,,0.2,0.07,0.084
2020-12-02 21:00:00+00:00,0.0,0.1648899722443686,0.1648899722443686,0.0,0.0,True,,,0.2,0.07,0.084
2020-12-02 22:00:00+00:00,0.0,0.14480180519156985,0.14480180519156985,0.0,0.0,True,,,0.2,0.07,0.084
2020-12-02 23:00:00+00:00,0.0,0.48504799840980034,0.48504799840980034,0.0,0.0,True,,,0.2,0.07,0.084
2020-12-03 00:00:00+00:00,0.0,0.40705583280722263,0.40705583280722263,0.0,0.0,True,,,0.2,0.07,0.084
2020-12-03 01:00:00+00:00,0.0,0.17449369430012157,0.17449369430012157,0.0,0.0,True,,,0.2,0.07,0.084
2020-12-03 02:00:00+00:00,0.0,2.0004189785904356,2.0004189785904356,0.0,0.0,True,,,0.2,0.07,0.084
2020-12-03 03:00:00+00:00,0.0,2.89890982574357,2.89890982574357,0.0,0.0,True,,,0.2,0.07,0.084
2020-12-03 04:00:00+00:00,0.0,1.117392029521201,1.117392029521201,0.0,0.0,True,,,0.2,0.07,0.084
2020-12-03 05:00:00+00:00,0.0,0.11113802782164682,0.11113802782164682,0.0,0.0,True,,,0.3,0.1,0.084
2020-12-03 06:00:00+00:00,0.0,1.6723983966324056,1.6723983966324056,0.0,0.0,True,,,0.3,0.1,0.084
2020-12-03 07:00:00+00:00,0.0,0.149779478857161,0.149779478857161,0.0,0.0,True,,,0.3,0.1,0.084
2020-12-03 08:00:00+00:00,0.0,0.8132906309484987,0.8132906309484987,0.0,0.0,True,,,0.3,0.1,0.084
2020-12-03 09:00:00+00:00,0.0,0.42498034912005267,0.42498034912005267,0.0,0.0,True,,,0.3,0.1,0.084
2020-12-03 10:00:00+00:00,0.0,0.5124134184148574,0.5124134184148574,0.0,0.0,True,,,0.3,0.1,0.084
2020-12-03 11:00:00+00:00,0.0,0.46958780698429126,0.46958780698429126,0.0,0.0,True,,,0.3,0.1,0.084
2020-12-03 12:00:00+00:00,0.0,1.1199085100429729,1.1199085100429729,0.0,0.0,True,,,0.3,0.1,0.084
2020-12-03 13:00:00+00:00,0.0,0.597575186227382,0.597575186227382,0.0,0.0,True,,,0.3,0.1,0.084
2020-12-03 14:00:00+00:00,0.0,1.9649008931783887,1.9649008931783887,0.0,0.0,True,,,0.3,0.1,0.084
2020-12-03 15:00:00+00:00,0.0,5.978048478632962,5.978048478632962,0.0,0.0,True,,,0.3,0.1,0.084
2020-12-03 16:00:00+00:00,0.0,3.006863553848532,3.006863553848532,0.0,0.0,True,,,0.4,0.18,0.084
2020-12-03 17:00:00+00:00,0.0,6.322875870471531,6.322875870471531,0.0,0.0,True,,,0.4,0.18,0.084
2020-12-03 18:00:00+00:00,0.0,4.858999528890186,4.858999528890186,0.0,0.0,True,,,0.4,0.18,0.084
2020-12-03 19:00:00+00:00,0.0,2.840253724625377,2.840253724625377,0.0,0.0,True,,,0.4,0.18,0.084
2020-12-03 20:00:00+00:00,0.0,0.918959026665157,0.918959026665157,0.0,0.0,True,,,0.2,0.07,0.084
2020-12-03 21:00:00+00:00,0.0,0.8975456663555563,0.8975456663555563,0.0,0.0,True,,,0.2,0.07,0.084
2020-12-03 22:00:00+00:00,0.0,0.17579905564785,0.17579905564785,0.0,0.0,True,,,0.2,0.07,0.084
2020-12-03 23:00:00+00:00,0.0,0.44699122459888385,0.44699122459888385,0.0,0.0,True,,,0.2,0.07,0.084
2020-12-04 00:00:00+00:00,0.0,0.484212945466571,0.484212945466571,0.0,0.0,True,,,0.2,0.07,0.084
2020-12-04 01:00:00+00:00,0.0,0.7971296408838698,0.7971296408838698,0.0,0.0,True,,,0.2,0.07,0.084
2020-12-04 02:00:00+00:00,0.0,1.1844958361228315,1.1844958361228315,0.0,0.0,True,,,0.2,0.07,0.084
2020-12-04 03:00:00+00:00,0.0,1.0702791445308273,1.0702791445308273,0.0,0.0,True,,,0.2,0.07,0.084
2020-12-04 04:00:00+00:00,0.0,2.283889724225466,2.283889724225466,0.0,0.0,True,,,0.2,0.07,0.084
2020-12-04 05:00:00+00:00,0.0,1.6558290271785532,1.6558290271785532,0.0,0.0,True,,,0.3,0.1,0.084
2020-12-04 06:00:00+00:00,0.0,2.912743029454019,2.912743029454019,0.0,0.0,True,,,0.3,0.1,0.084
2020-12-04 07:00:00+00:00,0.0,3.0949373904135955,3.0949373904135955,0.0,0.0,True,,,0.3,0.1,0.084
2020-12-04 08:00:00+00:00,0.0,0.2871403371405333,0.2871403371405333,0.0,0.0,True,,,0.3,0.1,0.084
2020-12-04 09:00:00+00:00,0.0,0.3410188568240379,0.3410188568240379,0.0,0.0,True,,,0.3,0.1,0.084
2020-12-04 10:00:00+00:00,0.0,0.013752255163430292,0.013752255163430292,0.0,0.0,True,,,0.3,0.1,0.084
2020-12-04 11:00:00+00:00,-0.5714141272924871,0.0,-0.5714141272924871,0.0,0.5599858447466374,True,,,0.3,0.1,0.084
2020-12-04 12:00:00+00:00,0.5487861278517047,0.43742850003502787,0.9862146278867325,0.5599858447466374,0.0,True,,,0.3,0.1,0.084
2020-12-04 13:00:00+00:00,0.0,2.9376406944208213,2.9376406944208213,0.0,0.0,True,,,0.3,0.1,0.084
2020-12-04 14:00:00+00:00,0.0,2.4377970270401677,2.4377970270401677,0.0,0.0,True,,,0.3,0.1,0.084
2020-12-04 15:00:00+00:00,0.0,4.622533317195778,4.622533317195778,0.0,0.0,True,,,0.3,0.1,0.084
2020-12-04 16:00:00+00:00,0.0,4.318990140642061,4.318990140642061,0.0,0.0,True,,,0.4,0.18,0.084
2020-12-04 17:00:00+00:00,0.0,4.591173505184387,4.591173505184387,0.0,0.0,True,,,0.4,0.18,0.084
2020-12-04 18:00:00+00:00,0.0,2.3344978061093213,2.3344978061093213,0.0,0.0,True,,,0.4,0.18,0.084
2020-12-04 19:00:00+00:00,0.0,0.8793639388375819,0.8793639388375819,0.0,0.0,True,,,0.4,0.18,0.084
2020-12-04 20:00:00+00:00,0.0,1.1385074345827109,1.1385074345827109,0.0,0.0,True,,,0.2,0.07,0.084
2020-12-04 21:00:00+00:00,0.0,0.937300169311628,0.937300169311628,0.0,0.0,True,,,0.2,0.07,0.084
2020-12-04 22:00:00+00:00,0.0,1.6709464129130043,1.6709464129130043,0.0,0.0,True,,,0.2,0.07,0.084
2020-12-04 23:00:00+00:00,0.0,1.1048992772420227,1.1048992772420227,0.0,0.0,True,,,0.2,0.07,0.084
2020-12-05 00:00:00+00:00,0.0,0.12796652765538993,0.12796652765538993,0.0,0.0,True,,,0.2,0.07,0.084
2020-12-05 01:00:00+00:00,0.0,0.13812588889598823,0.13812588889598823,0.0,0.0,True,,,0.2,0.07,0.084
2020-12-05 02:00:00+00:00,0.0,0.22176141619682305,0.22176141619682305,0.0,0.0,True,,,0.2,0.07,0.084
2020-12-05 03:00:00+00:00,0.0,1.5017496624549236,1.5017496624549236,0.0,0.0,True,,,0.2,0.07,0.084
2020-12-05 04:00:00+00:00,0.0,1.4999443660020821,1.4999443660020821,0.0,0.0,True,,,0.2,0.07,0.084
2020-12-05 05:00:00+00:00,0.0,0.7539400572193993,0.7539400572193993,0.0,0.0,True,,,0.3,0.1,0.084
2020-12-05 06:00:00+00:00,0.0,1.1149823623895643,1.1149823623895643,0.0,0.0,True,,,0.3,0.1,0.084
2020-12-05 07:00:00+00:00,0.0,3.938153189648979,3.938153189648979,0.0,0.0,True,,,0.3,0.1,0.084
2020-12-05 08:00:00+00:00,0.0,1.626855307862858,1.626855307862858,0.0,0.0,True,,,0.3,0.1,0.084
2020-12-05 09:00:00+00:00,0.0,0.9367630289028435,0.9367630289028435,0.0,0.0,True,,,0.3,0.1,0.084
2020-12-05 10:00:00+00:00,0.0,1.67522853524292,1.67522853524292,0.0,0.0,True,,,0.3,0.1,0.084
2020-12-05 11:00:00+00:00,0.0,2.5711917437791834,2.5711917437791834,0.0,0.0,True,,,0.3,0.1,0.084
2020-12-05 12:00:00+00:00,0.0,4.785155822807072,4.785155822807072,0.0,0.0,True,,,0.3,0.1,0.084
2020-12-05 13:00:00+00:00,0.0,3.4989431044020423,3.4989431044020423,0.0,0.0,True,,,0.3,0.1,0.084
2020-12-05 14:00:00+00:00,0.0,1.86402409291368,1.86402409291368,0.0,0.0,True,,,0.3,0.1,0.084
2020-12-05 15:00:00+00:00,0.0,3.14777417630117,3.14777417630117,0.0,0.0,True,,,0.3,0.1,0.084
2020-12-05 16:00:00+00:00,0.0,1.635609025255839,1.635609025255839,0.0,0.0,True,,,0.4,0.18,0.084
2020-12-05 17:00:00+00:00,0.0,4.250238779470657,4.250238779470657,0.0,0.0,True,,,0.4,0.18,0.084
2020-12-05 18:00:00+00:00,0.0,2.6460481618775256,2.6460481618775256,0.0,0.0,True,,,0.4,0.18,0.084
2020-12-05 19:00:00+00:00,0.0,1.6813106936348812,1.6813106936348812,0.0,0.0,True,,,0.4,0.18,0.084
2020-12-05 20:00:00+00:00,0.0,0.9288618857860572,0.9288618857860572,0.0,0.0,True,,,0.2,0.07,0.084
2020-12-05 21:00:00+00:00,0.0,0.8776968376106689,0.8776968376106689,0.0,0.0,True,,,0.2,0.07,0.084
2020-12-05 22:00:00+00:00,0.0,0.15744255558649706,0.15744255558649706,0.0,0.0,True,,,0.2,0.07,0.084
2020-12-05 23:00:00+00:00,0.0,0.16862094437281291,0.16862094437281291,0.0,0.0,True,,,0.2,0.07,0.084
2020-12-06 00:00:00+00:00,0.0,0.482675697734621,0.482675697734621,0.0,0.0,True,,,0.2,0.07,0.084
2020-12-06 01:00:00+00:00,0.0,0.14587527771790817,0.14587527771790817,0.0,0.0,True,,,0.2,0.07,0.084
2020-12-06 02:00:00+00:00,0.0,0.5500811129066687,0.5500811129066687,0.0,0.0,True,,,0.2,0.07,0.084
2020-12-06 03:00:00+00:00,0.0,0.8756558912621611,0.8756558912621611,0.0,0.0,True,,,0.2,0.07,0.084
2020-12-06 04:00:00+00:00,0.0,1.2184859162065718,1.2184859162065718,0.0,0.0,True,,,0.2,0.07,0.084
2020-12-06 05:00:00+00:00,0.0,1.2663893918461275,1.2663893918461275,0.0,0.0,True,,,0.3,0.1,0.084
2020-12-06 06:00:00+00:00,0.0,1.6500320303969904,1.6500320303969904,0.0,0.0,True,,,0.3,0.1,0.084
2020-12-06 07:00:00+00:00,0.0,4.469072338225376,4.469072338225376,0.0,0.0,True,,,0.3,0.1,0.084
2020-12-06 08:00:00+00:00,0.0,3.3225574815972085,3.3225574815972085,0.0,0.0,True,,,0.3,0.1,0.084
2020-12-06 09:00:00+00:00,0.0,2.5044289802221504,2.5044289802221504,0.0,0.0,True,,,0.3,0.1,0.084
2020-12-06 10:00:00+00:00,0.0,1.6165610895523164,1.6165610895523164,0.0,0.0,True,,,0.3,0.1,0.084
2020-12-06 11:00:00+00:00,0.0,3.92642691776451,3.92642691776451,0.0,0.0,True,,,0.3,0.1,0.084
2020-12-06 12:00:00+00:00,0.0,1.3191416348957927,1.3191416348957927,0.0,0.0,True,,,0.3,0.1,0.084
2020-12-06 13:00:00+00:00,0.0,2.1758569507178667,2.1758569507178667,0.0,0.0,True,,,0.3,0.1,0.084
2020-12-06 14:00:00+00:00,0.0,2.4750234386948344,2.4750234386948344,0.0,0.0,True,,,0.3,0.1,0.084
2020-12-06 15:00:00+00:00,0.0,1.7044208702468318,1.7044208702468318,0.0,0.0,True,,,0.3,0.1,0.084
2020-12-06 16:00:00+00:00,0.0,2.5900338421397726,2.5900338421397726,0.0,0.0,True,,,0.4,0.18,0.084
2020-12-06 17:00:00+00:00,0.0,3.4737082860151918,3.4737082860151918,0.0,0.0,True,,,0.4,0.18,0.084
2020-12-06 18:00:00+00:00,0.0,2.7717848900768485,2.7717848900768485,0.0,0.0,True,,,0.4,0.18,0.084
2020-12-06 19:00:00+00:00,0.0,1.7885126136991711,1.7885126136991711,0.0,0.0,True,,,0.4,0.18,0.084
2020-12-06 20:00:00+00:00,0.0,0.23124269423219868,0.23124269423219868,0.0,0.0,True,,,0.2,0.07,0.084
2020-12-06 21:00:00+00:00,0.0,0.7130111387252807,0.7130111387252807,0.0,0.0,True,,,0.2,0.07,0.084
2020-12-06 22:00:00+00:00,0.0,0.158339110798306,0.158339110798306,0.0,0.0,True,,,0.2,0.07,0.084
2020-12-06 23:00:00+00:00,0.0,0.16629691714445755,0.16629691714445755,0.0,0.0,True,,,0.2,0.07,0.084
2020-12-07 00:00:00+00:00,0.0,0.17276813897556748,0.17276813897556748,0.0,0.0,True,,,0.2,0.07,0.084
2020-12-07 01:00:00+00:00,0.0,0.4707086115466227,0.4707086115466227,0.0,0.0,True,,,0.2,0.07,0.084
2020-12-07 02:00:00+00:00,0.0,1.8808778374380537,1.8808778374380537,0.0,0.0,True,,,0.2,0.07,0.084
2020-12-07 03:00:00+00:00,0.0,0.9295114414956831,0.9295114414956831,0.0,0.0,True,,,0.2,0.07,0.084
2020-12-07 04:00:00+00:00,0.0,0.7749152513477549,0.7749152513477549,0.0,0.0,True,,,0.2,0.07,0.084
2020-12-07 05:00:00+00:00,0.0,0.14647911078400078,0.14647911078400078,0.0,0.0,True,,,0.3,0.1,0.084
2020-12-07 06:00:00+00:00,0.0,2.6024669163306546,2.6024669163306546,0.0,0.0,True,,,0.3,0.1,0.084
2020-12-07 07:00:00+00:00,0.0,0.6763707958836203,0.6763707958836203,0.0,0.0,True,,,0.3,0.1,0.084
2020-12-07 08:00:00+00:00,0.0,0.44206401898723946,0.44206401898723946,0.0,0.0,True,,,0.3,0.1,0.084
2020-12-07 09:00:00+00:00,0.0,0.3436059073093752,0.3436059073093752,0.0,0.0,True,,,0.3,0.1,0.084
2020-12-07 10:00:00+00:00,-0.02140053272731369,0.0,-0.02140053272731369,0.0,0.020972522072767414,True,,,0.3,0.1,0.084
2020-12-07 11:00:00+00:00,-0.03541266714695388,0.0,-0.03541266714695388,0.020972522072767414,0.05567693587678221,True,,,0.3,0.1,0.084
2020-12-07 12:00:00+00:00,0.05456339715924657,1.0843803505505643,1.1389437477098108,0.05567693587678221,0.0,True,,,0.3,0.1,0.084
2020-12-07 13:00:00+00:00,0.0,1.0029539289578628,1.0029539289578628,0.0,0.0,True,,,0.3,0.1,0.084
2020-12-07 14:00:00+00:00,0.0,2.6604779232209674,2.6604779232209674,0.0,0.0,True,,,0.3,0.1,0.084
2020-12-07 15:00:00+00:00,0.0,4.997858330811028,4.997858330811028,0.0,0.0,True,,,0.3,0.1,0.084
2020-12-07 16:00:00+00:00,0.0,3.367329962754249,3.367329962754249,0.0,0.0,True,,,0.4,0.18,0.084
2020-12-07 17:00:00+00:00,0.0,4.338864630315036,4.338864630315036,0.0,0.0,True,,,0.4,0.18,0.084
2020-12-07 18:00:00+00:00,0.0,2.658048103994794,2.658048103994794,0.0,0.0,True,,,0.4,0.18,0.084
2020-12-07 19:00:00+00:00,0.0,1.3368837200429695,1.3368837200429695,0.0,0.0,True,,,0.4,0.18,0.084
2020-12-07 20:00:00+00:00,0.0,2.7767567965639968,2.7767567965639968,0.0,0.0,True,,,0.2,0.07,0.084
2020-12-07 21:00:00+00:00,0.0,1.0349408319446771,1.0349408319446771,0.0,0.0,True,,,0.2,0.07,0.084
2020-12-07 22:00:00+00:00,0.0,1.072187083805932,1.072187083805932,0.0,0.0,True,,,0.2,0.07,0.084
2020-12-07 23:00:00+00:00,0.0,0.48279810998704714,0.48279810998704714,0.0,0.0,True,,,0.2,0.07,0.084
2020-12-08 00:00:00+00:00,0.0,0.3792798330757359,0.3792798330757359,0.0,0.0,True,,,0.2,0.07,0.084
2020-12-08 01:00:00+00:00,0.0,0.9625757832474177,0.9625757832474177,0.0,0.0,True,,,0.2,0.07,0.084
2020-12-08 02:00:00+00:00,0.0,1.8911463084565263,1.8911463084565263,0.0,0.0,True,,,0.2,0.07,0.084
2020-12-08 03:00:00+00:00,0.0,1.0299790271070264,1.0299790271070264,0.0,0.0,True,,,0.2,0.07,0.084
2020-12-08 04:00:00+00:00,0.0,0.4978356651041245,0.4978356651041245,0.0,0.0,True,,,0.2,0.07,0.084
2020-12-08 05:00:00+00:00,0.0,0.1588424167500605,0.1588424167500605,0.0,0.0,True,,,0.3,0.1,0.084
2020-12-08 06:00:00+00:00,0.0,1.4381837777800037,1.4381837777800037,0.0,0.0,True,,,0.3,0.1,0.084
2020-12-08 07:00:00+00:00,0.0,0.7560903280172302,0.7560903280172302,0.0,0.0,True,,,0.3,0.1,0.084
2020-12-08 08:00:00+00:00,0.0,0.4284809110638743,0.4284809110638743,0.0,0.0,True,,,0.3,0.1,0.084
2020-12-08 09:00:00+00:00,0.0,1.0073391812614099,1.0073391812614099,0.0,0.0,True,,,0.3,0.1,0.084
2020-12-08 10:00:00+00:00,0.0,1.179210116002204,1.179210116002204,0.0,0.0,True,,,0.3,0.1,0.084
2020-12-08 11:00:00+00:00,-0.03824516383286229,0.0,-0.03824516383286229,0.0,0.03748026055620505,True,,,0.3,0.1,0.084
2020-12-08 12:00:00+00:00,-1.370630378142353,0.0,-1.370630378142353,0.03748026055620505,1.3806980311357109,True,,,0.3,0.1,0.084
2020-12-08 13:00:00+00:00,-1.121608385434279,0.0,-1.121608385434279,1.3806980311357109,2.4798742488613046,True,,,0.3,0.1,0.084
2020-12-08 14:00:00+00:00,2.0303218916900314,0.0,2.0303218916900314,2.4798742488613046,0.4081172165245377,True,,,0.3,0.1,0.084
2020-12-08 15:00:00+00:00,0.3999548721940469,4.539204829862075,4.939159702056122,0.4081172165245377,0.0,True,,,0.3,0.1,0.084
2020-12-08 16:00:00+00:00,0.0,3.9393890540043506,3.9393890540043506,0.0,0.0,True,,,0.4,0.18,0.084
2020-12-08 17:00:00+00:00,0.0,3.886624381642872,3.886624381642872,0.0,0.0,True,,,0.4,0.18,0.084
2020-12-08 18:00:00+00:00,0.0,2.9686345622936883,2.9686345622936883,0.0,0.0,True,,,0.4,0.18,0.084
2020-12-08 19:00:00+00:00,0.0,1.4388945227834924,1.4388945227834924,0.0,0.0,True,,,0.4,0.18,0.084
2020-12-08 20:00:00+00:00,0.0,1.4012374428325216,1.4012374428325216,0.0,0.0,True,,,0.2,0.07,0.084
2020-12-08 21:00:00+00:00,0.0,0.1965359162622026,0.1965359162622026,0.0,0.0,True,,,0.2,0.07,0.084
2020-12-08 22:00:00+00:00,0.0,0.48864755373530955,0.48864755373530955,0.0,0.0,True,,,0.2,0.07,0.084
2020-12-08 23:00:00+00:00,0.0,0.15331536094082718,0.15331536094082718,0.0,0.0,True,,,0.2,0.07,0.084
2020-12-09 00:00:00+00:00,0.0,0.5234788361840776,0.5234788361840776,0.0,0.0,True,,,0.2,0.07,0.084
2020-12-09 01:00:00+00:00,0.0,0.11230030566586392,0.11230030566586392,0.0,0.0,True,,,0.2,0.07,0.084
2020-12-09 02:00:00+00:00,0.0,3.256420527887342,3.256420527887342,0.0,0.0,True,,,0.2,0.07,0.084
2020-12-09 03:00:00+00:00,0.0,1.3739317232184944,1.3739317232184944,0.0,0.0,True,,,0.2,0.07,0.084
2020-12-09 04:00:00+00:00,0.0,0.14635513899061425,0.14635513899061425,0.0,0.0,True,,,0.2,0.07,0.084
2020-12-09 05:00:00+00:00,0.0,0.6096822752979069,0.6096822752979069,0.0,0.0,True,,,0.3,0.1,0.084
2020-12-09 06:00:00+00:00,0.0,1.2793638584746252,1.2793638584746252,0.0,0.0,True,,,0.3,0.1,0.084
2020-12-09 07:00:00+00:00,0.0,0.5190747217045885,0.5190747217045885,0.0,0.0,True,,,0.3,0.1,0.084
2020-12-09 08:00:00+00:00,0.0,0.7265936047164883,0.7265936047164883,0.0,0.0,True,,,0.3,0.1,0.084
2020-12-09 09:00:00+00:00,0.0,0.6320697971170426,0.6320697971170426,0.0,0.0,True,,,0.3,0.1,0.084
2020-12-09 10:00:00+00:00,0.0,3.096071959761825,3.096071959761825,0.0,0.0,True,,,0.3,0.1,0.084
2020-12-09 11:00:00+00:00,0.0,2.892053397616755,2.892053397616755,0.0,0.0,True,,,0.3,0.1,0.084
2020-12-09 12:00:00+00:00,0.0,3.4264370691301282,3.4264370691301282,0.0,0.0,True,,,0.3,0.1,0.084
2020-12-09 13:00:00+00:00,0.0,2.62803471674627,2.62803471674627,0.0,0.0,True,,,0.3,0.1,0.084
2020-12-09 14:00:00+00:00,0.0,2.6795533373873823,2.6795533373873823,0.0,0.0,True,,,0.3,0.1,0.084
2020-12-09 15:00:00+00:00,0.0,4.480414454737843,4.480414454737843,0.0,0.0,True,,,0.3,0.1,0.084
2020-12-09 16:00:00+00:00,0.0,4.875461915034719,4.875461915034719,0.0,0.0,True,,,0.4,0.18,0.084
2020-12-09 17:00:00+00:00,0.0,4.300950588832962,4.300950588832962,0.0,0.0,True,,,0.4,0.18,0.084
2020-12-09 18:00:00+00:00,0.0,2.6658090635538105,2.6658090635538105,0.0,0.0,True,,,0.4,0.18,0.084
2020-12-09 19:00:00+00:00,0.0,1.332628832353486,1.332628832353486,0.0,0.0,True,,,0.4,0.18,0.084
2020-12-09 20:00:00+00:00,0.0,1.1537715226279368,1.1537715226279368,0.0,0.0,True,,,0.2,0.07,0.084
2020-12-09 21:00:00+00:00,0.0,0.14988405547406936,0.14988405547406936,0.0,0.0,True,,,0.2,0.07,0.084
2020-12-09 22:00:00+00:00,0.0,0.14961883311271654,0.14961883311271654,0.0,0.0,True,,,0.2,0.07,0.084
2020-12-09 23:00:00+00:00,0.0,0.47891449835830263,0.47891449835830263,0.0,0.0,True,,,0.2,0.07,0.084
2020-12-10 00:00:00+00:00,0.0,0.13042611148887218,0.13042611148887218,0.0,0.0,True,,,0.2,0.07,0.084
2020-12-10 01:00:00+00:00,0.0,0.5149110290368405,0.5149110290368405,0.0,0.0,True,,,0.2,0.07,0.084
2020-12-10 02:00:00+00:00,0.0,1.7412033012840482,1.7412033012840482,0.0,0.0,True,,,0.2,0.07,0.084
2020-12-10 03:00:00+00:00,0.0,0.8469950528833599,0.8469950528833599,0.0,0.0,True,,,0.2,0.07,0.084
2020-12-10 04:00:00+00:00,0.0,0.7757005534728377,0.7757005534728377,0.0,0.0,True,,,0.2,0.07,0.084
2020-12-10 05:00:00+00:00,0.0,0.15163922206295857,0.15163922206295857,0.0,0.0,True,,,0.3,0.1,0.084
2020-12-10 06:00:00+00:00,0.0,2.5443173098776097,2.5443173098776097,0.0,0.0,True,,,0.3,0.1,0.084
2020-12-10 07:00:00+00:00,0.0,0.9479146336158103,0.9479146336158103,0.0,0.0,True,,,0.3,0.1,0.084
2020-12-10 08:00:00+00:00,0.0,2.6636413632763745,2.6636413632763745,0.0,0.0,True,,,0.3,0.1,0.084
2020-12-10 09:00:00+00:00,0.0,1.918139680285561,1.918139680285561,0.0,0.0,True,,,0.3,0.1,0.084
2020-12-10 10:00:00+00:00,0.0,1.2080633201858546,1.2080633201858546,0.0,0.0,True,,,0.3,0.1,0.084
2020-12-10 11:00:00+00:00,0.0,1.9879940854987883,1.9879940854987883,0.0,0.0,True,,,0.3,0.1,0.084
2020-12-10 12:00:00+00:00,0.0,1.6916078290364738,1.6916078290364738,0.0,0.0,True,,,0.3,0.1,0.084
2020-12-10 13:00:00+00:00,0.0,2.002943613695733,2.002943613695733,0.0,0.0,True,,,0.3,0.1,0.084
2020-12-10 14:00:00+00:00,0.0,3.9377765366712283,3.9377765366712283,0.0,0.0,True,,,0.3,0.1,0.084
2020-12-10 15:00:00+00:00,0.0,3.5886377033538728,3.5886377033538728,0.0,0.0,True,,,0.3,0.1,0.084
2020-12-10 16:00:00+00:00,0.0,4.672692871994443,4.672692871994443,0.0,0.0,True,,,0.4,0.18,0.084
2020-12-10 17:00:00+00:00,0.0,3.464990422381294,3.464990422381294,0.0,0.0,True,,,0.4,0.18,0.084
2020-12-10 18:00:00+00:00,0.0,2.8253068900532172,2.8253068900532172,0.0,0.0,True,,,0.4,0.18,0.084
2020-12-10 19:00:00+00:00,0.0,1.0084866101079513,1.0084866101079513,0.0,0.0,True,,,0.4,0.18,0.084
2020-12-10 20:00:00+00:00,0.0,0.9198111678679783,0.9198111678679783,0.0,0.0,True,,,0.2,0.07,0.084
2020-12-10 21:00:00+00:00,0.0,2.7304889381832522,2.7304889381832522,0.0,0.0,True,,,0.2,0.07,0.084
2020-12-10 22:00:00+00:00,0.0,0.12276102771229196,0.12276102771229196,0.0,0.0,True,,,0.2,0.07,0.084
2020-12-10 23:00:00+00:00,0.0,0.14792247218290974,0.14792247218290974,0.0,0.0,True,,,0.2,0.07,0.084
2020-12-11 00:00:00+00:00,0.0,0.19863216669294573,0.19863216669294573,0.0,0.0,True,,,0.2,0.07,0.084
2020-12-11 01:00:00+00:00,0.0,0.8515053334686473,0.8515053334686473,0.0,0.0,True,,,0.2,0.07,0.084
2020-12-11 02:00:00+00:00,0.0,1.2468404414706764,1.2468404414706764,0.0,0.0,True,,,0.2,0.07,0.084
2020-12-11 03:00:00+00:00,0.0,1.253049610013432,1.253049610013432,0.0,0.0,True,,,0.2,0.07,0.084
2020-12-11 04:00:00+00:00,0.0,3.2680866591082656,3.2680866591082656,0.0,0.0,True,,,0.2,0.07,0.084
2020-12-11 05:00:00+00:00,0.0,0.8913665840917163,0.8913665840917163,0.0,0.0,True,,,0.3,0.1,0.084
2020-12-11 06:00:00+00:00,0.0,2.142916084170341,2.142916084170341,0.0,0.0,True,,,0.3,0.1,0.084
2020-12-11 07:00:00+00:00,0.0,1.51128709253534,1.51128709253534,0.0,0.0,True,,,0.3,0.1,0.084
2020-12-11 08:00:00+00:00,0.0,0.7350060667857351,0.7350060667857351,0.0,0.0,True,,,0.3,0.1,0.084
2020-12-11 09:00:00+00:00,0.0,1.2097303950820404,1.2097303950820404,0.0,0.0,True,,,0.3,0.1,0.084
2020-12-11 10:00:00+00:00,0.0,0.7725825058974534,0.7725825058974534,0.0,0.0,True,,,0.3,0.1,0.084
2020-12-11 11:00:00+00:00,0.0,1.156770706279524,1.156770706279524,0.0,0.0,True,,,0.3,0.1,0.084
2020-12-11 12:00:00+00:00,0.0,1.053131977642175,1.053131977642175,0.0,0.0,True,,,0.3,0.1,0.084
2020-12-11 13:00:00+00:00,0.0,4.166253832977945,4.166253832977945,0.0,0.0,True,,,0.3,0.1,0.084
2020-12-11 14:00:00+00:00,0.0,3.36046824002476,3.36046824002476,0.0,0.0,True,,,0.3,0.1,0.084
2020-12-11 15:00:00+00:00,0.0,5.175798844782146,5.175798844782146,0.0,0.0,True,,,0.3,0.1,0.084
2020-12-11 16:00:00+00:00,0.0,3.2280314471350757,3.2280314471350757,0.0,0.0,True,,,0.4,0.18,0.084
2020-12-11 17:00:00+00:00,0.0,2.5803224244753533,2.5803224244753533,0.0,0.0,True,,,0.4,0.18,0.084
2020-12-11 18:00:00+00:00,0.0,1.808525860434109,1.808525860434109,0.0,0.0,True,,,0.4,0.18,0.084
2020-12-11 19:00:00+00:00,0.0,1.411828525601493,1.411828525601493,0.0,0.0,True,,,0.4,0.18,0.084
2020-12-11 20:00:00+00:00,0.0,0.8499379719628231,0.8499379719628231,0.0,0.0,True,,,0.2,0.07,0.084
2020-12-11 21:00:00+00:00,0.0,0.7357318027549317,0.7357318027549317,0.0,0.0,True,,,0.2,0.07,0.084
2020-12-11 22:00:00+00:00,0.0,0.6206687546014785,0.6206687546014785,0.0,0.0,True,,,0.2,0.07,0.084
2020-12-11 23:00:00+00:00,0.0,0.11130588865280146,0.11130588865280146,0.0,0.0,True,,,0.2,0.07,0.084
2020-12-12 00:00:00+00:00,0.0,0.5097623322619338,0.5097623322619338,0.0,0.0,True,,,0.2,0.07,0.084
2020-12-12 01:00:00+00:00,0.0,0.12158355570899118,0.12158355570899118,0.0,0.0,True,,,0.2,0.07,0.084
2020-12-12 02:00:00+00:00,0.0,0.48605649796591843,0.48605649796591843,0.0,0.0,True,,,0.2,0.07,0.084
2020-12-12 03:00:00+00:00,0.0,2.427922749174965,2.427922749174965,0.0,0.0,True,,,0.2,0.07,0.084
2020-12-12 04:00:00+00:00,0.0,1.2924503853612481,1.2924503853612481,0.0,0.0,True,,,0.2,0.07,0.084
2020-12-12 05:00:00+00:00,0.0,1.9297019706990968,1.9297019706990968,0.0,0.0,True,,,0.3,0.1,0.084
2020-12-12 06:00:00+00:00,0.0,0.6842702505932912,0.6842702505932912,0.0,0.0,True,,,0.3,0.1,0.084
2020-12-12 07:00:00+00:00,0.0,1.973339089802216,1.973339089802216,0.0,0.0,True,,,0.3,0.1,0.084
2020-12-12 08:00:00+00:00,0.0,1.1484488087710762,1.1484488087710762,0.0,0.0,True,,,0.3,0.1,0.084
2020-12-12 09:00:00+00:00,0.0,0.6002407221059697,0.6002407221059697,0.0,0.0,True,,,0.3,0.1,0.084
2020-12-12 10:00:00+00:00,0.0,2.2425051770276974,2.2425051770276974,0.0,0.0,True,,,0.3,0.1,0.084
2020-12-12 11:00:00+00:00,0.0,1.8462649871575898,1.8462649871575898,0.0,0.0,True,,,0.3,0.1,0.084
2020-12-12 12:00:00+00:00,0.0,2.786891718215868,2.786891718215868,0.0,0.0,True,,,0.3,0.1,0.084
2020-12-12 13:00:00+00:00,0.0,2.1129032344764225,2.1129032344764225,0.0,0.0,True,,,0.3,0.1,0.084
2020-12-12 14:00:00+00:00,0.0,3.669184995078037,3.669184995078037,0.0,0.0,True,,,0.3,0.1,0.084
2020-12-12 15:00:00+00:00,0.0,5.0201881173780585,5.0201881173780585,0.0,0.0,True,,,0.3,0.1,0.084
2020-12-12 16:00:00+00:00,0.0,4.598497494750552,4.598497494750552,0.0,0.0,True,,,0.4,0.18,0.084
2020-12-12 17:00:00+00:00,0.0,4.21708285932541,4.21708285932541,0.0,0.0,True,,,0.4,0.18,0.084
2020-12-12 18:00:00+00:00,0.0,2.931660170118014,2.931660170118014,0.0,0.0,True,,,0.4,0.18,0.084
2020-12-12 19:00:00+00:00,0.0,1.994320884754924,1.994320884754924,0.0,0.0,True,,,0.4,0.18,0.084
2020-12-12 20:00:00+00:00,0.0,0.7341000553210574,0.7341000553210574,0.0,0.0,True,,,0.2,0.07,0.084
2020-12-12 21:00:00+00:00,0.0,0.9443068331877386,0.9443068331877386,0.0,0.0,True,,,0.2,0.07,0.084
2020-12-12 22:00:00+00:00,0.0,0.18138355573813145,0.18138355573813145,0.0,0.0,True,,,0.2,0.07,0.084
2020-12-12 23:00:00+00:00,0.0,0.16218477781613672,0.16218477781613672,0.0,0.0,True,,,0.2,0.07,0.084
2020-12-13 00:00:00+00:00,0.0,0.11506675014760752,0.11506675014760752,0.0,0.0,True,,,0.2,0.07,0.084
2020-12-13 01:00:00+00:00,0.0,0.21590266676478906,0.21590266676478906,0.0,0.0,True,,,0.2,0.07,0.084
2020-12-13 02:00:00+00:00,0.0,0.4781846381955674,0.4781846381955674,0.0,0.0,True,,,0.2,0.07,0.084
2020-12-13 03:00:00+00:00,0.0,1.0099010568963158,1.0099010568963158,0.0,0.0,True,,,0.2,0.07,0.084
2020-12-13 04:00:00+00:00,0.0,1.280302222320769,1.280302222320769,0.0,0.0,True,,,0.2,0.07,0.084
2020-12-13 05:00:00+00:00,0.0,0.9850415306011838,0.9850415306011838,0.0,0.0,True,,,0.3,0.1,0.084
2020-12-13 06:00:00+00:00,0.0,1.3766049725188145,1.3766049725188145,0.0,0.0,True,,,0.3,0.1,0.084
2020-12-13 07:00:00+00:00,0.0,4.746714144309363,4.746714144309363,0.0,0.0,True,,,0.3,0.1,0.084
2020-12-13 08:00:00+00:00,0.0,2.934389081295788,2.934389081295788,0.0,0.0,True,,,0.3,0.1,0.084
2020-12-13 09:00:00+00:00,0.0,2.6766014696480207,2.6766014696480207,0.0,0.0,True,,,0.3,0.1,0.084
2020-12-13 10:00:00+00:00,0.0,1.6439757694979755,1.6439757694979755,0.0,0.0,True,,,0.3,0.1,0.084
2020-12-13 11:00:00+00:00,0.0,3.149132597544918,3.149132597544918,0.0,0.0,True,,,0.3,0.1,0.084
2020-12-13 12:00:00+00:00,0.0,3.227248055565858,3.227248055565858,0.0,0.0,True,,,0.3,0.1,0.084
2020-12-13 13:00:00+00:00,0.0,2.2254877516390277,2.2254877516390277,0.0,0.0,True,,,0.3,0.1,0.084
2020-12-13 14:00:00+00:00,0.0,1.593857332054408,1.593857332054408,0.0,0.0,True,,,0.3,0.1,0.084
2020-12-13 15:00:00+00:00,0.0,2.6454151041656613,2.6454151041656613,0.0,0.0,True,,,0.3,0.1,0.084
2020-12-13 16:00:00+00:00,0.0,3.759733887585005,3.759733887585005,0.0,0.0,True,,,0.4,0.18,0.084
2020-12-13 17:00:00+00:00,0.0,2.367789779350491,2.367789779350491,0.0,0.0,True,,,0.4,0.18,0.084
2020-12-13 18:00:00+00:00,0.0,2.84235093773471,2.84235093773471,0.0,0.0,True,,,0.4,0.18,0.084
2020-12-13 19:00:00+00:00,0.0,1.174003165136444,1.174003165136444,0.0,0.0,True,,,0.4,0.18,0.084
2020-12-13 20:00:00+00:00,0.0,0.22761994438701189,0.22761994438701189,0.0,0.0,True,,,0.2,0.07,0.084
2020-12-13 21:00:00+00:00,0.0,1.4034716939528784,1.4034716939528784,0.0,0.0,True,,,0.2,0.07,0.084
2020-12-13 22:00:00+00:00,0.0,0.6989390267743013,0.6989390267743013,0.0,0.0,True,,,0.2,0.07,0.084
2020-12-13 23:00:00+00:00,0.0,0.5285793312364152,0.5285793312364152,0.0,0.0,True,,,0.2,0.07,0.084
2020-12-14 00:00:00+00:00,0.0,0.4945081938240254,0.4945081938240254,0.0,0.0,True,,,0.2,0.07,0.084
2020-12-14 01:00:00+00:00,0.0,0.5833612275573951,0.5833612275573951,0.0,0.0,True,,,0.2,0.07,0.084
2020-12-14 02:00:00+00:00,0.0,2.1153960019800384,2.1153960019800384,0.0,0.0,True,,,0.2,0.07,0.084
2020-12-14 03:00:00+00:00,0.0,0.940019975792038,0.940019975792038,0.0,0.0,True,,,0.2,0.07,0.084
2020-12-14 04:00:00+00:00,0.0,0.6193415537436809,0.6193415537436809,0.0,0.0,True,,,0.2,0.07,0.084
2020-12-14 05:00:00+00:00,0.0,1.1645478327088887,1.1645478327088887,0.0,0.0,True,,,0.3,0.1,0.084
2020-12-14 06:00:00+00:00,0.0,1.2189949409352414,1.2189949409352414,0.0,0.0,True,,,0.3,0.1,0.084
2020-12-14 07:00:00+00:00,0.0,2.810675947272274,2.810675947272274,0.0,0.0,True,,,0.3,0.1,0.084
2020-12-14 08:00:00+00:00,0.0,1.7389963877799426,1.7389963877799426,0.0,0.0,True,,,0.3,0.1,0.084
2020-12-14 09:00:00+00:00,-0.38205238371927663,0.0,-0.38205238371927663,0.0,0.3744113360448911,True,,,0.3,0.1,0.084
2020-12-14 10:00:00+00:00,0.36692310932399325,0.6094111841677274,0.9763342934917207,0.3744113360448911,0.0,True,,,0.3,0.1,0.084
2020-12-14 11:00:00+00:00,0.0,0.74652283784247,0.74652283784247,0.0,0.0,True,,,0.3,0.1,0.084
2020-12-14 12:00:00+00:00,0.0,0.9643960867325468,0.9643960867325468,0.0,0.0,True,,,0.3,0.1,0.084
2020-12-14 13:00:00+00:00,0.0,1.0116591733636533,1.0116591733636533,0.0,0.0,True,,,0.3,0.1,0.084
2020-12-14 14:00:00+00:00,0.0,2.968590189330239,2.968590189330239,0.0,0.0,True,,,0.3,0.1,0.084
2020-12-14 15:00:00+00:00,0.0,3.148621195243234,3.148621195243234,0.0,0.0,True,,,0.3,0.1,0.084
2020-12-14 16:00:00+00:00,0.0,2.5343483871354002,2.5343483871354002,0.0,0.0,True,,,0.4,0.18,0.084
2020-12-14 17:00:00+00:00,0.0,3.2413333617581275,3.2413333617581275,0.0,0.0,True,,,0.4,0.18,0.084
2020-12-14 18:00:00+00:00,0.0,1.826418088425531,1.826418088425531,0.0,0.0,True,,,0.4,0.18,0.084
2020-12-14 19:00:00+00:00,0.0,0.6759619703743195,0.6759619703743195,0.0,0.0,True,,,0.4,0.18,0.084
2020-12-14 20:00:00+00:00,0.0,0.4397697497606278,0.4397697497606278,0.0,0.0,True,,,0.2,0.07,0.084
2020-12-14 21:00:00+00:00,0.0,0.19825177725950885,0.19825177725950885,0.0,0.0,True,,,0.2,0.07,0.084
2020-12-14 22:00:00+00:00,0.0,2.7811188091595986,2.7811188091595986,0.0,0.0,True,,,0.2,0.07,0.084
2020-12-14 23:00:00+00:00,0.0,0.11381552787621829,0.11381552787621829,0.0,0.0,True,,,0.2,0.07,0.084
2020-12-15 00:00:00+00:00,0.0,0.152069583129883,0.152069583129883,0.0,0.0,True,,,0.2,0.07,0.084
2020-12-15 01:00:00+00:00,0.0,0.16554291706615043,0.16554291706615043,0.0,0.0,True,,,0.2,0.07,0.084
2020-12-15 02:00:00+00:00,0.0,1.8106760125398635,1.8106760125398635,0.0,0.0,True,,,0.2,0.07,0.084
2020-12-15 03:00:00+00:00,0.0,0.2014390553633372,0.2014390553633372,0.0,0.0,True,,,0.2,0.07,0.084
2020-12-15 04:00:00+00:00,0.0,0.13811575036313797,0.13811575036313797,0.0,0.0,True,,,0.2,0.07,0.084
2020-12-15 05:00:00+00:00,0.0,0.535785084819794,0.535785084819794,0.0,0.0,True,,,0.3,0.1,0.084
2020-12-15 06:00:00+00:00,0.0,3.447797199702262,3.447797199702262,0.0,0.0,True,,,0.3,0.1,0.084
2020-12-15 07:00:00+00:00,0.0,1.729487264743984,1.729487264743984,0.0,0.0,True,,,0.3,0.1,0.084
2020-12-15 08:00:00+00:00,0.0,0.5808870482809237,0.5808870482809237,0.0,0.0,True,,,0.3,0.1,0.084
2020-12-15 09:00:00+00:00,-0.12918161994908456,0.0,-0.12918161994908456,0.0,0.12659798755010288,True,,,0.3,0.1,0.084
2020-12-15 10:00:00+00:00,0.12406602779910081,1.2508852983853362,1.374951326184437,0.12659798755010288,0.0,True,,,0.3,0.1,0.084
2020-12-15 11:00:00+00:00,0.0,0.793818782615936,0.793818782615936,0.0,0.0,True,,,0.3,0.1,0.084
2020-12-15 12:00:00+00:00,0.0,2.2725708141832954,2.2725708141832954,0.0,0.0,True,,,0.3,0.1,0.084
2020-12-15 13:00:00+00:00,0.0,2.32637738441672,2.32637738441672,0.0,0.0,True,,,0.3,0.1,0.084
2020-12-15 14:00:00+00:00,0.0,2.3738222388454795,2.3738222388454795,0.0,0.0,True,,,0.3,0.1,0.084
2020-12-15 15:00:00+00:00,0.0,4.044727656688087,4.044727656688087,0.0,0.0,True,,,0.3,0.1,0.084
2020-12-15 16:00:00+00:00,0.0,3.842170616412163,3.842170616412163,0.0,0.0,True,,,0.4,0.18,0.084
2020-12-15 17:00:00+00:00,0.0,2.998353438207836,2.998353438207836,0.0,0.0,True,,,0.4,0.18,0.084
2020-12-15 18:00:00+00:00,0.0,1.7250148370716327,1.7250148370716327,0.0,0.0,True,,,0.4,0.18,0.084
2020-12-15 19:00:00+00:00,0.0,0.7868752487262101,0.7868752487262101,0.0,0.0,True,,,0.4,0.18,0.084
2020-12-15 20:00:00+00:00,0.0,0.6360253364668949,0.6360253364668949,0.0,0.0,True,,,0.2,0.07,0.084
2020-12-15 21:00:00+00:00,0.0,0.2436317223522397,0.2436317223522397,0.0,0.0,True,,,0.2,0.07,0.084
2020-12-15 22:00:00+00:00,0.0,0.21971238948769045,0.21971238948769045,0.0,0.0,True,,,0.2,0.07,0.084
2020-12-15 23:00:00+00:00,0.0,0.19054072229067484,0.19054072229067484,0.0,0.0,True,,,0.2,0.07,0.084
2020-12-16 00:00:00+00:00,0.0,0.1540018609656229,0.1540018609656229,0.0,0.0,True,,,0.2,0.07,0.084
2020-12-16 01:00:00+00:00,0.0,0.44713616658846495,0.44713616658846495,0.0,0.0,True,,,0.2,0.07,0.084
2020-12-16 02:00:00+00:00,0.0,2.048791189365917,2.048791189365917,0.0,0.0,True,,,0.2,0.07,0.084
2020-12-16 03:00:00+00:00,0.0,0.15371213890446564,0.15371213890446564,0.0,0.0,True,,,0.2,0.07,0.084
2020-12-16 04:00:00+00:00,0.0,2.3848117762353693,2.3848117762353693,0.0,0.0,True,,,0.2,0.07,0.084
2020-12-16 05:00:00+00:00,0.0,0.18800361085997686,0.18800361085997686,0.0,0.0,True,,,0.3,0.1,0.084
2020-12-16 06:00:00+00:00,0.0,0.8910839155117676,0.8910839155117676,0.0,0.0,True,,,0.3,0.1,0.084
2020-12-16 07:00:00+00:00,0.0,1.2283231052532055,1.2283231052532055,0.0,0.0,True,,,0.3,0.1,0.084
2020-12-16 08:00:00+00:00,0.0,1.5449538715952662,1.5449538715952662,0.0,0.0,True,,,0.3,0.1,0.084
2020-12-16 09:00:00+00:00,0.0,2.755865705141437,2.755865705141437,0.0,0.0,True,,,0.3,0.1,0.084
2020-12-16 10:00:00+00:00,0.0,1.4491143960413804,1.4491143960413804,0.0,0.0,True,,,0.3,0.1,0.084
2020-12-16 11:00:00+00:00,0.0,2.240982275689241,2.240982275689241,0.0,0.0,True,,,0.3,0.1,0.084
2020-12-16 12:00:00+00:00,0.0,2.082467820317993,2.082467820317993,0.0,0.0,True,,,0.3,0.1,0.084
2020-12-16 13:00:00+00:00,0.0,1.1829158890852056,1.1829158890852056,0.0,0.0,True,,,0.3,0.1,0.084
2020-12-16 14:00:00+00:00,0.0,2.908404641454887,2.908404641454887,0.0,0.0,True,,,0.3,0.1,0.084
2020-12-16 15:00:00+00:00,0.0,3.3874926902366345,3.3874926902366345,0.0,0.0,True,,,0.3,0.1,0.084
2020-12-16 16:00:00+00:00,0.0,3.6919825615247093,3.6919825615247093,0.0,0.0,True,,,0.4,0.18,0.084
2020-12-16 17:00:00+00:00,0.0,3.7211860002093835,3.7211860002093835,0.0,0.0,True,,,0.4,0.18,0.084
2020-12-16 18:00:00+00:00,0.0,0.8445657228151957,0.8445657228151957,0.0,0.0,True,,,0.4,0.18,0.084
2020-12-16 19:00:00+00:00,0.0,0.4738006098402871,0.4738006098402871,0.0,0.0,True,,,0.4,0.18,0.084
2020-12-16 20:00:00+00:00,0.0,0.7000923864126196,0.7000923864126196,0.0,0.0,True,,,0.2,0.07,0.084
2020-12-16 21:00:00+00:00,0.0,0.25071661083698243,0.25071661083698243,0.0,0.0,True,,,0.2,0.07,0.084
2020-12-16 22:00:00+00:00,0.0,0.19949402771261,0.19949402771261,0.0,0.0,True,,,0.2,0.07,0.084
2020-12-16 23:00:00+00:00,0.0,0.11418702772193488,0.11418702772193488,0.0,0.0,True,,,0.2,0.07,0.084
2020-12-17 00:00:00+00:00,0.0,0.5026036362859939,0.5026036362859939,0.0,0.0,True,,,0.2,0.07,0.084
2020-12-17 01:00:00+00:00,0.0,0.13241572229067486,0.13241572229067486,0.0,0.0,True,,,0.2,0.07,0.084
2020-12-17 02:00:00+00:00,0.0,2.039057277848986,2.039057277848986,0.0,0.0,True,,,0.2,0.07,0.084
2020-12-17 03:00:00+00:00,0.0,0.19226430561012722,0.19226430561012722,0.0,0.0,True,,,0.2,0.07,0.084
2020-12-17 04:00:00+00:00,0.0,0.12267088871002192,0.12267088871002192,0.0,0.0,True,,,0.2,0.07,0.084
2020-12-17 05:00:00+00:00,0.0,0.7396673887835601,0.7396673887835601,0.0,0.0,True,,,0.3,0.1,0.084
2020-12-17 06:00:00+00:00,0.0,2.847558811288411,2.847558811288411,0.0,0.0,True,,,0.3,0.1,0.084
2020-12-17 07:00:00+00:00,0.0,2.2041474271102888,2.2041474271102888,0.0,0.0,True,,,0.3,0.1,0.084
2020-12-17 08:00:00+00:00,0.0,1.5201812043551735,1.5201812043551735,0.0,0.0,True,,,0.3,0.1,0.084
2020-12-17 09:00:00+00:00,0.0,0.7237986348368662,0.7237986348368662,0.0,0.0,True,,,0.3,0.1,0.084
2020-12-17 10:00:00+00:00,0.0,0.7358417831004341,0.7358417831004341,0.0,0.0,True,,,0.3,0.1,0.084
2020-12-17 11:00:00+00:00,0.0,0.14583963031668296,0.14583963031668296,0.0,0.0,True,,,0.3,0.1,0.084
2020-12-17 12:00:00+00:00,0.0,0.4558451539287166,0.4558451539287166,0.0,0.0,True,,,0.3,0.1,0.084
2020-12-17 13:00:00+00:00,0.0,0.7425899186243959,0.7425899186243959,0.0,0.0,True,,,0.3,0.1,0.084
2020-12-17 14:00:00+00:00,0.0,2.434093453776516,2.434093453776516,0.0,0.0,True,,,0.3,0.1,0.084
2020-12-17 15:00:00+00:00,0.0,4.178137915820547,4.178137915820547,0.0,0.0,True,,,0.3,0.1,0.084
2020-12-17 16:00:00+00:00,0.0,2.2778213613933995,2.2778213613933995,0.0,0.0,True,,,0.4,0.18,0.084
2020-12-17 17:00:00+00:00,0.0,1.5817898609744172,1.5817898609744172,0.0,0.0,True,,,0.4,0.18,0.084
2020-12-17 18:00:00+00:00,0.0,1.5800981138997594,1.5800981138997594,0.0,0.0,True,,,0.4,0.18,0.084
2020-12-17 19:00:00+00:00,0.0,1.4346108574840761,1.4346108574840761,0.0,0.0,True,,,0.4,0.18,0.084
2020-12-17 20:00:00+00:00,0.0,2.6969774732245337,2.6969774732245337,0.0,0.0,True,,,0.2,0.07,0.084
2020-12-17 21:00:00+00:00,0.0,0.3319446104447046,0.3319446104447046,0.0,0.0,True,,,0.2,0.07,0.084
2020-12-17 22:00:00+00:00,0.0,0.2567251665539216,0.2567251665539216,0.0,0.0,True,,,0.2,0.07,0.084
2020-12-17 23:00:00+00:00,0.0,0.2746618606805801,0.2746618606805801,0.0,0.0,True,,,0.2,0.07,0.084
2020-12-18 00:00:00+00:00,0.0,0.14764774984518694,0.14764774984518694,0.0,0.0,True,,,0.2,0.07,0.084
2020-12-18 01:00:00+00:00,0.0,0.8732398610247508,0.8732398610247508,0.0,0.0,True,,,0.2,0.07,0.084
2020-12-18 02:00:00+00:00,0.0,1.1961272268745629,1.1961272268745629,0.0,0.0,True,,,0.2,0.07,0.084
2020-12-18 03:00:00+00:00,0.0,0.4783553046570886,0.4783553046570886,0.0,0.0,True,,,0.2,0.07,0.084
2020-12-18 04:00:00+00:00,0.0,0.19141838861041618,0.19141838861041618,0.0,0.0,True,,,0.2,0.07,0.084
2020-12-18 05:00:00+00:00,0.0,0.1369363888131245,0.1369363888131245,0.0,0.0,True,,,0.3,0.1,0.084
2020-12-18 06:00:00+00:00,0.0,2.0720010816335694,2.0720010816335694,0.0,0.0,True,,,0.3,0.1,0.084
2020-12-18 07:00:00+00:00,0.0,1.964220216919544,1.964220216919544,0.0,0.0,True,,,0.3,0.1,0.084
2020-12-18 08:00:00+00:00,-0.31339387116678846,0.0,-0.31339387116678846,0.0,0.3071259937434527,True,,,0.3,0.1,0.084
2020-12-18 09:00:00+00:00,-2.1070843516233784,0.0,-2.1070843516233784,0.3071259937434527,2.372068658334363,True,,,0.3,0.1,0.084
2020-12-18 10:00:00+00:00,-2.2117558068513867,0.0,-2.2117558068513867,2.372068658334363,4.539589349048722,True,,,0.3,0.1,0.084
2020-12-18 11:00:00+00:00,-2.122504042999132,0.0,-2.122504042999132,4.539589349048722,6.619643311187871,True,,,0.3,0.1,0.084
2020-12-18 12:00:00+00:00,1.9074764541374756,0.0,1.9074764541374756,6.619643311187871,4.67323876614963,True,,,0.3,0.1,0.084
2020-12-18 13:00:00+00:00,-0.23580699761334278,0.0,-0.23580699761334278,4.67323876614963,4.904329623810706,True,,,0.3,0.1,0.084
2020-12-18 14:00:00+00:00,1.0874203416475379,0.0,1.0874203416475379,4.904329623810706,3.7947170302928104,True,,,0.3,0.1,0.084
2020-12-18 15:00:00+00:00,2.8244782770727794,0.0,2.8244782770727794,3.7947170302928104,0.912596339402219,True,,,0.3,0.1,0.084
2020-12-18 16:00:00+00:00,0.8943444126141745,1.3859996993264199,2.2803441119405945,0.912596339402219,0.0,True,,,0.4,0.18,0.084
2020-12-18 17:00:00+00:00,0.0,2.9108666355080075,2.9108666355080075,0.0,0.0,True,,,0.4,0.18,0.084
2020-12-18 18:00:00+00:00,0.0,2.2036674795945483,2.2036674795945483,0.0,0.0,True,,,0.4,0.18,0.084
2020-12-18 19:00:00+00:00,0.0,0.5829348857720689,0.5829348857720689,0.0,0.0,True,,,0.4,0.18,0.084
2020-12-18 20:00:00+00:00,0.0,1.0392794776439656,1.0392794776439656,0.0,0.0,True,,,0.2,0.07,0.084
2020-12-18 21:00:00+00:00,0.0,0.27374124984211384,0.27374124984211384,0.0,0.0,True,,,0.2,0.07,0.084
2020-12-18 22:00:00+00:00,0.0,0.2785962772369389,0.2785962772369389,0.0,0.0,True,,,0.2,0.07,0.084
2020-12-18 23:00:00+00:00,0.0,0.24313463896380524,0.24313463896380524,0.0,0.0,True,,,0.2,0.07,0.084
2020-12-19 00:00:00+00:00,0.0,0.1865659444941417,0.1865659444941417,0.0,0.0,True,,,0.2,0.07,0.084
2020-12-19 01:00:00+00:00,0.0,0.14667563898828304,0.14667563898828304,0.0,0.0,True,,,0.2,0.07,0.084
2020-12-19 02:00:00+00:00,0.0,0.18436105549070567,0.18436105549070567,0.0,0.0,True,,,0.2,0.07,0.084
2020-12-19 03:00:00+00:00,0.0,1.7594688100867804,1.7594688100867804,0.0,0.0,True,,,0.2,0.07,0.084
2020-12-19 04:00:00+00:00,0.0,2.8583242412434644,2.8583242412434644,0.0,0.0,True,,,0.2,0.07,0.084
2020-12-19 05:00:00+00:00,0.0,0.16149755561086881,0.16149755561086881,0.0,0.0,True,,,0.3,0.1,0.084
2020-12-19 06:00:00+00:00,0.0,0.13337980545626743,0.13337980545626743,0.0,0.0,True,,,0.3,0.1,0.084
2020-12-19 07:00:00+00:00,0.0,2.3020650587714035,2.3020650587714035,0.0,0.0,True,,,0.3,0.1,0.084
2020-12-19 08:00:00+00:00,0.0,1.762228257582927,1.762228257582927,0.0,0.0,True,,,0.3,0.1,0.084
2020-12-19 09:00:00+00:00,-0.6669386432125176,0.0,-0.6669386432125176,0.0,0.6535998703482673,True,,,0.3,0.1,0.084
2020-12-19 10:00:00+00:00,-1.1580765427870783,0.0,-1.1580765427870783,0.6535998703482673,1.788514882279604,True,,,0.3,0.1,0.084
2020-12-19 11:00:00+00:00,-2.3588136792858885,0.0,-2.3588136792858885,1.788514882279604,4.100152287979775,True,,,0.3,0.1,0.084
2020-12-19 12:00:00+00:00,-2.7800072499570256,0.0,-2.7800072499570256,4.100152287979775,6.82455939293766,True,,,0.3,0.1,0.084
2020-12-19 13:00:00+00:00,-2.252848204590261,0.0,-2.252848204590261,6.82455939293766,9.032350633436115,True,,,0.3,0.1,0.084
2020-12-19 14:00:00+00:00,0.5184278444787995,0.0,0.5184278444787995,9.032350633436115,8.503342628865912,True,,,0.3,0.1,0.084
2020-12-19 15:00:00+00:00,0.8264926348039469,0.0,0.8264926348039469,8.503342628865912,7.6599827974333135,True,,,0.3,0.1,0.084
2020-12-19 16:00:00+00:00,0.29444761158360394,0.0,0.29444761158360394,7.6599827974333135,7.359526050919432,True,,,0.4,0.18,0.084
2020-12-19 17:00:00+00:00,5.0,1.849255177900523,6.849255177900523,7.359526050919432,2.2574852345929015,True,,,0.4,0.18,0.084
2020-12-19 18:00:00+00:00,1.2308736151748219,0.0,1.2308736151748219,2.2574852345929015,1.0014917497206344,True,,,0.4,0.18,0.084
2020-12-19 19:00:00+00:00,0.5940017217848037,0.0,0.5940017217848037,1.0014917497206344,0.3953675438177734,True,,,0.4,0.18,0.084
2020-12-19 20:00:00+00:00,0.33382038991451246,0.0,0.33382038991451246,0.3953675438177734,0.05473449288459742,True,,,0.2,0.07,0.084
2020-12-19 21:00:00+00:00,0.05363980302690547,0.2196384744391271,0.27327827746603256,0.05473449288459742,0.0,True,,,0.2,0.07,0.084
2020-12-19 22:00:00+00:00,0.0,0.2845637496444917,0.2845637496444917,0.0,0.0,True,,,0.2,0.07,0.084
2020-12-19 23:00:00+00:00,0.0,0.24726199917263453,0.24726199917263453,0.0,0.0,True,,,0.2,0.07,0.084
2020-12-20 00:00:00+00:00,0.0,0.13157977756659223,0.13157977756659223,0.0,0.0,True,,,0.2,0.07,0.084
2020-12-20 01:00:00+00:00,0.0,0.21278886098596786,0.21278886098596786,0.0,0.0,True,,,0.2,0.07,0.084
2020-12-20 02:00:00+00:00,0.0,0.2947438050455519,0.2947438050455519,0.0,0.0,True,,,0.2,0.07,0.084
2020-12-20 03:00:00+00:00,0.0,0.26322991684012964,0.26322991684012964,0.0,0.0,True,,,0.2,0.07,0.084
