timestamp,action,pb,pg,gt,soe_now,soe_new,pb_mpc,pg_mpc,solver_ok,solver_status,solver_error,import_price,export_price,c_bat_deg
2020-07-20 04:00:00+00:00,-0.07656687904534618,-0.07656687904534618,-0.018415660096243028,-0.0949825391415892,4.0,4.075035541464439,-2.3390375697912135e-07,-0.018415660096243024,True,ok,,0.3,0.1,0.084
2020-07-20 05:00:00+00:00,0.2376445045998563,0.2376445045998563,-0.4508199860924799,-0.2131754814926236,4.075035541464439,3.832541149015606,-2.3390752006629114e-07,-0.4508199860924799,True,ok,,0.3,0.1,0.084
2020-07-20 06:00:00+00:00,0.41720733993438747,0.41720733993438747,-0.88009976609239,-0.4628924261580026,3.832541149015606,3.4068193735723535,-2.3390760992741824e-07,-0.88009976609239,True,ok,,0.3,0.1,0.084
2020-07-20 07:00:00+00:00,1.0087400732403007,1.0087400732403007,-1.4386871660923086,-0.4299470928520079,3.4068193735723535,2.3774927682251077,-2.3390769139611495e-07,-1.4386871660923086,True,ok,,0.3,0.1,0.084
2020-07-20 08:00:00+00:00,1.2233961149209513,1.2233961149209513,-1.7915297660921936,-0.5681336511712423,2.3774927682251077,1.1291293856527083,-2.3390780654464093e-07,-1.7915297660921936,True,ok,,0.3,0.1,0.084
2020-07-20 09:00:00+00:00,0.5587730213457347,0.5587730213457347,-1.7963901660915287,-1.237617144745794,1.1291293856527083,0.5589528332591014,-2.33908471215941e-07,-1.7963901660915287,True,ok,,0.3,0.1,0.084
2020-07-20 10:00:00+00:00,0.4702670342190327,0.4702670342190327,-1.9060762783276897,-1.435809244108657,0.5589528332591014,0.07908851262743533,-0.4811107216723103,-1.9060762783276897,True,ok,,0.3,0.1,0.084
2020-07-20 11:00:00+00:00,0.07750674237488661,0.07750674237488661,-1.5459421744624853,-1.4684354320875987,0.07908851262743533,0.0,-0.5418166231282847,-2.1726477768717154,True,ok,,0.3,0.1,0.084
2020-07-20 12:00:00+00:00,-1.5996575820019316,-1.5996575820019316,-1.7742110576901045,-3.373868639692036,0.0,1.567664430361893,-1.1621117423098957,-1.7742110576901045,True,ok,,0.3,0.1,0.084
2020-07-20 13:00:00+00:00,0.12089032891741835,0.12089032891741835,-3.4687785083435934,-3.347888179426175,1.567664430361893,1.4443069518747313,-0.06474049165640632,-3.4687785083435934,True,ok,,0.3,0.1,0.084
2020-07-20 14:00:00+00:00,-0.3733153812153476,-0.3733153812153476,-3.1431047660903566,-3.516420147305704,1.4443069518747313,1.810156025465772,-2.3390964301649346e-07,-3.1431047660903566,True,ok,,0.3,0.1,0.084
2020-07-20 15:00:00+00:00,-0.5429365791541039,-0.5429365791541039,-2.361327089619536,-2.90426366877364,1.810156025465772,2.3422338730367938,8.961953575611304e-08,-2.361327089619536,True,ok,,0.4,0.18,0.084
2020-07-20 16:00:00+00:00,1.0652321881638989,1.0652321881638989,-1.7024652700364258,-0.6372330818725269,2.3422338730367938,1.2552622524613868,0.005923670036425814,-1.7024652700364258,True,ok,,0.4,0.18,0.084
2020-07-20 17:00:00+00:00,0.3558760480071929,0.3558760480071929,-0.6986909896189762,-0.34281494161178333,1.2552622524613868,0.8921234279642511,8.961897618405828e-08,-0.6986909896189762,True,ok,,0.4,0.18,0.084
2020-07-20 18:00:00+00:00,0.4264516259129456,0.4264516259129456,-0.3603887296186076,0.06606289629433805,0.8921234279642511,0.45696870764491887,8.961860759405726e-08,-0.3603887296186076,True,ok,,0.4,0.18,0.084
2020-07-20 19:00:00+00:00,-0.016243109535123118,-0.016243109535123118,0.1560747770964897,0.13983166756136658,0.45696870764491887,0.4728869549893395,-0.018532477096489707,0.1560747770964897,True,ok,,0.2,0.07,0.084
2020-07-20 20:00:00+00:00,-0.03373416434566562,-0.03373416434566562,0.13202802548581097,0.09829386114014535,0.4728869549893395,0.5059464360480919,0.01438231451418902,0.13202802548581097,True,ok,,0.2,0.07,0.084
2020-07-20 21:00:00+00:00,0.07691937389883959,0.07691937389883959,0.1110750982471946,0.18799447214603418,0.5059464360480919,0.42745727900845965,0.03980906175280541,0.1110750982471946,True,ok,,0.2,0.07,0.084
2020-07-20 22:00:00+00:00,0.06942761843404224,0.06942761843404224,-3.525615781263536e-08,0.06942758317788443,0.42745727900845965,0.3566127704022941,-0.025843592743842188,-3.5256157813907635e-08,True,ok,,0.2,0.07,0.084
2020-07-20 23:00:00+00:00,0.13155082144890035,0.13155082144890035,-9.90326583238943e-08,0.13155072241624202,0.3566127704022941,0.22237723831157946,-0.24665609096734167,-9.903265832653681e-08,True,ok,,0.2,0.07,0.084
2020-07-21 00:00:00+00:00,0.10602763545111088,0.10602763545111088,2.25675153023297e-07,0.1060278611262639,0.22237723831157946,0.11418577356554795,0.05573768932484697,2.256751530294215e-07,True,ok,,0.2,0.07,0.084
2020-07-21 01:00:00+00:00,0.0025920544032869003,0.0025920544032869003,0.09812008457270435,0.10071213897599125,0.11418577356554795,0.1115408200928062,-0.0013298645727043484,0.09812008457270435,True,ok,,0.2,0.07,0.084
2020-07-21 02:00:00+00:00,0.01262088236589573,0.01262088236589573,0.18554145105104322,0.19816233341693895,0.1115408200928062,0.09866236869903505,-0.10842292105104322,0.18554145105104322,True,ok,,0.2,0.07,0.084
2020-07-21 03:00:00+00:00,-0.061307237026741845,-0.061307237026741845,0.1352682983661933,0.07396106133945146,0.09866236869903505,0.15874346098524206,0.022596081633806706,0.1352682983661933,True,ok,,0.2,0.07,0.084
2020-07-21 04:00:00+00:00,-0.026599017412191065,-0.026599017412191065,-1.0441350704187835e-08,-0.02659902785354177,0.15874346098524206,0.1848104980491893,0.005537241841350703,-1.044135070350939e-08,True,ok,,0.3,0.1,0.084
2020-07-21 05:00:00+00:00,-0.12244041210218082,-0.12244041210218082,-0.3136671961806138,-0.4361076082827946,0.1848104980491893,0.3048021019093265,-0.14976456381938621,-0.3136671961806138,True,ok,,0.3,0.1,0.084
2020-07-21 06:00:00+00:00,-0.8861186387269349,-0.8861186387269349,-0.8152810986131627,-1.7013997373400975,0.3048021019093265,1.1731983678617226,-0.1209828013868374,-0.8152810986131627,True,ok,,0.3,0.1,0.084
2020-07-21 07:00:00+00:00,-2.8834440288494374,-2.8834440288494374,0.0,-2.8834440288494374,1.1731983678617226,3.9989735161341713,0.0,0.0,False,error1,fallback_decision,0.3,0.1,0.084
2020-07-21 08:00:00+00:00,-0.476242765858776,-0.476242765858776,-2.7343481660924476,-3.2105909319512236,3.9989735161341713,4.465691426675772,-2.3390755228510954e-07,-2.7343481660924476,True,ok,,0.3,0.1,0.084
2020-07-21 09:00:00+00:00,-0.4486839080297793,-0.4486839080297793,-3.575183566092469,-4.023867474122248,4.465691426675772,4.905401656544956,-2.3390753085319664e-07,-3.575183566092469,True,ok,,0.3,0.1,0.084
2020-07-21 10:00:00+00:00,-0.06907457404371442,-0.06907457404371442,-4.068333466092499,-4.137408040136213,4.905401656544956,4.973094739107796,-2.3390750166611012e-07,-4.068333466092499,True,ok,,0.3,0.1,0.084
2020-07-21 11:00:00+00:00,1.0193296136138232,1.0193296136138232,-4.257123266092495,-3.2377936524786715,4.973094739107796,3.9329624803181806,-2.3390750505009613e-07,-4.257123266092495,True,ok,,0.3,0.1,0.084
2020-07-21 12:00:00+00:00,1.6697900030122317,1.6697900030122317,-4.408643366092457,-2.7388533630802256,3.9329624803181806,2.2290951303056996,-2.3390754304471888e-07,-4.408643366092457,True,ok,,0.3,0.1,0.084
2020-07-21 13:00:00+00:00,-1.0153432086946856,-1.0153432086946856,-3.9192570660922272,-4.934600274786913,2.2290951303056996,3.2241314748264918,-2.3390777336951318e-07,-3.9192570660922272,True,ok,,0.3,0.1,0.084
2020-07-21 14:00:00+00:00,-1.3797760691143406,-1.3797760691143406,-2.188352266092104,-3.5681283352064446,3.2241314748264918,4.576312022558545,-2.339078963673479e-07,-2.188352266092104,True,ok,,0.3,0.1,0.084
2020-07-21 15:00:00+00:00,-0.3848647100890794,-0.3848647100890794,-2.10202278785979,-2.4868874979488695,4.576312022558545,4.953479438445843,0.3588960878597902,-2.10202278785979,True,ok,,0.4,0.18,0.084
2020-07-21 16:00:00+00:00,0.8108756265064307,0.8108756265064307,-1.5735492509732742,-0.7626736244668435,4.953479438445843,4.126055329765812,0.2241057509732743,-1.5735492509732742,True,ok,,0.4,0.18,0.084
2020-07-21 17:00:00+00:00,0.39490753421306846,0.39490753421306846,-0.640628151109559,-0.24572061689649052,4.126055329765812,3.7230884581198236,0.14095792110955896,-0.640628151109559,True,ok,,0.4,0.18,0.084
2020-07-21 18:00:00+00:00,0.3834319320490766,0.3834319320490766,-0.3509767696237431,0.03245516242533351,3.7230884581198236,3.3318313846003575,0.1761042696237431,-0.3509767696237431,True,ok,,0.4,0.18,0.084
2020-07-21 19:00:00+00:00,0.12863854974922867,0.12863854974922867,1.0251433590902082e-07,0.12863865226356458,3.3318313846003575,3.2005675583256346,0.2696703674856641,1.0251433590610006e-07,True,ok,,0.2,0.07,0.084
2020-07-21 20:00:00+00:00,0.1698107863881434,0.1698107863881434,1.0251420290430246e-07,0.1698108889023463,3.2005675583256346,3.0272912456846717,0.07954127748579709,1.0251420291790693e-07,True,ok,,0.2,0.07,0.084
2020-07-21 21:00:00+00:00,0.10456625852624137,0.10456625852624137,1.0251429777285992e-07,0.10456636104053914,3.0272912456846717,2.9205909818823845,0.1659123074857022,1.0251429777121755e-07,True,ok,,0.2,0.07,0.084
2020-07-21 22:00:00+00:00,0.10231342539798431,0.10231342539798431,1.025145791727633e-07,0.10231352791256348,2.9205909818823845,2.8161895273946453,0.3914204274854208,1.0251457917691732e-07,True,ok,,0.2,0.07,0.084
2020-07-21 23:00:00+00:00,0.13832484184144206,0.13832484184144206,1.0251431070695816e-07,0.13832494435575277,2.8161895273946453,2.6750417295972553,0.3287656474856893,1.0251431071321909e-07,True,ok,,0.2,0.07,0.084
2020-07-22 00:00:00+00:00,0.061246425305878205,0.061246425305878205,1.0251428517876748e-07,0.061246527820163384,2.6750417295972553,2.6125453772443183,0.2844151174857148,1.0251428517802076e-07,True,ok,,0.2,0.07,0.084
2020-07-22 01:00:00+00:00,0.1932851826773829,0.1932851826773829,-9.90337876982661e-08,0.1932850836435952,2.6125453772443183,2.4153155990020907,-0.07740896096621229,-9.90337877091605e-08,True,ok,,0.2,0.07,0.084
2020-07-22 02:00:00+00:00,0.10309384904706168,0.10309384904706168,-9.90338161477311e-08,0.10309375001324553,2.4153155990020907,2.3101177938520276,-0.09869704096618385,-9.903381614750355e-08,True,ok,,0.2,0.07,0.084
2020-07-22 03:00:00+00:00,0.11901855216623644,0.11901855216623644,-9.90338152317971e-08,0.11901845313242121,2.3101177938520276,2.188670291641582,-0.3969219309661848,-9.903381522733769e-08,True,ok,,0.2,0.07,0.084
2020-07-22 04:00:00+00:00,-0.0613946990269511,-0.0613946990269511,-5.14640007692746e-09,-0.061394704173351175,2.188670291641582,2.248837096687994,0.03914807514640008,-5.146400075528634e-09,True,ok,,0.3,0.1,0.084
2020-07-22 05:00:00+00:00,-0.580083345025645,-0.580083345025645,-0.004391548649442911,-0.5844748936750879,2.248837096687994,2.817318774813126,-0.0043867103505570385,-0.004391548649442961,True,ok,,0.3,0.1,0.084
2020-07-22 06:00:00+00:00,-1.1289350387130823,-1.1289350387130823,-0.41015953697521756,-1.5390945756882999,2.817318774813126,3.9236751127519467,-0.2527647630247825,-0.41015953697521756,True,ok,,0.3,0.1,0.084
2020-07-22 07:00:00+00:00,-0.8786302535944381,-0.8786302535944381,-1.8440804045551724,-2.7227106581496106,3.9236751127519467,4.784732761274496,-0.12269649544482769,-1.8440804045551724,True,ok,,0.3,0.1,0.084
2020-07-22 08:00:00+00:00,0.337875283287552,0.337875283287552,-3.076374059338554,-2.738498776051002,4.784732761274496,4.4399620640423,-0.010681340661445904,-3.076374059338554,True,ok,,0.3,0.1,0.084
2020-07-22 09:00:00+00:00,1.902231955255174,1.902231955255174,-3.376512766092262,-1.474280810837088,4.4399620640423,2.4989090484757956,-2.3390773794646676e-07,-3.376512766092262,True,ok,,0.3,0.1,0.084
2020-07-22 10:00:00+00:00,0.48040444354256295,0.48040444354256295,-2.353436281754083,-1.87303183821152,2.4989090484757956,2.0087004326160374,-0.21403051824591715,-2.353436281754083,True,ok,,0.3,0.1,0.084
2020-07-22 11:00:00+00:00,-1.639593218239399,-1.639593218239399,-1.457597505641464,-3.097190723880863,2.0087004326160374,3.6155017864906487,-0.7156784943585361,-1.457597505641464,True,ok,,0.3,0.1,0.084
2020-07-22 12:00:00+00:00,0.2070207735851053,0.2070207735851053,-3.3494125660919294,-3.142391792506824,3.6155017864906487,3.404256099158909,-2.3390807072221983e-07,-3.3494125660919294,True,ok,,0.3,0.1,0.084
2020-07-22 13:00:00+00:00,-0.15030164217887743,-0.15030164217887743,-2.2754487926876585,-2.425750434866536,3.404256099158909,3.5515517084942085,-0.587132707312341,-2.2754487926876585,True,ok,,0.3,0.1,0.084
2020-07-22 14:00:00+00:00,-2.842663203779047,-2.842663203779047,-0.3502432172960579,-3.192906421075105,3.5515517084942085,6.337361648197675,-1.9739239827039416,-0.35024321729605795,True,ok,,0.3,0.1,0.084
2020-07-22 15:00:00+00:00,-0.3070897392866798,-0.3070897392866798,-2.28389310076382,-2.5909828400504997,6.337361648197675,6.63830959269862,0.18445880076381957,-2.28389310076382,True,ok,,0.4,0.18,0.084
2020-07-22 16:00:00+00:00,1.0184669067016683,1.0184669067016683,-1.8242790252136716,-0.8058121185120033,6.63830959269862,5.599057647084673,0.19598962521367166,-1.8242790252136716,True,ok,,0.4,0.18,0.084
2020-07-22 17:00:00+00:00,0.5267388435131668,0.5267388435131668,-0.9231602261788926,-0.3964213826657258,5.599057647084673,5.061569031254911,0.06461469617889251,-0.9231602261788926,True,ok,,0.4,0.18,0.084
2020-07-22 18:00:00+00:00,0.4260105765423936,0.4260105765423936,-0.45924685961907097,-0.03323628307667739,5.061569031254911,4.626864361313693,8.961907093885492e-08,-0.45924685961907097,True,ok,,0.4,0.18,0.084
2020-07-22 19:00:00+00:00,0.20561748827598425,0.20561748827598425,-3.5256520702908745e-08,0.20561745301946355,4.626864361313693,4.41705059776677,-0.32015896474347927,-3.52565207036115e-08,True,ok,,0.2,0.07,0.084
2020-07-22 20:00:00+00:00,0.10703042410442115,0.10703042410442115,-3.525643427204628e-08,0.10703038884798688,4.41705059776677,4.307835879292871,-0.09835543474356573,-3.525643426766933e-08,True,ok,,0.2,0.07,0.084
2020-07-22 21:00:00+00:00,0.12587531015549497,0.12587531015549497,0.04744352332014781,0.17331883347564278,4.307835879292871,4.179391685256652,0.0555484166798522,0.0474435233201478,True,ok,,0.2,0.07,0.084
2020-07-22 22:00:00+00:00,0.020198385950541464,0.020198385950541464,0.08931616968650016,0.10951455563704163,4.179391685256652,4.158781087347936,0.11979803031349984,0.08931616968650016,True,ok,,0.2,0.07,0.084
2020-07-22 23:00:00+00:00,0.06808470226287111,0.06808470226287111,0.04919702019268349,0.1172817224555546,4.158781087347936,4.089306901365415,0.05746856980731651,0.04919702019268348,True,ok,,0.2,0.07,0.084
2020-07-23 00:00:00+00:00,0.018906332177685878,0.018906332177685878,0.10116827912055731,0.12007461129824319,4.089306901365415,4.070014725673898,0.1633510208794427,0.10116827912055731,True,ok,,0.2,0.07,0.084
2020-07-23 01:00:00+00:00,0.13225800862557266,0.13225800862557266,1.0251224127899583e-07,0.13225811113781394,4.070014725673898,3.9350575740151505,0.007814228487758732,1.0251224126793375e-07,True,ok,,0.2,0.07,0.084
2020-07-23 02:00:00+00:00,1.9695009751437005,1.9695009751437005,1.0251357540624895e-07,1.969501077657276,3.9350575740151505,1.9253627014195378,0.020807453486424498,1.0251357550542826e-07,True,ok,,0.2,0.07,0.084
2020-07-23 03:00:00+00:00,1.886855447391147,1.886855447391147,4.257176672640449,6.144032120031596,1.9253627014195378,0.0,0.6412926243324949,2.2566750509584901e-07,True,ok,,0.2,0.07,0.084
2020-07-23 04:00:00+00:00,-0.7975981544549202,-0.7975981544549202,1.4270559567200036,0.6294578022650834,0.0,0.7816461913658218,-5.672000363673778e-08,1.4270559567200036,True,ok,,0.3,0.1,0.084
2020-07-23 05:00:00+00:00,-0.3731586395386746,-0.3731586395386746,-1.866997501043244e-09,-0.3731586414056721,0.7816461913658218,1.147341658113723,0.1112625718669975,-1.866997520671296e-09,True,ok,,0.3,0.1,0.084
2020-07-23 06:00:00+00:00,-1.410068984219193,-1.410068984219193,-0.24540345734702584,-1.6554724415662188,1.147341658113723,2.529209262648532,-0.3116776426529741,-0.24540345734702593,True,ok,,0.3,0.1,0.084
2020-07-23 07:00:00+00:00,-1.708573830898636,-1.708573830898636,-1.1951194942202732,-2.903693325118909,2.529209262648532,4.203611616929195,-0.15644950577972672,-1.1951194942202732,True,ok,,0.3,0.1,0.084
2020-07-23 08:00:00+00:00,-1.8923047655491936,-1.8923047655491936,-2.1448367660918977,-4.037141531641091,4.203611616929195,6.058070287167405,-2.3390810236276344e-07,-2.1448367660918977,True,ok,,0.3,0.1,0.084
2020-07-23 09:00:00+00:00,-1.9591373694489858,-1.9591373694489858,-2.846786666092505,-4.805924035541491,6.058070287167405,7.978024909227411,-2.3390749493566719e-07,-2.846786666092505,True,ok,,0.3,0.1,0.084
2020-07-23 10:00:00+00:00,-2.151610081295311,-2.151610081295311,-2.969817766092562,-5.121427847387873,7.978024909227411,10.086602788896815,-2.3390743800575758e-07,-2.969817766092562,True,ok,,0.3,0.1,0.084
2020-07-23 11:00:00+00:00,-1.9471813271796052,-1.9471813271796052,-3.347794166092631,-5.294975493272236,10.086602788896815,11.994840489532828,-2.3390736881237995e-07,-3.347794166092631,True,ok,,0.3,0.1,0.084
2020-07-23 12:00:00+00:00,-1.6350731435339592,-1.6350731435339592,-3.455317166092705,-5.090390309626664,11.994840489532828,13.597212170196109,-2.3390729481981731e-07,-3.455317166092705,True,ok,,0.3,0.1,0.084
2020-07-23 13:00:00+00:00,-0.20692635694274705,-0.20692635694274705,-4.019457404772229,-4.226383761714976,13.597212170196109,13.8,-2.3390669596210797e-07,-3.0296921660933043,True,ok,,0.3,0.1,0.084
2020-07-23 14:00:00+00:00,-0.0,-0.0,-3.237192911996604,-3.237192911996604,13.8,13.8,-3.2832051492317154e-08,-2.6839252671679485,True,ok,,0.3,0.1,0.084
2020-07-23 15:00:00+00:00,1.792332423024582,1.792332423024582,-4.857419630876869,-3.065087207852287,13.8,11.971089364260632,3.016920630876869,-4.857419630876869,True,ok,,0.4,0.18,0.084
2020-07-23 16:00:00+00:00,1.311998776235799,1.311998776235799,-2.7282750278678427,-1.4162762516320437,11.971089364260632,10.63231510279553,1.5481859278678427,-2.7282750278678427,True,ok,,0.4,0.18,0.084
2020-07-23 17:00:00+00:00,1.8058339559217051,1.8058339559217051,-1.9891181528320703,-0.1832841969103652,10.63231510279553,8.789627392671342,1.6656584928320703,-1.9891181528320703,True,ok,,0.4,0.18,0.084
2020-07-23 18:00:00+00:00,1.1631424438503482,1.1631424438503482,-1.0879312883629622,0.07521115548738597,8.789627392671342,7.602747347926089,1.5252008183629622,-1.0879312883629622,True,ok,,0.4,0.18,0.084
2020-07-23 19:00:00+00:00,0.10316291954872688,0.10316291954872688,1.0251424352458738e-07,0.1031630220629704,7.602747347926089,7.497479062672285,0.26256715748575643,1.0251424352146262e-07,True,ok,,0.2,0.07,0.084
2020-07-23 20:00:00+00:00,0.1867348140641616,0.1867348140641616,1.0251423743223853e-07,0.18673491657839902,7.497479062672285,7.306933334035386,0.20598561748576255,1.0251423742058186e-07,True,ok,,0.2,0.07,0.084
2020-07-23 21:00:00+00:00,0.09451773093055921,0.09451773093055921,1.0251424802099063e-07,0.09451783344480723,7.306933334035386,7.210486669820529,0.209569847485752,1.0251424801498241e-07,True,ok,,0.2,0.07,0.084
2020-07-23 22:00:00+00:00,0.11986368246281606,0.11986368246281606,-9.9033161546358e-08,0.11986358342965452,7.210486669820529,7.088176789756432,-0.018374534966838448,-9.903316155293731e-08,True,ok,,0.2,0.07,0.084
2020-07-23 23:00:00+00:00,0.11612395318661192,0.11612395318661192,1.0251422011275935e-07,0.11612405570083204,7.088176789756432,6.9696829599741745,0.20825905748577989,1.0251422010586864e-07,True,ok,,0.2,0.07,0.084
2020-07-24 00:00:00+00:00,0.08252626595149358,0.08252626595149358,-9.903030170899108e-08,0.08252616692119187,6.9696829599741745,6.885472484513467,-0.004118919569698292,-9.903030170825402e-08,True,ok,,0.2,0.07,0.084
2020-07-24 01:00:00+00:00,0.16211589725864933,0.16211589725864933,1.0251416424078563e-07,0.16211599977281357,6.885472484513467,6.720048099555661,0.14873256748583577,1.0251416424882008e-07,True,ok,,0.2,0.07,0.084
2020-07-24 02:00:00+00:00,0.348755258475887,0.348755258475887,1.0251421289630969e-07,0.3487553609900999,6.720048099555661,6.364175386825164,0.2493692774857871,1.0251421289376185e-07,True,ok,,0.2,0.07,0.084
2020-07-24 03:00:00+00:00,0.1566605797724455,0.1566605797724455,1.0251425960894345e-07,0.1566606822867051,6.364175386825164,6.2043176523634855,0.5497676974857403,1.0251425960340972e-07,True,ok,,0.2,0.07,0.084
2020-07-24 04:00:00+00:00,-0.005536210845349977,-0.005536210845349977,-1.0441270286744297e-08,-0.005536221286620264,6.2043176523634855,6.209743138991929,0.1802548904412703,-1.044127028676474e-08,True,ok,,0.3,0.1,0.084
2020-07-24 05:00:00+00:00,-0.03627895394724101,-0.03627895394724101,-0.4189353660926908,-0.4552143200399318,6.209743138991929,6.245296513860225,-2.3390730925563487e-07,-0.4189353660926908,True,ok,,0.3,0.1,0.084
2020-07-24 06:00:00+00:00,0.6684191800311287,0.6684191800311287,-1.4300300660925487,-0.76161088606142,6.245296513860225,5.56323612607336,-2.3390745125195e-07,-1.4300300660925487,True,ok,,0.3,0.1,0.084
2020-07-24 07:00:00+00:00,0.139443705752043,0.139443705752043,-2.2624931660925025,-2.1230494603404595,5.56323612607336,5.420946630408009,-2.3390749741240473e-07,-2.2624931660925025,True,ok,,0.3,0.1,0.084
2020-07-24 08:00:00+00:00,0.6061756772520255,0.6061756772520255,-3.6046625660924887,-2.998486888840463,5.420946630408009,4.802400020967167,-2.3390751141190202e-07,-3.6046625660924887,True,ok,,0.3,0.1,0.084
2020-07-24 09:00:00+00:00,1.8264483963146492,1.8264483963146492,-4.429678766092438,-2.603230369777789,4.802400020967167,2.938677167584872,-2.3390756148985358e-07,-4.429678766092438,True,ok,,0.3,0.1,0.084
2020-07-24 10:00:00+00:00,-0.2885353719005037,-0.2885353719005037,-4.2495544660921905,-4.538089837992694,2.938677167584872,3.2214418320473657,-2.3390780932168014e-07,-4.2495544660921905,True,ok,,0.3,0.1,0.084
2020-07-24 11:00:00+00:00,1.7265234660754243,1.7265234660754243,-4.872072766092178,-3.145549300016754,3.2214418320473657,1.459683193194892,-2.3390782159552824e-07,-4.872072766092178,True,ok,,0.3,0.1,0.084
2020-07-24 12:00:00+00:00,1.1665833119518596,1.1665833119518596,-3.6995803231356383,-2.5329970111837787,1.459683193194892,0.26929205855013727,-0.6641100768643625,-3.6995803231356383,True,ok,,0.3,0.1,0.084
2020-07-24 13:00:00+00:00,-0.5684713989819303,-0.5684713989819303,-1.4540092141233028,-2.022480613105233,0.26929205855013727,0.826394029552429,-1.4982705858766971,-1.4540092141233028,True,ok,,0.3,0.1,0.084
2020-07-24 14:00:00+00:00,-3.2148884213187343,-3.2148884213187343,-2.4358046646355547e-07,-3.2148886648992008,0.826394029552429,3.9769846824447885,-1.7613754564195336,-2.435804663619576e-07,True,ok,,0.3,0.1,0.084
2020-07-24 15:00:00+00:00,0.5462583317232403,0.5462583317232403,-1.8693763798795988,-1.3231180481563585,3.9769846824447885,3.4195782215027064,0.35967457987959883,-1.8693763798795988,True,ok,,0.4,0.18,0.084
2020-07-24 16:00:00+00:00,1.093733786839353,1.093733786839353,-0.5993909491462198,0.49434283769313325,3.4195782215027064,2.3035233369727544,0.049561549146219776,-0.5993909491462197,True,ok,,0.4,0.18,0.084
2020-07-24 17:00:00+00:00,-0.2719756488297712,-0.2719756488297712,-1.1276567724038955e-07,-0.27197576159544845,2.3035233369727544,2.57005947282593,0.23803941276567722,-1.1276567722862514e-07,True,ok,,0.4,0.18,0.084
2020-07-24 18:00:00+00:00,0.0893515520965856,0.0893515520965856,-1.1276581596275648e-07,0.08935143933076964,2.57005947282593,2.478884419666149,0.21100231276581596,-1.127658159562528e-07,True,ok,,0.4,0.18,0.084
2020-07-24 19:00:00+00:00,0.12749120793013247,0.12749120793013247,2.2567570465148457e-07,0.12749143360583712,2.478884419666149,2.3487913503496873,0.28012953432429527,2.2567570465709113e-07,True,ok,,0.2,0.07,0.084
2020-07-24 20:00:00+00:00,0.22936716327706663,0.22936716327706663,2.2567338728296527e-07,0.22936738895045392,2.3487913503496873,2.1147432245567623,0.2530903543266127,2.2567338728308028e-07,True,ok,,0.2,0.07,0.084
2020-07-24 21:00:00+00:00,0.10044730645550093,0.10044730645550093,0.029504193491411007,0.12995149994691194,2.1147432245567623,2.012245973071557,0.32285260650858905,0.02950419349141101,True,ok,,0.2,0.07,0.084
2020-07-24 22:00:00+00:00,0.0886066124840782,0.0886066124840782,8.186987308922422e-08,0.08860669435395128,2.012245973071557,1.9218310623735182,0.0633727211301269,8.186987309192112e-08,True,ok,,0.2,0.07,0.084
2020-07-24 23:00:00+00:00,0.10613154699231976,0.10613154699231976,0.041790397331855814,0.14792194432417557,1.9218310623735182,1.8135335654425797,0.07702271266814419,0.041790397331855814,True,ok,,0.2,0.07,0.084
2020-07-25 00:00:00+00:00,0.07014210779375006,0.07014210779375006,2.2567405139062302e-07,0.07014233346780145,1.8135335654425797,1.741959986061202,0.1696202543259486,2.2567405138705802e-07,True,ok,,0.2,0.07,0.084
2020-07-25 01:00:00+00:00,0.16363455203497776,0.16363455203497776,2.2567254590044605e-07,0.16363477770752366,1.741959986061202,1.5749859533724493,0.08161476432745411,2.2567254590564265e-07,True,ok,,0.2,0.07,0.084
2020-07-25 02:00:00+00:00,0.1145338295026079,0.1145338295026079,2.2566946468460802e-07,0.11453405517207259,1.5749859533724493,1.4581146987779514,0.2982448943305353,2.2566946468597635e-07,True,ok,,0.2,0.07,0.084
2020-07-25 03:00:00+00:00,0.09118420067569295,0.09118420067569295,2.2567272665863225e-07,0.09118442634841961,1.4581146987779514,1.3650695960476524,0.3834170143272734,2.2567272665919569e-07,True,ok,,0.2,0.07,0.084
2020-07-25 04:00:00+00:00,0.22829194841168002,0.22829194841168002,-0.017606903856856815,0.2106850445548232,1.3650695960476524,1.132118628280632,-0.016465116143143187,-0.017606903856856815,True,ok,,0.3,0.1,0.084
2020-07-25 05:00:00+00:00,0.086629188020664,0.086629188020664,-0.227047292518347,-0.140418104497683,1.132118628280632,1.0437214976473013,-0.11099628748165301,-0.227047292518347,True,ok,,0.3,0.1,0.084
2020-07-25 06:00:00+00:00,-0.2555997253388901,-0.2555997253388901,-0.7727003038859311,-1.0283000292248212,1.0437214976473013,1.2942092284794136,-0.11643916611406875,-0.7727003038859311,True,ok,,0.3,0.1,0.084
2020-07-25 07:00:00+00:00,0.9705890178294416,0.9705890178294416,-1.4261529139279787,-0.4555638960985371,1.2942092284794136,0.30381227151059553,-0.15674878607202095,-1.4261529139279787,True,ok,,0.3,0.1,0.084
2020-07-25 08:00:00+00:00,-0.8704565188165756,-0.8704565188165756,-1.4739486730992175,-2.344405191915793,0.30381227151059553,1.1568596599508396,-0.40735112690078246,-1.4739486730992175,True,ok,,0.3,0.1,0.084
2020-07-25 09:00:00+00:00,-0.4462199618741609,-0.4462199618741609,-2.315292444953503,-2.7615124068276637,1.1568596599508396,1.5941552225875173,-0.3972502550464965,-2.315292444953503,True,ok,,0.3,0.1,0.084
2020-07-25 10:00:00+00:00,-1.0691187698817557,-1.0691187698817557,-2.7053189995120563,-3.774437769393812,1.5941552225875173,2.6418916170716376,-0.19683530048794393,-2.7053189995120563,True,ok,,0.3,0.1,0.084
2020-07-25 11:00:00+00:00,-0.11207126036417003,-0.11207126036417003,-3.4853688660898836,-3.5974401264540536,2.6418916170716376,2.7517214522285243,-2.3391011597110708e-07,-3.4853688660898836,True,ok,,0.3,0.1,0.084
2020-07-25 12:00:00+00:00,-0.4587219727604239,-0.4587219727604239,-3.4777541660856555,-3.9364761388460794,2.7517214522285243,3.2012689855337397,-2.3391434431792748e-07,-3.4777541660856555,True,ok,,0.3,0.1,0.084
2020-07-25 13:00:00+00:00,0.3399378921997842,0.3399378921997842,-3.167968715143055,-2.828030822943271,3.2012689855337397,2.8543935853298783,-8.485694512035483e-08,-3.167968715143055,True,ok,,0.3,0.1,0.084
2020-07-25 14:00:00+00:00,-0.653330943947497,-0.653330943947497,-2.344079366092261,-2.997410310039758,2.8543935853298783,3.494657910398425,-2.3390773888197516e-07,-2.344079366092261,True,ok,,0.3,0.1,0.084
2020-07-25 15:00:00+00:00,2.319170477622946,2.319170477622946,-2.1319770210899995,0.18719345653294642,3.494657910398425,1.1281574230280724,0.3158610210899996,-2.1319770210899995,True,ok,,0.4,0.18,0.084
2020-07-25 16:00:00+00:00,0.2861148267287843,0.2861148267287843,-0.2890343296186658,-0.00291950288988152,1.1281574230280724,0.8362035182027823,8.961866582534716e-08,-0.2890343296186658,True,ok,,0.4,0.18,0.084
2020-07-25 17:00:00+00:00,0.08561585079950104,0.08561585079950104,-0.051931599681429526,0.033684251118071516,0.8362035182027823,0.748840405142067,0.014731526681429524,-0.051931599681429526,True,ok,,0.4,0.18,0.084
2020-07-25 18:00:00+00:00,0.10192198954086673,0.10192198954086673,-1.127654246091403e-07,0.10192187677544212,0.748840405142067,0.6448383749983254,0.4270239127654246,-1.1276542460983146e-07,True,ok,,0.4,0.18,0.084
2020-07-25 19:00:00+00:00,0.1642440456175623,0.1642440456175623,-3.5252507246674725e-08,0.16424401036505507,0.6448383749983254,0.4772424100824455,-0.0012234754474927498,-3.525250725031111e-08,True,ok,,0.2,0.07,0.084
2020-07-25 20:00:00+00:00,-0.22646909986585206,-0.22646909986585206,0.43743185012588703,0.21096275026003497,0.4772424100824455,0.6991821279509806,0.013731479874112917,0.43743185012588703,True,ok,,0.2,0.07,0.084
2020-07-25 21:00:00+00:00,0.12623848040480867,0.12623848040480867,0.004159297232037368,0.13039777763684604,0.6991821279509806,0.5703673520277064,0.003719975267962637,0.0041592972320373634,True,ok,,0.2,0.07,0.084
2020-07-25 22:00:00+00:00,-0.28533008641230795,-0.28533008641230795,0.4058354199445354,0.1205053335322275,0.5703673520277064,0.8499908367117681,0.04192605005546455,0.4058354199445354,True,ok,,0.2,0.07,0.084
2020-07-25 23:00:00+00:00,0.05080133043017622,0.05080133043017622,0.11288541971425252,0.16368675014442874,0.8499908367117681,0.7981527444360781,0.03903828028574747,0.11288541971425252,True,ok,,0.2,0.07,0.084
2020-07-26 00:00:00+00:00,0.0005503778612327911,0.0005503778612327911,0.06057623334768299,0.06112661120891578,0.7981527444360781,0.7975911343735956,0.052802426652317005,0.06057623334768299,True,ok,,0.2,0.07,0.084
2020-07-26 01:00:00+00:00,0.13475128963721822,0.13475128963721822,0.05543821020457773,0.19018949984179595,0.7975911343735956,0.6600898184172506,0.053120379795422265,0.055438210204577724,True,ok,,0.2,0.07,0.084
2020-07-26 02:00:00+00:00,-0.04711333343341409,-0.04711333343341409,0.15623422222290878,0.10912088878949469,0.6600898184172506,0.7062608851819964,0.22825124777709122,0.15623422222290878,True,ok,,0.2,0.07,0.084
2020-07-26 03:00:00+00:00,-0.21109821745328025,-0.21109821745328025,0.29856830059990536,0.0874700831466251,0.7062608851819964,0.913137138286211,0.3077002494000947,0.29856830059990536,True,ok,,0.2,0.07,0.084
2020-07-26 04:00:00+00:00,0.4411046133203237,0.4411046133203237,-0.10940617659075369,0.33169843672957,0.913137138286211,0.46303039000016644,-0.09757801340924634,-0.10940617659075368,True,ok,,0.3,0.1,0.084
2020-07-26 05:00:00+00:00,0.4537697822001631,0.4537697822001631,-0.16893378653315488,0.28483599566700823,0.46303039000016644,0.0,-0.20111723986893945,-0.30013142013106053,True,ok,,0.3,0.1,0.084
2020-07-26 06:00:00+00:00,0.0,0.0,0.10433954970087604,0.10433954970087604,0.0,0.0,-0.5171207354576755,-0.40551816454232453,True,ok,,0.3,0.1,0.084
2020-07-26 07:00:00+00:00,-0.22245871923030447,-0.22245871923030447,-0.540941411067093,-0.7634001302973975,0.0,0.21800954484569837,-0.771221688932907,-0.540941411067093,True,ok,,0.3,0.1,0.084
2020-07-26 08:00:00+00:00,-1.7723635346409496,-1.7723635346409496,-0.9103001693897741,-2.6826637040307237,0.21800954484569837,1.954925808793829,-0.8864349306102258,-0.9103001693897741,True,ok,,0.3,0.1,0.084
2020-07-26 09:00:00+00:00,-0.1120229035783935,-0.1120229035783935,-2.559717724207084,-2.6717406277854776,1.954925808793829,2.0647082543006547,-0.5133802757929155,-2.559717724207084,True,ok,,0.3,0.1,0.084
2020-07-26 10:00:00+00:00,0.04154720036617876,0.04154720036617876,-3.134498438106184,-3.0929512377400052,2.0647082543006547,2.0223131518861868,-0.2413169618938158,-3.134498438106184,True,ok,,0.3,0.1,0.084
2020-07-26 11:00:00+00:00,0.47506766757552565,0.47506766757552565,-3.827521717406949,-3.3524540498314233,2.0223131518861868,1.5375502257887117,-0.1958239825930512,-3.827521717406949,True,ok,,0.3,0.1,0.084
2020-07-26 12:00:00+00:00,-1.649429057877927,-1.649429057877927,-3.5319066794725087,-5.181335737350436,1.5375502257887117,3.15399070250908,-0.47419142052749125,-3.5319066794725087,True,ok,,0.3,0.1,0.084
2020-07-26 13:00:00+00:00,-1.4458809078882178,-1.4458809078882178,-3.3332852863944202,-4.779166194282638,3.15399070250908,4.5709539922395335,-0.37865641360557917,-3.3332852863944202,True,ok,,0.3,0.1,0.084
2020-07-26 14:00:00+00:00,-0.4191591229132734,-0.4191591229132734,-3.110815766092282,-3.5299748890055556,4.5709539922395335,4.981729932694542,-2.3390771782532702e-07,-3.110815766092282,True,ok,,0.3,0.1,0.084
2020-07-26 15:00:00+00:00,1.2378721938845263,1.2378721938845263,-2.5960659542703506,-1.3581937603858243,4.981729932694542,3.718595040975637,0.3079472542703504,-2.5960659542703506,True,ok,,0.4,0.18,0.084
2020-07-26 16:00:00+00:00,-0.22524426080689497,-0.22524426080689497,-0.6094327702218783,-0.8346770310287732,3.718595040975637,3.9393344165663944,0.025139920221878234,-0.6094327702218783,True,ok,,0.4,0.18,0.084
2020-07-26 17:00:00+00:00,-0.2279450729752776,-0.2279450729752776,-0.035878800771893926,-0.26382387374717153,3.9393344165663944,4.162720588082166,0.24982655077189395,-0.035878800771893926,True,ok,,0.4,0.18,0.084
2020-07-26 18:00:00+00:00,0.02119613123186396,0.02119613123186396,-4.090988462920886e-08,0.02119609032197933,4.162720588082166,4.141091882743529,0.06067838590988463,-4.0909884630111975e-08,True,ok,,0.4,0.18,0.084
2020-07-26 19:00:00+00:00,0.07506812948250959,0.07506812948250959,0.05158724311766223,0.12665537260017182,4.141091882743529,4.06449175061852,0.40613712688233783,0.05158724311766223,True,ok,,0.2,0.07,0.084
2020-07-26 20:00:00+00:00,0.19393416364709773,0.19393416364709773,2.2567391172456652e-07,0.19393438932100945,4.06449175061852,3.8665997468969913,0.6428873743260882,2.256739117325808e-07,True,ok,,0.2,0.07,0.084
2020-07-26 21:00:00+00:00,0.09259175853736919,0.09259175853736919,1.0251461401988848e-07,0.0925918610519832,3.8665997468969913,3.77211836063437,0.735838297485386,1.025146140161187e-07,True,ok,,0.2,0.07,0.084
2020-07-26 22:00:00+00:00,0.14483182421314447,0.14483182421314447,3.719010882585749e-08,0.1448318614032533,3.77211836063437,3.6243307849066713,0.47228158280989113,3.7190108832817695e-08,True,ok,,0.2,0.07,0.084
2020-07-26 23:00:00+00:00,0.12573957985460915,0.12573957985460915,2.256715944948251e-07,0.12573980552620365,3.6243307849066713,3.4960250911774784,0.3348470743284055,2.2567159450179012e-07,True,ok,,0.2,0.07,0.084
2020-07-27 00:00:00+00:00,0.07385959194006868,0.07385959194006868,1.0251433624208772e-07,0.07385969445440492,3.4960250911774784,3.4206581606263877,0.07727882748566375,1.0251433624835791e-07,True,ok,,0.2,0.07,0.084
2020-07-27 01:00:00+00:00,0.19033309905721887,0.19033309905721887,-9.903305908665061e-08,0.1903330000241598,3.4206581606263877,3.2264407126088175,-0.019106956966940914,-9.903305908563049e-08,True,ok,,0.2,0.07,0.084
2020-07-27 02:00:00+00:00,0.09892870282636831,0.09892870282636831,1.0251429259644507e-07,0.09892880534066091,3.2264407126088175,3.1254930566635437,0.0830406674857074,1.0251429259922222e-07,True,ok,,0.2,0.07,0.084
2020-07-27 03:00:00+00:00,0.28633668189559164,0.28633668189559164,2.2567333629597286e-07,0.28633690756892793,3.1254930566635437,2.833312769014981,0.1900396943266637,2.2567333629487391e-07,True,ok,,0.2,0.07,0.084
2020-07-27 04:00:00+00:00,-0.08036586255567003,-0.08036586255567003,-5.1464048717031474e-09,-0.0803658677020749,2.833312769014981,2.9120713143195376,0.15023743514640484,-5.1464048655351586e-09,True,ok,,0.3,0.1,0.084
2020-07-27 05:00:00+00:00,0.17818243521700136,0.17818243521700136,-0.36670284564656547,-0.1885204104295641,2.9120713143195376,2.730252502873618,-0.013756554353434557,-0.36670284564656547,True,ok,,0.3,0.1,0.084
2020-07-27 06:00:00+00:00,0.5286336450403855,0.5286336450403855,-0.9014437151423536,-0.37281007010196815,2.730252502873618,2.1908304160977146,-8.485764649332705e-08,-0.9014437151423536,True,ok,,0.3,0.1,0.084
2020-07-27 07:00:00+00:00,0.6217119120734629,0.6217119120734629,-1.7361442660916107,-1.1144323540181478,2.1908304160977146,1.5564305058186707,-2.3390838948903716e-07,-1.7361442660916107,True,ok,,0.3,0.1,0.084
2020-07-27 08:00:00+00:00,0.9038330238936543,0.9038330238936543,-2.6849264005307076,-1.7810933766370534,1.5564305058186707,0.6341519100088194,-0.09629579946929291,-2.6849264005307076,True,ok,,0.3,0.1,0.084
2020-07-27 09:00:00+00:00,0.6214688718086431,0.6214688718086431,-2.2406879409105356,-1.6192190691018924,0.6341519100088194,0.0,-0.19080177405359958,-3.0340085259464002,True,ok,,0.3,0.1,0.084
2020-07-27 10:00:00+00:00,0.0,0.0,-1.2016443778474672,-1.2016443778474672,0.0,0.0,-0.5913778772291525,-2.3035851227708477,True,ok,,0.3,0.1,0.084
2020-07-27 11:00:00+00:00,0.0,0.0,-1.048983534704223,-1.048983534704223,0.0,0.0,-1.143980753229262,-1.2693256467707377,True,ok,,0.3,0.1,0.084
2020-07-27 12:00:00+00:00,-0.2269925841602487,-0.2269925841602487,-0.37467557016207587,-0.6016681543223246,0.0,0.22245273247704372,-1.2369750298379243,-0.37467557016207587,True,ok,,0.3,0.1,0.084
2020-07-27 13:00:00+00:00,-0.6703872440496569,-0.6703872440496569,-2.435796160327186e-07,-0.6703874876292729,0.22245273247704372,0.8794322316457075,-0.908365256420384,-2.435796160243167e-07,True,ok,,0.3,0.1,0.084
2020-07-27 14:00:00+00:00,-1.1218461405204931,-1.1218461405204931,-2.435791235377849e-07,-1.1218463840996167,0.8794322316457075,1.9788414493557906,-0.6984585564208764,-2.435791236217292e-07,True,ok,,0.3,0.1,0.084
2020-07-27 15:00:00+00:00,-0.14229333082962747,-0.14229333082962747,-0.6941256325119758,-0.8364189633416033,1.9788414493557906,2.1182889135688256,3.251197582093974e-08,-0.6941256325119758,True,ok,,0.4,0.18,0.084
2020-07-27 16:00:00+00:00,-0.5286403996510782,-0.5286403996510782,-1.1277506684059802e-07,-0.5286405124261451,2.1182889135688256,2.6363565052268823,0.1489625127750668,-1.1277506681135019e-07,True,ok,,0.4,0.18,0.084
2020-07-27 17:00:00+00:00,-0.14464307565514617,-0.14464307565514617,-1.1276587663644477e-07,-0.1446431884210228,2.6363565052268823,2.7781067193689255,0.17808141276587663,-1.1276587662681447e-07,True,ok,,0.4,0.18,0.084
2020-07-27 18:00:00+00:00,-0.021331042310044512,-0.021331042310044512,-1.1276583640473792e-07,-0.021331155075880917,2.7781067193689255,2.799011140832769,0.5404625127658363,-1.1276583640477958e-07,True,ok,,0.4,0.18,0.084
2020-07-27 19:00:00+00:00,0.17862855507982203,0.17862855507982203,1.02514489591643e-07,0.17862865759431162,2.799011140832769,2.6167371050370325,0.1210614174855104,1.025144896017246e-07,True,ok,,0.2,0.07,0.084
2020-07-27 20:00:00+00:00,0.14925284218271578,0.14925284218271578,1.025145584532261e-07,0.14925294469727424,2.6167371050370325,2.464438286483241,0.3336980174854416,1.025145584577456e-07,True,ok,,0.2,0.07,0.084
2020-07-27 21:00:00+00:00,0.08835098090459675,0.08835098090459675,1.0251446137810039e-07,0.08835108341905813,2.464438286483241,2.3742842243356934,0.20570155748553862,1.0251446137883237e-07,True,ok,,0.2,0.07,0.084
2020-07-27 22:00:00+00:00,0.1706631073683503,0.1706631073683503,2.2567411236962265e-07,0.17066333304246267,2.3742842243356934,2.200138196408805,0.33752637432588756,2.2567411237432882e-07,True,ok,,0.2,0.07,0.084
2020-07-27 23:00:00+00:00,0.07630591312965833,0.07630591312965833,2.256745655487835e-07,0.07630613880422388,2.200138196408805,2.1222750197458886,0.2883643943254345,2.2567456555490655e-07,True,ok,,0.2,0.07,0.084
2020-07-28 00:00:00+00:00,0.10336057993676077,0.10336057993676077,2.256727304611461e-07,0.10336080560949124,2.1222750197458886,2.0168050402185815,0.17117909432726952,2.256727304659083e-07,True,ok,,0.2,0.07,0.084
2020-07-28 01:00:00+00:00,0.18392362689174985,0.18392362689174985,-9.903375747244425e-08,0.18392352785799237,2.0168050402185815,1.8291278699208777,-0.12449807096624255,-9.903375746150122e-08,True,ok,,0.2,0.07,0.084
2020-07-28 02:00:00+00:00,0.06910354341145784,0.06910354341145784,-9.903387659937479e-08,0.06910344437758124,1.8291278699208777,1.7586140501132677,-0.2737365309661234,-9.903387659346045e-08,True,ok,,0.2,0.07,0.084
2020-07-28 03:00:00+00:00,0.32963012176714257,0.32963012176714257,1.025141097565907e-07,0.3296302242812523,1.7586140501132677,1.4222567830039385,0.050849627485890274,1.0251410973188892e-07,True,ok,,0.2,0.07,0.084
2020-07-28 04:00:00+00:00,0.012487958459159263,0.012487958459159263,-0.028378382875233678,-0.015890424416074415,1.4222567830039385,1.4095139682496944,-0.027040379124766326,-0.028378382875233678,True,ok,,0.3,0.1,0.084
2020-07-28 05:00:00+00:00,-0.18317210084388708,-0.18317210084388708,-0.26314400759636947,-0.44631610844025654,1.4095139682496944,1.5890226270767038,-0.07787999240363051,-0.26314400759636947,True,ok,,0.3,0.1,0.084
2020-07-28 06:00:00+00:00,-0.2875137165257129,-0.2875137165257129,-0.581771757682684,-0.8692854742083969,1.5890226270767038,1.8707860692719025,-0.10476744231731608,-0.581771757682684,True,ok,,0.3,0.1,0.084
2020-07-28 07:00:00+00:00,-0.4101572887895275,-0.4101572887895275,-1.3224613883908614,-1.7326186771803889,1.8707860692719025,2.2727402122856395,-0.02858721160913881,-1.3224613883908614,True,ok,,0.3,0.1,0.084
2020-07-28 08:00:00+00:00,-0.3315842288085329,-0.3315842288085329,-2.4519030660918393,-2.783487294900372,2.2727402122856395,2.597692756518002,-2.339081608439359e-07,-2.4519030660918393,True,ok,,0.3,0.1,0.084
2020-07-28 09:00:00+00:00,0.4602595102415168,0.4602595102415168,-2.9375080660921338,-2.477248555850617,2.597692756518002,2.1280401950470664,-2.3390786659146844e-07,-2.9375080660921338,True,ok,,0.3,0.1,0.084
2020-07-28 10:00:00+00:00,-0.9789917205934464,-0.9789917205934464,-2.677416965983229,-3.6564086865766754,2.1280401950470664,3.087452081228644,-0.003778334016770901,-2.677416965983229,True,ok,,0.3,0.1,0.084
2020-07-28 11:00:00+00:00,1.3025307377675448,1.3025307377675448,-3.031170866092226,-1.728640128324681,3.087452081228644,1.7583390835066597,-2.3390777414206662e-07,-3.031170866092226,True,ok,,0.3,0.1,0.084
2020-07-28 12:00:00+00:00,-1.2049438709141356,-1.2049438709141356,-1.852797110077232,-3.0577409809913676,1.7583390835066597,2.939184077002513,-0.34168388992276827,-1.852797110077232,True,ok,,0.3,0.1,0.084
2020-07-28 13:00:00+00:00,0.8989781923869051,0.8989781923869051,-2.152506766092315,-1.25352857370541,2.939184077002513,2.021859390893426,-2.3390768467665896e-07,-2.152506766092315,True,ok,,0.3,0.1,0.084
2020-07-28 14:00:00+00:00,-1.4684884762111783,-1.4684884762111783,-1.3838518151430304,-2.8523402913542086,2.021859390893426,3.460978097580381,-8.485696935707731e-08,-1.3838518151430304,True,ok,,0.3,0.1,0.084
2020-07-28 15:00:00+00:00,0.14297870094608633,0.14297870094608633,-2.0386559212422153,-1.895677220296129,3.460978097580381,3.3150814639619255,0.42513862124221513,-2.0386559212422153,True,ok,,0.4,0.18,0.084
2020-07-28 16:00:00+00:00,-0.361466556840788,-0.361466556840788,-0.824330274888158,-1.185796831728946,3.3150814639619255,3.669318689665898,0.12247577488815803,-0.824330274888158,True,ok,,0.4,0.18,0.084
2020-07-28 17:00:00+00:00,-0.3791843105858162,-0.3791843105858162,-0.06645778802168933,-0.44564209860750553,3.669318689665898,4.040919314039997,0.31491939802168933,-0.06645778802168935,True,ok,,0.4,0.18,0.084
2020-07-28 18:00:00+00:00,0.22097781729719973,0.22097781729719973,-0.15107828770427278,0.06989952959292693,4.040919314039997,3.815431745369385,0.41023715770427277,-0.15107828770427278,True,ok,,0.4,0.18,0.084
2020-07-28 19:00:00+00:00,0.18781058670225187,0.18781058670225187,1.0251439472308554e-07,0.1878106892166466,3.815431745369385,3.623788289550761,0.1835244374856053,1.0251439472107928e-07,True,ok,,0.2,0.07,0.084
2020-07-28 20:00:00+00:00,0.09260081421280568,0.09260081421280568,1.0251457815968479e-07,0.09260091672738384,3.623788289550761,3.529297662803,0.35751387748542185,1.0251457815648327e-07,True,ok,,0.2,0.07,0.084
2020-07-28 21:00:00+00:00,0.1796552865772974,0.1796552865772974,1.02514406269405e-07,0.17965538909170367,3.529297662803,3.345975941805758,0.26600074748559377,1.0251440626446636e-07,True,ok,,0.2,0.07,0.084
2020-07-28 22:00:00+00:00,0.10217117506148916,0.10217117506148916,1.025145335287192e-07,0.10217127757602269,3.345975941805758,3.241719640722606,0.23089497748546647,1.0251453352722779e-07,True,ok,,0.2,0.07,0.084
2020-07-28 23:00:00+00:00,0.11290940473878859,0.11290940473878859,-9.903382407194794e-08,0.11290930570496452,3.241719640722606,3.1265059624177196,-0.1722580209661759,-9.903382407848977e-08,True,ok,,0.2,0.07,0.084
2020-07-29 00:00:00+00:00,0.14132762678647287,0.14132762678647287,-9.903296080415736e-08,0.14132752775351207,3.1265059624177196,2.98229409834989,-0.016618125967039207,-9.903296079455666e-08,True,ok,,0.2,0.07,0.084
2020-07-29 01:00:00+00:00,0.09684278629653749,0.09684278629653749,1.0251436197150632e-07,0.09684288881089946,2.98229409834989,2.883474928659546,0.17655934748563804,1.0251436197292334e-07,True,ok,,0.2,0.07,0.084
2020-07-29 02:00:00+00:00,0.17511411963597187,0.17511411963597187,1.0251440721309457e-07,0.17511422215037908,2.883474928659546,2.7047870514799826,0.5256259374855928,1.0251440720529267e-07,True,ok,,0.2,0.07,0.084
2020-07-29 03:00:00+00:00,0.31021185741360663,0.31021185741360663,3.719010088776287e-08,0.3102118946037075,2.7047870514799826,2.388244339833445,0.6313809628098991,3.7190100890905247e-08,True,ok,,0.2,0.07,0.084
2020-07-29 04:00:00+00:00,-0.014855024018604545,-0.014855024018604545,-1.0441265773861175e-08,-0.014855034459870319,2.388244339833445,2.4028022633716777,0.12087867044126577,-1.0441265773611733e-08,True,ok,,0.3,0.1,0.084
2020-07-29 05:00:00+00:00,-0.04841875935213258,-0.04841875935213258,-0.3246908060923352,-0.3731095654444678,2.4028022633716777,2.4502526475367676,-2.3390766478210216e-07,-0.3246908060923352,True,ok,,0.3,0.1,0.084
2020-07-29 06:00:00+00:00,0.13296517936561147,0.13296517936561147,-1.3432017273175656,-1.2102365479519541,2.4502526475367676,2.314573893082062,-0.06509617268243437,-1.3432017273175656,True,ok,,0.3,0.1,0.084
2020-07-29 07:00:00+00:00,-0.3059457375636454,-0.3059457375636454,-1.64447019634599,-1.9504159339096354,2.314573893082062,2.6144007158944342,-0.26370670365401,-1.64447019634599,True,ok,,0.3,0.1,0.084
2020-07-29 08:00:00+00:00,-0.24722652440061665,-0.24722652440061665,-2.3967292660867603,-2.643955790487377,2.6144007158944342,2.8566827098070386,-2.3391323950910805e-07,-2.3967292660867603,True,ok,,0.3,0.1,0.084
2020-07-29 09:00:00+00:00,-0.6240311282975415,-0.6240311282975415,-2.883761466091259,-3.5077925943888006,2.8566827098070386,3.4682332155386293,-2.3390874056739205e-07,-2.883761466091259,True,ok,,0.3,0.1,0.084
2020-07-29 10:00:00+00:00,-1.8559896341723512,-1.8559896341723512,-3.1578166242789028,-5.013806258451254,3.4682332155386293,5.287103057027533,-0.21970457572109744,-3.1578166242789028,True,ok,,0.3,0.1,0.084
2020-07-29 11:00:00+00:00,0.016898476576445276,0.016898476576445276,-3.44637891514311,-3.4294804385666646,5.287103057027533,5.26985971358218,-8.485688986884907e-08,-3.44637891514311,True,ok,,0.3,0.1,0.084
2020-07-29 12:00:00+00:00,-0.8847331502028601,-0.8847331502028601,-3.6278049660924494,-4.5125381162953095,5.26985971358218,6.136898200780983,-2.339075500133894e-07,-3.6278049660924494,True,ok,,0.3,0.1,0.084
2020-07-29 13:00:00+00:00,-0.8853926629914981,-0.8853926629914981,-3.74233276609252,-4.627725429084018,6.136898200780983,7.004583010512651,-2.3390747985533956e-07,-3.74233276609252,True,ok,,0.3,0.1,0.084
2020-07-29 14:00:00+00:00,-1.3231521068828092,-1.3231521068828092,-2.9331953660925456,-4.256347472975355,7.004583010512651,8.301272075257804,-2.339074544095606e-07,-2.9331953660925456,True,ok,,0.3,0.1,0.084
2020-07-29 15:00:00+00:00,1.9928432458145668,1.9928432458145668,-3.9284028824593173,-1.9355596366447505,8.301272075257804,6.267758559120491,1.1385652824593173,-3.9284028824593173,True,ok,,0.4,0.18,0.084
2020-07-29 16:00:00+00:00,0.36186268990416237,0.36186268990416237,-1.425385119456917,-1.0635224295527546,6.267758559120491,5.8985109163611416,0.3185084194569171,-1.425385119456917,True,ok,,0.4,0.18,0.084
2020-07-29 17:00:00+00:00,0.304904497033455,0.304904497033455,-0.5465239764564631,-0.24161947942300813,5.8985109163611416,5.587383878571901,0.2714906464564631,-0.5465239764564631,True,ok,,0.4,0.18,0.084
2020-07-29 18:00:00+00:00,0.07250098008412953,0.07250098008412953,-0.03481452986278277,0.03768645022134676,5.587383878571901,5.513403286649321,0.22528815986278278,-0.03481452986278278,True,ok,,0.4,0.18,0.084
2020-07-29 19:00:00+00:00,0.18063307745736684,0.18063307745736684,1.0251435761388095e-07,0.18063317997172446,5.513403286649321,5.3290838198560895,0.3578595774856424,1.0251435761889804e-07,True,ok,,0.2,0.07,0.084
2020-07-29 20:00:00+00:00,0.11423707996109166,0.11423707996109166,2.256721353816049e-07,0.11423730563322704,5.3290838198560895,5.2125153709162,0.05183742032786461,2.2567213538648993e-07,True,ok,,0.2,0.07,0.084
2020-07-29 21:00:00+00:00,0.084427590589662,0.084427590589662,-3.5256418520757116e-08,0.08442755533324348,5.2125153709162,5.126364768273688,-0.10944741474358148,-3.52564185200708e-08,True,ok,,0.2,0.07,0.084
2020-07-29 22:00:00+00:00,0.1341846742709221,0.1341846742709221,-3.525678432536594e-08,0.13418463901413777,5.126364768273688,4.989441631262543,-0.19379641474321566,-3.5256784328212734e-08,True,ok,,0.2,0.07,0.084
2020-07-29 23:00:00+00:00,0.08278964187052407,0.08278964187052407,-5.84709633488778e-08,0.08278958339956072,4.989441631262543,4.904962404864049,-0.09046283152903666,-5.847096334366055e-08,True,ok,,0.2,0.07,0.084
2020-07-30 00:00:00+00:00,0.11357114733800423,0.11357114733800423,1.0251523592519352e-07,0.11357124985324016,4.904962404864049,4.789073479008943,0.06513264748476408,1.0251523592990613e-07,True,ok,,0.2,0.07,0.084
2020-07-30 01:00:00+00:00,0.15197773091556666,0.15197773091556666,1.0251440571429349e-07,0.15197783342997237,4.789073479008943,4.63399416174816,0.1998372374855943,1.0251440571745272e-07,True,ok,,0.2,0.07,0.084
2020-07-30 02:00:00+00:00,0.1094577186194598,0.1094577186194598,2.2567303237241987e-07,0.10945794429249217,4.63399416174816,4.522302612136467,0.11159889432696762,2.2567303237188997e-07,True,ok,,0.2,0.07,0.084
2020-07-30 03:00:00+00:00,0.2913216954231369,0.2913216954231369,1.0251440651920518e-07,0.2913217979375434,4.522302612136467,4.225035575990408,0.2961019474855935,1.0251440649167441e-07,True,ok,,0.2,0.07,0.084
2020-07-30 04:00:00+00:00,-0.019133321964480806,-0.019133321964480806,-1.044130370012053e-08,-0.019133332405784506,4.225035575990408,4.2437862315156,0.0329995204413037,-1.044130369900924e-08,True,ok,,0.3,0.1,0.084
2020-07-30 05:00:00+00:00,3.3068756746465806,3.3068756746465806,-0.4014271651431649,2.9054485095034157,4.2437862315156,0.8694232982027623,-8.485683514201353e-08,-0.40142716514316484,True,ok,,0.3,0.1,0.084
2020-07-30 06:00:00+00:00,0.852034832238707,0.852034832238707,2.92907881631877,3.781113648557477,0.8694232982027623,0.0,0.10224963514638524,-5.146385241772529e-09,True,ok,,0.3,0.1,0.084
2020-07-30 07:00:00+00:00,-2.929112034131714,-2.929112034131714,-0.041086128690078105,-2.970198162821792,0.0,2.8705297934490797,-0.08081395630992186,-0.041086128690078154,True,ok,,0.3,0.1,0.084
2020-07-30 08:00:00+00:00,-0.9831625822451819,-0.9831625822451819,-2.9728893660917155,-3.9560519483368974,2.8705297934490797,3.834029124049358,-2.339082843267841e-07,-2.9728893660917155,True,ok,,0.3,0.1,0.084
2020-07-30 09:00:00+00:00,-0.3588170002712223,-0.3588170002712223,-4.364436766091564,-4.723253766362786,3.834029124049358,4.185669784315156,-2.339084357974492e-07,-4.364436766091564,True,ok,,0.3,0.1,0.084
2020-07-30 10:00:00+00:00,-0.24088902398614476,-0.24088902398614476,-4.842593066092223,-5.083482090078368,4.185669784315156,4.421741027821578,-2.339077772870831e-07,-4.842593066092223,True,ok,,0.3,0.1,0.084
2020-07-30 11:00:00+00:00,-0.6150973287319896,-0.6150973287319896,-4.600939266092418,-5.216036594824407,4.421741027821578,5.024536409978928,-2.3390758311926288e-07,-4.600939266092418,True,ok,,0.3,0.1,0.084
2020-07-30 12:00:00+00:00,-0.9816557002770434,-0.9816557002770434,-4.110091066092418,-5.091746766369462,5.024536409978928,5.98655899625043,-2.339075810877923e-07,-4.110091066092418,True,ok,,0.3,0.1,0.084
2020-07-30 13:00:00+00:00,-1.1288212944231475,-1.1288212944231475,-3.3300837660924936,-4.458905060515641,5.98655899625043,7.092803864785115,-2.3390750641677553e-07,-3.3300837660924936,True,ok,,0.3,0.1,0.084
2020-07-30 14:00:00+00:00,-0.34868849728778173,-0.34868849728778173,-2.7904555660925223,-3.139144063380304,7.092803864785115,7.434518592127141,-2.339074776525876e-07,-2.7904555660925223,True,ok,,0.3,0.1,0.084
2020-07-30 15:00:00+00:00,0.1506667559276087,0.1506667559276087,-2.413018034606549,-2.26235127867894,7.434518592127141,7.280777004445907,0.8270395346065489,-2.413018034606549,True,ok,,0.4,0.18,0.084
2020-07-30 16:00:00+00:00,-0.12480403124705952,-0.12480403124705952,-0.9142374957615855,-1.039041527008645,7.280777004445907,7.403084955068025,0.5044092957615856,-0.9142374957615855,True,ok,,0.4,0.18,0.084
2020-07-30 17:00:00+00:00,0.2751565497437063,0.2751565497437063,-0.554904484192745,-0.27974793444903867,7.403084955068025,7.122312965533631,0.818752084192745,-0.554904484192745,True,ok,,0.4,0.18,0.084
2020-07-30 18:00:00+00:00,0.5872525533945488,0.5872525533945488,-0.4514232040718462,0.13582934932270266,7.122312965533631,6.523075666151438,0.7762189240718462,-0.45142320407184616,True,ok,,0.4,0.18,0.084
2020-07-30 19:00:00+00:00,0.10806459403679498,0.10806459403679498,1.0251430501706515e-07,0.1080646965511,6.523075666151438,6.412805672236342,0.418508137485695,1.0251430501275521e-07,True,ok,,0.2,0.07,0.084
2020-07-30 20:00:00+00:00,0.10793962974075136,0.10793962974075136,3.719008324909456e-08,0.10793966693083461,6.412805672236342,6.302663192909044,0.40773922280991676,3.7190083245450614e-08,True,ok,,0.2,0.07,0.084
2020-07-30 21:00:00+00:00,0.15054684178608804,0.15054684178608804,1.0251424556462219e-07,0.1505469443003336,6.302663192909044,6.149043966596709,0.38595199748575443,1.0251424555246873e-07,True,ok,,0.2,0.07,0.084
2020-07-30 22:00:00+00:00,0.08146434200408009,0.08146434200408009,1.0251400908711794e-07,0.08146444451808918,6.149043966596709,6.065917087000709,0.1916010374859909,1.0251400909165199e-07,True,ok,,0.2,0.07,0.084
2020-07-30 23:00:00+00:00,0.17052223089054663,0.17052223089054663,1.0251420640150499e-07,0.17052233340475303,6.065917087000709,5.891914810581784,0.21150514748579358,1.0251420640359183e-07,True,ok,,0.2,0.07,0.084
2020-07-31 00:00:00+00:00,0.07516487947097643,0.07516487947097643,3.719007422853249e-08,0.07516491666105066,5.891914810581784,5.815215953978747,0.1473272328099258,3.7190074226367624e-08,True,ok,,0.2,0.07,0.084
2020-07-31 01:00:00+00:00,0.143937960023545,0.143937960023545,-9.903397463206787e-08,0.14393786098957037,5.815215953978747,5.668340484566967,-0.19343880096602536,-9.903397463460801e-08,True,ok,,0.2,0.07,0.084
2020-07-31 02:00:00+00:00,0.28879676470774424,0.28879676470774424,-9.903395919996782e-08,0.28879666567378504,5.668340484566967,5.373649908334575,-0.1696730009660408,-9.903395919074067e-08,True,ok,,0.2,0.07,0.084
2020-07-31 03:00:00+00:00,0.13237162919965323,0.13237162919965323,-9.903394498911311e-08,0.13237153016570824,5.373649908334575,5.238576817314521,-0.181047930966055,-9.903394498410022e-08,True,ok,,0.2,0.07,0.084
2020-07-31 04:00:00+00:00,0.16282968810974122,0.16282968810974122,-0.13600641609297098,0.026823272016770223,5.238576817314521,5.072424074345397,-2.3390702903468187e-07,-0.13600641609297098,True,ok,,0.3,0.1,0.084
2020-07-31 05:00:00+00:00,-0.04581189559516524,-0.04581189559516524,-0.3259508160926718,-0.37176271168783703,5.072424074345397,5.117319732028659,-2.3390732820685715e-07,-0.3259508160926718,True,ok,,0.3,0.1,0.084
2020-07-31 06:00:00+00:00,-0.3683792363471383,-0.3683792363471383,-1.138262915143161,-1.5066421514902992,5.117319732028659,5.478331383648855,-8.485683910052717e-08,-1.138262915143161,True,ok,,0.3,0.1,0.084
2020-07-31 07:00:00+00:00,0.007164860846972765,0.007164860846972765,-2.7593620660925136,-2.752197205245541,5.478331383648855,5.471020301151944,-2.339074863669057e-07,-2.7593620660925136,True,ok,,0.3,0.1,0.084
2020-07-31 08:00:00+00:00,0.5733903113389354,0.5733903113389354,-4.458007066092498,-3.8846167547535626,5.471020301151944,4.885928146724458,-2.3390750242231324e-07,-4.458007066092498,True,ok,,0.3,0.1,0.084
2020-07-31 09:00:00+00:00,1.2265155124688993,1.2265155124688993,-5.625121366092439,-4.39860585362354,4.885928146724458,3.634381705429663,-2.3390756219023132e-07,-5.625121366092439,True,ok,,0.3,0.1,0.084
2020-07-31 10:00:00+00:00,0.9671008010807052,0.9671008010807052,-5.872024166092322,-4.904923365011617,3.634381705429663,2.6475441533064945,-2.3390767842143227e-07,-5.872024166092322,True,ok,,0.3,0.1,0.084
2020-07-31 11:00:00+00:00,0.5094841193115265,0.5094841193115265,-5.599697766091921,-5.090213646780395,2.6475441533064945,2.1276623989069776,-2.339080787966336e-07,-5.599697766091921,True,ok,,0.3,0.1,0.084
2020-07-31 12:00:00+00:00,0.31427083567650893,0.31427083567650893,-5.131475536148672,-4.817204700472163,2.1276623989069776,1.8069778727064583,-0.22635246385132887,-5.131475536148672,True,ok,,0.3,0.1,0.084
2020-07-31 13:00:00+00:00,-0.5888105300854751,-0.5888105300854751,-3.8486157687607556,-4.437426298846231,1.8069778727064583,2.384012192190224,-0.6708417312392445,-3.8486157687607556,True,ok,,0.3,0.1,0.084
2020-07-31 14:00:00+00:00,-0.40115449682947846,-0.40115449682947846,-3.2555686076687342,-3.6567231044982127,2.384012192190224,2.777143599083113,-0.3017260923312654,-3.2555686076687342,True,ok,,0.3,0.1,0.084
2020-07-31 15:00:00+00:00,0.6141249943803389,0.6141249943803389,-2.0233428896189487,-1.4092178952386099,2.777143599083113,2.150485441552155,8.961894871303515e-08,-2.0233428896189487,True,ok,,0.4,0.18,0.084
2020-07-31 16:00:00+00:00,-0.9636055927161615,-0.9636055927161615,-0.31814608961886215,-1.2817516823350237,2.150485441552155,3.0948189224139933,8.961886216916114e-08,-0.3181460896188622,True,ok,,0.4,0.18,0.084
2020-07-31 17:00:00+00:00,0.04971384370891088,0.04971384370891088,-0.21290745508970005,-0.16319361138078917,3.0948189224139933,3.044090510466125,0.036961595089700025,-0.21290745508970005,True,ok,,0.4,0.18,0.084
2020-07-31 18:00:00+00:00,0.1972996024229996,0.1972996024229996,-0.10710249611906832,0.09019710630393128,3.044090510466125,2.842764385544697,0.15077254011906832,-0.10710249611906832,True,ok,,0.4,0.18,0.084
2020-07-31 19:00:00+00:00,0.15562227158330413,0.15562227158330413,2.2567219676306038e-07,0.1556224972555009,2.842764385544697,2.6839661492352027,0.14606264432780325,2.2567219677602716e-07,True,ok,,0.2,0.07,0.084
2020-07-31 20:00:00+00:00,0.17511704437833245,0.17511704437833245,0.05913209460740715,0.2342491389857396,2.6839661492352027,2.5052752876246593,0.3605648053925929,0.05913209460740715,True,ok,,0.2,0.07,0.084
2020-07-31 21:00:00+00:00,0.0985959686467289,0.0985959686467289,2.2567352592206547e-07,0.09859619432025482,2.5052752876246593,2.404667156352487,0.4221754343264741,2.256735259204004e-07,True,ok,,0.2,0.07,0.084
2020-07-31 22:00:00+00:00,0.16619116324563332,0.16619116324563332,2.2567398513806403e-07,0.16619138891961846,2.404667156352487,2.2350843367140856,0.45581312432601484,2.256739851500763e-07,True,ok,,0.2,0.07,0.084
2020-07-31 23:00:00+00:00,0.13731794111731893,0.13731794111731893,2.2567374949322705e-07,0.13731816679106842,2.2350843367140856,2.0949639886351887,0.37559217432625047,2.2567374950685337e-07,True,ok,,0.2,0.07,0.084
2020-08-01 00:00:00+00:00,0.1034848140773553,0.1034848140773553,1.0251428907148696e-07,0.10348491659164437,2.0949639886351887,1.9893672395766628,0.10391224748571093,1.025142890678653e-07,True,ok,,0.2,0.07,0.084
2020-08-01 01:00:00+00:00,0.19990768236775178,0.19990768236775178,-9.903304115654876e-08,0.19990758333471062,1.9893672395766628,1.785379808589161,-0.020478050966958834,-9.903304116520257e-08,True,ok,,0.2,0.07,0.084
2020-08-01 02:00:00+00:00,0.0776020307526278,0.0776020307526278,-5.847201944852998e-08,0.07760197228060835,1.785379808589161,1.7061940629232142,-0.11900153152798054,-5.84720194483171e-08,True,ok,,0.2,0.07,0.084
2020-08-01 03:00:00+00:00,0.12927282409872312,0.12927282409872312,2.256695458557889e-07,0.12927304976826898,1.7061940629232142,1.574283017924517,0.016986346330454146,2.256695458520114e-07,True,ok,,0.2,0.07,0.084
2020-08-01 04:00:00+00:00,0.12478140057807253,0.12478140057807253,-0.1284849928128999,-0.0037035922348273736,1.574283017924517,1.4469550581509736,-0.013359677187100112,-0.1284849928128999,True,ok,,0.3,0.1,0.084
2020-08-01 05:00:00+00:00,1.0223624664251088,1.0223624664251088,-0.3409093098307181,0.6814531565943907,1.4469550581509736,0.4037280515947401,-0.013860390169281863,-0.34090930983071815,True,ok,,0.3,0.1,0.084
2020-08-01 06:00:00+00:00,0.3956534905628453,0.3956534905628453,-0.47828517860108066,-0.08263168803823534,0.4037280515947401,0.0,-0.2697379741267875,-0.6965577258732124,True,ok,,0.3,0.1,0.084
2020-08-01 07:00:00+00:00,-0.87974304461567,-0.87974304461567,-1.5012916038404838,-2.3810346484561538,0.0,0.8621481837233566,-0.45793029615951636,-1.5012916038404838,True,ok,,0.3,0.1,0.084
2020-08-01 08:00:00+00:00,0.21148715541840302,0.21148715541840302,-3.6011205201741174,-3.3896333647557144,0.8621481837233566,0.6463449639086596,-0.10952647982588241,-3.6011205201741174,True,ok,,0.3,0.1,0.084
2020-08-01 09:00:00+00:00,0.6334180646304863,0.6334180646304863,-2.09425816773989,-1.4608401031094036,0.6463449639086596,0.0,-0.38141413842822386,-4.450790861571776,True,ok,,0.3,0.1,0.084
2020-08-01 10:00:00+00:00,0.0,0.0,-0.8238955747889377,-0.8238955747889377,0.0,0.0,-1.0472111202047765,-2.627502279795223,True,ok,,0.3,0.1,0.084
2020-08-01 11:00:00+00:00,0.0,0.0,-1.006564168747997,-1.006564168747997,0.0,0.0,-1.2444864546860788,-1.4196361453139217,True,ok,,0.3,0.1,0.084
2020-08-01 12:00:00+00:00,-0.6537645050723154,-0.6537645050723154,-0.06598820628446711,-0.7197527113567825,0.0,0.6406892149708691,-1.586208793715533,-0.06598820628446714,True,ok,,0.3,0.1,0.084
2020-08-01 13:00:00+00:00,-0.3370216442917934,-0.3370216442917934,-2.435797953337371e-07,-0.3370218878715887,0.6406892149708691,0.9709704263768266,-0.9936810964202046,-2.435797953612812e-07,True,ok,,0.3,0.1,0.084
2020-08-01 14:00:00+00:00,-0.404171513809413,-0.404171513809413,-2.435789761001672e-07,-0.4041717573883891,0.9709704263768266,1.3670585099100514,-0.42161022642102397,-2.435789760734623e-07,True,ok,,0.3,0.1,0.084
2020-08-01 15:00:00+00:00,0.8822259295481341,0.8822259295481341,-1.1276600175857965e-07,0.8822258167821323,1.3670585099100514,0.46682796955481254,0.06589079876600173,-1.12766001733429e-07,True,ok,,0.4,0.18,0.084
2020-08-01 16:00:00+00:00,-0.2449815724401151,-0.2449815724401151,0.14048298354970712,-0.10449858889040799,0.46682796955481254,0.7069099105461253,0.35077543645029285,0.14048298354970712,True,ok,,0.4,0.18,0.084
2020-08-01 17:00:00+00:00,-0.30873377869375196,-0.30873377869375196,-1.127653256882688e-07,-0.30873389145907765,0.7069099105461253,1.0094690136660023,0.21944243276532566,-1.1276532566943168e-07,True,ok,,0.4,0.18,0.084
2020-08-01 18:00:00+00:00,0.2756970790705922,0.2756970790705922,-0.19084615961884216,0.08485091945175004,1.0094690136660023,0.7281454635939695,8.961884216032748e-08,-0.19084615961884216,True,ok,,0.4,0.18,0.084
2020-08-01 19:00:00+00:00,0.17368327820989132,0.17368327820989132,0.07703043645037333,0.25071371466026465,0.7281454635939695,0.5509176286859171,0.03843117354962666,0.07703043645037333,True,ok,,0.2,0.07,0.084
2020-08-01 20:00:00+00:00,-0.1671161779761091,-0.1671161779761091,0.31643381688460104,0.14931763890849195,0.5509176286859171,0.714691483102504,0.10384278311539896,0.31643381688460104,True,ok,,0.2,0.07,0.084
2020-08-01 21:00:00+00:00,0.14575516302004837,0.14575516302004837,2.256742910045073e-07,0.14575538869433938,0.714691483102504,0.5659617249187812,0.32805434432570896,2.2567429101709245e-07,True,ok,,0.2,0.07,0.084
2020-08-01 22:00:00+00:00,0.13782394470896236,0.13782394470896236,0.02383391624299122,0.16165786095195359,0.5659617249187812,0.4253250466443298,0.05764813975700877,0.023833916242991228,True,ok,,0.2,0.07,0.084
2020-08-01 23:00:00+00:00,-0.31448247028571047,-0.31448247028571047,0.38057355349178124,0.06609108320607078,0.4253250466443298,0.7335178675243261,0.05413848650821881,0.38057355349178124,True,ok,,0.2,0.07,0.084
2020-08-02 00:00:00+00:00,0.05581518426299875,0.05581518426299875,0.10276245457237843,0.15857763883537718,0.7335178675243261,0.676563597868205,0.1414119254276216,0.10276245457237843,True,ok,,0.2,0.07,0.084
2020-08-02 01:00:00+00:00,0.007211378969939078,0.007211378969939078,0.12232637088743388,0.12953774985737296,0.676563597868205,0.6692050478988794,0.24788462911256612,0.12232637088743388,True,ok,,0.2,0.07,0.084
2020-08-02 02:00:00+00:00,0.09317952947647987,0.09317952947647987,8.186997690895481e-08,0.09317961134645678,0.6692050478988794,0.574123895371859,0.1360763981300231,8.18699769102655e-08,True,ok,,0.2,0.07,0.084
2020-08-02 03:00:00+00:00,0.1690446076077446,0.1690446076077446,2.2567356067204614e-07,0.16904483328130526,0.574123895371859,0.401629397812936,0.06923372432643933,2.256735606652446e-07,True,ok,,0.2,0.07,0.084
2020-08-02 04:00:00+00:00,0.20450451521663895,0.20450451521663895,-5.146376186315749e-09,0.20450451007026277,0.401629397812936,0.1929513210612636,0.06389276514637621,-5.146376198209679e-09,True,ok,,0.3,0.1,0.084
2020-08-02 05:00:00+00:00,0.18909229464003832,0.18909229464003832,0.013614919346566695,0.20270721398660502,0.1929513210612636,0.0,0.03952448014638644,-5.146386437275668e-09,True,ok,,0.3,0.1,0.084
2020-08-02 06:00:00+00:00,0.0,0.0,-0.04827406379144297,-0.04827406379144297,0.0,0.0,-0.26917350153474906,-0.12732667846525095,True,ok,,0.3,0.1,0.084
2020-08-02 07:00:00+00:00,0.0,0.0,-0.18228740616009326,-0.18228740616009326,0.0,0.0,-0.7872312046150223,-0.4308387953849776,True,ok,,0.3,0.1,0.084
2020-08-02 08:00:00+00:00,-0.7946602545322392,-0.7946602545322392,-0.4803513039104068,-1.275011558442646,0.0,0.7787670494415944,-0.8671315960895931,-0.48035130391040676,True,ok,,0.3,0.1,0.084
2020-08-02 09:00:00+00:00,-1.1265193890028242,-1.1265193890028242,-0.4884554652837789,-1.6149748542866031,0.7787670494415944,1.8827560506643621,-1.065926134716221,-0.48845546528377887,True,ok,,0.3,0.1,0.084
2020-08-02 10:00:00+00:00,-2.224074573126555,-2.224074573126555,-0.4351738595291632,-2.659248432655718,1.8827560506643621,4.062349132328386,-1.0004224404708366,-0.4351738595291634,True,ok,,0.3,0.1,0.084
2020-08-02 11:00:00+00:00,-1.4214403132953868,-1.4214403132953868,-1.703655995891103,-3.12509630918649,4.062349132328386,5.455360639357865,-0.4171511041088971,-1.703655995891103,True,ok,,0.3,0.1,0.084
2020-08-02 12:00:00+00:00,-0.9901927895483329,-0.9901927895483329,-2.3424265660909462,-3.332619355639279,5.455360639357865,6.425749573115231,-2.3390905370465236e-07,-2.3424265660909462,True,ok,,0.3,0.1,0.084
2020-08-02 13:00:00+00:00,-1.14785690835848,-1.14785690835848,-2.5857873660924215,-3.7336442744509015,6.425749573115231,7.550649343306542,-2.3390757852039987e-07,-2.5857873660924215,True,ok,,0.3,0.1,0.084
2020-08-02 14:00:00+00:00,-0.005742068725381966,-0.005742068725381966,-2.859559366092517,-2.865301434817899,7.550649343306542,7.556276570657417,-2.3390748255884556e-07,-2.859559366092517,True,ok,,0.3,0.1,0.084
2020-08-02 15:00:00+00:00,0.6707787357658086,0.6707787357658086,-2.572647377212277,-1.9018686414464683,7.556276570657417,6.871808472937204,0.5392697772122764,-2.572647377212277,True,ok,,0.4,0.18,0.084
2020-08-02 16:00:00+00:00,1.1037668691075264,1.1037668691075264,-1.446246654754133,-0.3424797856466066,6.871808472937204,5.745515749358095,0.1513679547541331,-1.446246654754133,True,ok,,0.4,0.18,0.084
2020-08-02 17:00:00+00:00,0.12421289927440549,0.12421289927440549,-0.3557293175917653,-0.2315164183173598,5.745515749358095,5.61876789295564,0.10374719759176523,-0.3557293175917653,True,ok,,0.4,0.18,0.084
2020-08-02 18:00:00+00:00,0.25308242758747557,0.25308242758747557,-0.09546326865485205,0.15761915893262352,5.61876789295564,5.360520517866379,0.13129871865485207,-0.09546326865485208,True,ok,,0.4,0.18,0.084
2020-08-02 19:00:00+00:00,0.17912775824858118,0.17912775824858118,1.0251475648925812e-07,0.17912786076333767,5.360520517866379,5.177737091082113,0.41427559748524345,1.025147564891293e-07,True,ok,,0.2,0.07,0.084
2020-08-02 20:00:00+00:00,0.12017151831023469,0.12017151831023469,3.719032548588075e-08,0.12017155550056018,5.177737091082113,5.055113092806363,0.4238382228096745,3.719032548459628e-08,True,ok,,0.2,0.07,0.084
2020-08-02 21:00:00+00:00,0.11789057993834669,0.11789057993834669,2.2564783264122923e-07,0.11789080558617933,5.055113092806363,4.934816582665193,0.16742507435216736,2.256478326394793e-07,True,ok,,0.2,0.07,0.084
2020-08-02 22:00:00+00:00,0.12706209167667912,0.12706209167667912,1.0251440585307137e-07,0.12706219419108497,4.934816582665193,4.805161387076745,0.34124459748559416,1.0251440584779414e-07,True,ok,,0.2,0.07,0.084
2020-08-02 23:00:00+00:00,0.07431689748004401,0.07431689748004401,1.0251433982255698e-07,0.07431699999438383,4.805161387076745,4.7293278182195575,0.44243007748566016,1.0251433982526698e-07,True,ok,,0.2,0.07,0.084
2020-08-03 00:00:00+00:00,0.14998026844979312,0.14998026844979312,3.7190109825058215e-08,0.14998030563990294,4.7293278182195575,4.576286727964667,0.5244244628098902,3.719010982265913e-08,True,ok,,0.2,0.07,0.084
2020-08-03 01:00:00+00:00,0.1207272867524118,0.1207272867524118,1.0251434408303783e-07,0.12072738926675589,4.576286727964667,4.453095619033634,0.3844881174856559,1.0251434408341949e-07,True,ok,,0.2,0.07,0.084
2020-08-03 02:00:00+00:00,0.11587598116168578,0.11587598116168578,1.0251433471553106e-07,0.1158760836760205,4.453095619033634,4.3348548219298735,0.3465255974856653,1.0251433470874224e-07,True,ok,,0.2,0.07,0.084
2020-08-03 03:00:00+00:00,0.3711682017302507,0.3711682017302507,1.0251442716935344e-07,0.3711683042446779,4.3348548219298735,3.9561117589398216,0.21575648748557286,1.0251442714537234e-07,True,ok,,0.2,0.07,0.084
2020-08-03 04:00:00+00:00,0.3113159162337527,0.3113159162337527,-1.0441249753689874e-08,0.31131590579250296,3.9561117589398216,3.6384424566604823,0.3140783104412498,-1.0441249727870948e-08,True,ok,,0.3,0.1,0.084
2020-08-03 05:00:00+00:00,0.2754943690633357,0.2754943690633357,-1.0441266684591e-08,0.275494358622069,3.6384424566604823,3.3573257535346297,0.0958449804412667,-1.044126669364092e-08,True,ok,,0.3,0.1,0.084
2020-08-03 06:00:00+00:00,-1.4909778257145063,-1.4909778257145063,-0.1623546512343632,-1.6533324769488695,3.3573257535346297,4.818484022734846,-0.07615108876563684,-0.16235465123436316,True,ok,,0.3,0.1,0.084
2020-08-03 07:00:00+00:00,-1.1060849746374155,-1.1060849746374155,-1.7379641660921596,-2.844049140729575,4.818484022734846,5.9024472978795135,-2.3390784040227874e-07,-1.7379641660921596,True,ok,,0.3,0.1,0.084
2020-08-03 08:00:00+00:00,-0.18584526005376834,-0.18584526005376834,-2.99487526609239,-3.180720526146158,5.9024472978795135,6.084575652732206,-2.33907609971464e-07,-2.99487526609239,True,ok,,0.3,0.1,0.084
2020-08-03 09:00:00+00:00,-1.1409671728138489,-1.1409671728138489,-3.81266826609243,-4.953635438906279,6.084575652732206,7.2027234820897785,-2.3390757037106675e-07,-3.81266826609243,True,ok,,0.3,0.1,0.084
2020-08-03 10:00:00+00:00,0.1019364581646931,0.1019364581646931,-4.126819066092509,-4.0248826079278155,7.2027234820897785,7.098706688044174,-2.3390749147074853e-07,-4.126819066092509,True,ok,,0.3,0.1,0.084
2020-08-03 11:00:00+00:00,-0.9251362393362967,-0.9251362393362967,-4.261284466092503,-5.1864207054288,7.098706688044174,8.005340202593745,-2.3390749682694572e-07,-4.261284466092503,True,ok,,0.3,0.1,0.084
2020-08-03 12:00:00+00:00,-0.2588313193141629,-0.2588313193141629,-3.696480766092553,-3.955312085406716,8.005340202593745,8.258994895521624,-2.3390744725502691e-07,-3.696480766092553,True,ok,,0.3,0.1,0.084
2020-08-03 13:00:00+00:00,0.2256145572434316,0.2256145572434316,-3.6110344660925553,-3.3854199088491237,8.258994895521624,8.028775959558939,-2.3390744492880651e-07,-3.6110344660925553,True,ok,,0.3,0.1,0.084
2020-08-03 14:00:00+00:00,0.18077098984808027,0.18077098984808027,-2.5750871151431602,-2.39431612529508,8.028775959558939,7.8443157658364076,-8.48568395934088e-08,-2.5750871151431602,True,ok,,0.3,0.1,0.084
2020-08-03 15:00:00+00:00,-0.018652822584512396,-0.018652822584512396,-1.7940273450008022,-1.8126801675853146,7.8443157658364076,7.862595531969229,0.6244880450008022,-1.7940273450008022,True,ok,,0.4,0.18,0.084
2020-08-03 16:00:00+00:00,0.20206738969482652,0.20206738969482652,-0.7317243193083567,-0.5296569296135302,7.862595531969229,7.656404317994917,0.2815809493083567,-0.7317243193083567,True,ok,,0.4,0.18,0.084
2020-08-03 17:00:00+00:00,0.04761594506680522,0.04761594506680522,-0.5478373702722518,-0.5002214252054465,7.656404317994917,7.607816618947156,0.2840891402722518,-0.5478373702722518,True,ok,,0.4,0.18,0.084
2020-08-03 18:00:00+00:00,0.4569134580888791,0.4569134580888791,-0.3324544514854114,0.12445900660346772,7.607816618947156,7.141578396407484,0.3777828214854114,-0.3324544514854114,True,ok,,0.4,0.18,0.084
2020-08-03 19:00:00+00:00,0.15733799584269778,0.15733799584269778,1.0251430926366822e-07,0.15733809835700704,7.141578396407484,6.981029421057792,0.5257910374856908,1.0251430927120838e-07,True,ok,,0.2,0.07,0.084
2020-08-03 20:00:00+00:00,0.10724111984344817,0.10724111984344817,1.0251430176966281e-07,0.10724122235774994,6.981029421057792,6.871599706931824,0.39200149748569824,1.0251430176469595e-07,True,ok,,0.2,0.07,0.084
2020-08-03 21:00:00+00:00,0.15588575876333757,0.15588575876333757,1.0251424298335365e-07,0.15588586127758056,6.871599706931824,6.712532606152908,0.263007697485757,1.0251424297820531e-07,True,ok,,0.2,0.07,0.084
2020-08-03 22:00:00+00:00,0.06306139743633121,0.06306139743633121,1.0251428958496511e-07,0.0630614999506208,6.712532606152908,6.648184241421958,0.49312794748571037,1.0251428959179961e-07,True,ok,,0.2,0.07,0.084
2020-08-03 23:00:00+00:00,0.15468131421184486,0.15468131421184486,1.025142676303048e-07,0.1546814167261125,6.648184241421958,6.490346165695585,0.4268252174857323,1.0251426762345053e-07,True,ok,,0.2,0.07,0.084
2020-08-04 00:00:00+00:00,0.09923839725431857,0.09923839725431857,1.0251425641705225e-07,0.09923849976857499,6.490346165695585,6.389082495027913,0.3932699174857436,1.0251425642233063e-07,True,ok,,0.2,0.07,0.084
2020-08-04 01:00:00+00:00,0.1359820462947786,0.1359820462947786,3.719008287439429e-08,0.1359820834848615,6.389082495027913,6.2503253049312,0.3743560428099172,3.719008286210961e-08,True,ok,,0.2,0.07,0.084
2020-08-04 02:00:00+00:00,0.1847253422744944,0.1847253422744944,1.0251390847315633e-07,0.18472544478840286,6.2503253049312,6.061830057712329,0.04529970248609151,1.0251390848462696e-07,True,ok,,0.2,0.07,0.084
2020-08-04 03:00:00+00:00,0.20733518544494928,0.20733518544494928,1.0251414200856956e-07,0.20733528795909129,6.061830057712329,5.8502635419521765,0.11966481748585799,1.0251414200206165e-07,True,ok,,0.2,0.07,0.084
2020-08-04 04:00:00+00:00,0.038827226198087615,0.038827226198087615,-1.04413205234688e-08,0.03882721575676709,5.8502635419521765,5.810643923382699,0.02503467844132052,-1.0441320521273205e-08,True,ok,,0.3,0.1,0.084
2020-08-04 05:00:00+00:00,-0.10277613037721145,-0.10277613037721145,-0.2734137660927086,-0.37618989646992007,5.810643923382699,5.911364531152366,-2.3390729138966435e-07,-0.2734137660927086,True,ok,,0.3,0.1,0.084
2020-08-04 06:00:00+00:00,-0.6778170325110632,-0.6778170325110632,-0.9569793660925333,-1.6347963986035965,5.911364531152366,6.575625223013208,-2.339074667208939e-07,-0.9569793660925333,True,ok,,0.3,0.1,0.084
2020-08-04 07:00:00+00:00,-0.9493096019546856,-0.9493096019546856,-2.1087582660925133,-3.058067868047199,6.575625223013208,7.5059486329288,-2.3390748690383304e-07,-2.1087582660925133,True,ok,,0.3,0.1,0.084
2020-08-04 08:00:00+00:00,0.2937896244120002,0.2937896244120002,-3.457506066092554,-3.163716441680554,7.5059486329288,7.206163301896147,-2.3390744605564364e-07,-3.457506066092554,True,ok,,0.3,0.1,0.084
2020-08-04 09:00:00+00:00,0.7053753208420059,0.7053753208420059,-3.899956415143164,-3.194581094301158,7.206163301896147,6.48639256634308,-8.485683563300813e-08,-3.899956415143164,True,ok,,0.3,0.1,0.084
2020-08-04 10:00:00+00:00,-0.013612719543598661,-0.013612719543598661,-3.611529266092506,-3.6251419856361045,6.48639256634308,6.499733031495807,-2.3390749422691234e-07,-3.611529266092506,True,ok,,0.3,0.1,0.084
2020-08-04 11:00:00+00:00,0.5834899900194883,0.5834899900194883,-3.8994279660925195,-3.315937976073031,6.499733031495807,5.904335082496329,-2.3390748067425138e-07,-3.8994279660925195,True,ok,,0.3,0.1,0.084
2020-08-04 12:00:00+00:00,-0.049738110852901585,-0.049738110852901585,-3.6430539660924945,-3.692792076945396,5.904335082496329,5.953078431132173,-2.3390750542130123e-07,-3.6430539660924945,True,ok,,0.3,0.1,0.084
2020-08-04 13:00:00+00:00,-1.4061720849486306,-1.4061720849486306,-2.7923386660925114,-4.198510751041142,5.953078431132173,7.331127074381831,-2.3390748907392404e-07,-2.7923386660925114,True,ok,,0.3,0.1,0.084
2020-08-04 14:00:00+00:00,-0.3363599264802657,-0.3363599264802657,-2.250048566092562,-2.586408492572828,7.331127074381831,7.660759802332492,-2.3390743801913882e-07,-2.250048566092562,True,ok,,0.3,0.1,0.084
2020-08-04 15:00:00+00:00,0.3745800054216768,0.3745800054216768,-1.9355521764500412,-1.5609721710283644,7.660759802332492,7.27853530700425,0.8402516764500412,-1.9355521764500412,True,ok,,0.4,0.18,0.084
2020-08-04 16:00:00+00:00,0.45445011069411045,0.45445011069411045,-0.7626381308891026,-0.30818802019499214,7.27853530700425,6.814810704255158,0.32820795088910265,-0.7626381308891026,True,ok,,0.4,0.18,0.084
2020-08-04 17:00:00+00:00,0.5170745890306198,0.5170745890306198,-0.6749097502746213,-0.15783516124400152,6.814810704255158,6.28718357259126,0.4701883802746213,-0.6749097502746213,True,ok,,0.4,0.18,0.084
2020-08-04 18:00:00+00:00,0.5272834970137465,0.5272834970137465,-0.46125644962132867,0.06602704739241788,6.28718357259126,5.7491391878833555,0.33844364462132864,-0.4612564496213286,True,ok,,0.4,0.18,0.084
2020-08-04 19:00:00+00:00,0.17659571805893765,0.17659571805893765,1.0251425147655979e-07,0.17659582057318912,5.7491391878833555,5.5689394755783175,0.17774464748574853,1.0251425147830369e-07,True,ok,,0.2,0.07,0.084
2020-08-04 20:00:00+00:00,0.13831623049613448,0.13831623049613448,1.0251432699948104e-07,0.13831633301046148,5.5689394755783175,5.4278004648679765,0.628099497485673,1.0251432700478436e-07,True,ok,,0.2,0.07,0.084
2020-08-04 21:00:00+00:00,0.10577285172730429,0.10577285172730429,3.7190088869598625e-08,0.10577288891739316,5.4278004648679765,5.319868983513584,0.41270466280991114,3.719008886775772e-08,True,ok,,0.2,0.07,0.084
2020-08-04 22:00:00+00:00,0.12846339706631857,0.12846339706631857,1.0251417051354572e-07,0.12846349958048908,5.319868983513584,5.18878388446632,0.12004030248582949,1.0251417051454236e-07,True,ok,,0.2,0.07,0.084
2020-08-04 23:00:00+00:00,0.10113000857352285,0.10113000857352285,1.0251417026374554e-07,0.10113011108769311,5.18878388446632,5.085589998166807,0.13232924748582975,1.0251417026768567e-07,True,ok,,0.2,0.07,0.084
2020-08-05 00:00:00+00:00,0.10101748091423333,0.10101748091423333,1.0251425552887383e-07,0.10101758342848886,5.085589998166807,4.982510936009426,0.3505024574857445,1.0251425552919221e-07,True,ok,,0.2,0.07,0.084
2020-08-05 01:00:00+00:00,0.17140095308418016,0.17140095308418016,1.0251407897565734e-07,0.17140105559825913,4.982510936009426,4.807612004290875,0.07692360348592102,1.0251407897268898e-07,True,ok,,0.2,0.07,0.084
2020-08-05 02:00:00+00:00,0.08020557140790344,0.08020557140790344,-9.903394108945474e-08,0.08020547237396235,4.807612004290875,4.725769584486892,-0.16210921096605893,-9.903394108847506e-08,True,ok,,0.2,0.07,0.084
2020-08-05 03:00:00+00:00,0.2960139360097751,0.2960139360097751,-9.90337459261248e-08,0.2960138369760292,4.725769584486892,4.4237145477422235,-0.05532741596625407,-9.903374593153168e-08,True,ok,,0.2,0.07,0.084
2020-08-05 04:00:00+00:00,-0.11252250277859271,-0.11252250277859271,-1.0441269890359983e-08,-0.1125225132198626,4.4237145477422235,4.533986600465244,0.1443525504412699,-1.0441269895522173e-08,True,ok,,0.3,0.1,0.084
2020-08-05 05:00:00+00:00,-0.35062484298990115,-0.35062484298990115,-0.08906092609322425,-0.4396857690831254,4.533986600465244,4.877598946595348,-2.3390677577377316e-07,-0.08906092609322423,True,ok,,0.3,0.1,0.084
2020-08-05 06:00:00+00:00,-0.18157656508109588,-0.18157656508109588,-1.0309555660925058,-1.2125321311736017,4.877598946595348,5.0555439803748214,-2.3390749395267857e-07,-1.0309555660925058,True,ok,,0.3,0.1,0.084
2020-08-05 07:00:00+00:00,-0.2912494772619696,-0.2912494772619696,-2.113955766092495,-2.4052052433544646,5.0555439803748214,5.3409684680915515,-2.3390750508062137e-07,-2.113955766092495,True,ok,,0.3,0.1,0.084
2020-08-05 08:00:00+00:00,-0.21522046340678402,-0.21522046340678402,-3.193263966092506,-3.40848442949929,5.3409684680915515,5.5518845222302,-2.3390749429514503e-07,-3.193263966092506,True,ok,,0.3,0.1,0.084
2020-08-05 09:00:00+00:00,-0.5798459195914862,-0.5798459195914862,-3.8395067660925024,-4.419352685683989,5.5518845222302,6.120133523429856,-2.3390749763676473e-07,-3.8395067660925024,True,ok,,0.3,0.1,0.084
2020-08-05 10:00:00+00:00,-0.9629430268669399,-0.9629430268669399,-4.047883066092514,-5.010826092959454,6.120133523429856,7.063817689759457,-2.3390748579203795e-07,-4.047883066092514,True,ok,,0.3,0.1,0.084
2020-08-05 11:00:00+00:00,-1.1711514565868706,-1.1711514565868706,-4.054138166092562,-5.2252896226794325,7.063817689759457,8.21154611721459,-2.3390743820087427e-07,-4.054138166092562,True,ok,,0.3,0.1,0.084
2020-08-05 12:00:00+00:00,-0.700355387184417,-0.700355387184417,-4.169906115143172,-4.8702615023275895,8.21154611721459,8.89789439665532,-8.485682810971913e-08,-4.169906115143172,True,ok,,0.3,0.1,0.084
2020-08-05 13:00:00+00:00,-0.4779178323485538,-0.4779178323485538,-3.9574030660925996,-4.435320898441153,8.89789439665532,9.366253872356902,-2.3390740004558115e-07,-3.9574030660925996,True,ok,,0.3,0.1,0.084
2020-08-05 14:00:00+00:00,-0.5021650885057416,-0.5021650885057416,-3.230209266092607,-3.7323743545983485,9.366253872356902,9.858375659092529,-2.3390739296221315e-07,-3.230209266092607,True,ok,,0.3,0.1,0.084
2020-08-05 15:00:00+00:00,1.744790184387691,1.744790184387691,-4.268951306475374,-2.5241611220876834,9.858375659092529,8.07797751175815,1.8449699064753744,-4.268951306475374,True,ok,,0.4,0.18,0.084
2020-08-05 16:00:00+00:00,0.8395812369267455,0.8395812369267455,-2.1357147612371974,-1.296133524310452,8.07797751175815,7.221261963873715,0.8633879612371974,-2.1357147612371974,True,ok,,0.4,0.18,0.084
2020-08-05 17:00:00+00:00,0.9837176560353369,0.9837176560353369,-1.1301691468475292,-0.14645149081219228,7.221261963873715,6.217468437307045,0.48949568684752914,-1.1301691468475292,True,ok,,0.4,0.18,0.084
2020-08-05 18:00:00+00:00,1.2018740379478188,1.2018740379478188,-1.1107506067948685,0.0911234311529502,6.217468437307045,4.991066357768455,0.8806632067948685,-1.1107506067948685,True,ok,,0.4,0.18,0.084
2020-08-05 19:00:00+00:00,0.12208447437867934,0.12208447437867934,1.0251426464658042e-07,0.12208457689294398,4.991066357768455,4.8664903635044965,0.35265956748573535,1.0251426464568298e-07,True,ok,,0.2,0.07,0.084
2020-08-05 20:00:00+00:00,0.1362991194649522,0.1362991194649522,1.025142949417912e-07,0.13629922197924715,4.8664903635044965,4.727409629356586,0.32022949748570506,1.0251429495250243e-07,True,ok,,0.2,0.07,0.084
2020-08-05 21:00:00+00:00,0.0808610363037034,0.0808610363037034,1.0251429559404723e-07,0.080861138817999,4.727409629356586,4.644898367822195,0.3648662274857044,1.0251429559353646e-07,True,ok,,0.2,0.07,0.084
2020-08-05 22:00:00+00:00,0.127398481101914,0.127398481101914,1.0251423684937144e-07,0.12739858361615086,4.644898367822195,4.514899917718202,0.2625080774857631,1.0251423686318699e-07,True,ok,,0.2,0.07,0.084
2020-08-05 23:00:00+00:00,0.1215573142560261,0.1215573142560261,1.0251416718287665e-07,0.12155741677019329,4.514899917718202,4.390861841946746,0.12194581748583282,1.0251416718684439e-07,True,ok,,0.2,0.07,0.084
2020-08-06 00:00:00+00:00,0.10805259190978884,0.10805259190978884,1.0251420466678152e-07,0.10805269442399351,4.390861841946746,4.280604095100023,0.11723109748579533,1.0251420467250873e-07,True,ok,,0.2,0.07,0.084
2020-08-06 01:00:00+00:00,0.16054859166981286,0.16054859166981286,1.0250898013763887e-07,0.160548694178793,4.280604095100023,4.116779001559398,0.003042622091019865,1.0250898013562602e-07,True,ok,,0.2,0.07,0.084
2020-08-06 02:00:00+00:00,0.14264456423972244,0.14264456423972244,1.0251415247242157e-07,0.1426446667538749,4.116779001559398,3.971223323763763,0.10365065748584754,1.0251415247684773e-07,True,ok,,0.2,0.07,0.084
2020-08-06 03:00:00+00:00,0.24829810650943465,0.24829810650943465,1.0251422341567284e-07,0.24829820902365807,3.971223323763763,3.7178579089582175,0.17065675748577658,1.0251422342362467e-07,True,ok,,0.2,0.07,0.084
2020-08-06 04:00:00+00:00,0.16650791925094088,0.16650791925094088,-0.0773022560932438,0.08920566315769708,3.7178579089582175,3.547951868906237,-2.339067562084209e-07,-0.0773022560932438,True,ok,,0.3,0.1,0.084
2020-08-06 05:00:00+00:00,0.09439491708100195,0.09439491708100195,-0.45741641514314674,-0.3630214980621448,3.547951868906237,3.451630524946031,-8.485685326917755e-08,-0.45741641514314674,True,ok,,0.3,0.1,0.084
2020-08-06 06:00:00+00:00,-0.5929802508033579,-0.5929802508033579,-0.8360184651431428,-1.4289987159465007,3.451630524946031,4.032751170733322,-8.485685718372693e-08,-0.8360184651431428,True,ok,,0.3,0.1,0.084
2020-08-06 07:00:00+00:00,-0.4287636275436677,-0.4287636275436677,-2.3587257660924257,-2.7874893936360934,4.032751170733322,4.452939525726117,-2.3390757469679804e-07,-2.3587257660924257,True,ok,,0.3,0.1,0.084
2020-08-06 08:00:00+00:00,4.240938294784455,4.240938294784455,-3.630186266092458,0.6107520286919975,4.452939525726117,0.1254514698236111,-2.339075415950737e-07,-3.630186266092458,True,ok,,0.3,0.1,0.084
2020-08-06 09:00:00+00:00,0.12294244042713888,0.12294244042713888,-1.3374094583674097,-1.2144670179402708,0.1254514698236111,0.0,-0.24829008652651924,-1.8625405134734805,True,ok,,0.3,0.1,0.084
2020-08-06 10:00:00+00:00,-3.0409826179897346,-3.0409826179897346,-1.9027954616456961,-4.943778079635431,0.0,2.98016296562994,-0.3518900383543036,-1.9027954616456964,True,ok,,0.3,0.1,0.084
2020-08-06 11:00:00+00:00,-1.3893926998718342,-1.3893926998718342,-3.617515366092328,-5.006908065964162,2.98016296562994,4.341767811504337,-2.3390767252073667e-07,-3.617515366092328,True,ok,,0.3,0.1,0.084
2020-08-06 12:00:00+00:00,-0.7587811264530151,-0.7587811264530151,-4.137391766092451,-4.896172892545466,4.341767811504337,5.085373315428292,-2.3390754951391552e-07,-4.137391766092451,True,ok,,0.3,0.1,0.084
2020-08-06 13:00:00+00:00,-0.43387186063677596,-0.43387186063677596,-3.8869276151431595,-4.3207994757799355,5.085373315428292,5.510567738852332,-8.485684048895966e-08,-3.8869276151431595,True,ok,,0.3,0.1,0.084
2020-08-06 14:00:00+00:00,0.02525142791661006,0.02525142791661006,-3.212698966092503,-3.187447538175893,5.510567738852332,5.484800975672118,-2.339074969272785e-07,-3.212698966092503,True,ok,,0.3,0.1,0.084
2020-08-06 15:00:00+00:00,0.25775902627676306,0.25775902627676306,-2.50966705864857,-2.251908032371807,5.484800975672118,5.221781561103993,0.5519420586485702,-2.50966705864857,True,ok,,0.4,0.18,0.084
2020-08-06 16:00:00+00:00,-0.12799079707767724,-0.12799079707767724,-1.0644835582680816,-1.1924743553457589,5.221781561103993,5.347212542240117,0.2103900582680816,-1.0644835582680816,True,ok,,0.4,0.18,0.084
2020-08-06 17:00:00+00:00,0.30745968603804164,0.30745968603804164,-0.5413953803775817,-0.23393569433954006,5.347212542240117,5.033478168731911,0.2676141803775818,-0.5413953803775817,True,ok,,0.4,0.18,0.084
2020-08-06 18:00:00+00:00,0.4584883051685873,0.4584883051685873,-0.3106729386465731,0.14781536652201419,5.033478168731911,4.5656329593762095,0.38119442264657316,-0.31067293864657314,True,ok,,0.4,0.18,0.084
2020-08-06 19:00:00+00:00,0.09167844447981757,0.09167844447981757,3.7190083304605714e-08,0.09167848166990088,4.5656329593762095,4.472083526233538,0.1907594828099167,3.7190083309208425e-08,True,ok,,0.2,0.07,0.084
2020-08-06 20:00:00+00:00,0.11340106415791769,0.11340106415791769,1.0251425928975433e-07,0.11340116667217698,4.472083526233538,4.356368154643826,0.23257729748574074,1.0251425928642904e-07,True,ok,,0.2,0.07,0.084
2020-08-06 21:00:00+00:00,0.11882256408052086,0.11882256408052086,1.0251419624296432e-07,0.1188226665947171,4.356368154643826,4.235120640275948,0.12487452748580376,1.0251419624210978e-07,True,ok,,0.2,0.07,0.084
2020-08-06 22:00:00+00:00,0.07097670302981594,0.07097670302981594,1.0251408376349413e-07,0.07097680554389971,4.235120640275948,4.162695433102667,0.07307631348591623,1.0251408376276935e-07,True,ok,,0.2,0.07,0.084
2020-08-06 23:00:00+00:00,0.16092553575878313,0.16092553575878313,1.0251424398255438e-07,0.1609256382730271,4.162695433102667,3.9984857027365615,0.224836447485756,1.0251424398718839e-07,True,ok,,0.2,0.07,0.084
2020-08-07 00:00:00+00:00,0.05900495300870912,0.05900495300870912,1.0251420960033508e-07,0.05900505552291872,3.9984857027365615,3.938276567013389,0.1618342474857904,1.0251420960170481e-07,True,ok,,0.2,0.07,0.084
2020-08-07 01:00:00+00:00,0.1649911475639557,0.1649911475639557,1.0251392754123678e-07,0.16499125007788323,3.938276567013389,3.7699182531726176,0.04350636748607245,1.025139275461919e-07,True,ok,,0.2,0.07,0.084
2020-08-07 02:00:00+00:00,0.10826618246323734,0.10826618246323734,-9.903199342520264e-08,0.10826608343124391,3.7699182531726176,3.659442556781559,-0.007649681268006574,-9.903199342639069e-08,True,ok,,0.2,0.07,0.084
2020-08-07 03:00:00+00:00,0.24186208552597288,0.24186208552597288,1.0251400439642566e-07,0.24186218803997728,3.659442556781559,3.4126445103264844,0.05335768548599561,1.0251400438903466e-07,True,ok,,0.2,0.07,0.084
2020-08-07 04:00:00+00:00,0.040487496945357644,0.040487496945357644,-3.787879558625473e-09,0.040487493157478086,3.4126445103264844,3.3713307379332624,0.10859338378787955,-3.78787955929143e-09,True,ok,,0.3,0.1,0.084
2020-08-07 05:00:00+00:00,-0.09123521046624367,-0.09123521046624367,-0.2697522060925518,-0.36098741655879546,3.3713307379332624,3.460741244190181,-2.3390744821515324e-07,-0.2697522060925518,True,ok,,0.3,0.1,0.084
2020-08-07 06:00:00+00:00,-0.2653187839870652,-0.2653187839870652,-1.1056148660923844,-1.3709336500794496,3.460741244190181,3.720753652497505,-2.3390761570233586e-07,-1.1056148660923844,True,ok,,0.3,0.1,0.084
2020-08-07 07:00:00+00:00,-0.5469008360586409,-0.5469008360586409,-2.213348366092402,-2.760249202151043,3.720753652497505,4.256716471834974,-2.3390759772669135e-07,-2.213348366092402,True,ok,,0.3,0.1,0.084
2020-08-07 08:00:00+00:00,-0.3975338342665431,-0.3975338342665431,-3.311374066092439,-3.708907900358982,4.256716471834974,4.646299629416186,-2.3390756075549632e-07,-3.311374066092439,True,ok,,0.3,0.1,0.084
2020-08-07 09:00:00+00:00,0.09933235820530983,0.09933235820530983,-4.0615353660924605,-3.9622030078871506,4.646299629416186,4.544940080227094,-2.339075392729265e-07,-4.0615353660924605,True,ok,,0.3,0.1,0.084
2020-08-07 10:00:00+00:00,-0.13201533480108996,-0.13201533480108996,-4.595563766092468,-4.727579100893558,4.544940080227094,4.674315108332162,-2.3390753225931165e-07,-4.595563766092468,True,ok,,0.3,0.1,0.084
2020-08-07 11:00:00+00:00,-0.010941152838799262,-0.010941152838799262,-4.868225366092481,-4.87916651893128,4.674315108332162,4.685037438114185,-2.3390751923207399e-07,-4.868225366092481,True,ok,,0.3,0.1,0.084
2020-08-07 12:00:00+00:00,0.0018240258297348433,0.0018240258297348433,-4.783327366092481,-4.781503340262746,4.685037438114185,4.6831761872675175,-2.3390751942571453e-07,-4.783327366092481,True,ok,,0.3,0.1,0.084
2020-08-07 13:00:00+00:00,-0.1789168832680712,-0.1789168832680712,-4.011112066092484,-4.190028949360555,4.6831761872675175,4.858514732870227,-2.3390751584813006e-07,-4.011112066092484,True,ok,,0.3,0.1,0.084
2020-08-07 14:00:00+00:00,-0.44857891909865,-0.44857891909865,-3.0777119151431584,-3.5262908342418084,4.858514732870227,5.298122073586904,-8.485684157859179e-08,-3.0777119151431584,True,ok,,0.3,0.1,0.084
2020-08-07 15:00:00+00:00,0.3841268417923076,0.3841268417923076,-2.8029493188089942,-2.4188224770166866,5.298122073586904,4.906155908492712,0.6681666188089942,-2.8029493188089942,True,ok,,0.4,0.18,0.084
2020-08-07 16:00:00+00:00,0.03359853469135987,0.03359853469135987,-1.2187712653842269,-1.185172730692867,4.906155908492712,4.871871689419896,0.2328543653842267,-1.2187712653842269,True,ok,,0.4,0.18,0.084
2020-08-07 17:00:00+00:00,0.5224657361941217,0.5224657361941217,-0.7314295170751922,-0.20896378088107045,4.871871689419896,4.338743387180996,0.25061603707519226,-0.7314295170751922,True,ok,,0.4,0.18,0.084
2020-08-07 18:00:00+00:00,0.37035044365239145,0.37035044365239145,-0.21344243296690177,0.15690801068548968,4.338743387180996,3.960834771209168,0.19742448896690176,-0.21344243296690177,True,ok,,0.4,0.18,0.084
2020-08-07 19:00:00+00:00,0.21371350997350366,0.21371350997350366,1.0251444271247578e-07,0.21371361248794637,3.960834771209168,3.742759761032123,0.2974248274855573,1.0251444270593824e-07,True,ok,,0.2,0.07,0.084
2020-08-07 20:00:00+00:00,0.18574584217360807,0.18574584217360807,1.0251444720887903e-07,0.18574594468805528,3.742759761032123,3.5532231873855844,0.3548430374855528,1.0251444720100021e-07,True,ok,,0.2,0.07,0.084
2020-08-07 21:00:00+00:00,0.1580302307317581,0.1580302307317581,1.0251436702302108e-07,0.15803033324612512,3.5532231873855844,3.3919678499041988,0.31242836748563296,1.0251436702944136e-07,True,ok,,0.2,0.07,0.084
2020-08-07 22:00:00+00:00,0.15215123057164634,0.15215123057164634,1.0251404958250276e-07,0.15215133308569592,3.3919678499041988,3.236711492178029,0.24046302748595041,1.0251404958175164e-07,True,ok,,0.2,0.07,0.084
2020-08-07 23:00:00+00:00,0.18230895272134023,0.18230895272134023,1.0251431029062452e-07,0.18230905523565052,3.236711492178029,3.050681948584825,0.1560559274856897,1.0251431030146625e-07,True,ok,,0.2,0.07,0.084
2020-08-08 00:00:00+00:00,0.08307592528973377,0.08307592528973377,1.0251421715679054e-07,0.08307602780395093,3.050681948584825,2.965910596248362,0.11167860748578284,1.0251421715129322e-07,True,ok,,0.2,0.07,0.084
2020-08-08 01:00:00+00:00,0.1879903797764966,0.1879903797764966,3.719004790236902e-08,0.1879904169665445,2.965910596248362,2.7740836781090796,0.043172447809952115,3.719004789167441e-08,True,ok,,0.2,0.07,0.084
2020-08-08 02:00:00+00:00,0.15973231421098502,0.15973231421098502,1.0251417381645922e-07,0.15973241672515884,2.7740836781090796,2.6110915207509318,0.08923341748582618,1.025141738228074e-07,True,ok,,0.2,0.07,0.084
2020-08-08 03:00:00+00:00,0.070599615008194,0.070599615008194,1.0251429562180281e-07,0.07059971752248963,2.6110915207509318,2.5390510972731826,0.2114831774857044,1.0251429561723262e-07,True,ok,,0.2,0.07,0.084
2020-08-08 04:00:00+00:00,0.3302287999634595,0.3302287999634595,-0.0699965920931589,0.2602322078703006,2.5390510972731826,2.202082934045163,-2.3390684110986294e-07,-0.0699965920931589,True,ok,,0.3,0.1,0.084
2020-08-08 05:00:00+00:00,0.10303648287798417,0.10303648287798417,-0.2843881960923254,-0.18135171321434124,2.202082934045163,2.0969436658023217,-2.3390767462707823e-07,-0.2843881960923254,True,ok,,0.3,0.1,0.084
2020-08-08 06:00:00+00:00,-0.3918472841217,-0.3918472841217,-0.965281966092135,-1.357129250213835,2.0969436658023217,2.4809540042415876,-2.3390786497650973e-07,-0.965281966092135,True,ok,,0.3,0.1,0.084
2020-08-08 07:00:00+00:00,-0.5460277778631228,-0.5460277778631228,-2.0440757660922158,-2.5901035439553386,2.4809540042415876,3.016061226547448,-2.3390778415034003e-07,-2.0440757660922158,True,ok,,0.3,0.1,0.084
2020-08-08 08:00:00+00:00,-0.5938720539070221,-0.5938720539070221,-3.068117966092314,-3.6619900199993363,3.016061226547448,3.59805583937633,-2.3390768580600437e-07,-3.068117966092314,True,ok,,0.3,0.1,0.084
2020-08-08 09:00:00+00:00,-0.43276686223499716,-0.43276686223499716,-3.8426652660923803,-4.2754321283273775,3.59805583937633,4.022167364366627,-2.339076193289249e-07,-3.8426652660923803,True,ok,,0.3,0.1,0.084
2020-08-08 10:00:00+00:00,-0.4177744992764634,-0.4177744992764634,-4.26965576609244,-4.687430265368904,4.022167364366627,4.431586373657561,-2.3390756041602338e-07,-4.26965576609244,True,ok,,0.3,0.1,0.084
2020-08-08 11:00:00+00:00,0.060704411471975916,0.060704411471975916,-4.578402766092471,-4.517698354620495,4.431586373657561,4.369643096645341,-2.3390752977760607e-07,-4.578402766092471,True,ok,,0.3,0.1,0.084
2020-08-08 12:00:00+00:00,-0.2269618717315307,-0.2269618717315307,-4.416928466092469,-4.643890337824,4.369643096645341,4.592065730942241,-2.3390753119978566e-07,-4.416928466092469,True,ok,,0.3,0.1,0.084
2020-08-08 13:00:00+00:00,-0.22031497807381006,-0.22031497807381006,-3.9319782660924907,-4.152293244166301,4.592065730942241,4.807974409454575,-2.3390750957631944e-07,-3.9319782660924907,True,ok,,0.3,0.1,0.084
2020-08-08 14:00:00+00:00,-0.40189671746967726,-0.40189671746967726,-2.9609306151431602,-3.3628273326128375,4.807974409454575,5.201833192574859,-8.48568397148273e-08,-2.9609306151431602,True,ok,,0.3,0.1,0.084
2020-08-08 15:00:00+00:00,0.012966726866924905,0.012966726866924905,-2.2999787395176083,-2.2870120126506834,5.201833192574859,5.188601838629017,0.5762061395176084,-2.2999787395176083,True,ok,,0.4,0.18,0.084
2020-08-08 16:00:00+00:00,-0.021502231999000365,-0.021502231999000365,-1.1491014921237777,-1.170603724122778,5.188601838629017,5.209674025988037,0.28699199212377763,-1.1491014921237777,True,ok,,0.4,0.18,0.084
2020-08-08 17:00:00+00:00,0.2816748866973878,0.2816748866973878,-0.47428209524622233,-0.19260720854883454,5.209674025988037,4.922250672215193,0.3876600252462224,-0.4742820952462224,True,ok,,0.4,0.18,0.084
2020-08-08 18:00:00+00:00,0.4719960131580645,0.4719960131580645,-0.2873538015450855,0.18464221161297897,4.922250672215193,4.440622087360025,0.4872314915450855,-0.2873538015450855,True,ok,,0.4,0.18,0.084
2020-08-08 19:00:00+00:00,0.14122042889248942,0.14122042889248942,1.0251431517560583e-07,0.1412205314068046,4.440622087360025,4.2965196088983015,0.43618214748568485,1.0251431516559725e-07,True,ok,,0.2,0.07,0.084
2020-08-08 20:00:00+00:00,0.1890367864612792,0.1890367864612792,1.0251428797514173e-07,0.18903688897556717,4.2965196088983015,4.103624928835772,0.23739100748571199,1.0251428798248627e-07,True,ok,,0.2,0.07,0.084
2020-08-08 21:00:00+00:00,0.13075442540157112,0.13075442540157112,1.0251427762231202e-07,0.13075452791584874,4.103624928835772,3.970202045772944,0.18636183748572238,1.0251427762480127e-07,True,ok,,0.2,0.07,0.084
2020-08-08 22:00:00+00:00,0.06605884187262924,0.06605884187262924,1.025142768451559e-07,0.06605894438690608,3.970202045772944,3.9027950642702613,0.18973719748572315,1.0251427684500479e-07,True,ok,,0.2,0.07,0.084
2020-08-08 23:00:00+00:00,0.1775912589713185,0.1775912589713185,1.0251426882379455e-07,0.17759136148558732,3.9027950642702613,3.721579493891365,0.18727296748573116,1.0251426882165833e-07,True,ok,,0.2,0.07,0.084
2020-08-09 00:00:00+00:00,0.08022936974726874,0.08022936974726874,1.0251373612490955e-07,0.08022947226100487,3.721579493891365,3.6397127900676214,0.02773708048626387,1.025137361303616e-07,True,ok,,0.2,0.07,0.084
2020-08-09 01:00:00+00:00,0.146180342187507,0.146180342187507,1.0251400570093772e-07,0.1461804447015127,3.6397127900676214,3.4905491755905733,0.051390767485994304,1.0251400569220379e-07,True,ok,,0.2,0.07,0.084
2020-08-09 02:00:00+00:00,0.15297223108339028,0.15297223108339028,1.0251209736633626e-07,0.15297233359548765,3.4905491755905733,3.334455062240175,0.007297749087902631,1.0251209736902169e-07,True,ok,,0.2,0.07,0.084
2020-08-09 03:00:00+00:00,0.06078631414612111,0.06078631414612111,1.0251429363034026e-07,0.06078641666041474,3.334455062240175,3.2724282110706637,0.2755304174857064,1.0251429363280432e-07,True,ok,,0.2,0.07,0.084
2020-08-09 04:00:00+00:00,0.2751150541739462,0.2751150541739462,-0.02384754409525225,0.25126751007869397,3.2724282110706637,2.991698563954392,-2.3390474772194218e-07,-0.023847544095252277,True,ok,,0.3,0.1,0.084
2020-08-09 05:00:00+00:00,0.16828005898184936,0.16828005898184936,-0.3839007060923675,-0.21562064711051812,2.991698563954392,2.819984218054546,-2.339076324686454e-07,-0.3839007060923675,True,ok,,0.3,0.1,0.084
2020-08-09 06:00:00+00:00,0.4859313854202515,0.4859313854202515,-1.2606054660922779,-0.7746740806720264,2.819984218054546,2.3241358655849016,-2.3390772232595422e-07,-1.2606054660922779,True,ok,,0.3,0.1,0.084
2020-08-09 07:00:00+00:00,0.548383855018509,0.548383855018509,-2.0232675660921906,-1.4748837110736817,2.3241358655849016,1.764560503321117,-2.3390780945163596e-07,-2.0232675660921906,True,ok,,0.3,0.1,0.084
2020-08-09 08:00:00+00:00,-0.6269724212279093,-0.6269724212279093,-2.714498266091948,-3.341470687319857,1.764560503321117,2.378993476124468,-2.3390805241169098e-07,-2.714498266091948,True,ok,,0.3,0.1,0.084
2020-08-09 09:00:00+00:00,0.14852800133351574,0.14852800133351574,-3.645130666092209,-3.496602664758693,2.378993476124468,2.2274342910902685,-2.3390779136668275e-07,-3.645130666092209,True,ok,,0.3,0.1,0.084
2020-08-09 10:00:00+00:00,-0.6845293664106382,-0.6845293664106382,-3.6003049660922093,-4.2848343325028475,2.2274342910902685,2.898273070172694,-2.3390779026394718e-07,-3.6003049660922093,True,ok,,0.3,0.1,0.084
2020-08-09 11:00:00+00:00,-0.05265587853601694,-0.05265587853601694,-3.9935393660923335,-4.0461952446283505,2.898273070172694,2.9498758311379905,-2.3390766670297595e-07,-3.9935393660923335,True,ok,,0.3,0.1,0.084
2020-08-09 12:00:00+00:00,-0.4400897955182157,-0.4400897955182157,-3.5410637660923387,-3.9811535616105544,2.9498758311379905,3.381163830745842,-2.3390766129272267e-07,-3.5410637660923387,True,ok,,0.3,0.1,0.084
2020-08-09 13:00:00+00:00,0.30293219591727993,0.30293219591727993,-3.0224137660924213,-2.7194815701751414,3.381163830745842,3.0720493451159645,-2.3390757915526134e-07,-3.0224137660924213,True,ok,,0.3,0.1,0.084
2020-08-09 14:00:00+00:00,1.2790048338029418,1.2790048338029418,-1.9102714660923898,-0.6312666322894481,3.0720493451159645,1.7669423718476565,-2.339076100796752e-07,-1.9102714660923898,True,ok,,0.3,0.1,0.084
2020-08-09 15:00:00+00:00,1.2160252165770906,1.2160252165770906,-0.893356841489028,0.3226683750880625,1.7669423718476565,0.5261003141159313,0.12411414148902805,-0.893356841489028,True,ok,,0.4,0.18,0.084
2020-08-09 16:00:00+00:00,0.26944063494233517,0.26944063494233517,0.03925341765176599,0.30869405259410115,0.5261003141159313,0.25116089070538516,0.075656862348234,0.039253417651766015,True,ok,,0.4,0.18,0.084
2020-08-09 17:00:00+00:00,0.10644350527829746,0.10644350527829746,0.14762302189760576,0.2540665271759032,0.25116089070538516,0.14254506899283673,0.10308266810239425,0.14762302189760576,True,ok,,0.4,0.18,0.084
2020-08-09 18:00:00+00:00,0.09399632836739182,0.09399632836739182,0.06970439582182587,0.1637007241892177,0.14254506899283673,0.04663044820978385,0.13969416417817415,0.06970439582182587,True,ok,,0.4,0.18,0.084
2020-08-09 19:00:00+00:00,0.04569783924558817,0.04569783924558817,0.18220024441739857,0.22789808366298675,0.04663044820978385,0.0,0.013372129617895146,0.07834674038210485,True,ok,,0.2,0.07,0.084
2020-08-09 20:00:00+00:00,0.0,0.0,0.15391897189882042,0.15391897189882042,0.0,0.0,-3.468949764951596e-08,0.14386587468949766,True,ok,,0.2,0.07,0.084
2020-08-09 21:00:00+00:00,-0.002356882161803603,-0.002356882161803603,0.10384527098626654,0.10148838882446294,0.0,0.002309744518567531,-1.809862665496272e-07,0.10384527098626654,True,ok,,0.2,0.07,0.084
2020-08-09 22:00:00+00:00,-0.11017638180911818,-0.11017638180911818,0.2577237705587706,0.14754738874965243,0.002309744518567531,0.11028259869150334,0.0002057994412293615,0.2577237705587706,True,ok,,0.2,0.07,0.084
2020-08-09 23:00:00+00:00,0.008949785350921086,0.008949785350921086,0.1038490757791574,0.11279886113007849,0.11028259869150334,0.1011501646599512,0.011715499220842597,0.1038490757791574,True,ok,,0.2,0.07,0.084
2020-08-10 00:00:00+00:00,-0.009407804183651697,-0.009407804183651697,0.11894341512967123,0.10953561094601953,0.1011501646599512,0.11036981275992987,0.010110174870328786,0.11894341512967123,True,ok,,0.2,0.07,0.084
2020-08-10 01:00:00+00:00,0.05565258682325644,0.05565258682325644,0.10880602401605718,0.16445861083931362,0.11036981275992987,0.05358145885864778,0.022239875983942826,0.10880602401605718,True,ok,,0.2,0.07,0.084
2020-08-10 02:00:00+00:00,0.05250982968147483,0.05250982968147483,0.07139603142868245,0.12390586111015728,0.05358145885864778,0.0,0.02382251052377307,0.02712743947622693,True,ok,,0.2,0.07,0.084
2020-08-10 03:00:00+00:00,0.0,0.0,0.14371016680399576,0.14371016680399576,0.0,0.0,-2.9428355571125164e-08,0.11098415942835556,True,ok,,0.2,0.07,0.084
2020-08-10 04:00:00+00:00,0.0,0.0,0.10384351352832337,0.10384351352832337,0.0,0.0,-0.10048299547589033,-0.06154984452410965,True,ok,,0.3,0.1,0.084
2020-08-10 05:00:00+00:00,0.0,0.0,-0.03412318022762676,-0.03412318022762676,0.0,0.0,-0.17780500470601038,-0.3006695952939897,True,ok,,0.3,0.1,0.084
2020-08-10 06:00:00+00:00,-0.020942833512388792,-0.020942833512388792,-0.8989211990758537,-0.9198640325882425,0.0,0.020523976842141016,-0.26927500092414636,-0.8989211990758537,True,ok,,0.3,0.1,0.084
2020-08-10 07:00:00+00:00,-0.06737645941339787,-0.06737645941339787,-1.7124233299587688,-1.7797997893721667,0.020523976842141016,0.08655290706727092,-0.19719927004123106,-1.7124233299587688,True,ok,,0.3,0.1,0.084
2020-08-10 08:00:00+00:00,-1.4626809770431897,-1.4626809770431897,-2.330884175344776,-3.793565152387966,0.08655290706727092,1.5199802645695968,-0.24418782465522373,-2.330884175344776,True,ok,,0.3,0.1,0.084
2020-08-10 09:00:00+00:00,-0.3112732189909688,-0.3112732189909688,-3.607924745205492,-3.919197964196461,1.5199802645695968,1.8250280191807462,-0.08555255479450824,-3.607924745205492,True,ok,,0.3,0.1,0.084
2020-08-10 10:00:00+00:00,-1.1286185129582917,-1.1286185129582917,-3.7921832838429537,-4.920801796801245,1.8250280191807462,2.931074161879872,-0.11005401615704603,-3.7921832838429537,True,ok,,0.3,0.1,0.084
2020-08-10 11:00:00+00:00,-0.9107958410689712,-0.9107958410689712,-4.142169315143101,-5.052965156212072,2.931074161879872,3.8236540861274637,-8.48568983408189e-08,-4.142169315143101,True,ok,,0.3,0.1,0.084
2020-08-10 12:00:00+00:00,-0.1809654927213149,-0.1809654927213149,-4.182824466092323,-4.363789958813638,3.8236540861274637,4.0010002689943525,-2.3390767719426044e-07,-4.182824466092323,True,ok,,0.3,0.1,0.084
2020-08-10 13:00:00+00:00,-0.7222360698818111,-0.7222360698818111,-3.583141766092389,-4.3053778359742,4.0010002689943525,4.708791617478528,-2.339076104577857e-07,-3.583141766092389,True,ok,,0.3,0.1,0.084
2020-08-10 14:00:00+00:00,-0.29734753686820525,-0.29734753686820525,-2.546546166092449,-2.843893702960654,4.708791617478528,5.000192203609369,-2.3390755097406662e-07,-2.546546166092449,True,ok,,0.3,0.1,0.084
2020-08-10 15:00:00+00:00,-0.2520657147213776,-0.2520657147213776,-1.806371691910253,-2.0584374066316307,5.000192203609369,5.247216604036319,0.4345855919102531,-1.806371691910253,True,ok,,0.4,0.18,0.084
2020-08-10 16:00:00+00:00,-0.2521932903309333,-0.2521932903309333,-0.8792110747782765,-1.1314043651092098,5.247216604036319,5.494366028560633,0.20450367477827663,-0.8792110747782765,True,ok,,0.4,0.18,0.084
2020-08-10 17:00:00+00:00,0.3330192307125359,0.3330192307125359,-0.40313350251536517,-0.07011427180282923,5.494366028560633,5.15455048701723,0.2451114025153651,-0.4031335025153651,True,ok,,0.4,0.18,0.084
2020-08-10 18:00:00+00:00,0.25913860630089586,0.25913860630089586,-0.16803131242132108,0.09110729387957478,5.15455048701723,4.890123337730601,0.3800430324213211,-0.16803131242132108,True,ok,,0.4,0.18,0.084
2020-08-10 19:00:00+00:00,0.182408731799557,0.182408731799557,3.719010827074598e-08,0.18240876898966527,4.890123337730601,4.703991978751461,0.30946616280989175,3.7190108274175074e-08,True,ok,,0.2,0.07,0.084
2020-08-10 20:00:00+00:00,0.16767518516436408,0.16767518516436408,3.719010116531862e-08,0.16767522235446525,4.703991978751461,4.532894851032721,0.22487936280989884,3.719010116492823e-08,True,ok,,0.2,0.07,0.084
2020-08-10 21:00:00+00:00,0.06390120309757849,0.06390120309757849,1.0251434974517526e-07,0.06390130561192824,4.532894851032721,4.467689541749478,0.35629359748565026,1.0251434974828642e-07,True,ok,,0.2,0.07,0.084
2020-08-10 22:00:00+00:00,0.15490053647133742,0.15490053647133742,1.025142966626369e-07,0.15490063898563408,4.467689541749478,4.30962776983995,0.24610548748570335,1.0251429665530807e-07,True,ok,,0.2,0.07,0.084
2020-08-10 23:00:00+00:00,0.10963570317213674,0.10963570317213674,1.0251417796591777e-07,0.1096358056863147,4.30962776983995,4.19775460333777,0.10607533748582204,1.0251417796994197e-07,True,ok,,0.2,0.07,0.084
2020-08-11 00:00:00+00:00,0.08030823086158079,0.08030823086158079,1.025141380950334e-07,0.08030833337571888,4.19775460333777,4.115807428989218,0.0886306374858619,1.0251413809111041e-07,True,ok,,0.2,0.07,0.084
2020-08-11 01:00:00+00:00,0.19561279611909638,0.19561279611909638,3.719007724001244e-08,0.19561283330917362,4.115807428989218,3.91620253499014,0.14102437280992275,3.719007723170074e-08,True,ok,,0.2,0.07,0.084
2020-08-11 02:00:00+00:00,0.11124145314323414,0.11124145314323414,1.0251309322251156e-07,0.11124155565632736,3.91620253499014,3.8026908481092887,0.013419697486906784,1.0251309321721205e-07,True,ok,,0.2,0.07,0.084
2020-08-11 03:00:00+00:00,0.16469850875856398,0.16469850875856398,1.0251414217510302e-07,0.16469861127270616,3.8026908481092887,3.6346311452944273,0.09378187748585784,1.0251414216123697e-07,True,ok,,0.2,0.07,0.084
2020-08-11 04:00:00+00:00,0.14801716883379631,0.14801716883379631,-0.12226343609287163,0.02575373274092469,3.6346311452944273,3.4835932179130027,-2.3390712838037414e-07,-0.12226343609287163,True,ok,,0.3,0.1,0.084
2020-08-11 05:00:00+00:00,0.19390376601827747,0.19390376601827747,-0.5577427660923463,-0.36383900007406883,3.4835932179130027,3.2857322321800666,-2.3390765378637394e-07,-0.5577427660923463,True,ok,,0.3,0.1,0.084
2020-08-11 06:00:00+00:00,0.020855647777406672,0.020855647777406672,-1.211254166092353,-1.1903985183149464,3.2857322321800666,3.264450958937815,-2.3390764704025542e-07,-1.211254166092353,True,ok,,0.3,0.1,0.084
2020-08-11 07:00:00+00:00,-0.015109185670052483,-0.015109185670052483,-2.234483366092338,-2.2495925517623907,3.264450958937815,3.2792579608944665,-2.3390766165904237e-07,-2.234483366092338,True,ok,,0.3,0.1,0.084
2020-08-11 08:00:00+00:00,-0.5645234511592099,-0.5645234511592099,-3.0785593660923536,-3.6430828172515635,3.2792579608944665,3.8324909430304923,-2.3390764656190198e-07,-3.0785593660923536,True,ok,,0.3,0.1,0.084
2020-08-11 09:00:00+00:00,-0.057817376381658736,-0.057817376381658736,-3.8854453660924113,-3.94326274247407,3.8324909430304923,3.8891519718845178,-2.3390758907313158e-07,-3.8854453660924113,True,ok,,0.3,0.1,0.084
2020-08-11 10:00:00+00:00,0.4955706932652726,0.4955706932652726,-3.984990466092395,-3.4894197728271226,3.8891519718845178,3.383467591001587,-2.3390760468589078e-07,-3.984990466092395,True,ok,,0.3,0.1,0.084
2020-08-11 11:00:00+00:00,-1.4713765139756725,-1.4713765139756725,-3.6717431660923725,-5.143119680068045,3.383467591001587,4.825416574697746,-2.3390762749945655e-07,-3.6717431660923725,True,ok,,0.3,0.1,0.084
2020-08-11 12:00:00+00:00,0.2609932871595597,0.2609932871595597,-3.768312766092485,-3.507319478932925,4.825416574697746,4.5590968939226855,-2.3390751525059916e-07,-3.768312766092485,True,ok,,0.3,0.1,0.084
2020-08-11 13:00:00+00:00,2.510533690482506,2.510533690482506,-3.079700466092487,-0.5691667756099812,4.5590968939226855,1.9973278220017612,-2.339075129646149e-07,-3.079700466092487,True,ok,,0.3,0.1,0.084
2020-08-11 14:00:00+00:00,-0.7428987162864509,-0.7428987162864509,-1.3481643660876506,-2.0910630823741014,1.9973278220017612,2.725368563962483,-2.3391234956732393e-07,-1.3481643660876506,True,ok,,0.3,0.1,0.084
2020-08-11 15:00:00+00:00,-0.9217511040402118,-0.9217511040402118,-1.3866846340262093,-2.308435738066421,2.725368563962483,3.6286846459218904,0.28156683402620936,-1.3866846340262093,True,ok,,0.4,0.18,0.084
2020-08-11 16:00:00+00:00,-0.025141242822808718,-0.025141242822808718,-0.7885705424625096,-0.8137117852853183,3.6286846459218904,3.653323063888243,0.17981424246250954,-0.7885705424625096,True,ok,,0.4,0.18,0.084
2020-08-11 17:00:00+00:00,0.17125868107563602,0.17125868107563602,-0.2375373575232851,-0.06627867644764908,3.653323063888243,3.4785693076886144,0.23981494552328508,-0.2375373575232851,True,ok,,0.4,0.18,0.084
2020-08-11 18:00:00+00:00,0.24048759266753023,0.24048759266753023,-0.11755756290103432,0.1229300297664959,3.4785693076886144,3.2331738049666447,0.39213336290103434,-0.11755756290103433,True,ok,,0.4,0.18,0.084
2020-08-11 19:00:00+00:00,0.15930470325187895,0.15930470325187895,1.0251433263386289e-07,0.1593048057662116,3.2331738049666447,3.0706179853218702,0.20305140748566738,1.0251433264349759e-07,True,ok,,0.2,0.07,0.084
2020-08-11 20:00:00+00:00,0.20239375846687244,0.20239375846687244,1.0251432702723662e-07,0.20239386098119946,3.0706179853218702,2.864093741988327,0.15703981748567297,1.0251432703974213e-07,True,ok,,0.2,0.07,0.084
2020-08-11 21:00:00+00:00,0.08734770300689684,0.08734770300689684,1.0251432649988068e-07,0.08734780552122334,2.864093741988327,2.7749634327976156,0.1293512174856735,1.0251432650222535e-07,True,ok,,0.2,0.07,0.084
2020-08-11 22:00:00+00:00,0.11294931437215154,0.11294931437215154,1.0251428415875008e-07,0.1129494168864357,2.7749634327976156,2.6597090303770528,0.09887721748571583,1.0251428415689995e-07,True,ok,,0.2,0.07,0.084
2020-08-11 23:00:00+00:00,0.15618653633371055,0.15618653633371055,1.0251427645657785e-07,0.156186638847987,2.6597090303770528,2.5003350137100013,0.13466493748572356,1.0251427644400065e-07,True,ok,,0.2,0.07,0.084
2020-08-12 00:00:00+00:00,0.05957403636585547,0.05957403636585547,1.0251392053295394e-07,0.059574138879776,2.5003350137100013,2.439545180683618,0.035395037486079466,1.0251392053022219e-07,True,ok,,0.2,0.07,0.084
2020-08-12 01:00:00+00:00,0.18327229321780725,0.18327229321780725,-9.903360984053755e-08,0.1832721941841974,2.439545180683618,2.252532636583815,-0.04458181096639016,-9.90336098401452e-08,True,ok,,0.2,0.07,0.084
2020-08-12 02:00:00+00:00,0.3264904595163078,0.3264904595163078,-9.903377423681192e-08,0.32649036048253355,2.252532636583815,1.9193791064651335,-0.0913270509662258,-9.903377421182822e-08,True,ok,,0.2,0.07,0.084
2020-08-12 03:00:00+00:00,0.1280754060514576,0.1280754060514576,1.0251190549204203e-07,0.12807550856336308,1.9193791064651335,1.7886899166167074,0.006391254888094503,1.0251190549750067e-07,True,ok,,0.2,0.07,0.084
2020-08-12 04:00:00+00:00,0.13448791435493812,0.13448791435493812,-0.151977066091815,-0.01748915173687687,1.7886899166167074,1.6514573509484032,-2.3390818501237368e-07,-0.151977066091815,True,ok,,0.3,0.1,0.084
2020-08-12 05:00:00+00:00,0.0032898036547543974,0.0032898036547543974,-0.5772373160848212,-0.5739475124300668,1.6514573509484032,1.6481004084435518,-2.3391517892479578e-07,-0.5772373160848212,True,ok,,0.3,0.1,0.084
2020-08-12 06:00:00+00:00,0.050907448025159896,0.050907448025159896,-1.1807249660915153,-1.1298175180663554,1.6481004084435518,1.5961540329076742,-2.3390848486475636e-07,-1.1807249660915153,True,ok,,0.3,0.1,0.084
2020-08-12 07:00:00+00:00,-0.5992414999590205,-0.5992414999590205,-1.8899235151429603,-2.489165015101981,1.5961540329076742,2.1834107028675143,-8.485703979667465e-08,-1.8899235151429603,True,ok,,0.3,0.1,0.084
2020-08-12 08:00:00+00:00,-0.5630084360014447,-0.5630084360014447,-3.0500427660920595,-3.613051202093504,2.1834107028675143,2.7351589701489303,-2.3390794073387845e-07,-3.0500427660920595,True,ok,,0.3,0.1,0.084
2020-08-12 09:00:00+00:00,-0.6249419001534928,-0.6249419001534928,-3.7021455660921916,-4.327087466245684,2.7351589701489303,3.347602032299353,-2.3390780829142462e-07,-3.7021455660921916,True,ok,,0.3,0.1,0.084
2020-08-12 10:00:00+00:00,-0.6877354462997198,-0.6877354462997198,-4.2180270660921995,-4.905762512391919,3.347602032299353,4.021582769673079,-2.3390780045939168e-07,-4.2180270660921995,True,ok,,0.3,0.1,0.084
2020-08-12 11:00:00+00:00,-0.1480547019798406,-0.1480547019798406,-4.321410366092354,-4.469465068072195,4.021582769673079,4.166676377613323,-2.3390764586414935e-07,-4.321410366092354,True,ok,,0.3,0.1,0.084
2020-08-12 12:00:00+00:00,0.9198933756974754,0.9198933756974754,-4.071810766092417,-3.151917390394942,4.166676377613323,3.2280096677179397,-2.3390758347682005e-07,-4.071810766092417,True,ok,,0.3,0.1,0.084
2020-08-12 13:00:00+00:00,0.045270807420085823,0.045270807420085823,-2.8251677660923096,-2.7798969586722238,3.2280096677179397,3.1818149662688726,-2.3390769037731315e-07,-2.8251677660923096,True,ok,,0.3,0.1,0.084
2020-08-12 14:00:00+00:00,0.870931374447113,0.870931374447113,-1.9131226660921339,-1.042191291645021,3.1818149662688726,2.2931094821391653,-2.3390786625544772e-07,-1.9131226660921339,True,ok,,0.3,0.1,0.084
2020-08-12 15:00:00+00:00,0.2687300114535198,0.2687300114535198,-1.138525483561513,-0.8697954721079932,2.2931094821391653,2.0188951847376146,0.08642128356151291,-1.138525483561513,True,ok,,0.4,0.18,0.084
2020-08-12 16:00:00+00:00,-0.587884835436309,-0.587884835436309,-0.4629417731886424,-1.0508266086249514,2.0188951847376146,2.5950223234651975,0.033605893188642426,-0.4629417731886424,True,ok,,0.4,0.18,0.084
2020-08-12 17:00:00+00:00,0.1386531383400604,0.1386531383400604,-0.1527631720080157,-0.014110033667955308,2.5950223234651975,2.453539529240646,0.03183189800801568,-0.1527631720080157,True,ok,,0.4,0.18,0.084
2020-08-12 18:00:00+00:00,0.1324010911403568,0.1324010911403568,-0.004813349954112339,0.12758774118624447,2.453539529240646,2.3184363750157924,0.11048851995411234,-0.004813349954112344,True,ok,,0.4,0.18,0.084
2020-08-12 19:00:00+00:00,0.19799335743590246,0.19799335743590246,2.2567374111104321e-07,0.19799358310964357,2.3184363750157924,2.116402336815892,0.3213584143262589,2.2567374112208183e-07,True,ok,,0.2,0.07,0.084
2020-08-12 20:00:00+00:00,0.16162724620675198,0.16162724620675198,2.2567204155388154e-07,0.16162747187879353,2.116402336815892,1.9514765753804308,0.3238622043279585,2.2567204156332805e-07,True,ok,,0.2,0.07,0.084
2020-08-12 21:00:00+00:00,0.08705494090528648,0.08705494090528648,2.2567300629605658e-07,0.08705516657829278,1.9514765753804308,1.8626450030280977,0.3460992743269937,2.2567300629402725e-07,True,ok,,0.2,0.07,0.084
2020-08-12 22:00:00+00:00,0.18040524061569513,0.18040524061569513,3.719016308800782e-08,0.18040527780585822,1.8626450030280977,1.6785580228080006,0.18434249280983692,3.719016309744583e-08,True,ok,,0.2,0.07,0.084
2020-08-12 23:00:00+00:00,0.1048767185324375,0.1048767185324375,2.256730586291944e-07,0.10487694420549613,1.6785580228080006,1.5715409630810235,0.22062099432694138,2.2567305863210105e-07,True,ok,,0.2,0.07,0.084
2020-08-13 00:00:00+00:00,0.0791566401513948,0.0791566401513948,8.186970797130488e-08,0.07915672202110277,1.5715409630810235,1.490768881293886,0.31903555813029205,8.186970797348609e-08,True,ok,,0.2,0.07,0.084
2020-08-13 01:00:00+00:00,0.21972986978967088,0.21972986978967088,1.0251456702969897e-07,0.2197299723042379,1.490768881293886,1.2665547284472831,0.185965107485433,1.0251456704072793e-07,True,ok,,0.2,0.07,0.084
2020-08-13 02:00:00+00:00,0.09895410750833622,0.09895410750833622,2.256486732882257e-07,0.09895433315700951,1.2665547284472831,1.1655811493571442,0.0031080507513267116,2.2564867328823193e-07,True,ok,,0.2,0.07,0.084
2020-08-13 03:00:00+00:00,0.1727133360699262,0.1727133360699262,-5.847302864125936e-08,0.17271327759689756,1.1655811493571442,0.9893430513266073,-0.008473208526971362,-5.847302863804721e-08,True,ok,,0.2,0.07,0.084
2020-08-13 04:00:00+00:00,0.06381277629465945,0.06381277629465945,-5.1464163486336645e-09,0.0638127711482431,0.9893430513266073,0.9242279734749139,0.03701892514641635,-5.146416347131565e-09,True,ok,,0.3,0.1,0.084
2020-08-13 05:00:00+00:00,-0.028515920977175424,-0.028515920977175424,-0.27407737402343807,-0.3025932950006135,0.9242279734749139,0.9521735760325458,-0.0899461259765619,-0.27407737402343807,True,ok,,0.3,0.1,0.084
2020-08-13 06:00:00+00:00,-0.47435723121908346,-0.47435723121908346,-0.8624474783484285,-1.336804709567512,0.9521735760325458,1.4170436626272476,-0.08430136165157143,-0.8624474783484285,True,ok,,0.3,0.1,0.084
2020-08-13 07:00:00+00:00,0.7283516674917967,0.7283516674917967,-2.0636325660876578,-1.335280898595861,1.4170436626272476,0.6738276753907203,-2.339123421277419e-07,-2.0636325660876578,True,ok,,0.3,0.1,0.084
2020-08-13 08:00:00+00:00,0.6603511218829059,0.6603511218829059,-1.7286779809775366,-1.0683268590946307,0.6738276753907203,0.0,-0.09745069394141857,-2.0904717060585813,True,ok,,0.3,0.1,0.084
2020-08-13 09:00:00+00:00,-1.1872644421157712,-1.1872644421157712,-1.5993575057698848,-2.786621947885656,0.0,1.1635191532734557,-0.37220449423011503,-1.5993575057698848,True,ok,,0.3,0.1,0.084
2020-08-13 10:00:00+00:00,-1.903429275921825,-1.903429275921825,-2.4511007660776443,-4.354530041999469,1.1635191532734557,3.028879843676844,-2.3392235567931369e-07,-2.4511007660776443,True,ok,,0.3,0.1,0.084
2020-08-13 11:00:00+00:00,2.9683022468033067,2.9683022468033067,-2.308026358358852,0.6602758884444546,3.028879843676844,0.0,-8.485686539243728e-08,-3.2257011151431345,True,ok,,0.3,0.1,0.084
2020-08-13 12:00:00+00:00,-2.0610757568718396,-2.0610757568718396,-0.13178708716799692,-2.1928628440398366,0.0,2.0198542417344028,-0.8925849128320029,-0.1317870871679971,True,ok,,0.3,0.1,0.084
2020-08-13 13:00:00+00:00,-1.4473685339991025,-1.4473685339991025,-1.4081346660920626,-2.855503200091165,2.0198542417344028,3.438275405053523,-2.3390793749882486e-07,-1.4081346660920626,True,ok,,0.3,0.1,0.084
2020-08-13 14:00:00+00:00,-0.736837287723292,-0.736837287723292,-1.4361837660924175,-2.1730210538157095,3.438275405053523,4.16037594702235,-2.339075824929338e-07,-1.4361837660924175,True,ok,,0.3,0.1,0.084
2020-08-13 15:00:00+00:00,-0.08655204124534688,-0.08655204124534688,-1.7865977761724259,-1.8731498174177728,4.16037594702235,4.245196947442789,0.5545093761724257,-1.7865977761724259,True,ok,,0.4,0.18,0.084
2020-08-13 16:00:00+00:00,0.006849605918232804,0.006849605918232804,-0.8673620739845764,-0.8605124680663436,4.245196947442789,4.238207553648674,0.20546937398457638,-0.8673620739845764,True,ok,,0.4,0.18,0.084
2020-08-13 17:00:00+00:00,0.3170667087836348,0.3170667087836348,-0.3478069768673676,-0.030740268083732838,4.238207553648674,3.9146700957061893,0.2326308268673676,-0.3478069768673676,True,ok,,0.4,0.18,0.084
2020-08-13 18:00:00+00:00,0.29377180394923685,0.29377180394923685,-0.16376705326264993,0.13000475068658693,3.9146700957061893,3.614902948819213,0.36606588326265,-0.16376705326264995,True,ok,,0.4,0.18,0.084
2020-08-13 19:00:00+00:00,0.16731336981483055,0.16731336981483055,1.0251441534547823e-07,0.1673134723292459,3.614902948819213,3.4441750204367327,0.2908125174855846,1.0251441535514385e-07,True,ok,,0.2,0.07,0.084
2020-08-13 20:00:00+00:00,0.14028195301702723,0.14028195301702723,1.0251458057441987e-07,0.1402820555316078,3.4441750204367327,3.301030170419358,0.2557009474854194,1.025145805670146e-07,True,ok,,0.2,0.07,0.084
2020-08-13 21:00:00+00:00,0.1439882307267134,0.1439882307267134,1.0251443144371208e-07,0.14398833324114485,3.301030170419358,3.1541034043716913,0.27393885748556857,1.0251443143183888e-07,True,ok,,0.2,0.07,0.084
2020-08-13 22:00:00+00:00,0.12210659207275532,0.12210659207275532,1.0251431654950682e-07,0.12210669458707187,3.1541034043716913,3.029504841032145,0.21924672748568344,1.0251431654635726e-07,True,ok,,0.2,0.07,0.084
2020-08-13 23:00:00+00:00,0.14842034904791765,0.14842034904791765,-9.903212924711191e-08,0.1484202500157884,3.029504841032145,2.878055505268964,-0.008394797967870762,-9.903212923724076e-08,True,ok,,0.2,0.07,0.084
2020-08-14 00:00:00+00:00,0.12293700863572264,0.12293700863572264,1.0251417131845741e-07,0.12293711114989396,2.878055505268964,2.752609578089655,0.07893532248582867,1.0251417131969284e-07,True,ok,,0.2,0.07,0.084
2020-08-14 01:00:00+00:00,0.12061156399561922,0.12061156399561922,1.025142210703267e-07,0.12061166650984029,2.752609578089655,2.6295365536043294,0.11310267748577893,1.025142210728235e-07,True,ok,,0.2,0.07,0.084
2020-08-14 02:00:00+00:00,0.2070247306935662,0.2070247306935662,1.0251409374162357e-07,0.20702483320765994,2.6295365536043294,2.4182868284068126,0.06013307748590625,1.0251409374782006e-07,True,ok,,0.2,0.07,0.084
2020-08-14 03:00:00+00:00,0.14501225847258584,0.14501225847258584,1.0251348800394133e-07,0.14501236098607384,2.4182868284068126,2.2703151360878473,0.018611835486511987,1.0251348801281338e-07,True,ok,,0.2,0.07,0.084
2020-08-14 04:00:00+00:00,0.2607292221436699,0.2607292221436699,-0.12815332609256594,0.13257589605110395,2.2703151360878473,2.004264909410633,-2.339074340425588e-07,-0.12815332609256597,True,ok,,0.3,0.1,0.084
2020-08-14 05:00:00+00:00,0.4784342448413255,0.4784342448413255,-0.4737086260918568,0.004725618749468691,2.004264909410633,1.5160667003888724,-2.3390814319219108e-07,-0.4737086260918568,True,ok,,0.3,0.1,0.084
2020-08-14 06:00:00+00:00,0.34144783338433093,0.34144783338433093,-0.8929020660916651,-0.5514542327073342,1.5160667003888724,1.1676505438742488,-2.3390833479949518e-07,-0.8929020660916651,True,ok,,0.3,0.1,0.084
2020-08-14 07:00:00+00:00,0.7185695231434697,0.7185695231434697,-1.4857413660904215,-0.7671718429469518,1.1676505438742488,0.434416336584994,-2.339095786136229e-07,-1.4857413660904215,True,ok,,0.3,0.1,0.084
2020-08-14 08:00:00+00:00,0.4257280098532941,0.4257280098532941,-1.267956707771952,-0.8422286979186578,0.434416336584994,0.0,-0.08011210444698443,-1.6193751955530156,True,ok,,0.3,0.1,0.084
2020-08-14 09:00:00+00:00,0.0,0.0,-0.6594263189525896,-0.6594263189525896,0.0,0.0,-0.46968990006479533,-1.0394352999352048,True,ok,,0.3,0.1,0.084
2020-08-14 10:00:00+00:00,-0.2025962551498507,-0.2025962551498507,-0.5961129099404038,-0.7987091650902545,0.0,0.19854433004685368,-0.5365678900595964,-0.5961129099404038,True,ok,,0.3,0.1,0.084
2020-08-14 11:00:00+00:00,-2.3417445524214138,-2.3417445524214138,-0.3018502597915451,-2.643594812212959,0.19854433004685368,2.4934539914198393,-0.5147879402084546,-0.3018502597915453,True,ok,,0.3,0.1,0.084
2020-08-14 12:00:00+00:00,-1.1370219437665487,-1.1370219437665487,-1.4406146660920225,-2.5776366098585712,2.4934539914198393,3.607735496311057,-2.339079776692597e-07,-1.4406146660920225,True,ok,,0.3,0.1,0.084
2020-08-14 13:00:00+00:00,-1.71135003847227,-1.71135003847227,-1.633507566092382,-3.344857604564652,3.607735496311057,5.284858534013882,-2.3390761818595062e-07,-1.633507566092382,True,ok,,0.3,0.1,0.084
2020-08-14 14:00:00+00:00,-0.7354341003190059,-0.7354341003190059,-1.9537558660925118,-2.6891899664115178,5.284858534013882,6.005583952326508,-2.339074882728025e-07,-1.9537558660925118,True,ok,,0.3,0.1,0.084
2020-08-14 15:00:00+00:00,1.8129411360616667,1.8129411360616667,-2.1730151764728336,-0.3600740404111669,6.005583952326508,4.155644017569705,0.7697697764728336,-2.1730151764728336,True,ok,,0.4,0.18,0.084
2020-08-14 16:00:00+00:00,0.8419054231101576,0.8419054231101576,-0.6311164946791362,0.21078892843102137,4.155644017569705,3.2965568511307692,0.16301566467913617,-0.6311164946791362,True,ok,,0.4,0.18,0.084
2020-08-14 17:00:00+00:00,0.2385471942439275,0.2385471942439275,-0.101418818888342,0.1371283753555855,3.2965568511307692,3.053141346800231,0.25988621888834196,-0.10141881888834199,True,ok,,0.4,0.18,0.084
2020-08-14 18:00:00+00:00,0.3289600006975296,0.3289600006975296,-0.08352647546217812,0.2454335252353515,3.053141346800231,2.7174678767007108,0.22702037546217813,-0.08352647546217813,True,ok,,0.4,0.18,0.084
2020-08-14 19:00:00+00:00,0.18130200868725657,0.18130200868725657,1.02514559702227e-07,0.18130211120181627,2.7174678767007108,2.532465827019837,0.3206385674854403,1.0251455970275685e-07,True,ok,,0.2,0.07,0.084
2020-08-14 20:00:00+00:00,0.13372786968056177,0.13372786968056177,1.0251432203123301e-07,0.1337279721948838,2.532465827019837,2.3960088171417127,0.16460890748567797,1.0251432201875383e-07,True,ok,,0.2,0.07,0.084
2020-08-14 21:00:00+00:00,0.1767663238583881,0.1767663238583881,3.7190098362005486e-08,0.17676636104848648,2.3960088171417127,2.2156350172862145,0.19221627280990164,3.719009835307409e-08,True,ok,,0.2,0.07,0.084
2020-08-14 22:00:00+00:00,0.06278370305722798,0.06278370305722798,1.0251443406661398e-07,0.06278380557166205,2.2156350172862145,2.151570014166594,0.11908912748556594,1.0251443406945699e-07,True,ok,,0.2,0.07,0.084
2020-08-14 23:00:00+00:00,0.13579053659201884,0.13579053659201884,1.0251441370789927e-07,0.13579063910643255,2.151570014166594,2.013008242133922,0.14219056748558628,1.0251441371909185e-07,True,ok,,0.2,0.07,0.084
2020-08-15 00:00:00+00:00,0.12533928642593306,0.12533928642593306,1.0251413637418771e-07,0.12533938894006943,2.013008242133922,1.8851110110870515,0.05412782748586363,1.0251413636610583e-07,True,ok,,0.2,0.07,0.084
2020-08-15 01:00:00+00:00,0.10803212006217436,0.10803212006217436,1.0251343726674911e-07,0.10803222257561163,1.8851110110870515,1.774874153880751,0.016654560486562726,1.025134372721256e-07,True,ok,,0.2,0.07,0.084
2020-08-15 02:00:00+00:00,0.18735523068685747,0.18735523068685747,-3.592748840097748e-08,0.18735519475936907,1.774874153880751,1.583695347057427,-0.0485929820725116,-3.592748840137741e-08,True,ok,,0.2,0.07,0.084
2020-08-15 03:00:00+00:00,0.08398753655021671,0.08398753655021671,1.0251139309636059e-07,0.0839876390616098,1.583695347057427,1.4979937791490427,0.005331318488606906,1.0251139309357367e-07,True,ok,,0.2,0.07,0.084
2020-08-15 04:00:00+00:00,0.25084611887976754,0.25084611887976754,-1.0441265407834521e-08,0.25084610843850214,1.4979937791490427,1.2420283517207085,0.0654449604412654,-1.0441265392862605e-08,True,ok,,0.3,0.1,0.084
2020-08-15 05:00:00+00:00,0.5003923525449104,0.5003923525449104,-0.12152662109110757,0.37886573145380287,1.2420283517207085,0.7314239103483509,-2.339088924601567e-07,-0.12152662109110754,True,ok,,0.3,0.1,0.084
2020-08-15 06:00:00+00:00,0.2495481943091558,0.2495481943091558,-0.3526686379337107,-0.10312044362455491,0.7314239103483509,0.4767828957471715,-0.12231061206628922,-0.3526686379337107,True,ok,,0.3,0.1,0.084
2020-08-15 07:00:00+00:00,0.38257112126193216,0.38257112126193216,-0.9143330310833218,-0.5317619098213896,0.4767828957471715,0.0864042005819346,-0.2635549689166781,-0.9143330310833218,True,ok,,0.3,0.1,0.084
2020-08-15 08:00:00+00:00,-1.4871100792256657,-1.4871100792256657,-0.8257135548751167,-2.3128236341007824,0.0864042005819346,1.543772078223087,-0.5235907451248833,-0.8257135548751167,True,ok,,0.3,0.1,0.084
2020-08-15 09:00:00+00:00,-1.8357298341739114,-1.8357298341739114,-2.3420903561165614,-4.177820190290473,1.543772078223087,3.34278731571352,-0.005750443883438438,-2.3420903561165614,True,ok,,0.3,0.1,0.084
2020-08-15 10:00:00+00:00,-0.26195538461594703,-0.26195538461594703,-3.556852266092292,-3.818807650708239,3.34278731571352,3.599503592637148,-2.339077079799716e-07,-3.556852266092292,True,ok,,0.3,0.1,0.084
2020-08-15 11:00:00+00:00,1.6789553795884729,1.6789553795884729,-3.9681433660923626,-2.2891879865038898,3.599503592637148,1.8862838175468697,-2.33907637203822e-07,-3.9681433660923626,True,ok,,0.3,0.1,0.084
2020-08-15 12:00:00+00:00,-0.5500332254018931,-0.5500332254018931,-3.1110012660914346,-3.6610344914933277,1.8862838175468697,2.425316378440725,-2.3390856541527669e-07,-3.1110012660914346,True,ok,,0.3,0.1,0.084
2020-08-15 13:00:00+00:00,-0.06865530371614348,-0.06865530371614348,-3.167495566091104,-3.2361508698072474,2.425316378440725,2.4925985760825458,-2.3390889638615025e-07,-3.167495566091104,True,ok,,0.3,0.1,0.084
2020-08-15 14:00:00+00:00,-1.3462758563378299,-1.3462758563378299,-2.2587845678816816,-3.6050604242195115,2.4925985760825458,3.811948915293619,-0.22861993211831863,-2.2587845678816816,True,ok,,0.3,0.1,0.084
2020-08-15 15:00:00+00:00,0.28137065847195597,0.28137065847195597,-2.1022893882437383,-1.8209187297717824,3.811948915293619,3.5248359984855004,0.21035618824373858,-2.1022893882437383,True,ok,,0.4,0.18,0.084
2020-08-15 16:00:00+00:00,-0.1034408661446945,-0.1034408661446945,-0.9949859545684728,-1.0984268207131673,3.5248359984855004,3.626208047307301,0.08037545456847284,-0.9949859545684728,True,ok,,0.4,0.18,0.084
2020-08-15 17:00:00+00:00,0.011574204381932796,0.011574204381932796,-0.3211338154560624,-0.3095596110741296,3.626208047307301,3.6143976346726756,0.04076095545606238,-0.3211338154560624,True,ok,,0.4,0.18,0.084
2020-08-15 18:00:00+00:00,0.22132831799070113,0.22132831799070113,-0.08833732743509487,0.13299099055560626,3.6143976346726756,3.3885524122331847,0.05513878043509487,-0.08833732743509486,True,ok,,0.4,0.18,0.084
2020-08-15 19:00:00+00:00,0.17796130307877076,0.17796130307877076,0.020507419113675762,0.19846872219244652,3.3885524122331847,3.2069592458262757,0.21823855088632424,0.020507419113675755,True,ok,,0.2,0.07,0.084
2020-08-15 20:00:00+00:00,0.19332774665701147,0.19332774665701147,2.25675625159516e-07,0.19332797233263663,3.2069592458262757,3.0096860349517742,0.6231393743243748,2.2567562515368143e-07,True,ok,,0.2,0.07,0.084
2020-08-15 21:00:00+00:00,0.17413491339350595,0.17413491339350595,2.2567181262589386e-07,0.17413513906531858,3.0096860349517742,2.831997347815544,0.3801964343281874,2.2567181262790303e-07,True,ok,,0.2,0.07,0.084
2020-08-15 22:00:00+00:00,0.07387767522820315,0.07387767522820315,1.0251513637982157e-07,0.07387777774333953,2.831997347815544,2.7566119649296223,0.2979638974848636,1.025151363750893e-07,True,ok,,0.2,0.07,0.084
2020-08-15 23:00:00+00:00,0.1374600436123129,0.1374600436123129,-9.903297651381315e-08,0.13745994457933638,2.7566119649296223,2.6163466143048133,-0.018896690967023476,-9.903297652584982e-08,True,ok,,0.2,0.07,0.084
2020-08-16 00:00:00+00:00,0.12514323086774345,0.12514323086774345,1.0251433327224113e-07,0.12514333338207673,2.6163466143048133,2.488649439949973,0.07262776748566674,1.0251433326100362e-07,True,ok,,0.2,0.07,0.084
2020-08-16 01:00:00+00:00,0.11215964760838815,0.11215964760838815,1.025141061067325e-07,0.11215975012249425,2.488649439949973,2.3742008199414135,0.045670063485893905,1.0251410610222293e-07,True,ok,,0.2,0.07,0.084
2020-08-16 02:00:00+00:00,0.17794967537486495,0.17794967537486495,1.0251438670172419e-07,0.17794977788925165,2.3742008199414135,2.19261951853849,0.14922749748561331,1.0251438669395624e-07,True,ok,,0.2,0.07,0.084
2020-08-16 03:00:00+00:00,0.266085758397715,0.266085758397715,1.025142900568099e-07,0.26608586091200503,2.19261951853849,1.9211034385408217,0.11827638748570996,1.0251429003988932e-07,True,ok,,0.2,0.07,0.084
2020-08-16 04:00:00+00:00,0.11910771483002523,0.11910771483002523,-1.0441249795323237e-08,0.11910770438877544,1.9211034385408217,1.7995649540203877,0.14326777044124983,-1.044124980104045e-08,True,ok,,0.3,0.1,0.084
2020-08-16 05:00:00+00:00,0.27423753374439624,0.27423753374439624,-0.4038808060917733,-0.12964327234737705,1.7995649540203877,1.519730735913861,-2.3390822667225718e-07,-0.4038808060917733,True,ok,,0.3,0.1,0.084
2020-08-16 06:00:00+00:00,0.13549473279956337,0.13549473279956337,-0.7459289060916902,-0.6104341732921268,1.519730735913861,1.3814708044857351,-2.339083098728087e-07,-0.7459289060916902,True,ok,,0.3,0.1,0.084
2020-08-16 07:00:00+00:00,-0.7803012810820837,-0.7803012810820837,-1.549689966091295,-2.329991247173379,1.3814708044857351,2.146166059946177,-2.339087048073534e-07,-1.549689966091295,True,ok,,0.3,0.1,0.084
2020-08-16 08:00:00+00:00,0.06962481670429543,0.06962481670429543,-2.8444533660917406,-2.774828549387445,2.146166059946177,2.075120328615263,-2.3390825955749786e-07,-2.8444533660917406,True,ok,,0.3,0.1,0.084
2020-08-16 09:00:00+00:00,-0.7829646003990205,-0.7829646003990205,-3.291851566091959,-4.074816166490979,2.075120328615263,2.8424256370063032,-2.339080410756986e-07,-3.291851566091959,True,ok,,0.3,0.1,0.084
2020-08-16 10:00:00+00:00,-0.6756006035718993,-0.6756006035718993,-4.038451466092284,-4.714052069664183,2.8424256370063032,3.5045142285067645,-2.3390771611325337e-07,-4.038451466092284,True,ok,,0.3,0.1,0.084
2020-08-16 11:00:00+00:00,-1.1153993081395193,-1.1153993081395193,-4.08694186609239,-5.2023411742319094,3.5045142285067645,4.597605550483493,-2.3390760956723244e-07,-4.08694186609239,True,ok,,0.3,0.1,0.084
2020-08-16 12:00:00+00:00,-0.2033833630988946,-0.2033833630988946,-3.8100725660924644,-4.013455929191359,4.597605550483493,4.79692124632041,-2.3390753535048e-07,-3.8100725660924644,True,ok,,0.3,0.1,0.084
2020-08-16 13:00:00+00:00,1.449641848568902,1.449641848568902,-3.6633459660924754,-2.2137041175235734,4.79692124632041,3.317694870229693,-2.3390752459669485e-07,-3.6633459660924754,True,ok,,0.3,0.1,0.084
2020-08-16 14:00:00+00:00,0.3722989296010635,0.3722989296010635,-2.157970466092355,-1.7856715364912916,3.317694870229693,2.9377980032898323,-2.339076447046077e-07,-2.157970466092355,True,ok,,0.3,0.1,0.084
2020-08-16 15:00:00+00:00,-0.09007352252934009,-0.09007352252934009,-1.3002764286768818,-1.3903499512062218,2.9377980032898323,3.0260700553685855,0.23375642867688173,-1.3002764286768818,True,ok,,0.4,0.18,0.084
2020-08-16 16:00:00+00:00,-0.41696863067376094,-0.41696863067376094,-0.4791293435664244,-0.8960979742401853,3.0260700553685855,3.4346993134288715,0.08553919356642443,-0.4791293435664244,True,ok,,0.4,0.18,0.084
2020-08-16 17:00:00+00:00,-0.010582198989307678,-0.010582198989307678,-0.09882620704707619,-0.10940840603638387,3.4346993134288715,3.445069868438393,0.1533815050470762,-0.09882620704707619,True,ok,,0.4,0.18,0.084
2020-08-16 18:00:00+00:00,0.31127461714998667,0.31127461714998667,-0.08691086371354353,0.22436375343644313,3.445069868438393,3.1274427080812637,0.36548654371354355,-0.08691086371354353,True,ok,,0.4,0.18,0.084
2020-08-16 19:00:00+00:00,0.18828801861922387,0.18828801861922387,3.7190115154128733e-08,0.18828805580933902,3.1274427080812637,2.9353120768371577,0.3771650028098848,3.7190115153392834e-08,True,ok,,0.2,0.07,0.084
2020-08-16 20:00:00+00:00,0.1291311754758692,0.1291311754758692,1.025144718280746e-07,0.12913127799034102,2.9353120768371577,2.803545571249536,0.31069825748552815,1.0251447183992921e-07,True,ok,,0.2,0.07,0.084
2020-08-16 21:00:00+00:00,0.17897923076450228,0.17897923076450228,1.0251436577402018e-07,0.17897933327886806,2.803545571249536,2.6209137031224925,0.2600844974856342,1.0251436578653931e-07,True,ok,,0.2,0.07,0.084
2020-08-16 22:00:00+00:00,0.10108054615447126,0.10108054615447126,3.719009410152463e-08,0.10108058334456536,2.6209137031224925,2.5177702886791544,0.18413192280990587,3.719009410345759e-08,True,ok,,0.2,0.07,0.084
2020-08-16 23:00:00+00:00,0.1395822028801472,0.1395822028801472,1.0251413173900659e-07,0.13958230539427893,2.5177702886791544,2.375339469413698,0.056451923485868256,1.0251413173787981e-07,True,ok,,0.2,0.07,0.084
2020-08-17 00:00:00+00:00,0.124920796209519,0.124920796209519,3.719004135205317e-08,0.12492083339956035,2.375339469413698,2.247869269199903,0.03419088080995864,3.7190041355926177e-08,True,ok,,0.2,0.07,0.084
2020-08-17 01:00:00+00:00,0.13735807414641546,0.13735807414641546,3.7190080570681516e-08,0.13735811133649603,2.247869269199903,2.1077079690504994,0.09408040680991941,3.7190080582503165e-08,True,ok,,0.2,0.07,0.084
2020-08-17 02:00:00+00:00,0.14499179370104748,0.14499179370104748,-9.903344339035058e-08,0.1449916946676041,2.1077079690504994,1.9597571591514713,-0.031890586966556625,-9.903344337757051e-08,True,ok,,0.2,0.07,0.084
2020-08-17 03:00:00+00:00,0.15654390472549898,0.15654390472549898,-9.903356798512952e-08,0.156543805691931,1.9597571591514713,1.8000184808601458,-0.051563560966432005,-9.903356799172145e-08,True,ok,,0.2,0.07,0.084
2020-08-17 04:00:00+00:00,0.021093578656166057,0.021093578656166057,-0.003968298945407411,0.017125279710758647,1.8000184808601458,1.7784944210069151,-8.485459258943533e-08,-0.003968298945407411,True,ok,,0.3,0.1,0.084
2020-08-17 05:00:00+00:00,0.056896552285673585,0.056896552285673585,-0.2302829660919164,-0.1733864138062428,1.7784944210069151,1.7204367145929624,-2.339080835967781e-07,-0.2302829660919164,True,ok,,0.3,0.1,0.084
2020-08-17 06:00:00+00:00,0.5106415015424368,0.5106415015424368,-0.6784372792394704,-0.16779577769703352,1.7204367145929624,1.1993739579170066,-0.011723490760529611,-0.6784372792394704,True,ok,,0.3,0.1,0.084
2020-08-17 07:00:00+00:00,0.3584192299859683,0.3584192299859683,-1.3083534988546228,-0.9499342688686545,1.1993739579170066,0.8336400497680594,-0.06345680114537748,-1.3083534988546228,True,ok,,0.3,0.1,0.084
2020-08-17 08:00:00+00:00,0.8169672487726982,0.8169672487726982,-1.4367475194502968,-0.6197802706775986,0.8336400497680594,0.0,-0.11524034873728772,-1.9625286512627123,True,ok,,0.3,0.1,0.084
2020-08-17 09:00:00+00:00,-0.6027385871376794,-0.6027385871376794,-1.3117783357709538,-1.9145169229086332,0.0,0.5906838153949258,-0.5635741642290462,-1.3117783357709538,True,ok,,0.3,0.1,0.084
2020-08-17 10:00:00+00:00,-0.745840077212242,-0.745840077212242,-1.7323011837816489,-2.478141260993891,0.5906838153949258,1.3216070910629227,-0.42736581621835107,-1.7323011837816489,True,ok,,0.3,0.1,0.084
2020-08-17 11:00:00+00:00,0.04954285619991827,0.04954285619991827,-2.1664090657842787,-2.1168662095843604,1.3216070910629227,1.2710531561650469,-0.2914589342157212,-2.1664090657842787,True,ok,,0.3,0.1,0.084
2020-08-17 12:00:00+00:00,0.5966972258415268,0.5966972258415268,-2.066682308313857,-1.46998508247233,1.2710531561650469,0.6621784359185909,-0.25901739168614335,-2.066682308313857,True,ok,,0.3,0.1,0.084
2020-08-17 13:00:00+00:00,-0.5737624990375534,-0.5737624990375534,-0.5485798158001658,-1.1223423148377192,0.6621784359185909,1.2244656849753932,-1.1715585841998342,-0.5485798158001658,True,ok,,0.3,0.1,0.084
2020-08-17 14:00:00+00:00,0.042802486017886276,0.042802486017886276,-0.1356342756456371,-0.09283178962775082,1.2244656849753932,1.180789678834693,-0.9139703243543628,-0.1356342756456371,True,ok,,0.3,0.1,0.084
2020-08-17 15:00:00+00:00,1.1571738852579991,1.1571738852579991,-0.5313031296946146,0.6258707555633846,1.180789678834693,0.0,8.961873495456684e-08,-0.567197839618735,True,ok,,0.4,0.18,0.084
2020-08-17 16:00:00+00:00,-0.01859035584109074,-0.01859035584109074,0.06912990393058599,0.05053954808949525,0.0,0.018218548724268927,-8.393058599408928e-08,0.06912990393058599,True,ok,,0.4,0.18,0.084
2020-08-17 17:00:00+00:00,-0.3557809695381328,-0.3557809695381328,0.24922601562555868,-0.10655495391257412,0.018218548724268927,0.3668838988716391,0.005955194374441291,0.2492260156255587,True,ok,,0.4,0.18,0.084
2020-08-17 18:00:00+00:00,0.2027084287019194,0.2027084287019194,-1.1276382466673951e-07,0.20270831593809474,0.3668838988716391,0.16003856346151724,0.16104467276382467,-1.1276382465680365e-07,True,ok,,0.4,0.18,0.084
2020-08-17 19:00:00+00:00,0.13746857907676466,0.13746857907676466,0.07707378202110116,0.2145423610978658,0.16003856346151724,0.019764503179104304,0.002904797978898835,0.07707378202110116,True,ok,,0.2,0.07,0.084
2020-08-17 20:00:00+00:00,-0.17891995330856922,-0.17891995330856922,0.3084899253150491,0.12956997200647988,0.019764503179104304,0.19510605742150214,-0.04507250531504908,0.3084899253150491,True,ok,,0.2,0.07,0.084
2020-08-17 21:00:00+00:00,-0.195022581130463,-0.195022581130463,0.3653461921117684,0.17032361098130538,0.19510605742150214,0.3862281869293559,-0.010401852111768318,0.3653461921117684,True,ok,,0.2,0.07,0.084
2020-08-17 22:00:00+00:00,-0.08146197398969685,-0.08146197398969685,0.18689616835583397,0.10543419436613713,0.3862281869293559,0.4660609214392588,0.018523331644166027,0.18689616835583397,True,ok,,0.2,0.07,0.084
2020-08-17 23:00:00+00:00,0.026127524009934913,0.026127524009934913,0.08987964263002883,0.11600716663996374,0.4660609214392588,0.4394001826536109,0.026410397369971188,0.08987964263002883,True,ok,,0.2,0.07,0.084
2020-08-18 00:00:00+00:00,-0.1698040161287911,-0.1698040161287911,0.2986670721182683,0.12886305598947723,0.4394001826536109,0.6058081184598262,0.048836897881731664,0.2986670721182683,True,ok,,0.2,0.07,0.084
2020-08-18 01:00:00+00:00,0.1103616171551034,0.1103616171551034,0.029407938331469735,0.13976955548657313,0.6058081184598262,0.4931942234035982,0.1161303316685303,0.02940793833146973,True,ok,,0.2,0.07,0.084
2020-08-18 02:00:00+00:00,0.1229875521464365,0.1229875521464365,2.256747862749986e-07,0.12298777782122278,0.4931942234035982,0.36769672121335684,0.2111447943252137,2.2567478627972358e-07,True,ok,,0.2,0.07,0.084
2020-08-18 03:00:00+00:00,0.16974707925800805,0.16974707925800805,2.2567426818942415e-07,0.16974730493227624,0.36769672121335684,0.1944854158480425,0.1533408343257318,2.256742681774533e-07,True,ok,,0.2,0.07,0.084
2020-08-18 04:00:00+00:00,0.13989152510615244,0.13989152510615244,0.024005060944871537,0.16389658605102397,0.1944854158480425,0.051738961658091026,0.1905957090551285,0.024005060944871526,True,ok,,0.3,0.1,0.084
2020-08-18 05:00:00+00:00,-0.14950579738587275,-0.14950579738587275,-0.029394815687041526,-0.17890061307291427,0.051738961658091026,0.19825464309624632,-0.04309584431295847,-0.029394815687041536,True,ok,,0.3,0.1,0.084
2020-08-18 06:00:00+00:00,-0.3565757781722495,-0.3565757781722495,-0.27481243341576955,-0.631388211588019,0.19825464309624632,0.5476989057050509,-0.2939530065842305,-0.27481243341576955,True,ok,,0.3,0.1,0.084
2020-08-18 07:00:00+00:00,-0.033216086223785024,-0.033216086223785024,-0.9787980556389088,-1.0120141418626938,0.5476989057050509,0.5802506702043602,-0.2696946443610913,-0.9787980556389088,True,ok,,0.3,0.1,0.084
2020-08-18 08:00:00+00:00,0.27402021868270765,0.27402021868270765,-1.3091780873146623,-1.0351578686319547,0.5802506702043602,0.3006382021607809,-0.3136407126853377,-1.3091780873146623,True,ok,,0.3,0.1,0.084
2020-08-18 09:00:00+00:00,-0.1448025663461916,-0.1448025663461916,-0.8540053945755856,-0.9988079609217771,0.3006382021607809,0.4425447171800487,-0.47005770542441455,-0.8540053945755856,True,ok,,0.3,0.1,0.084
2020-08-18 10:00:00+00:00,-1.2646433512021695,-1.2646433512021695,-0.9325382107446081,-2.1971815619467776,0.4425447171800487,1.681895201358175,-0.3958474892553922,-0.9325382107446081,True,ok,,0.3,0.1,0.084
2020-08-18 11:00:00+00:00,-1.623032143292237,-1.623032143292237,-2.08210136609038,-3.705133509382617,1.681895201358175,3.272466701784567,-2.3390961997895497e-07,-2.08210136609038,True,ok,,0.3,0.1,0.084
2020-08-18 12:00:00+00:00,1.047806227381064,1.047806227381064,-2.8020781660922633,-1.7542719387111994,3.272466701784567,2.203276673844706,-2.3390773653213482e-07,-2.8020781660922633,True,ok,,0.3,0.1,0.084
2020-08-18 13:00:00+00:00,-0.3350534223870554,-0.3350534223870554,-1.7960478660918944,-2.1311012884789498,2.203276673844706,2.53162902778402,-2.3390810557910212e-07,-1.7960478660918944,True,ok,,0.3,0.1,0.084
2020-08-18 14:00:00+00:00,-0.12422079240254336,-0.12422079240254336,-1.5476689660922613,-1.6718897584948047,2.53162902778402,2.6533654043385124,-2.3390773871691948e-07,-1.5476689660922613,True,ok,,0.3,0.1,0.084
2020-08-18 15:00:00+00:00,-0.3386148256062589,-0.3386148256062589,-1.130603545200593,-1.4692183708068518,2.6533654043385124,2.9852079334326462,0.14268004520059285,-1.130603545200593,True,ok,,0.4,0.18,0.084
2020-08-18 16:00:00+00:00,-0.14732570933504963,-0.14732570933504963,-0.6952071184771783,-0.8425328278122279,2.9852079334326462,3.1295871285809946,0.07077701847717825,-0.6952071184771783,True,ok,,0.4,0.18,0.084
2020-08-18 17:00:00+00:00,0.3327313702150988,0.3327313702150988,-0.26214470291052877,0.07058666730457001,3.1295871285809946,2.790065322239057,0.07737901291052875,-0.26214470291052877,True,ok,,0.4,0.18,0.084
2020-08-18 18:00:00+00:00,0.2545423405544657,0.2545423405544657,-0.0527524030714345,0.20178993748303117,2.790065322239057,2.530328240040623,0.2819189630714345,-0.05275240307143452,True,ok,,0.4,0.18,0.084
2020-08-18 19:00:00+00:00,0.18731428684558038,0.18731428684558038,1.0251569543262562e-07,0.1873143893612758,2.530328240040623,2.3391912126471737,0.4004110974843046,1.0251569544601887e-07,True,ok,,0.2,0.07,0.084
2020-08-18 20:00:00+00:00,0.11464888539515883,0.11464888539515883,2.2567441433640756e-07,0.11464911106957316,2.3391912126471737,2.222202554080685,0.26214503432558567,2.2567441433827775e-07,True,ok,,0.2,0.07,0.084
2020-08-18 21:00:00+00:00,0.17356625854193533,0.17356625854193533,1.0251449822362702e-07,0.17356636105643355,2.222202554080685,2.0450941269970775,0.05136867148550178,1.0251449821696112e-07,True,ok,,0.2,0.07,0.084
2020-08-18 22:00:00+00:00,0.06194673084436644,0.06194673084436644,1.0251450410087015e-07,0.061946833358870544,2.0450941269970775,1.9818831771558871,0.0868001274854959,1.0251450410366373e-07,True,ok,,0.2,0.07,0.084
2020-08-18 23:00:00+00:00,0.1302491196209869,0.1302491196209869,1.025145569821806e-07,0.13024922213554388,1.9818831771558871,1.8489759122365128,0.06254854248544302,1.0251455698296885e-07,True,ok,,0.2,0.07,0.084
2020-08-19 00:00:00+00:00,0.11210539737255634,0.11210539737255634,1.0251491015800251e-07,0.1121054998874665,1.8489759122365128,1.7345826496114554,0.03382039348508984,1.0251491015652363e-07,True,ok,,0.2,0.07,0.084
2020-08-19 01:00:00+00:00,0.10045423074809269,0.10045423074809269,1.0251488048729218e-07,0.10045433326297318,1.7345826496114554,1.6320783325215649,0.24725929748511952,1.0251488048323205e-07,True,ok,,0.2,0.07,0.084
2020-08-19 02:00:00+00:00,0.1828614252356178,0.1828614252356178,1.0251460930144063e-07,0.1828615277502271,1.6320783325215649,1.445485041464812,0.2409745074853907,1.0251460930134483e-07,True,ok,,0.2,0.07,0.084
2020-08-19 03:00:00+00:00,0.24493071922880177,0.24493071922880177,2.2565899554516378e-07,0.24493094488779732,1.445485041464812,1.1955557361292999,0.14640181434100447,2.2565899554490443e-07,True,ok,,0.2,0.07,0.084
2020-08-19 04:00:00+00:00,0.7225448929805972,0.7225448929805972,-5.1464705830284174e-09,0.7225448878341266,1.1955557361292999,0.45826502900624144,0.07234674514647063,-5.1464706363272534e-09,True,ok,,0.3,0.1,0.084
2020-08-19 05:00:00+00:00,0.1105785054596041,0.1105785054596041,-5.146375034459361e-09,0.11057850031322906,0.45826502900624144,0.3454298193535842,0.09876788514637504,-5.1463750337905785e-09,True,ok,,0.3,0.1,0.084
2020-08-19 06:00:00+00:00,0.23621610918496014,0.23621610918496014,-0.1535077480016876,0.08270836118327254,0.3454298193535842,0.104392973246482,-0.16688535199831236,-0.1535077480016876,True,ok,,0.3,0.1,0.084
2020-08-19 07:00:00+00:00,0.10230511378155235,0.10230511378155235,0.054427192243211076,0.15673230602476343,0.104392973246482,0.0,-0.40735376895934977,-0.32573603104065024,True,ok,,0.3,0.1,0.084
2020-08-19 08:00:00+00:00,0.0,0.0,0.05808308344417149,0.05808308344417149,0.0,0.0,-0.48467080186180955,-0.3957682981381905,True,ok,,0.3,0.1,0.084
2020-08-19 09:00:00+00:00,0.0,0.0,0.15055219476487922,0.15055219476487922,0.0,0.0,-0.5225936596504748,-0.33861244034952515,True,ok,,0.3,0.1,0.084
2020-08-19 10:00:00+00:00,0.0,0.0,0.19436650030612942,0.19436650030612942,0.0,0.0,-0.5458388473680501,-0.17049440263194993,True,ok,,0.3,0.1,0.084
2020-08-19 11:00:00+00:00,0.0,0.0,0.2921446931944947,0.2921446931944947,0.0,0.0,-0.5937352564204321,-2.43579567819736e-07,True,ok,,0.3,0.1,0.084
2020-08-19 12:00:00+00:00,0.0,0.0,0.15654222230911283,0.15654222230911283,0.0,0.0,-0.611853343493341,0.12530006349334097,True,ok,,0.3,0.1,0.084
2020-08-19 13:00:00+00:00,-0.025906772765583452,-0.025906772765583452,0.19853007880157897,0.17262330603599552,0.0,0.025388637310271783,-0.5486449788015789,0.19853007880157897,True,ok,,0.3,0.1,0.084
2020-08-19 14:00:00+00:00,0.024880864564066345,0.024880864564066345,0.1804709410857969,0.20535180564986324,0.025388637310271783,0.0,-0.3708880378674774,0.11252293786747747,True,ok,,0.3,0.1,0.084
2020-08-19 15:00:00+00:00,0.0,0.0,0.13892697246074667,0.13892697246074667,0.0,0.0,-0.02482098896185289,4.961852891114027e-09,True,ok,,0.4,0.18,0.084
2020-08-19 16:00:00+00:00,-0.10254064053991989,-0.10254064053991989,0.19198122393057976,0.08944058339065987,0.0,0.10048982772912149,-8.393057972729867e-08,0.19198122393057976,True,ok,,0.4,0.18,0.084
2020-08-19 17:00:00+00:00,-0.19734676482870878,-0.19734676482870878,0.40505420895875854,0.20770744413004977,0.10048982772912149,0.2938896572612561,0.034253471041241414,0.40505420895875854,True,ok,,0.4,0.18,0.084
2020-08-19 18:00:00+00:00,0.08953259188582155,0.08953259188582155,0.08227538035462639,0.17180797224044794,0.2938896572612561,0.20252986962266267,0.28801184964537363,0.08227538035462639,True,ok,,0.4,0.18,0.084
2020-08-19 19:00:00+00:00,-0.21669033001886265,-0.21669033001886265,0.4413226075737983,0.22463227755493567,0.20252986962266267,0.41488639304114805,0.0021814924262017255,0.4413226075737983,True,ok,,0.2,0.07,0.084
2020-08-19 20:00:00+00:00,-0.11782490274167053,-0.11782490274167053,0.2272042915455766,0.10937938880390606,0.41488639304114805,0.5303547977279852,0.012831658454423443,0.2272042915455766,True,ok,,0.2,0.07,0.084
2020-08-19 21:00:00+00:00,-0.11175052715828386,-0.11175052715828386,0.2020668327770997,0.09031630561881583,0.5303547977279852,0.6398703143431034,0.020717467222900313,0.2020668327770997,True,ok,,0.2,0.07,0.084
2020-08-19 22:00:00+00:00,-0.08074717155385847,-0.08074717155385847,0.2303798103367837,0.14963263878292524,0.6398703143431034,0.7190025424658847,0.0444306096632163,0.2303798103367837,True,ok,,0.2,0.07,0.084
2020-08-19 23:00:00+00:00,-0.13012112454680846,-0.13012112454680846,0.1922078189330789,0.06208669438627042,0.7190025424658847,0.8465212445217569,0.08276600106692107,0.1922078189330789,True,ok,,0.2,0.07,0.084
2020-08-20 00:00:00+00:00,-0.012171166058493693,-0.012171166058493693,0.15112274948104854,0.13895158342255484,0.8465212445217569,0.8584489872590807,0.1351240205189515,0.15112274948104854,True,ok,,0.2,0.07,0.084
2020-08-20 01:00:00+00:00,0.05144375192976748,0.05144375192976748,0.07364580379999254,0.12508955572976002,0.8584489872590807,0.8059553628409506,0.15980066620000746,0.07364580379999254,True,ok,,0.2,0.07,0.084
2020-08-20 02:00:00+00:00,0.10735521897076412,0.10735521897076412,2.2567511744064905e-07,0.10735544464588156,0.8059553628409506,0.6964092210340485,0.15286244432488255,2.2567511744234915e-07,True,ok,,0.2,0.07,0.084
2020-08-20 03:00:00+00:00,0.217734746582123,0.217734746582123,2.2567496141268073e-07,0.2177349722570844,0.6964092210340485,0.47423090819514746,0.2130735043250386,2.256749614012173e-07,True,ok,,0.2,0.07,0.084
2020-08-20 04:00:00+00:00,0.03666486810037388,0.03666486810037388,-5.146351053642029e-09,0.036664862954022825,0.47423090819514746,0.43681777748048023,0.21927039514635105,-5.146351054736293e-09,True,ok,,0.3,0.1,0.084
2020-08-20 05:00:00+00:00,-0.08059823748853187,-0.08059823748853187,-5.146391257593308e-09,-0.08059824263492313,0.43681777748048023,0.5158040502192415,0.03943720014639125,-5.14639125294658e-09,True,ok,,0.3,0.1,0.084
2020-08-20 06:00:00+00:00,-0.37992299787201833,-0.37992299787201833,-0.17184887751228306,-0.5517718753843014,0.5158040502192415,0.8881285881338195,-0.25218829248771696,-0.1718488775122831,True,ok,,0.3,0.1,0.084
2020-08-20 07:00:00+00:00,-0.7742503457949418,-0.7742503457949418,-0.48936698458026917,-1.263617330375211,0.8881285881338195,1.6468939270128624,-0.37763356541973075,-0.48936698458026917,True,ok,,0.3,0.1,0.084
2020-08-20 08:00:00+00:00,-0.8331044001536485,-0.8331044001536485,-1.1582932088781457,-1.9913976090317942,1.6468939270128624,2.463336239163438,-0.4301659911218544,-1.1582932088781457,True,ok,,0.3,0.1,0.084
2020-08-20 09:00:00+00:00,-0.8281149632963336,-0.8281149632963336,-2.1151246947832343,-2.943239658079568,2.463336239163438,3.274888903193845,-0.14476100521676555,-2.1151246947832343,True,ok,,0.3,0.1,0.084
2020-08-20 10:00:00+00:00,-1.626290491740931,-1.626290491740931,-2.9067710065400285,-4.53306149828096,3.274888903193845,4.868653585099957,-0.06064429345997164,-2.9067710065400285,True,ok,,0.3,0.1,0.084
2020-08-20 11:00:00+00:00,1.1887471967988563,1.1887471967988563,-2.6964062660923434,-1.507659069293487,4.868653585099957,3.6556462414276547,-2.3390765677710974e-07,-2.6964062660923434,True,ok,,0.3,0.1,0.084
2020-08-20 12:00:00+00:00,0.13180557956469574,0.13180557956469574,-2.6756335660913675,-2.5438279865266717,3.6556462414276547,3.521150752075924,-2.3390863253521259e-07,-2.6756335660913675,True,ok,,0.3,0.1,0.084
2020-08-20 13:00:00+00:00,0.7617892020275872,0.7617892020275872,-2.571965566450162,-1.8101763644225748,3.521150752075924,2.743814831639611,-0.12504813354983782,-2.571965566450162,True,ok,,0.3,0.1,0.084
2020-08-20 14:00:00+00:00,2.6889385350068187,2.6889385350068187,2.3270258128968484,5.015964347903667,2.743814831639611,0.0,-1.454721718781195,-0.34521118121880495,True,ok,,0.3,0.1,0.084
2020-08-20 15:00:00+00:00,0.0,0.0,1.227110507515017,1.227110507515017,0.0,0.0,-1.9825335455534668e-08,1.1032820198253355,True,ok,,0.4,0.18,0.084
2020-08-20 16:00:00+00:00,-1.051746943928502,-1.051746943928502,0.3079028376084645,-0.7438441063200376,0.0,1.030712005049932,-7.60846434224812e-09,0.3079028376084644,True,ok,,0.4,0.18,0.084
2020-08-20 17:00:00+00:00,-0.025946475340627717,-0.025946475340627717,-0.1546018396185257,-0.1805483149591534,1.030712005049932,1.0561395508837472,8.961852566936633e-08,-0.1546018396185257,True,ok,,0.4,0.18,0.084
2020-08-20 18:00:00+00:00,0.12971751324824463,0.12971751324824463,-1.127671923062401e-07,0.12971740048105232,1.0561395508837472,0.923774741446763,0.009378896767192299,-1.1276719229935886e-07,True,ok,,0.4,0.18,0.084
2020-08-20 19:00:00+00:00,-0.28627428037214886,-0.28627428037214886,0.41323339168914786,0.126959111316999,0.923774741446763,1.2043235362114688,0.053592908310852165,0.41323339168914786,True,ok,,0.2,0.07,0.084
2020-08-20 20:00:00+00:00,-0.050063625566348274,-0.050063625566348274,0.22966198681478855,0.17959836124844028,1.2043235362114688,1.2533858892664902,0.0323893431852115,0.22966198681478855,True,ok,,0.2,0.07,0.084
2020-08-20 21:00:00+00:00,-0.15102784346411346,-0.15102784346411346,0.2440973434892268,0.09306950002511334,1.2533858892664902,1.4013931758613214,0.050152716510773215,0.24409734348922682,True,ok,,0.2,0.07,0.084
2020-08-20 22:00:00+00:00,-0.19443046971903694,-0.19443046971903694,0.282547941877575,0.08811747215853806,1.4013931758613214,1.5919350361859776,0.04421883812242504,0.282547941877575,True,ok,,0.2,0.07,0.084
2020-08-20 23:00:00+00:00,-0.017174103570682414,-0.017174103570682414,0.17549332548052313,0.1583192219098407,1.5919350361859776,1.6087656576852465,0.10512081451947687,0.17549332548052313,True,ok,,0.2,0.07,0.084
2020-08-21 00:00:00+00:00,-0.2174691006438173,-0.2174691006438173,0.2920211283964818,0.07455202775266452,1.6087656576852465,1.8218853763161875,0.08783220160351822,0.2920211283964818,True,ok,,0.2,0.07,0.084
2020-08-21 01:00:00+00:00,0.18030674633911767,0.18030674633911767,2.2567446172905292e-07,0.1803069720135794,1.8218853763161875,1.637898900459945,0.33490199432553824,2.2567446174037222e-07,True,ok,,0.2,0.07,0.084
2020-08-21 02:00:00+00:00,0.11614149655056476,0.11614149655056476,2.2567292916331194e-07,0.11614172222349392,1.637898900459945,1.5193871692858991,0.12421223432707083,2.2567292916010783e-07,True,ok,,0.2,0.07,0.084
2020-08-21 03:00:00+00:00,0.1610289736672366,0.1610289736672366,8.18698814297747e-08,0.16102905553711802,1.5193871692858991,1.355071890033617,0.06755753813011858,8.186988141773785e-08,True,ok,,0.2,0.07,0.084
2020-08-21 04:00:00+00:00,0.1334923536748325,0.1334923536748325,-5.1463759087599925e-09,0.1334923485284566,1.355071890033617,1.2188552026103185,0.11489673514637593,-5.14637592002558e-09,True,ok,,0.3,0.1,0.084
2020-08-21 05:00:00+00:00,-0.11233401206011738,-0.11233401206011738,-5.1464000283552025e-09,-0.11233401720651741,1.2188552026103185,1.3289425344292336,0.036598943146400026,-5.1464000264024185e-09,True,ok,,0.3,0.1,0.084
2020-08-21 06:00:00+00:00,0.8405659881920121,0.8405659881920121,-0.2939626701443061,0.546603318047706,1.3289425344292336,0.47122213831493553,-0.24074012985569393,-0.2939626701443061,True,ok,,0.3,0.1,0.084
2020-08-21 07:00:00+00:00,0.4617976955486368,0.4617976955486368,-0.08724767819048668,0.37455001735815013,0.47122213831493553,0.0,-0.40703912464883246,-0.31412467535116756,True,ok,,0.3,0.1,0.084
2020-08-21 08:00:00+00:00,-1.256842290696163,-1.256842290696163,-0.23246589413582908,-1.489308184831992,0.0,1.2317054448822395,-0.623257605864171,-0.23246589413582902,True,ok,,0.3,0.1,0.084
2020-08-21 09:00:00+00:00,0.24493145966914498,0.24493145966914498,-1.154078420222592,-0.909146960553447,1.2317054448822395,0.9817753839953569,-0.5407596797774079,-1.154078420222592,True,ok,,0.3,0.1,0.084
2020-08-21 10:00:00+00:00,-0.07822094339696606,-0.07822094339696606,-1.0911823543926515,-1.1694032977896176,0.9817753839953569,1.0584319085243836,-0.48210104560734834,-1.0911823543926515,True,ok,,0.3,0.1,0.084
2020-08-21 11:00:00+00:00,0.420155347301262,0.420155347301262,-1.4970696365761538,-1.0769142892748917,1.0584319085243836,0.629701962298606,-0.5424430634238463,-1.4970696365761538,True,ok,,0.3,0.1,0.084
2020-08-21 12:00:00+00:00,-2.740800058738623,-2.740800058738623,-0.41297606956268673,-3.1537761283013097,0.629701962298606,3.3156860198624565,-1.388457030437313,-0.41297606956268684,True,ok,,0.3,0.1,0.084
2020-08-21 13:00:00+00:00,-0.8111059457156087,-0.8111059457156087,-1.9414724660921678,-2.7525784118077765,3.3156860198624565,4.110569846663753,-2.339078322891154e-07,-1.9414724660921678,True,ok,,0.3,0.1,0.084
2020-08-21 14:00:00+00:00,0.6161084961364127,0.6161084961364127,-1.801672466092186,-1.1855639699557732,4.110569846663753,3.4818877077490464,-2.3390781417673964e-07,-1.801672466092186,True,ok,,0.3,0.1,0.084
2020-08-21 15:00:00+00:00,0.30146609202914176,0.30146609202914176,-1.1351509896194647,-0.8336848975903229,3.4818877077490464,3.17426924649482,8.961946447086242e-08,-1.1351509896194647,True,ok,,0.4,0.18,0.084
2020-08-21 16:00:00+00:00,0.31599440136595114,0.31599440136595114,-0.48789446961897853,-0.17190006825302737,3.17426924649482,2.85182597979487,8.961897852533374e-08,-0.48789446961897853,True,ok,,0.4,0.18,0.084
2020-08-21 17:00:00+00:00,1.1203518037032487,1.1203518037032487,-0.246461460987923,0.8738903427153257,2.85182597979487,1.708609853567065,0.03428977098792307,-0.2464614609879231,True,ok,,0.4,0.18,0.084
2020-08-21 18:00:00+00:00,0.2100879131342347,0.2100879131342347,-1.1276573924634548e-07,0.21008780036849545,1.708609853567065,1.4942344320015195,0.46514366276573926,-1.1276573923892364e-07,True,ok,,0.4,0.18,0.084
2020-08-21 19:00:00+00:00,-0.060599130067739565,-0.060599130067739565,0.19217776928628172,0.13157863921854215,1.4942344320015195,1.5536215794679042,0.15055306071371832,0.19217776928628172,True,ok,,0.2,0.07,0.084
2020-08-21 20:00:00+00:00,0.04635536697942379,0.04635536697942379,0.07861360518430668,0.12496897216373047,1.5536215794679042,1.5063201845909413,0.26989909481569335,0.07861360518430668,True,ok,,0.2,0.07,0.084
2020-08-21 21:00:00+00:00,0.14507576941486036,0.14507576941486036,0.0014500086217871244,0.14652577803664749,1.5063201845909413,1.3582836851880224,0.17050006137821289,0.0014500086217871266,True,ok,,0.2,0.07,0.084
2020-08-21 22:00:00+00:00,0.09692341980446288,0.09692341980446288,-5.847125139624154e-08,0.09692336133321149,1.3582836851880224,1.2593822364079583,-0.03360882852874861,-5.8471251397003e-08,True,ok,,0.2,0.07,0.084
2020-08-21 23:00:00+00:00,0.17921625269281213,0.17921625269281213,-5.847110384760157e-08,0.17921619422170829,1.2593822364079583,1.076508509170395,-0.24231528152889611,-5.847110385881708e-08,True,ok,,0.2,0.07,0.084
2020-08-22 00:00:00+00:00,0.07559539001295638,0.07559539001295638,0.03373216534942701,0.1093275553623834,1.076508509170395,0.9993703560959497,0.03816645465057299,0.03373216534942701,True,ok,,0.2,0.07,0.084
2020-08-22 01:00:00+00:00,0.006706736379745004,0.006706736379745004,0.13026737502891264,0.13697411140865765,0.9993703560959497,0.9925267475451895,0.1507892649710874,0.13026737502891264,True,ok,,0.2,0.07,0.084
2020-08-22 02:00:00+00:00,0.4702203582557253,0.4702203582557253,2.2567323076927437e-07,0.47022058392895605,0.9925267475451895,0.5127100554475107,0.10847511432676925,2.2567323075794205e-07,True,ok,,0.2,0.07,0.084
2020-08-22 03:00:00+00:00,0.42870502526543686,0.42870502526543686,2.2567329693856664e-07,0.4287052509387338,0.5127100554475107,0.07525594803379959,0.052978107326703064,2.2567329693487548e-07,True,ok,,0.2,0.07,0.084
2020-08-22 04:00:00+00:00,0.0737508290731236,0.0737508290731236,0.028245840395262803,0.1019966694683864,0.07525594803379959,0.0,-0.11274839147053181,-0.05644484852946819,True,ok,,0.3,0.1,0.084
2020-08-22 05:00:00+00:00,-0.05892608749632988,-0.05892608749632988,-0.10130065897393153,-0.16022674647026142,0.0,0.05774756574640328,-0.24504924102606845,-0.10130065897393153,True,ok,,0.3,0.1,0.084
2020-08-22 06:00:00+00:00,-0.7619693983280839,-0.7619693983280839,-0.2166684378696998,-0.9786378361977837,0.05774756574640328,0.8044775761079255,-0.39321066213030015,-0.21666843786969983,True,ok,,0.3,0.1,0.084
2020-08-22 07:00:00+00:00,-0.9290162687700084,-0.9290162687700084,-0.8979886844534354,-1.8270049532234438,0.8044775761079255,1.7149135195025336,-0.5800504155465646,-0.8979886844534354,True,ok,,0.3,0.1,0.084
2020-08-22 08:00:00+00:00,-0.2883627797059418,-0.2883627797059418,-2.432667498155547,-2.7210302778614888,1.7149135195025336,1.9975090436143565,-0.12507000184445302,-2.432667498155547,True,ok,,0.3,0.1,0.084
2020-08-22 09:00:00+00:00,-0.0026634135622956023,-0.0026634135622956023,-3.2219048345367245,-3.22456824809902,1.9975090436143565,2.000119188905406,-0.18165716546327523,-3.2219048345367245,True,ok,,0.3,0.1,0.084
2020-08-22 10:00:00+00:00,-1.175017991871596,-1.175017991871596,-3.5618743825934223,-4.736892374465018,2.000119188905406,3.1516368209395704,-0.15191321740657807,-3.5618743825934223,True,ok,,0.3,0.1,0.084
2020-08-22 11:00:00+00:00,-1.6766186408229982,-1.6766186408229982,-3.0777860316720695,-4.754404672495068,3.1516368209395704,4.7947230889461085,-0.37191656832793074,-3.0777860316720695,True,ok,,0.3,0.1,0.084
2020-08-22 12:00:00+00:00,-1.9340162147038162,-1.9340162147038162,-3.2136711660919186,-5.147687380795735,4.7947230889461085,6.6900589793558485,-2.3390808126098825e-07,-3.2136711660919186,True,ok,,0.3,0.1,0.084
2020-08-22 13:00:00+00:00,-1.9596617155564853,-1.9596617155564853,-2.749911366092458,-4.709573081648943,6.6900589793558485,8.610527460601205,-2.339075419055308e-07,-2.749911366092458,True,ok,,0.3,0.1,0.084
2020-08-22 14:00:00+00:00,-1.8610657185552988,-1.8610657185552988,-1.6737619660925285,-3.5348276846478273,8.610527460601205,10.434371864785398,-2.339074714022823e-07,-1.6737619660925285,True,ok,,0.3,0.1,0.084
2020-08-22 15:00:00+00:00,0.13269898512981948,0.13269898512981948,-2.6864018215888037,-2.553702836458984,10.434371864785398,10.298964737101908,1.3645476215888037,-2.6864018215888037,True,ok,,0.4,0.18,0.084
2020-08-22 16:00:00+00:00,0.6662214728622018,0.6662214728622018,-1.6857325935560956,-1.0195111206938938,10.298964737101908,9.619146907650682,0.7542984535560958,-1.6857325935560956,True,ok,,0.4,0.18,0.084
2020-08-22 17:00:00+00:00,0.9505509976618831,0.9505509976618831,-1.0948313893322525,-0.14428039167036946,9.619146907650682,8.649196910036515,0.7072849693322526,-1.0948313893322525,True,ok,,0.4,0.18,0.084
2020-08-22 18:00:00+00:00,0.47420069724571445,0.47420069724571445,-0.35289195781273663,0.12130873943297785,8.649196910036515,8.165318647540888,0.5748032078127366,-0.35289195781273663,True,ok,,0.4,0.18,0.084
2020-08-22 19:00:00+00:00,0.06888768506637967,0.06888768506637967,3.719006889946197e-08,0.06888772225644857,8.165318647540888,8.095025091350704,0.1232583228099311,3.71900689041005e-08,True,ok,,0.2,0.07,0.084
2020-08-22 20:00:00+00:00,0.13765371272355964,0.13765371272355964,3.7190079876792126e-08,0.13765374991363952,8.095025091350704,7.954562119183807,0.2777256128099201,3.71900798778229e-08,True,ok,,0.2,0.07,0.084
2020-08-22 21:00:00+00:00,0.1016330918926067,0.1016330918926067,1.0251422066787086e-07,0.10163319440682737,7.954562119183807,7.850854882558698,0.2509146274857793,1.0251422067254344e-07,True,ok,,0.2,0.07,0.084
2020-08-22 22:00:00+00:00,0.09655100856137352,0.09655100856137352,1.025142397498291e-07,0.09655111107561327,7.850854882558698,7.752333445251174,0.3434408174857602,1.0251423974964766e-07,True,ok,,0.2,0.07,0.084
2020-08-22 23:00:00+00:00,0.12099345293618224,0.12099345293618224,1.0251425737461961e-07,0.12099355545043962,7.752333445251174,7.628870738173437,0.5615017274857427,1.0251425737621882e-07,True,ok,,0.2,0.07,0.084
2020-08-23 00:00:00+00:00,0.10988798084305366,0.10988798084305366,1.0251422738472016e-07,0.10988808335728105,7.628870738173437,7.516740145476444,0.37779549748577257,1.0251422737871708e-07,True,ok,,0.2,0.07,0.084
2020-08-23 01:00:00+00:00,0.12459620306014982,0.12459620306014982,1.0251416129869462e-07,0.12459630557431112,7.516740145476444,7.3896011627620055,0.17492140748583873,1.0251416129271245e-07,True,ok,,0.2,0.07,0.084
2020-08-23 02:00:00+00:00,0.13743343267728772,0.13743343267728772,-9.903401013144908e-08,0.1374333336432776,7.3896011627620055,7.249362966152528,-0.26308056096598986,-9.903401013098052e-08,True,ok,,0.2,0.07,0.084
2020-08-23 03:00:00+00:00,0.11135178640743004,0.11135178640743004,1.0251409567063607e-07,0.11135188892152571,7.249362966152528,7.135738694308212,0.10069392748590433,1.0251409566559665e-07,True,ok,,0.2,0.07,0.084
2020-08-23 04:00:00+00:00,0.03145078845142432,0.03145078845142432,-1.044126798216416e-08,0.03145077801015634,7.135738694308212,7.103646053031248,0.217319160441268,-1.0441267982194107e-08,True,ok,,0.3,0.1,0.084
2020-08-23 05:00:00+00:00,-0.22270659940608983,-0.22270659940608983,-1.044135530814394e-08,-0.22270660984744514,7.103646053031248,7.321898520449216,0.015048411441355308,-1.0441355308852364e-08,True,ok,,0.3,0.1,0.084
2020-08-23 06:00:00+00:00,-0.002682293222993626,-0.002682293222993626,-0.7306812260926164,-0.7333635193156101,7.321898520449216,7.32452716780775,-2.3390738355460847e-07,-0.7306812260926164,True,ok,,0.3,0.1,0.084
2020-08-23 07:00:00+00:00,-0.4331604712506494,-0.4331604712506494,-1.5897082660925215,-2.022868737343171,7.32452716780775,7.749024429633386,-2.339074785543837e-07,-1.5897082660925215,True,ok,,0.3,0.1,0.084
2020-08-23 08:00:00+00:00,-0.34337231560148895,-0.34337231560148895,-3.1394909660923713,-3.4828632816938603,7.749024429633386,8.085529298922845,-2.339076286368221e-07,-3.1394909660923713,True,ok,,0.3,0.1,0.084
2020-08-23 09:00:00+00:00,-1.5268420613177662,-1.5268420613177662,-3.631841566092552,-5.158683627410318,8.085529298922845,9.581834519014256,-2.3390744826049092e-07,-3.631841566092552,True,ok,,0.3,0.1,0.084
2020-08-23 10:00:00+00:00,-0.5878642483727257,-0.5878642483727257,-3.6107457660925775,-4.198610014465303,9.581834519014256,10.157941482419528,-2.3390742278744193e-07,-3.6107457660925775,True,ok,,0.3,0.1,0.084
2020-08-23 11:00:00+00:00,1.0821740682750214,1.0821740682750214,-3.8176188660926136,-2.735444797817592,10.157941482419528,9.053682229077669,-2.339073862375966e-07,-3.8176188660926136,True,ok,,0.3,0.1,0.084
2020-08-23 12:00:00+00:00,0.4887972228902009,0.4887972228902009,-3.3927802660925135,-2.9039830432023126,9.053682229077669,8.554909552659097,-2.3390748605213381e-07,-3.3927802660925135,True,ok,,0.3,0.1,0.084
2020-08-23 13:00:00+00:00,-0.3059990856690984,-0.3059990856690984,-2.996506366092527,-3.3025054517616255,8.554909552659097,8.854788656614813,-2.3390747282865394e-07,-2.996506366092527,True,ok,,0.3,0.1,0.084
2020-08-23 14:00:00+00:00,1.3338717417165102,1.3338717417165102,-2.5640190660925066,-1.2301473243759964,8.854788656614813,7.493695042618374,-2.339074932793948e-07,-2.5640190660925066,True,ok,,0.3,0.1,0.084
2020-08-23 15:00:00+00:00,0.22054457358435453,0.22054457358435453,-1.669155095526526,-1.4486105219421714,7.493695042618374,7.268649559369033,0.401164095526526,-1.669155095526526,True,ok,,0.4,0.18,0.084
2020-08-23 16:00:00+00:00,0.18116961275842236,0.18116961275842236,-0.6616212767017824,-0.48045166394336003,7.268649559369033,7.083782607574724,0.07706023670178223,-0.6616212767017824,True,ok,,0.4,0.18,0.084
2020-08-23 17:00:00+00:00,0.06749606345921358,0.06749606345921358,-0.25878691513864643,-0.19129085167943286,7.083782607574724,7.014909073432669,0.19541411213864643,-0.25878691513864643,True,ok,,0.4,0.18,0.084
2020-08-23 18:00:00+00:00,0.2901654302587312,0.2901654302587312,-0.17229569271783213,0.11786973754089908,7.014909073432669,6.71882189969927,0.4231253427178321,-0.17229569271783216,True,ok,,0.4,0.18,0.084
2020-08-23 19:00:00+00:00,0.13172667521403517,0.13172667521403517,1.0251436341479625e-07,0.13172677772839858,6.71882189969927,6.584406924991071,0.6548679974856366,1.0251436341450997e-07,True,ok,,0.2,0.07,0.084
2020-08-23 20:00:00+00:00,0.055643036365855145,0.055643036365855145,1.0251434470059939e-07,0.055643138880199845,6.584406924991071,6.527628316454484,0.4930524474856553,1.02514344701692e-07,True,ok,,0.2,0.07,0.084
2020-08-23 21:00:00+00:00,0.15922864790534222,0.15922864790534222,1.0251427454144313e-07,0.15922875041961676,6.527628316454484,6.365150104306176,0.3813275974857254,1.0251427454446754e-07,True,ok,,0.2,0.07,0.084
2020-08-23 22:00:00+00:00,0.09238753640697452,0.09238753640697452,1.0251423339380228e-07,0.09238763892120791,6.365150104306176,6.270877107972528,0.2845013574857666,1.0251423339404121e-07,True,ok,,0.2,0.07,0.084
2020-08-23 23:00:00+00:00,0.08155892523172911,0.08155892523172911,1.0251425949792115e-07,0.08155902774598861,6.270877107972528,6.187653714878927,0.4300201574857405,1.025142594928997e-07,True,ok,,0.2,0.07,0.084
2020-08-24 00:00:00+00:00,0.15197673080553142,0.15197673080553142,1.0251413254391828e-07,0.15197683331966397,6.187653714878927,6.032575418138588,0.11159389148586746,1.025141325488269e-07,True,ok,,0.2,0.07,0.084
2020-08-24 01:00:00+00:00,0.11295725856694164,0.11295725856694164,1.0251396964644499e-07,0.11295736108091128,6.032575418138588,5.917312909396811,0.05410518348603036,1.0251396963964939e-07,True,ok,,0.2,0.07,0.084
2020-08-24 02:00:00+00:00,0.1309615738530671,0.1309615738530671,3.719001534507882e-08,0.13096161104308243,5.917312909396811,5.783678650363069,0.029786400809984653,3.719001534775681e-08,True,ok,,0.2,0.07,0.084
2020-08-24 03:00:00+00:00,0.12207842518270332,0.12207842518270332,1.0251422417895117e-07,0.1220785276969275,5.783678650363069,5.6591088287480655,0.2387690674857758,1.0251422418056792e-07,True,ok,,0.2,0.07,0.084
2020-08-24 04:00:00+00:00,0.07596937808569472,0.07596937808569472,-1.0441264103322467e-08,0.07596936764443062,5.6591088287480655,5.581589055191234,0.3715351704412641,-1.044126410261968e-08,True,ok,,0.3,0.1,0.084
2020-08-24 05:00:00+00:00,0.36991989240435486,0.36991989240435486,-0.41926526609261044,-0.049345373688255575,5.581589055191234,5.204119777227606,-2.339073895173078e-07,-0.41926526609261044,True,ok,,0.3,0.1,0.084
2020-08-24 06:00:00+00:00,0.43953872204852296,0.43953872204852296,-0.7912055160925535,-0.35166679404403056,5.204119777227606,4.755610877178093,-2.3390744639765215e-07,-0.7912055160925535,True,ok,,0.3,0.1,0.084
2020-08-24 07:00:00+00:00,-0.1939395574230678,-0.1939395574230678,-1.132632066092467,-1.3265716235155347,4.755610877178093,4.945671643452699,-2.3390753310375003e-07,-1.132632066092467,True,ok,,0.3,0.1,0.084
2020-08-24 08:00:00+00:00,-0.08266884416790155,-0.08266884416790155,-1.867293466092473,-1.9499623102603745,4.945671643452699,5.026687110737242,-2.3390752688803684e-07,-1.867293466092473,True,ok,,0.3,0.1,0.084
2020-08-24 09:00:00+00:00,-0.17921042858871283,-0.17921042858871283,-2.5236904660924435,-2.7029008946811564,5.026687110737242,5.202313330754181,-2.3390755652448697e-07,-2.5236904660924435,True,ok,,0.3,0.1,0.084
2020-08-24 10:00:00+00:00,1.5883318791399503,1.5883318791399503,-3.5312087660924676,-1.9428768869525173,5.202313330754181,3.581566515305252,-2.3390753235791896e-07,-3.5312087660924676,True,ok,,0.3,0.1,0.084
2020-08-24 11:00:00+00:00,0.5882796528190726,0.5882796528190726,-3.5829687660923644,-2.994689113273292,3.581566515305252,2.98128115528579,-2.339076354404164e-07,-3.5829687660923644,True,ok,,0.3,0.1,0.084
2020-08-24 12:00:00+00:00,0.4576759923421716,0.4576759923421716,-3.426136766092181,-2.9684607737500093,2.98128115528579,2.5142648365692883,-2.3390781927261854e-07,-3.426136766092181,True,ok,,0.3,0.1,0.084
2020-08-24 13:00:00+00:00,2.258001560020141,2.258001560020141,-2.771450965203787,-0.5134494051836458,2.5142648365692883,0.21018161205894037,-0.15560173479621348,-2.771450965203787,True,ok,,0.3,0.1,0.084
2020-08-24 14:00:00+00:00,-1.06613894872266,-1.06613894872266,-2.4357963090970713e-07,-1.066139192302291,0.21018161205894037,1.2549977818071472,-1.3336799564203692,-2.435796309413421e-07,True,ok,,0.3,0.1,0.084
2020-08-24 15:00:00+00:00,0.019836487329992658,0.019836487329992658,-0.7261243896187768,-0.7062879022887841,1.2549977818071472,1.2347564682051138,8.961877687120866e-08,-0.7261243896187768,True,ok,,0.4,0.18,0.084
2020-08-24 16:00:00+00:00,-0.190916405973526,-0.190916405973526,-0.3430969196194067,-0.5340133255929327,1.2347564682051138,1.4218545460591692,8.96194066683189e-08,-0.3430969196194067,True,ok,,0.4,0.18,0.084
2020-08-24 17:00:00+00:00,-0.08043896676337273,-0.08043896676337273,-0.025565942147740273,-0.106004908911113,1.4218545460591692,1.5006847334872744,0.09471175214774027,-0.025565942147740276,True,ok,,0.4,0.18,0.084
2020-08-24 18:00:00+00:00,0.05976398818411793,0.05976398818411793,-1.1276569631540889e-07,0.05976387541842162,1.5006847334872744,1.439701072074909,0.4158234727656963,-1.1276569631575583e-07,True,ok,,0.4,0.18,0.084
2020-08-24 19:00:00+00:00,0.015372651124513304,0.015372651124513304,0.15694196018591586,0.17231461131042916,1.439701072074909,1.4240146933764262,0.11395348981408414,0.15694196018591586,True,ok,,0.2,0.07,0.084
2020-08-24 20:00:00+00:00,0.07085076361201795,0.07085076361201795,0.03480098677241886,0.1056517503844368,1.4240146933764262,1.3517179958131424,0.20915494322758116,0.03480098677241885,True,ok,,0.2,0.07,0.084
2020-08-24 21:00:00+00:00,0.06867278644523103,0.06867278644523103,1.0251454765630719e-07,0.06867288895977869,1.3517179958131424,1.2816437239302536,0.14862947748545235,1.0251454766323343e-07,True,ok,,0.2,0.07,0.084
2020-08-24 22:00:00+00:00,0.16019423820097048,0.16019423820097048,-9.903297309987735e-08,0.16019413916799738,1.2816437239302536,1.1181802155619165,-0.050110496967026914,-9.903297309055136e-08,True,ok,,0.2,0.07,0.084
2020-08-24 23:00:00+00:00,0.07088713562076188,0.07088713562076188,2.2567525612138262e-07,0.070887361296018,1.1181802155619165,1.0458464037039963,0.32516023432474384,2.2567525612109193e-07,True,ok,,0.2,0.07,0.084
2020-08-25 00:00:00+00:00,0.11776655200268368,0.11776655200268368,2.2567432260423015e-07,0.11776677767700629,1.0458464037039963,0.9256764526808496,0.2619527743256774,2.2567432260920387e-07,True,ok,,0.2,0.07,0.084
2020-08-25 01:00:00+00:00,0.16274063549255052,0.16274063549255052,2.256716485626864e-07,0.16274086116419909,0.9256764526808496,0.7596145797292675,0.31271565432835147,2.256716485582155e-07,True,ok,,0.2,0.07,0.084
2020-08-25 02:00:00+00:00,0.09931995263138038,0.09931995263138038,-3.5927414432368465e-08,0.09931991670396595,0.7596145797292675,0.6582676892890834,-0.025922510072585565,-3.59274144374938e-08,True,ok,,0.2,0.07,0.084
2020-08-25 03:00:00+00:00,0.1301246632624947,0.1301246632624947,2.2567418392349659e-07,0.13012488893667862,0.6582676892890834,0.5254874206538848,0.21873805432581608,2.2567418392916363e-07,True,ok,,0.2,0.07,0.084
2020-08-25 04:00:00+00:00,0.05043495039108615,0.05043495039108615,-5.146461423688464e-09,0.050434945244624725,0.5254874206538848,0.4740231855609397,0.013580632146461423,-5.146461423329522e-09,True,ok,,0.3,0.1,0.084
2020-08-25 05:00:00+00:00,-0.11719932531649921,-0.11719932531649921,-0.15944263546688922,-0.27664196078338843,0.4740231855609397,0.5888785243711089,-0.1272189645331108,-0.15944263546688922,True,ok,,0.3,0.1,0.084
2020-08-25 06:00:00+00:00,-0.6142871255920132,-0.6142871255920132,-0.738971167520654,-1.353258293112667,0.5888785243711089,1.190879907451282,-0.10201823247934605,-0.738971167520654,True,ok,,0.3,0.1,0.084
2020-08-25 07:00:00+00:00,-1.1974436710305651,-1.1974436710305651,-1.5876672860960341,-2.7851109571265993,1.190879907451282,2.364374705061236,-0.07311101390396599,-1.5876672860960341,True,ok,,0.3,0.1,0.084
2020-08-25 08:00:00+00:00,0.08934531957583669,0.08934531957583669,-3.288798766091969,-3.199453446516132,2.364374705061236,2.2732060116165047,-2.3390803137206305e-07,-3.288798766091969,True,ok,,0.3,0.1,0.084
2020-08-25 09:00:00+00:00,-0.03414622407728718,-0.03414622407728718,-3.9589765660918803,-3.9931227901691675,2.2732060116165047,2.306669311212246,-2.339081194648222e-07,-3.9589765660918803,True,ok,,0.3,0.1,0.084
2020-08-25 10:00:00+00:00,1.8385248761778605,1.8385248761778605,-4.253888766089665,-2.415363889911805,2.306669311212246,0.4306235191940211,-2.3391033454203955e-07,-4.253888766089665,True,ok,,0.3,0.1,0.084
2020-08-25 11:00:00+00:00,0.4220110488101407,0.4220110488101407,-2.325762714709264,-1.9037516658991231,0.4306235191940211,0.0,-0.7843048563597398,-3.57256214364026,True,ok,,0.3,0.1,0.084
2020-08-25 12:00:00+00:00,0.0,0.0,-1.2293456071574116,-1.2293456071574116,0.0,0.0,-0.7569839123047942,-2.709056087695206,True,ok,,0.3,0.1,0.084
2020-08-25 13:00:00+00:00,0.0,0.0,-1.0337688018545794,-1.0337688018545794,0.0,0.0,-1.1094722661448377,-1.3431883338551625,True,ok,,0.3,0.1,0.084
2020-08-25 14:00:00+00:00,-0.5552564859835544,-0.5552564859835544,-2.435797969990716e-07,-0.5552567295633514,0.0,0.5441513562638832,-1.130609356420203,-2.4357979704107053e-07,True,ok,,0.3,0.1,0.084
2020-08-25 15:00:00+00:00,0.0051457374175241655,0.0051457374175241655,-0.34088970961834153,-0.33574397220081736,0.5441513562638832,0.5389006037970219,8.961834155452993e-08,-0.34088970961834153,True,ok,,0.4,0.18,0.084
2020-08-25 16:00:00+00:00,-0.1936004170229192,-0.1936004170229192,-1.1275978892277827e-07,-0.19360052978270811,0.5389006037970219,0.7286290124794826,0.041055837759788924,-1.1275978892210927e-07,True,ok,,0.4,0.18,0.084
2020-08-25 17:00:00+00:00,0.02959922805994385,0.02959922805994385,0.025732040901640964,0.055331268961584815,0.7286290124794826,0.6984257185407644,0.27847510909835904,0.025732040901640964,True,ok,,0.4,0.18,0.084
2020-08-25 18:00:00+00:00,0.06895163396098342,0.06895163396098342,-1.1276558634087941e-07,0.06895152119539708,0.6984257185407644,0.6280669083764956,0.24578221276558634,-1.1276558634767096e-07,True,ok,,0.4,0.18,0.084
2020-08-25 19:00:00+00:00,0.08335150850114921,0.08335150850114921,1.0251438239960997e-07,0.08335161101553161,0.6280669083764956,0.5430143486814454,0.0426826974856176,1.025143824014047e-07,True,ok,,0.2,0.07,0.084
2020-08-25 20:00:00+00:00,0.16555717416766103,0.16555717416766103,-3.525577801921642e-08,0.165557138911883,0.5430143486814454,0.374078456673628,-0.008086512744221988,-3.525577801207231e-08,True,ok,,0.2,0.07,0.084
2020-08-25 21:00:00+00:00,0.0567352019596865,0.0567352019596865,-3.525635629969548e-08,0.0567351667033302,0.374078456673628,0.31618539344945806,-0.1523360247436437,-3.525635630300266e-08,True,ok,,0.2,0.07,0.084
2020-08-25 22:00:00+00:00,0.031247078609034792,0.031247078609034792,0.09415028258737711,0.1253973611964119,0.31618539344945806,0.28430061935860623,0.06308982741262288,0.09415028258737711,True,ok,,0.2,0.07,0.084
2020-08-25 23:00:00+00:00,-0.08310048966303689,-0.08310048966303689,0.2069741840484594,0.12387369438542252,0.28430061935860623,0.3657390992283824,0.15534106595154057,0.2069741840484594,True,ok,,0.2,0.07,0.084
2020-08-26 00:00:00+00:00,0.05644824646232448,0.05644824646232448,2.2567724598798744e-07,0.056448472139570466,0.3657390992283824,0.3081388477362145,0.26596747432275397,2.2567724598535388e-07,True,ok,,0.2,0.07,0.084
2020-08-26 01:00:00+00:00,0.1835788018473348,0.1835788018473348,2.2567295115960562e-07,0.18357902752028596,0.3081388477362145,0.12081353972873005,0.15670283432704885,2.2567295115437352e-07,True,ok,,0.2,0.07,0.084
2020-08-26 02:00:00+00:00,0.11839726893415545,0.11839726893415545,0.0003994255352964271,0.11879669446945187,0.12081353972873005,0.0,0.072296588329668,2.2567033199479365e-07,True,ok,,0.2,0.07,0.084
2020-08-26 03:00:00+00:00,0.0,0.0,0.10337430560853744,0.10337430560853744,0.0,0.0,-0.0129902975302928,-5.846970720043345e-08,True,ok,,0.2,0.07,0.084
2020-08-26 04:00:00+00:00,-0.11867222416057169,-0.11867222416057169,0.27011896751916914,0.15144674335859745,0.0,0.11629877967736026,-7.51916911111093e-09,0.27011896751916914,True,ok,,0.3,0.1,0.084
2020-08-26 05:00:00+00:00,0.0666495885409383,0.0666495885409383,-0.10226480899156248,-0.03561522045062418,0.11629877967736026,0.04828899545191301,-0.0700971910084375,-0.10226480899156248,True,ok,,0.3,0.1,0.084
2020-08-26 06:00:00+00:00,0.04732321554287475,0.04732321554287475,-0.14352543860840425,-0.0962022230655295,0.04828899545191301,0.0,-0.30584008769712384,-0.44945891230287616,True,ok,,0.3,0.1,0.084
2020-08-26 07:00:00+00:00,0.0,0.0,-0.3038686702160086,-0.3038686702160086,0.0,0.0,-0.5744735583675353,-0.6460639416324645,True,ok,,0.3,0.1,0.084
2020-08-26 08:00:00+00:00,-0.07963280140135831,-0.07963280140135831,-0.5128820022485551,-0.5925148036499134,0.0,0.07804014537333115,-0.6320141977514447,-0.5128820022485551,True,ok,,0.3,0.1,0.084
2020-08-26 09:00:00+00:00,-0.8300662920777461,-0.8300662920777461,-0.4172807336418015,-1.2473470257195476,0.07804014537333115,0.8915051116095223,-0.5512666263581985,-0.4172807336418015,True,ok,,0.3,0.1,0.084
2020-08-26 10:00:00+00:00,-0.6888389241873389,-0.6888389241873389,-1.4931405013522114,-2.1819794255395504,0.8915051116095223,1.5665672573131144,-0.022088698647788608,-1.4931405013522114,True,ok,,0.3,0.1,0.084
2020-08-26 11:00:00+00:00,0.15854476804482953,0.15854476804482953,-1.8676682660918216,-1.709123498046992,1.5665672573131144,1.4047868817571658,-2.3390817839866745e-07,-1.8676682660918216,True,ok,,0.3,0.1,0.084
2020-08-26 12:00:00+00:00,-0.4234988682696619,-0.4234988682696619,-0.7981817082694691,-1.221680576539131,1.4047868817571658,1.8198157726614346,-0.21653576173053093,-0.7981817082694691,True,ok,,0.3,0.1,0.084
2020-08-26 13:00:00+00:00,-0.9666779788680082,-0.9666779788680082,-0.45167031035856375,-1.418348289226572,1.8198157726614346,2.7671601919520827,-0.15522201964143623,-0.4516703103585638,True,ok,,0.3,0.1,0.084
2020-08-26 14:00:00+00:00,-0.5500891452039005,-0.5500891452039005,-0.34873343514312416,-0.8988225803470247,2.7671601919520827,3.306247554251905,-8.485687579068923e-08,-0.3487334351431242,True,ok,,0.3,0.1,0.084
2020-08-26 15:00:00+00:00,0.013027398518762223,0.013027398518762223,-0.48841629454157376,-0.47538889602281154,3.306247554251905,3.2929542904572497,0.34006802454157375,-0.48841629454157376,True,ok,,0.4,0.18,0.084
2020-08-26 16:00:00+00:00,-0.011882780726059083,-0.011882780726059083,-0.25598877383370705,-0.26787155455976613,3.2929542904572497,3.3045994155687874,0.06672235383370702,-0.25598877383370705,True,ok,,0.4,0.18,0.084
2020-08-26 17:00:00+00:00,-0.09676019475495426,-0.09676019475495426,-1.1276706678164938e-07,-0.09676030752202104,3.3045994155687874,3.3994244064286425,0.04075072276706678,-1.1276706678035866e-07,True,ok,,0.4,0.18,0.084
2020-08-26 18:00:00+00:00,0.1436066205656689,0.1436066205656689,-2.428041858404395e-07,0.14360637776148305,3.3994244064286425,3.2528870385044906,0.2581821428041858,-2.428041858404641e-07,True,ok,,0.4,0.18,0.084
2020-08-26 19:00:00+00:00,0.056504746581798056,0.056504746581798056,2.256747564377548e-07,0.05650497225655449,3.2528870385044906,3.1952291338291863,0.27450617432524355,2.2567475643835438e-07,True,ok,,0.2,0.07,0.084
2020-08-26 20:00:00+00:00,0.12832238543265942,0.12832238543265942,2.2567410717933e-07,0.1283226111067666,3.1952291338291863,3.0642879242040237,0.25497676432589284,2.2567410717100868e-07,True,ok,,0.2,0.07,0.084
2020-08-26 21:00:00+00:00,0.10934146839514264,0.10934146839514264,2.256737662714725e-07,0.10934169406890891,3.0642879242040237,2.952714997270205,0.07898262432623372,2.2567376626768717e-07,True,ok,,0.2,0.07,0.084
2020-08-26 22:00:00+00:00,0.05602927436265184,0.05602927436265184,2.256741176570598e-07,0.0560295000367695,2.952714997270205,2.8955422683287235,0.20054249432588234,2.2567411765869616e-07,True,ok,,0.2,0.07,0.084
2020-08-26 23:00:00+00:00,0.17113039180720283,0.17113039180720283,-5.847100836842145e-08,0.17113033333619446,2.8955422683287235,2.7209194195458637,-0.09702911652899161,-5.847100837837463e-08,True,ok,,0.2,0.07,0.084
2020-08-27 00:00:00+00:00,0.06345607994677588,0.06345607994677588,2.2567362954750703e-07,0.06345630562040543,2.7209194195458637,2.6561683175593576,0.08795814832637044,2.2567362955432982e-07,True,ok,,0.2,0.07,0.084
2020-08-27 01:00:00+00:00,0.13221357966492744,0.13221357966492744,2.256741439554677e-07,0.1322138053390714,2.6561683175593576,2.521256501574738,0.329487444325856,2.2567414394181644e-07,True,ok,,0.2,0.07,0.084
2020-08-27 02:00:00+00:00,0.15885582992259437,0.15885582992259437,2.256735454619907e-07,0.15885605559613983,2.521256501574738,2.3591587159394374,0.10057448432645454,2.2567354545208677e-07,True,ok,,0.2,0.07,0.084
2020-08-27 03:00:00+00:00,0.08008599638410205,0.08008599638410205,2.2567377033766434e-07,0.08008622205787239,2.3591587159394374,2.277438311465864,0.16035677432622966,2.2567377034003955e-07,True,ok,,0.2,0.07,0.084
2020-08-27 04:00:00+00:00,0.3903445984307653,0.3903445984307653,-0.2641202133561278,0.12622438507463749,2.277438311465864,1.879127496740593,-0.14054662664387207,-0.26412021335612784,True,ok,,0.3,0.1,0.084
2020-08-27 05:00:00+00:00,0.04683148381485011,0.04683148381485011,-0.23340121369164243,-0.18656972987679232,1.879127496740593,1.831340268358093,-0.23241262630835763,-0.23340121369164243,True,ok,,0.3,0.1,0.084
2020-08-27 06:00:00+00:00,-0.18482358765487472,-0.18482358765487472,-0.5112789698804977,-0.6961025575353724,1.831340268358093,2.01246738425987,-0.3239857301195023,-0.5112789698804977,True,ok,,0.3,0.1,0.084
2020-08-27 07:00:00+00:00,-0.29712585243600653,-0.29712585243600653,-0.8986548025092209,-1.1957806549452275,2.01246738425987,2.3036507196471567,-0.5291322974907791,-0.8986548025092209,True,ok,,0.3,0.1,0.084
2020-08-27 08:00:00+00:00,-0.4278751481260159,-0.4278751481260159,-1.1179765711887346,-1.5458517193147505,2.3036507196471567,2.722968364810652,-0.6315777288112655,-1.1179765711887346,True,ok,,0.3,0.1,0.084
2020-08-27 09:00:00+00:00,-0.17932679179063515,-0.17932679179063515,-1.5770757885887083,-1.7564025803793435,2.722968364810652,2.8987086207654746,-0.6421592114112922,-1.5770757885887083,True,ok,,0.3,0.1,0.084
2020-08-27 10:00:00+00:00,-0.5251189008349233,-0.5251189008349233,-1.021437947977728,-1.5465568488126513,2.8987086207654746,3.4133251435836995,-0.665260052022272,-1.021437947977728,True,ok,,0.3,0.1,0.084
2020-08-27 11:00:00+00:00,-1.7663888100320095,-1.7663888100320095,-0.45901886359172606,-2.2254076736237356,3.4133251435836995,5.144386177415068,-1.056383236408274,-0.4590188635917261,True,ok,,0.3,0.1,0.084
2020-08-27 12:00:00+00:00,-0.5739520815143961,-0.5739520815143961,-1.6337827660923396,-2.2077348476067358,5.144386177415068,5.706859217299177,-2.3390766026366321e-07,-1.6337827660923396,True,ok,,0.3,0.1,0.084
2020-08-27 13:00:00+00:00,-0.23339372986970508,-0.23339372986970508,-2.0457918660924834,-2.2791855959621885,5.706859217299177,5.935585072571487,-2.3390751646212328e-07,-2.0457918660924834,True,ok,,0.3,0.1,0.084
2020-08-27 14:00:00+00:00,-0.10408731134653504,-0.10408731134653504,-1.1003710660925,-1.204458377439035,5.935585072571487,6.037590637691092,-2.3390750004537306e-07,-1.1003710660925,True,ok,,0.3,0.1,0.084
2020-08-27 15:00:00+00:00,-0.04191444927006338,-0.04191444927006338,-1.4494396858364693,-1.4913541351065327,6.037590637691092,6.078666797975754,0.7169438358364691,-1.4494396858364693,True,ok,,0.4,0.18,0.084
2020-08-27 16:00:00+00:00,0.65468784048066,0.65468784048066,-0.9601910049253242,-0.30550316444466413,6.078666797975754,5.4106179811587545,0.3219495449253241,-0.960191004925324,True,ok,,0.4,0.18,0.084
2020-08-27 17:00:00+00:00,5.0,5.0,0.8635035022424988,5.863503502242499,5.4106179811587545,0.30857716483222397,0.3523488386763857,-0.3531730574263857,True,ok,,0.4,0.18,0.084
2020-08-27 18:00:00+00:00,0.3024056215355795,0.3024056215355795,2.728819362014818,3.031224983550397,0.30857716483222397,0.0,0.302405607074889,1.349610592925111,True,ok,,0.4,0.18,0.084
2020-08-27 19:00:00+00:00,-0.857209753959194,-0.857209753959194,0.9126051150647949,0.05539536110560098,0.0,0.8400655588800101,-7.506479498579674e-08,0.9126051150647949,True,ok,,0.2,0.07,0.084
2020-08-27 20:00:00+00:00,0.13520532989750023,0.13520532989750023,2.2567394980521627e-07,0.13520555557145003,0.8400655588800101,0.7021009365356221,0.12387764432605021,2.2567394979630876e-07,True,ok,,0.2,0.07,0.084
2020-08-27 21:00:00+00:00,0.10267686421897113,0.10267686421897113,-5.847109130208139e-08,0.10267680574787982,0.7021009365356221,0.5973286261081006,-0.2783253415289087,-5.8471091307660624e-08,True,ok,,0.2,0.07,0.084
2020-08-27 22:00:00+00:00,0.07070389649829355,0.07070389649829355,-3.5256423086549304e-08,0.07070386124187046,0.5973286261081006,0.5251817929465765,-0.05762233974357691,-3.525642308343864e-08,True,ok,,0.2,0.07,0.084
2020-08-27 23:00:00+00:00,0.16620222982789437,0.16620222982789437,-3.5256399161243124e-08,0.1662021945714952,0.5251817929465765,0.35558768087729653,-0.19724288474360083,-3.525639915644291e-08,True,ok,,0.2,0.07,0.084
2020-08-28 00:00:00+00:00,-0.020126159420934736,-0.020126159420934736,0.07018788171542424,0.050061722294489505,0.35558768087729653,0.3753113171098126,-0.10914924671542424,0.07018788171542424,True,ok,,0.2,0.07,0.084
2020-08-28 01:00:00+00:00,-0.12967948773837565,-0.12967948773837565,0.2723755989644575,0.14269611122608186,0.3753113171098126,0.5023972150934207,-0.05472069896445752,0.2723755989644575,True,ok,,0.2,0.07,0.084
2020-08-28 02:00:00+00:00,-0.03981266861304414,-0.03981266861304414,0.17415380766469363,0.1343411390516495,0.5023972150934207,0.541413630334204,0.10265753233530633,0.17415380766469363,True,ok,,0.2,0.07,0.084
2020-08-28 03:00:00+00:00,-0.12136419805784984,-0.12136419805784984,0.17691317048437033,0.05554897242652049,0.541413630334204,0.6603505444308968,0.18763058951562966,0.17691317048437033,True,ok,,0.2,0.07,0.084
2020-08-28 04:00:00+00:00,0.1456047320375896,0.1456047320375896,-5.146364251418234e-09,0.14560472689122536,0.6603505444308968,0.5117742872496829,0.24513635514636425,-5.146364257122045e-09,True,ok,,0.3,0.1,0.084
2020-08-28 05:00:00+00:00,0.13268366765735587,0.13268366765735587,-0.13064340422991016,0.0020402634274457,0.5117742872496829,0.37638278964013605,-0.14812652577008983,-0.13064340422991016,True,ok,,0.3,0.1,0.084
2020-08-28 06:00:00+00:00,-0.457861005076496,-0.457861005076496,-0.4620215236050946,-0.9198825286815906,0.37638278964013605,0.8250865746151022,-0.41791747639490534,-0.4620215236050946,True,ok,,0.3,0.1,0.084
2020-08-28 07:00:00+00:00,-1.0736870245497614,-1.0736870245497614,-0.9811593461906503,-2.0548463707404117,0.8250865746151022,1.8772998586738683,-0.4377530538093496,-0.9811593461906504,True,ok,,0.3,0.1,0.084
2020-08-28 08:00:00+00:00,-1.3722316713724636,-1.3722316713724636,-2.508480612087379,-3.8807122834598426,1.8772998586738683,3.2220868966188823,-0.14141438791262118,-2.508480612087379,True,ok,,0.3,0.1,0.084
2020-08-28 09:00:00+00:00,1.1025055192131705,1.1025055192131705,-3.833153066091982,-2.7306475468788114,3.2220868966188823,2.0970812647687085,-2.3390801774707947e-07,-3.833153066091982,True,ok,,0.3,0.1,0.084
2020-08-28 10:00:00+00:00,-0.6636594029855396,-0.6636594029855396,-3.7451358470143545,-4.408795249999894,2.0970812647687085,2.7474674796945373,-0.39132815298564577,-3.7451358470143545,True,ok,,0.3,0.1,0.084
2020-08-28 11:00:00+00:00,-1.3160424443525511,-1.3160424443525511,-3.7107359924562906,-5.026778436808842,2.7474674796945373,4.037189075160038,-0.25825060754370965,-3.7107359924562906,True,ok,,0.3,0.1,0.084
2020-08-28 12:00:00+00:00,-0.7674620027866781,-0.7674620027866781,-3.686224366092279,-4.453686368878957,4.037189075160038,4.789301837890982,-2.3390772134730429e-07,-3.686224366092279,True,ok,,0.3,0.1,0.084
2020-08-28 13:00:00+00:00,0.142906071116236,0.142906071116236,-3.356431866092478,-3.213525794976242,4.789301837890982,4.643479316343803,-2.3390752232204012e-07,-3.356431866092478,True,ok,,0.3,0.1,0.084
2020-08-28 14:00:00+00:00,0.851785429759712,0.851785429759712,-2.5842512660923878,-1.7324658363326757,4.643479316343803,3.7743105104665458,-2.339076118374168e-07,-2.5842512660923878,True,ok,,0.3,0.1,0.084
2020-08-28 15:00:00+00:00,0.42391111949103,0.42391111949103,-1.3648607822120502,-0.9409496627210202,3.7743105104665458,3.341748143638964,0.1824150822120502,-1.3648607822120502,True,ok,,0.4,0.18,0.084
2020-08-28 16:00:00+00:00,-0.6008946381014034,-0.6008946381014034,-1.1276691158634833e-07,-0.600894750868315,3.341748143638964,3.9306248889783397,0.06888262276691161,-1.1276691161741751e-07,True,ok,,0.4,0.18,0.084
2020-08-28 17:00:00+00:00,-0.16876314771615153,-0.16876314771615153,-0.04289394813678796,-0.2116570958529395,3.9306248889783397,4.096012773740168,0.39258924813678797,-0.04289394813678795,True,ok,,0.4,0.18,0.084
2020-08-28 18:00:00+00:00,0.2601466695476564,0.2601466695476564,-0.15413434648475238,0.10601232306290403,4.096012773740168,3.8305569884874573,0.19694593048475234,-0.15413434648475235,True,ok,,0.4,0.18,0.084
2020-08-28 19:00:00+00:00,0.09389542535964626,0.09389542535964626,1.0251445260733849e-07,0.09389552787409887,3.8305569884874573,3.734745329957206,0.0810469574855474,1.0251445260764352e-07,True,ok,,0.2,0.07,0.084
2020-08-28 20:00:00+00:00,0.08422748796680454,0.08422748796680454,-9.903383443865543e-08,0.0842273889329701,3.734745329957206,3.6487989136645487,-0.3202175509661655,-9.903383444432259e-08,True,ok,,0.2,0.07,0.084
2020-08-28 21:00:00+00:00,0.16489771028371603,0.16489771028371603,-9.903389838750165e-08,0.16489761124981764,3.6487989136645487,3.4805359439872876,-0.2887471509661016,-9.903389837564142e-08,True,ok,,0.2,0.07,0.084
2020-08-28 22:00:00+00:00,0.08490021010979937,0.08490021010979937,-9.90332323369536e-08,0.08490011107656703,3.4805359439872876,3.3939030765283085,-0.03382070096676766,-9.903323233693763e-08,True,ok,,0.2,0.07,0.084
2020-08-28 23:00:00+00:00,0.13529636982845047,0.13529636982845047,1.0251435872410397e-07,0.1352964723428092,3.3939030765283085,3.2558455562951956,0.1763673974856413,1.0251435873797895e-07,True,ok,,0.2,0.07,0.084
2020-08-29 00:00:00+00:00,0.15305234193832484,0.15305234193832484,1.0251438484210063e-07,0.15305244445270969,3.2558455562951956,3.099669697174456,0.21945558748561517,1.0251438485111576e-07,True,ok,,0.2,0.07,0.084
2020-08-29 01:00:00+00:00,0.09480857126721648,0.09480857126721648,-9.903386788412405e-08,0.0948084722333486,3.099669697174456,3.0029262571058677,-0.13715188096613212,-9.903386787753487e-08,True,ok,,0.2,0.07,0.084
2020-08-29 02:00:00+00:00,0.17038279349025615,0.17038279349025615,-9.903394382337893e-08,0.17038269445631232,3.0029262571058677,2.8290662637484636,-0.3192376009660562,-9.903394381689164e-08,True,ok,,0.2,0.07,0.084
2020-08-29 03:00:00+00:00,0.08703762674069117,0.08703762674069117,-9.903380321363286e-08,0.08703752770688795,2.8290662637484636,2.7402523589110235,-0.14079824096619678,-9.903380320888094e-08,True,ok,,0.2,0.07,0.084
2020-08-29 04:00:00+00:00,0.2430897083754334,0.2430897083754334,-0.19288434609220895,0.05020536228322445,2.7402523589110235,2.4922016360789487,-2.3390779105438692e-07,-0.19288434609220895,True,ok,,0.3,0.1,0.084
2020-08-29 05:00:00+00:00,0.46557535736006894,0.46557535736006894,-0.6284740299668221,-0.1628986726067532,2.4922016360789487,2.017124740813572,-0.003947600033177942,-0.6284740299668221,True,ok,,0.3,0.1,0.084
2020-08-29 06:00:00+00:00,-0.3623346435170227,-0.3623346435170227,-1.0297088660891778,-1.3920435096062005,2.017124740813572,2.3722126914602546,-2.3391082234818824e-07,-1.0297088660891778,True,ok,,0.3,0.1,0.084
2020-08-29 07:00:00+00:00,-0.07390235825987013,-0.07390235825987013,-2.6545568660921077,-2.728459224351978,2.3722126914602546,2.444637002554927,-2.3390789232013728e-07,-2.6545568660921077,True,ok,,0.3,0.1,0.084
2020-08-29 08:00:00+00:00,0.32897696452550695,0.32897696452550695,-3.9409313660922063,-3.6119544015666993,2.444637002554927,2.1089462224268587,-2.3390779379691567e-07,-3.9409313660922063,True,ok,,0.3,0.1,0.084
2020-08-29 09:00:00+00:00,0.7638251974333956,0.7638251974333956,-4.725817315142888,-3.9619921177094923,2.1089462224268587,1.3295327556580876,-8.485711163919913e-08,-4.725817315142888,True,ok,,0.3,0.1,0.084
2020-08-29 10:00:00+00:00,1.3029421005449258,1.3029421005449258,-2.0485261361484053,-0.7455840356034795,1.3295327556580876,0.0,-8.48569511239836e-08,-5.342003315143049,True,ok,,0.3,0.1,0.084
2020-08-29 11:00:00+00:00,0.0,0.0,-3.0486307069057705,-3.0486307069057705,0.0,0.0,-0.3997692328566443,-3.404706367143356,True,ok,,0.3,0.1,0.084
2020-08-29 12:00:00+00:00,0.0,0.0,-2.7097894127778166,-2.7097894127778166,0.0,0.0,-1.2495244381787358,-2.7686181618212644,True,ok,,0.3,0.1,0.084
2020-08-29 13:00:00+00:00,-2.3780502726946064,-2.3780502726946064,-2.2027743086522342,-4.580824581346841,0.0,2.3304892672407145,-0.899403391347766,-2.2027743086522342,True,ok,,0.3,0.1,0.084
2020-08-29 14:00:00+00:00,-0.843703831341093,-0.843703831341093,-2.119772266091862,-2.963476097432955,2.3304892672407145,3.1573190219549856,-2.3390813782979077e-07,-2.119772266091862,True,ok,,0.3,0.1,0.084
2020-08-29 15:00:00+00:00,0.6439344625434527,0.6439344625434527,-1.6908362624478848,-1.046901799904432,3.1573190219549856,2.500243039767789,0.3286083624478847,-1.6908362624478848,True,ok,,0.4,0.18,0.084
2020-08-29 16:00:00+00:00,0.26098261703472764,0.26098261703472764,-0.5987052588350089,-0.3377226418002813,2.500243039767789,2.2339342468752097,0.08336755883500893,-0.5987052588350089,True,ok,,0.4,0.18,0.084
2020-08-29 17:00:00+00:00,-0.06037275245677688,-0.06037275245677688,-1.1276592005310393e-07,-0.060372865222696935,2.2339342468752097,2.293099544282851,0.07104741276592005,-1.1276592005227797e-07,True,ok,,0.4,0.18,0.084
2020-08-29 18:00:00+00:00,0.11888922716384326,0.11888922716384326,-0.02343838247422178,0.09545084468962148,2.293099544282851,2.171784006360562,0.3682914824742217,-0.023438382474221774,True,ok,,0.4,0.18,0.084
2020-08-29 19:00:00+00:00,0.13160235776775495,0.13160235776775495,2.2566709159677067e-07,0.13160258343484654,2.171784006360562,2.0374958861893835,0.12357051433290839,2.2566709160441501e-07,True,ok,,0.2,0.07,0.084
2020-08-29 20:00:00+00:00,0.0668691076429163,0.0668691076429163,2.2567197929812544e-07,0.0668693333148956,2.0374958861893835,1.9692621028802852,0.026791034328020703,2.256719793007383e-07,True,ok,,0.2,0.07,0.084
2020-08-29 21:00:00+00:00,0.08673611444481169,0.08673611444481169,0.03585144109876989,0.12258755554358158,1.9692621028802852,1.8807558636508857,0.06672765890123011,0.035851441098769886,True,ok,,0.2,0.07,0.084
2020-08-29 22:00:00+00:00,0.11670020298647309,0.11670020298647309,1.0251514687142915e-07,0.11670030550161996,1.8807558636508857,1.7616740238687703,0.12123268748485312,1.0251514687248923e-07,True,ok,,0.2,0.07,0.084
2020-08-29 23:00:00+00:00,0.06388010771183558,0.06388010771183558,2.2562170962081574e-07,0.0638803333335452,1.7616740238687703,1.6964902404893463,0.016771075378290385,2.2562170961724997e-07,True,ok,,0.2,0.07,0.084
2020-08-30 00:00:00+00:00,0.15727082120378272,0.15727082120378272,-9.903178754822051e-08,0.15727072217199517,1.6964902404893463,1.5360098106895679,-0.046806052968212455,-9.903178754142406e-08,True,ok,,0.2,0.07,0.084
2020-08-30 01:00:00+00:00,0.10633948096415195,0.10633948096415195,1.0251488145873733e-07,0.10633958347903341,1.5360098106895679,1.4275001362363515,0.10184926248511854,1.025148814621762e-07,True,ok,,0.2,0.07,0.084
2020-08-30 02:00:00+00:00,0.0991166909001603,0.0991166909001603,2.2567421177621672e-07,0.09911691657437208,1.4275001362363515,1.326360655725984,0.35511439432578823,2.2567421177948798e-07,True,ok,,0.2,0.07,0.084
2020-08-30 03:00:00+00:00,0.14675708004078752,0.14675708004078752,2.2567403173967548e-07,0.14675730571481926,1.326360655725984,1.1766085332353844,0.42901917432596826,2.2567403174628766e-07,True,ok,,0.2,0.07,0.084
2020-08-30 04:00:00+00:00,0.01568008640983385,0.01568008640983385,-5.1463866744538844e-09,0.015680081263447176,1.1766085332353844,1.1606084450620846,0.08508252514638669,-5.146386674712769e-09,True,ok,,0.3,0.1,0.084
2020-08-30 05:00:00+00:00,0.3691470995341178,0.3691470995341178,-0.6212941263825457,-0.2521470268484279,1.1606084450620846,0.7839277312517603,-0.15147197361745432,-0.6212941263825457,True,ok,,0.3,0.1,0.084
2020-08-30 06:00:00+00:00,-0.3278652705708296,-0.3278652705708296,-1.0895508282045225,-1.4174160987753521,0.7839277312517603,1.1052356964111734,-0.18615897179547736,-1.0895508282045225,True,ok,,0.3,0.1,0.084
2020-08-30 07:00:00+00:00,-0.6107110893778129,-0.6107110893778129,-2.034896106919504,-2.645607196297317,1.1052356964111734,1.70373256400143,-0.16867419308049594,-2.034896106919504,True,ok,,0.3,0.1,0.084
2020-08-30 08:00:00+00:00,1.3338122505410381,1.3338122505410381,-3.6860464623342035,-2.3522342117931654,1.70373256400143,0.34269965528608504,-0.03989913766579667,-3.6860464623342035,True,ok,,0.3,0.1,0.084
2020-08-30 09:00:00+00:00,-0.09479671798212141,-0.09479671798212141,-3.4536789496061604,-3.548475667588282,0.34269965528608504,0.43560043890856404,-0.6991080503938395,-3.4536789496061604,True,ok,,0.3,0.1,0.084
2020-08-30 10:00:00+00:00,0.3467502750814244,0.3467502750814244,-4.348080739778035,-4.00133046469661,0.43560043890856404,0.08177362760098811,-0.2906135602219655,-4.348080739778035,True,ok,,0.3,0.1,0.084
2020-08-30 11:00:00+00:00,0.08013815504896835,0.08013815504896835,-2.6135524048400076,-2.5334142497910395,0.08177362760098811,0.0,-1.3339788946316284,-3.6254571053683704,True,ok,,0.3,0.1,0.084
2020-08-30 12:00:00+00:00,-0.7750470124940227,-0.7750470124940227,-1.871479879292271,-2.646526891786294,0.0,0.7595460722441423,-1.711741820707729,-1.871479879292271,True,ok,,0.3,0.1,0.084
2020-08-30 13:00:00+00:00,-2.5372052693520475,-2.5372052693520475,-1.1609711149202906,-3.698176384272338,0.7595460722441423,3.2460072362091488,-1.5544170850797094,-1.1609711149202906,True,ok,,0.3,0.1,0.084
2020-08-30 14:00:00+00:00,0.2780304604038242,0.2780304604038242,-1.9108197143501064,-1.6327892539462823,3.2460072362091488,2.962302684776675,-0.17344098564989333,-1.9108197143501064,True,ok,,0.3,0.1,0.084
2020-08-30 15:00:00+00:00,0.7611073603264907,0.7611073603264907,-1.3214688919061224,-0.5603615315796316,2.962302684776675,2.185662521178215,0.1057801919061226,-1.3214688919061224,True,ok,,0.4,0.18,0.084
2020-08-30 16:00:00+00:00,0.4665758225196543,0.4665758225196543,-0.43928449273195413,0.027291329787700144,2.185662521178215,1.7095647430969352,0.025913462731954096,-0.43928449273195413,True,ok,,0.4,0.18,0.084
2020-08-30 17:00:00+00:00,0.06407909080637487,0.06407909080637487,-1.1276634825918563e-07,0.06407897804002662,1.7095647430969352,1.6441779157434915,0.02795232276634826,-1.1276634825825154e-07,True,ok,,0.4,0.18,0.084
2020-08-30 18:00:00+00:00,0.08302880047704202,0.08302880047704202,-4.090909443144053e-08,0.08302875956794759,1.6441779157434915,1.5594546499505915,0.25367350090909446,-4.090909442932546e-08,True,ok,,0.4,0.18,0.084
2020-08-30 19:00:00+00:00,-0.04333089897603576,-0.04333089897603576,0.1719380657722961,0.12860716679626033,1.5594546499505915,1.6019189309471065,0.08630735422770391,0.1719380657722961,True,ok,,0.2,0.07,0.084
2020-08-30 20:00:00+00:00,0.08760375732280622,0.08760375732280622,-3.52564567818181e-08,0.08760372206634943,1.6019189309471065,1.512527341842202,-0.06456087474354323,-3.5256456782172995e-08,True,ok,,0.2,0.07,0.084
2020-08-30 21:00:00+00:00,0.08913070281523126,0.08913070281523126,1.0252087323525672e-07,0.0891308053361045,1.512527341842202,1.4215776450919662,0.06434566147912676,1.0252087324052804e-07,True,ok,,0.2,0.07,0.084
2020-08-30 22:00:00+00:00,0.05457661994698271,0.05457661994698271,0.08542740811901653,0.14000402806599924,1.4215776450919662,1.365887216574637,0.2884242718809834,0.08542740811901653,True,ok,,0.2,0.07,0.084
2020-08-30 23:00:00+00:00,-0.030381253033093705,-0.030381253033093705,0.09235614200685964,0.061974888973765935,1.365887216574637,1.3956608445470688,0.29552923799314035,0.09235614200685964,True,ok,,0.2,0.07,0.084
2020-08-31 00:00:00+00:00,0.07733319830850724,0.07733319830850724,0.053543051786330065,0.1308762500948373,1.3956608445470688,1.3167494177016532,0.3103672282136699,0.053543051786330065,True,ok,,0.2,0.07,0.084
2020-08-31 01:00:00+00:00,0.1519355363022779,0.1519355363022779,1.0251487336798704e-07,0.15193563881715128,1.3167494177016532,1.1617131561687166,0.22385402748512662,1.0251487335609958e-07,True,ok,,0.2,0.07,0.084
2020-08-31 02:00:00+00:00,0.0767682030648172,0.0767682030648172,1.0251500406899261e-07,0.07676830557982127,1.1617131561687166,1.0833782550821685,0.41995771748499594,1.0251500407186933e-07,True,ok,,0.2,0.07,0.084
2020-08-31 03:00:00+00:00,0.16235761952173453,0.16235761952173453,1.0251430923591265e-07,0.16235772203604376,1.0833782550821685,0.9177072147538679,0.06123860748569075,1.0251430924104515e-07,True,ok,,0.2,0.07,0.084
2020-08-31 04:00:00+00:00,0.10310990907242953,0.10310990907242953,-0.03834715919386415,0.06476274987856538,0.9177072147538679,0.8124930218228172,-0.032605540806135834,-0.03834715919386416,True,ok,,0.3,0.1,0.084
2020-08-31 05:00:00+00:00,0.30561990591368227,0.30561990591368227,-0.37253997490335944,-0.06692006898967716,0.8124930218228172,0.500635974972121,-0.17758032509664057,-0.37253997490335944,True,ok,,0.3,0.1,0.084
2020-08-31 06:00:00+00:00,0.2601512913171239,0.2601512913171239,-0.8636997552306139,-0.60354846391349,0.500635974972121,0.23517547362811703,-0.2142445447693862,-0.8636997552306139,True,ok,,0.3,0.1,0.084
2020-08-31 07:00:00+00:00,0.23047196415555468,0.23047196415555468,-0.7830883234204693,-0.5526163592649146,0.23517547362811703,0.0,-0.12224643851629488,-1.403455961483705,True,ok,,0.3,0.1,0.084
2020-08-31 08:00:00+00:00,0.0,0.0,-1.1965075367986926,-1.1965075367986926,0.0,0.0,-0.3383211873817169,-1.708765512618283,True,ok,,0.3,0.1,0.084
2020-08-31 09:00:00+00:00,-0.881513650274822,-0.881513650274822,-1.740091646768127,-2.621605297042949,0.0,0.8638833772693255,-0.43320205323187333,-1.740091646768127,True,ok,,0.3,0.1,0.084
2020-08-31 10:00:00+00:00,-0.9941660263223406,-0.9941660263223406,-2.84032299364616,-3.8344890199685007,0.8638833772693255,1.8381660830652193,-0.11037910635384017,-2.84032299364616,True,ok,,0.3,0.1,0.084
2020-08-31 11:00:00+00:00,-1.057796895247189,-1.057796895247189,-3.5235817660921214,-4.58137866133931,1.8381660830652193,2.8748070404074646,-2.3390787850924885e-07,-3.5235817660921214,True,ok,,0.3,0.1,0.084
2020-08-31 12:00:00+00:00,-0.10880897549514934,-0.10880897549514934,-3.1801259660922625,-3.288934941587412,2.8748070404074646,2.981439836392711,-2.3390773776934513e-07,-3.1801259660922625,True,ok,,0.3,0.1,0.084
2020-08-31 13:00:00+00:00,1.0336000555008567,1.0336000555008567,-3.1147275660922507,-2.081127510591394,2.981439836392711,1.9267459022081634,-2.339077497700113e-07,-3.1147275660922507,True,ok,,0.3,0.1,0.084
2020-08-31 14:00:00+00:00,1.3180444750285922,1.3180444750285922,-2.0059648660908938,-0.6879203910623015,1.9267459022081634,0.581802560342253,-2.339091063461666e-07,-2.0059648660908938,True,ok,,0.3,0.1,0.084
2020-08-31 15:00:00+00:00,0.025412344798540598,0.025412344798540598,-0.6336741896127754,-0.6082618448142348,0.581802560342253,0.5558715962621095,8.96127755273024e-08,-0.6336741896127754,True,ok,,0.4,0.18,0.084
2020-08-31 16:00:00+00:00,-0.16296226718097487,-0.16296226718097487,-0.1986885096181796,-0.36165077679915447,0.5558715962621095,0.7155746180994649,8.961817960527864e-08,-0.1986885096181796,True,ok,,0.4,0.18,0.084
2020-08-31 17:00:00+00:00,-0.02351389955772675,-0.02351389955772675,-1.1276521059977451e-07,-0.02351401232293735,0.7155746180994649,0.7386182396660371,0.1663300727652106,-1.1276521059840396e-07,True,ok,,0.4,0.18,0.084
2020-08-31 18:00:00+00:00,0.10142053709995606,0.10142053709995606,-1.1276547404182047e-07,0.10142042433448202,0.7386182396660371,0.6351278956864901,0.2751579527654741,-1.1276547404569457e-07,True,ok,,0.4,0.18,0.084
2020-08-31 19:00:00+00:00,0.06150680915965161,0.06150680915965161,0.08634702416870134,0.14785383332835295,0.6351278956864901,0.5723658455235803,0.03212367583129866,0.08634702416870134,True,ok,,0.2,0.07,0.084
2020-08-31 20:00:00+00:00,-0.012042235248208355,-0.012042235248208355,0.13903631848320736,0.126994083234999,0.5723658455235803,0.5841672360668244,0.029467401516792627,0.13903631848320736,True,ok,,0.2,0.07,0.084
2020-08-31 21:00:00+00:00,-0.022409459948977,-0.022409459948977,0.12010257087327394,0.09769311092429694,0.5841672360668244,0.6061285068168218,0.036786769126726064,0.12010257087327394,True,ok,,0.2,0.07,0.084
2020-08-31 22:00:00+00:00,0.10972320366711251,0.10972320366711251,0.028998018815674806,0.13872122248278732,0.6061285068168218,0.4941660540952785,0.02152267118432519,0.02899801881567481,True,ok,,0.2,0.07,0.084
2020-08-31 23:00:00+00:00,0.06768377440061776,0.06768377440061776,2.2567292116970616e-07,0.06768400007353893,0.4941660540952785,0.4251009781762808,0.05256929432707883,2.2567292116600378e-07,True,ok,,0.2,0.07,0.084
2020-09-01 00:00:00+00:00,0.11300574660456374,0.11300574660456374,2.256218967905399e-07,0.11300597222646053,0.4251009781762808,0.3097889918450933,0.0012000917781032103,2.2562189678995987e-07,True,ok,,0.2,0.07,0.084
2020-09-01 01:00:00+00:00,0.15908891938263972,0.15908891938263972,-5.847084635912658e-08,0.15908886091179336,0.3097889918450933,0.14745335982199154,-0.04991778852915363,-5.847084637127926e-08,True,ok,,0.2,0.07,0.084
2020-09-01 02:00:00+00:00,0.06229454901033376,0.06229454901033376,-2.1212104919787755e-08,0.06229452779822884,0.14745335982199154,0.08388749348491627,-0.09527756878789509,-2.121210491912498e-08,True,ok,,0.2,0.07,0.084
2020-09-01 03:00:00+00:00,0.08220974361521793,0.08220974361521793,0.07077553428918656,0.1529852779044045,0.08388749348491627,0.0,0.0822095060381752,0.018061793961824796,True,ok,,0.2,0.07,0.084
2020-09-01 04:00:00+00:00,-0.03289364929692677,-0.03289364929692677,0.08556091751915458,0.05266726822222781,0.0,0.032235776310988236,-7.519154574008932e-09,0.08556091751915458,True,ok,,0.3,0.1,0.084
2020-09-01 05:00:00+00:00,0.03159106078476847,0.03159106078476847,-0.16568887972082763,-0.13409781893605915,0.032235776310988236,0.0,-0.3538820374543573,-0.27410502254564273,True,ok,,0.3,0.1,0.084
2020-09-01 06:00:00+00:00,-0.7919094424357004,-0.7919094424357004,-0.5084173821678007,-1.3003268246035011,0.0,0.7760712535869864,-0.6680744178321991,-0.5084173821678007,True,ok,,0.3,0.1,0.084
2020-09-01 07:00:00+00:00,-0.33168892312284215,-0.33168892312284215,-1.6973746736342281,-2.0290635967570703,0.7760712535869864,1.1011263982473718,-0.2799413263657719,-1.6973746736342281,True,ok,,0.3,0.1,0.084
2020-09-01 08:00:00+00:00,0.10081542073635141,0.10081542073635141,-2.465271541944005,-2.364456121207654,1.1011263982473718,0.9982535199449724,-0.22042055805599509,-2.465271541944005,True,ok,,0.3,0.1,0.084
2020-09-01 09:00:00+00:00,0.4480743592086469,0.4480743592086469,-2.8274542854196314,-2.3793799262109845,0.9982535199449724,0.541034786058598,-0.3763347145803686,-2.8274542854196314,True,ok,,0.3,0.1,0.084
2020-09-01 10:00:00+00:00,0.5302140903374261,0.5302140903374261,-2.713987980197309,-2.183773889859883,0.541034786058598,0.0,-0.14927998207462814,-3.0140374179253717,True,ok,,0.3,0.1,0.084
2020-09-01 11:00:00+00:00,0.0,0.0,-1.3999546017265867,-1.3999546017265867,0.0,0.0,-0.7726527662020996,-2.2684749337979007,True,ok,,0.3,0.1,0.084
2020-09-01 12:00:00+00:00,-0.5654617403347495,-0.5654617403347495,-0.6602525127555099,-1.2257142530902594,0.0,0.5541525055280545,-1.4660201872444898,-0.6602525127555099,True,ok,,0.3,0.1,0.084
2020-09-01 13:00:00+00:00,-0.61886145355541,-0.61886145355541,-2.4357906835970056e-07,-0.6188616971344784,0.5541525055280545,1.1606367300123563,-1.2645167564209316,-2.4357906837809345e-07,True,ok,,0.3,0.1,0.084
2020-09-01 14:00:00+00:00,-0.8236530208349675,-0.8236530208349675,-2.435765057429151e-07,-0.8236532644114732,1.1606367300123563,1.9678166904306245,-0.5728696564234943,-2.435765057258209e-07,True,ok,,0.3,0.1,0.084
2020-09-01 15:00:00+00:00,-0.37223282563711824,-0.37223282563711824,-0.21449807961847722,-0.5867309052555955,1.9678166904306245,2.3326048595550004,8.961847721085416e-08,-0.21449807961847722,True,ok,,0.4,0.18,0.084
2020-09-01 16:00:00+00:00,-0.17534258518955584,-0.17534258518955584,-0.04953731961929622,-0.22487990480885206,2.3326048595550004,2.504440593040765,8.961929622927488e-08,-0.04953731961929623,True,ok,,0.4,0.18,0.084
2020-09-01 17:00:00+00:00,-0.0015283297510387415,-0.0015283297510387415,-1.1276614681485567e-07,-0.0015284425171855564,2.504440593040765,2.505938356196783,0.10230052776614681,-1.1276614681478217e-07,True,ok,,0.4,0.18,0.084
2020-09-01 18:00:00+00:00,0.08736318076875037,0.08736318076875037,-1.127661739125374e-07,0.08736306800257645,2.505938356196783,2.416792253371528,0.3552454127661739,-1.1276617391545064e-07,True,ok,,0.4,0.18,0.084
2020-09-01 19:00:00+00:00,0.13384442496520593,0.13384442496520593,0.012039658247540747,0.14588408321274668,2.416792253371528,2.280216309529481,0.23330159175245924,0.012039658247540757,True,ok,,0.2,0.07,0.084
2020-09-01 20:00:00+00:00,0.12420975163013628,0.12420975163013628,8.186998413928226e-08,0.12420983350012042,2.280216309529481,2.153471665008934,0.2808075981300159,8.186998413787464e-08,True,ok,,0.2,0.07,0.084
2020-09-01 21:00:00+00:00,0.08620844105357128,0.08620844105357128,2.2567370669412945e-07,0.08620866672727798,2.153471665008934,2.065503868015494,0.2477231043262933,2.2567370668722595e-07,True,ok,,0.2,0.07,0.084
2020-09-01 22:00:00+00:00,0.1431803019051011,0.1431803019051011,2.2567335886125583e-07,0.14318052757845995,2.065503868015494,1.9194015191327376,0.11939839432664115,2.2567335885362102e-07,True,ok,,0.2,0.07,0.084
2020-09-01 23:00:00+00:00,0.06188916319044418,0.06188916319044418,2.2567015242613842e-07,0.061889388860596604,1.9194015191327376,1.8562493117955496,0.016519427329847573,2.256701524284589e-07,True,ok,,0.2,0.07,0.084
2020-09-02 00:00:00+00:00,0.11681402433971567,0.11681402433971567,2.2566854934735758e-07,0.11681425000826502,1.8562493117955496,1.7370513277754316,0.01116188333145065,2.256685493494787e-07,True,ok,,0.2,0.07,0.084
2020-09-02 01:00:00+00:00,0.14716849672015775,0.14716849672015775,2.2567362004122238e-07,0.1471687223937778,1.7370513277754316,1.5868793923466993,0.16009779432637994,2.25673620033614e-07,True,ok,,0.2,0.07,0.084
2020-09-02 02:00:00+00:00,0.08847082996595716,0.08847082996595716,2.2567415754182196e-07,0.0884710556401147,1.5868793923466993,1.4966030352385797,0.37809364432584247,2.2567415753781867e-07,True,ok,,0.2,0.07,0.084
2020-09-02 03:00:00+00:00,0.18294774682783727,0.18294774682783727,2.2567381149918297e-07,0.18294797250164876,1.4966030352385797,1.3099216609244602,0.27395790432618844,2.2567381150968796e-07,True,ok,,0.2,0.07,0.084
2020-09-02 04:00:00+00:00,0.060162233981701924,0.060162233981701924,-0.010962135440105991,0.04920009854159593,1.3099216609244602,1.248531626249254,-0.010630027559894006,-0.010962135440105995,True,ok,,0.3,0.1,0.084
2020-09-02 05:00:00+00:00,0.025794530363038776,0.025794530363038776,-0.1716669502644994,-0.14587241990146063,1.248531626249254,1.2222106768992145,-0.1307816297355006,-0.1716669502644994,True,ok,,0.3,0.1,0.084
2020-09-02 06:00:00+00:00,0.09621057497601043,0.09621057497601043,-0.5459303530369234,-0.44971977806091296,1.2222106768992145,1.1240366208012447,-0.2900271469630767,-0.5459303530369234,True,ok,,0.3,0.1,0.084
2020-09-02 07:00:00+00:00,-0.6384375272459011,-0.6384375272459011,-0.7202124899506555,-1.3586500171965565,1.1240366208012447,1.7497053975022276,-0.23976645004934458,-0.7202124899506555,True,ok,,0.3,0.1,0.084
2020-09-02 08:00:00+00:00,-2.0066636608817254,-2.0066636608817254,-1.1317823936957367,-3.138446054577462,1.7497053975022276,3.716235785166319,-0.22929080630426324,-1.1317823936957367,True,ok,,0.3,0.1,0.084
2020-09-02 09:00:00+00:00,-1.5832786950788895,-1.5832786950788895,-2.761389166091349,-4.3446678611702385,3.716235785166319,5.26784890634363,-2.3390865098945543e-07,-2.761389166091349,True,ok,,0.3,0.1,0.084
2020-09-02 10:00:00+00:00,-0.7529750107414883,-0.7529750107414883,-3.0449727660923163,-3.7979477768338046,5.26784890634363,6.005764416870289,-2.3390768372538895e-07,-3.0449727660923163,True,ok,,0.3,0.1,0.084
2020-09-02 11:00:00+00:00,-0.7379188668495162,-0.7379188668495162,-3.29352806609241,-4.031446932941926,6.005764416870289,6.728924906382814,-2.3390758960922754e-07,-3.29352806609241,True,ok,,0.3,0.1,0.084
2020-09-02 12:00:00+00:00,-1.2796971537709636,-1.2796971537709636,-3.080354915143161,-4.360052068914125,6.728924906382814,7.983028117078359,-8.485683872179305e-08,-3.080354915143161,True,ok,,0.3,0.1,0.084
2020-09-02 13:00:00+00:00,-1.475839702315712,-1.475839702315712,-3.1035197660925764,-4.579359468408288,7.983028117078359,9.429351025347756,-2.3390742386600813e-07,-3.1035197660925764,True,ok,,0.3,0.1,0.084
2020-09-02 14:00:00+00:00,-1.075338272528434,-1.075338272528434,-2.5142839660926017,-3.5896222386210357,9.429351025347756,10.483182532425621,-2.3390739852347496e-07,-2.5142839660926017,True,ok,,0.3,0.1,0.084
2020-09-02 15:00:00+00:00,1.0152384643193688,1.0152384643193688,-3.3236923945223062,-2.3084539302029374,10.483182532425621,9.447224915773203,1.7079609945223062,-3.3236923945223062,True,ok,,0.4,0.18,0.084
2020-09-02 16:00:00+00:00,0.26795329995919226,0.26795329995919226,-1.2150993356677877,-0.9471460357085955,9.447224915773203,9.173803181120967,0.7289695356677878,-1.2150993356677877,True,ok,,0.4,0.18,0.084
2020-09-02 17:00:00+00:00,0.7252999966360867,0.7252999966360867,-0.7962416401249961,-0.07094164348890943,9.173803181120967,8.433701143737204,1.100539610124996,-0.7962416401249961,True,ok,,0.4,0.18,0.084
2020-09-02 18:00:00+00:00,0.8171363725463991,0.8171363725463991,-0.7069924273368483,0.11014394520955086,8.433701143737204,7.599888518689858,1.0791564873368484,-0.7069924273368483,True,ok,,0.4,0.18,0.084
2020-09-02 19:00:00+00:00,0.09466456419685511,0.09466456419685511,1.025141043997646e-07,0.09466466671095951,7.599888518689858,7.503292024611435,0.08980202148589561,1.025141044022826e-07,True,ok,,0.2,0.07,0.084
2020-09-02 20:00:00+00:00,0.08549339736877147,0.08549339736877147,1.0251424445439916e-07,0.08549349988301592,7.503292024611435,7.416053864031055,0.12752736348575555,1.0251424444793881e-07,True,ok,,0.2,0.07,0.084
2020-09-02 21:00:00+00:00,0.12296977417906485,0.12296977417906485,2.2567205601453644e-07,0.12296999985112086,7.416053864031055,7.290574502623846,0.130096214327944,2.2567205601611234e-07,True,ok,,0.2,0.07,0.084
2020-09-02 22:00:00+00:00,0.10211449663415267,0.10211449663415267,2.2567337042145308e-07,0.1021147223075231,7.290574502623846,7.186376036670629,0.12457777432662959,2.2567337042149622e-07,True,ok,,0.2,0.07,0.084
2020-09-02 23:00:00+00:00,0.08514338545944311,0.08514338545944311,2.2567233097514627e-07,0.08514361113177409,7.186376036670629,7.099495031099769,0.050427204327669034,2.2567233097295434e-07,True,ok,,0.2,0.07,0.084
2020-09-03 00:00:00+00:00,0.12935900313332377,0.12935900313332377,-5.8470911667996006e-08,0.1293589446624121,7.099495031099769,6.967496048310664,-0.03782190152908832,-5.847091167641674e-08,True,ok,,0.2,0.07,0.084
2020-09-03 01:00:00+00:00,0.10234410757219849,0.10234410757219849,2.2567382042260054e-07,0.10234433324601891,6.967496048310664,6.86306328548189,0.2560936443261796,2.2567382041787997e-07,True,ok,,0.2,0.07,0.084
2020-09-03 02:00:00+00:00,0.1461849963738976,0.1461849963738976,2.2567168325715592e-07,0.14618522204558085,6.86306328548189,6.713894921835056,0.07667152432831674,2.2567168325137113e-07,True,ok,,0.2,0.07,0.084
2020-09-03 03:00:00+00:00,0.11832958616140482,0.11832958616140482,-5.847072949427545e-08,0.11832952769067533,6.713894921835056,6.593150446160153,-0.01877081552927051,-5.8470729489041544e-08,True,ok,,0.2,0.07,0.084
2020-09-03 04:00:00+00:00,0.0565045376602273,0.0565045376602273,-5.146371127862093e-09,0.05650453251385617,6.593150446160153,6.535492754670125,0.3548964251463711,-5.146371127876014e-09,True,ok,,0.3,0.1,0.084
2020-09-03 05:00:00+00:00,-0.029018119945346532,-0.029018119945346532,-0.2704051160563334,-0.2994232360016799,6.535492754670125,6.563930512216564,-0.11329721394366665,-0.2704051160563334,True,ok,,0.3,0.1,0.084
2020-09-03 06:00:00+00:00,0.29721835030158517,0.29721835030158517,-1.2187524660920839,-0.9215341157904987,6.563930512216564,6.26064648129658,-2.339079161745778e-07,-1.2187524660920839,True,ok,,0.3,0.1,0.084
2020-09-03 07:00:00+00:00,1.3035659079735313,1.3035659079735313,-2.567271766091764,-1.2637058581182328,6.26064648129658,4.930477187446037,-2.3390823597189345e-07,-2.567271766091764,True,ok,,0.3,0.1,0.084
2020-09-03 08:00:00+00:00,1.6334773439762056,1.6334773439762056,-2.94891591307937,-1.3154385691031643,4.930477187446037,3.2636635711437867,-0.39581608692063036,-2.94891591307937,True,ok,,0.3,0.1,0.084
2020-09-03 09:00:00+00:00,1.1530636416799005,1.1530636416799005,-2.5489549311118305,-1.39589128943193,3.2636635711437867,2.0870680184091945,-0.5380177688881693,-2.5489549311118305,True,ok,,0.3,0.1,0.084
2020-09-03 10:00:00+00:00,0.6701378906079123,0.6701378906079123,-1.7841693572460864,-1.114031466638174,2.0870680184091945,1.403253844319488,-1.0176566427539138,-1.7841693572460864,True,ok,,0.3,0.1,0.084
2020-09-03 11:00:00+00:00,-0.8394742270688751,-0.8394742270688751,-0.30860686291243056,-1.1480810899813056,1.403253844319488,2.2259385868469854,-1.8311453370875694,-0.30860686291243056,True,ok,,0.3,0.1,0.084
2020-09-03 12:00:00+00:00,-0.9391256126822561,-0.9391256126822561,-2.4358034922400407e-07,-0.9391258562626054,2.2259385868469854,3.1462816872755965,-1.9698270564196507,-2.435803492285953e-07,True,ok,,0.3,0.1,0.084
2020-09-03 13:00:00+00:00,-0.8352162937375877,-0.8352162937375877,-2.435800574573932e-07,-0.8352165373176451,3.1462816872755965,3.9647936551384326,-1.2051640564199424,-2.435800574934666e-07,True,ok,,0.3,0.1,0.084
2020-09-03 14:00:00+00:00,-0.26306497187270117,-0.26306497187270117,-2.4357990235923666e-07,-0.26306521545260353,3.9647936551384326,4.22259732757368,-0.43278301642009764,-2.4357990233714657e-07,True,ok,,0.3,0.1,0.084
2020-09-03 15:00:00+00:00,0.22128314489974554,0.22128314489974554,-0.32438547251191374,-0.10310232761216821,4.22259732757368,3.99679820012496,3.251191370450535e-08,-0.32438547251191374,True,ok,,0.4,0.18,0.084
2020-09-03 16:00:00+00:00,-0.003905370963906111,-0.003905370963906111,-1.1276581444313871e-07,-0.0039054837297205543,3.99679820012496,4.0006254636695875,0.11618248276581446,-1.1276581444321174e-07,True,ok,,0.4,0.18,0.084
2020-09-03 17:00:00+00:00,0.10073579260387482,0.10073579260387482,-1.1276566498630292e-07,0.10073567983820983,4.0006254636695875,3.8978338385635927,0.715880412765665,-1.127656649926832e-07,True,ok,,0.4,0.18,0.084
2020-09-03 18:00:00+00:00,0.12969706951653856,0.12969706951653856,-0.0444539307105134,0.08524313880602516,3.8978338385635927,3.765489890077329,0.5120803907105135,-0.04445393071051341,True,ok,,0.4,0.18,0.084
2020-09-03 19:00:00+00:00,0.6853109241012937,0.6853109241012937,1.0251427273733071e-07,0.6853110266155664,3.765489890077329,3.066193028749478,0.17864723748572722,1.0251427278567542e-07,True,ok,,0.2,0.07,0.084
2020-09-03 20:00:00+00:00,3.0048691681744883,3.0048691681744883,3.111767826823176,6.1166369949976644,3.066193028749478,0.0,0.26090944748563033,1.0251436971121578e-07,True,ok,,0.2,0.07,0.084
2020-09-03 21:00:00+00:00,0.0,0.0,2.566930332840813,2.566930332840813,0.0,0.0,-1.4861750787331082e-07,1.519224548617508,True,ok,,0.2,0.07,0.084
2020-09-03 22:00:00+00:00,-0.6313678253340829,-0.6313678253340829,0.7726560475198534,0.14128822218577047,0.0,0.6187404688274012,-4.7519853476284675e-08,0.7726560475198534,True,ok,,0.2,0.07,0.084
2020-09-03 23:00:00+00:00,0.08472602435165304,0.08472602435165304,2.2567165888776053e-07,0.08472625002331192,0.6187404688274012,0.5322853419379593,0.012677142328341117,2.2567165888210388e-07,True,ok,,0.2,0.07,0.084
2020-09-04 00:00:00+00:00,0.07903616313137196,0.07903616313137196,2.25649963714325e-07,0.07903638878133568,0.5322853419379593,0.45163619588553894,0.002500262650036289,2.2564996371065944e-07,True,ok,,0.2,0.07,0.084
2020-09-04 01:00:00+00:00,0.1567079412375323,0.1567079412375323,2.2567433452524988e-07,0.15670816691186681,0.45163619588553894,0.2917301333982611,0.1732819443256655,2.2567433453521977e-07,True,ok,,0.2,0.07,0.084
2020-09-04 02:00:00+00:00,0.08417466334447211,0.08417466334447211,2.2566903018494955e-07,0.0841748890135023,0.2917301333982611,0.20583761978145282,0.010688312330969818,2.2566903018214523e-07,True,ok,,0.2,0.07,0.084
2020-09-04 03:00:00+00:00,0.16695711410833344,0.16695711410833344,-5.8470761954421135e-08,0.1669570556375715,0.20583761978145282,0.035473217630092146,-0.03130829152923804,-5.8470761963435234e-08,True,ok,,0.2,0.07,0.084
2020-09-04 04:00:00+00:00,-0.04819675046164899,-0.04819675046164899,0.13017425037052016,0.08197749990887117,0.035473217630092146,0.08270603308250815,0.034763739629479845,0.13017425037052016,True,ok,,0.3,0.1,0.084
2020-09-04 05:00:00+00:00,0.07079073006077817,0.07079073006077817,-0.022424011764705286,0.048366718296072884,0.08270603308250815,0.010470594244979398,-0.03083190823529472,-0.022424011764705286,True,ok,,0.3,0.1,0.084
2020-09-04 06:00:00+00:00,-0.14633315890318274,-0.14633315890318274,-0.17009289943268804,-0.3164260583358708,0.010470594244979398,0.15387708997009847,-0.35453920056731203,-0.17009289943268804,True,ok,,0.3,0.1,0.084
2020-09-04 07:00:00+00:00,0.005019094540440139,0.005019094540440139,-0.5267194968636625,-0.5217004023232223,0.15387708997009847,0.14875556492883302,-0.6779546031363374,-0.5267194968636625,True,ok,,0.3,0.1,0.084
2020-09-04 08:00:00+00:00,-1.0740395465191823,-1.0740395465191823,-0.6666317993499697,-1.740671345869152,0.14875556492883302,1.2013143205176318,-0.9586050006500303,-0.6666317993499696,True,ok,,0.3,0.1,0.084
2020-09-04 09:00:00+00:00,-1.5255370444597631,-1.5255370444597631,-1.7321219017557496,-3.2576589462155128,1.2013143205176318,2.6963406240881995,-0.7980790982442505,-1.7321219017557496,True,ok,,0.3,0.1,0.084
2020-09-04 10:00:00+00:00,0.8066819172643251,0.8066819172643251,-2.737639669392539,-1.9309577521282137,2.6963406240881995,1.8731958105531739,-0.3354912306074611,-2.737639669392539,True,ok,,0.3,0.1,0.084
2020-09-04 11:00:00+00:00,-0.47759356354125293,-0.47759356354125293,-2.1756857793707303,-2.653279342911983,1.8731958105531739,2.341237502823602,-0.40361212062926943,-2.1756857793707303,True,ok,,0.3,0.1,0.084
2020-09-04 12:00:00+00:00,-0.2345022434420554,-0.2345022434420554,-2.4737241134628425,-2.708226356904898,2.341237502823602,2.571049701396816,-0.3821615865371576,-2.4737241134628425,True,ok,,0.3,0.1,0.084
2020-09-04 13:00:00+00:00,-2.4750128304295353,-2.4750128304295353,-1.4423076673951445,-3.91732049782468,2.571049701396816,4.9965622752177605,-1.3451361326048554,-1.4423076673951447,True,ok,,0.3,0.1,0.084
2020-09-04 14:00:00+00:00,0.2385954719272232,0.2385954719272232,-2.39062276609237,-2.152027294165147,4.9965622752177605,4.753097507945084,-2.3390763009610742e-07,-2.39062276609237,True,ok,,0.3,0.1,0.084
2020-09-04 15:00:00+00:00,0.4285533821092987,0.4285533821092987,-1.2931283338282584,-0.8645749517189597,4.753097507945084,4.315798138445799,0.12405353382825812,-1.2931283338282584,True,ok,,0.4,0.18,0.084
2020-09-04 16:00:00+00:00,0.23176963825387165,0.23176963825387165,-0.33266640281326965,-0.10089676455939801,4.315798138445799,4.079298507574501,0.0727341528132696,-0.33266640281326965,True,ok,,0.4,0.18,0.084
2020-09-04 17:00:00+00:00,0.6956914086108846,0.6956914086108846,-1.1276604205967544e-07,0.6956912958448426,4.079298507574501,3.3694093151144147,0.2686231127660421,-1.1276604211132742e-07,True,ok,,0.4,0.18,0.084
2020-09-04 18:00:00+00:00,0.7370384446971439,0.7370384446971439,-1.1276574818364082e-07,0.7370383319313957,3.3694093151144147,2.6173292695050843,0.5578972727657482,-1.1276574819036187e-07,True,ok,,0.4,0.18,0.084
2020-09-04 19:00:00+00:00,-0.06329990643410033,-0.06329990643410033,0.23414421204210809,0.17084430560800776,2.6173292695050843,2.6793631778105027,0.3630465179578919,0.23414421204210809,True,ok,,0.2,0.07,0.084
2020-09-04 20:00:00+00:00,0.17196021907346423,0.17196021907346423,2.25673612741506e-07,0.17196044474707697,2.6793631778105027,2.5038935665110493,0.24484053432638725,2.256736127360211e-07,True,ok,,0.2,0.07,0.084
2020-09-04 21:00:00+00:00,0.17629947545850824,0.17629947545850824,-5.8471406910731716e-08,0.17629941698710133,2.5038935665110493,2.323996142573796,-0.08185278552859308,-5.8471406924490654e-08,True,ok,,0.2,0.07,0.084
2020-09-04 22:00:00+00:00,0.05997908626159499,0.05997908626159499,-5.8471101474499854e-08,0.059979027790493515,2.323996142573796,2.2627929933272704,-0.26980927152889855,-5.847110147255355e-08,True,ok,,0.2,0.07,0.084
2020-09-04 23:00:00+00:00,0.147295336119613,0.147295336119613,-5.8471111286095834e-08,0.14729527764850173,2.2627929933272704,2.1124916299399104,-0.3658512015288887,-5.847111129649778e-08,True,ok,,0.2,0.07,0.084
2020-09-05 00:00:00+00:00,0.09536260768291807,0.09536260768291807,2.2565804456975425e-07,0.09536283334096264,2.1124916299399104,2.015182846589994,0.003820086841955426,2.2565804457377395e-07,True,ok,,0.2,0.07,0.084
2020-09-05 01:00:00+00:00,0.12173349675858118,0.12173349675858118,2.256738731581942e-07,0.12173372243245434,2.015182846589994,1.890964992754707,0.13944173432612683,2.2567387315927454e-07,True,ok,,0.2,0.07,0.084
2020-09-05 02:00:00+00:00,0.16713013530854878,0.16713013530854878,2.2567360447034446e-07,0.16713036098215325,1.890964992754707,1.7204240383582285,0.19553242432639553,2.256736044605122e-07,True,ok,,0.2,0.07,0.084
2020-09-05 03:00:00+00:00,0.059594746519033015,0.059594746519033015,2.2565169073562874e-07,0.05959497217072375,1.7204240383582285,1.6596130725224805,0.002780108848309264,2.2565169073629162e-07,True,ok,,0.2,0.07,0.084
2020-09-05 04:00:00+00:00,0.35849714357288226,0.35849714357288226,-0.22437825486625118,0.13411888870663108,1.6596130725224805,1.293799660713417,-0.061780805133748846,-0.22437825486625118,True,ok,,0.3,0.1,0.084
2020-09-05 05:00:00+00:00,0.5732815998387091,0.5732815998387091,-0.29819105377745625,0.2750905460612528,1.293799660713417,0.7088184363882036,-0.1948264062225438,-0.29819105377745625,True,ok,,0.3,0.1,0.084
2020-09-05 06:00:00+00:00,0.6018945554700158,0.6018945554700158,-0.5779658228112129,0.023928732658802878,0.7088184363882036,0.09464031856165689,-0.41352697718878706,-0.5779658228112129,True,ok,,0.3,0.1,0.084
2020-09-05 07:00:00+00:00,0.09274751219042375,0.09274751219042375,-0.16288936662240933,-0.07014185443198556,0.09464031856165689,0.0,-0.7650337591684602,-0.7267163408315398,True,ok,,0.3,0.1,0.084
2020-09-05 08:00:00+00:00,0.0,0.0,-0.6060466312273253,-0.6060466312273253,0.0,0.0,-0.8532913434487369,-0.8892689565512631,True,ok,,0.3,0.1,0.084
2020-09-05 09:00:00+00:00,0.0,0.0,-0.6957345450546556,-0.6957345450546556,0.0,0.0,-0.908614711751084,-0.7801057882489159,True,ok,,0.3,0.1,0.084
2020-09-05 10:00:00+00:00,0.0,0.0,-0.09506009729986445,-0.09506009729986445,0.0,0.0,-1.170093316643105,-0.9626386833568952,True,ok,,0.3,0.1,0.084
2020-09-05 11:00:00+00:00,-0.4469568001855078,-0.4469568001855078,-2.435797326061362e-07,-0.4469570437652404,0.0,0.43801766418179766,-1.3971778564202675,-2.435797325947153e-07,True,ok,,0.3,0.1,0.084
2020-09-05 12:00:00+00:00,-0.51864670777032,-0.51864670777032,-5.67323965583455e-14,-0.5186467077703767,0.43801766418179766,0.9462914377967112,-0.7289808999999433,-5.6730396570681006e-14,True,ok,,0.3,0.1,0.084
2020-09-05 13:00:00+00:00,-0.8978232743169541,-0.8978232743169541,0.04578500904839833,-0.8520382652685558,0.9462914377967112,1.826158246627326,-0.37116900904839834,0.04578500904839832,True,ok,,0.3,0.1,0.084
2020-09-05 14:00:00+00:00,-3.1923284870151365,-3.1923284870151365,-2.435792905153278e-07,-3.192328730594427,1.826158246627326,4.95464016390216,-0.28519505642070925,-2.4357929071229386e-07,True,ok,,0.3,0.1,0.084
2020-09-05 15:00:00+00:00,0.8604604400385277,0.8604604400385277,-1.3304629284379934,-0.4700024883994657,4.95464016390216,4.076619306719989,0.2822786284379935,-1.3304629284379934,True,ok,,0.4,0.18,0.084
2020-09-05 16:00:00+00:00,0.0749743760669441,0.0749743760669441,-0.20124148050200258,-0.12626710443505848,4.076619306719989,4.000114841345556,0.004343200502002585,-0.20124148050200258,True,ok,,0.4,0.18,0.084
2020-09-05 17:00:00+00:00,0.15683488599266948,0.15683488599266948,-0.016707317419430295,0.1401275685732392,4.000114841345556,3.8400792433938524,0.21339664741943032,-0.01670731741943031,True,ok,,0.4,0.18,0.084
2020-09-05 18:00:00+00:00,0.09981195285007105,0.09981195285007105,-0.03042819715603247,0.06938375569403858,3.8400792433938524,3.738230311914188,0.39359959715603254,-0.03042819715603247,True,ok,,0.4,0.18,0.084
2020-09-05 19:00:00+00:00,0.12295046854529582,0.12295046854529582,2.2567132641759802e-07,0.12295069421662223,3.738230311914188,3.6127706501332737,0.28594581432867355,2.2567132641202502e-07,True,ok,,0.2,0.07,0.084
2020-09-05 20:00:00+00:00,0.11858838532119079,0.11858838532119079,2.256749496026833e-07,0.11858861099614039,3.6127706501332737,3.491762093683079,0.4376219743250504,2.256749495998137e-07,True,ok,,0.2,0.07,0.084
2020-09-05 21:00:00+00:00,0.14109260790880948,0.14109260790880948,2.256737509087614e-07,0.1410928335825604,3.491762093683079,3.3477900447965387,0.34103247432624906,2.2567375091604422e-07,True,ok,,0.2,0.07,0.084
2020-09-05 22:00:00+00:00,0.21779444060894185,0.21779444060894185,2.2567339422185917e-07,0.21779466628233607,3.3477900447965387,3.1255508196853734,0.22594496432660577,2.256733942240257e-07,True,ok,,0.2,0.07,0.084
2020-09-05 23:00:00+00:00,0.08341527922191608,0.08341527922191608,8.186990962943952e-08,0.08341536109182571,3.1255508196853734,3.0404331878262756,0.1802057881300904,8.186990962793488e-08,True,ok,,0.2,0.07,0.084
2020-09-06 00:00:00+00:00,0.1259709133866857,0.1259709133866857,2.2567344076795948e-07,0.12597113906012647,3.0404331878262756,2.9118914394725146,0.2335650243265592,2.256734407784937e-07,True,ok,,0.2,0.07,0.084
2020-09-06 01:00:00+00:00,0.15254496893151653,0.15254496893151653,2.2567314528210147e-07,0.15254519460466182,2.9118914394725146,2.7562333079097425,0.12188215932685473,2.256731452778056e-07,True,ok,,0.2,0.07,0.084
2020-09-06 02:00:00+00:00,0.09101125302603208,0.09101125302603208,-5.847106730738627e-08,0.09101119455496477,2.7562333079097425,2.663364682372975,-0.12028314152893269,-5.847106730913559e-08,True,ok,,0.2,0.07,0.084
2020-09-06 03:00:00+00:00,0.13545975252802164,0.13545975252802164,-5.847098089040159e-08,0.13545969405704075,2.663364682372975,2.5251404450994834,-0.0451028465290191,-5.8470980899680414e-08,True,ok,,0.2,0.07,0.084
2020-09-06 04:00:00+00:00,0.10054322405103067,0.10054322405103067,-0.03082368373637455,0.06971954031465612,2.5251404450994834,2.422545318516799,-0.02819279626362546,-0.030823683736374542,True,ok,,0.3,0.1,0.084
2020-09-06 05:00:00+00:00,-0.0462081684221209,-0.0462081684221209,-0.12446566575112904,-0.17067383417324994,2.422545318516799,2.4678293235704776,-0.08144436424887094,-0.12446566575112904,True,ok,,0.3,0.1,0.084
2020-09-06 06:00:00+00:00,-0.20777894900446042,-0.20777894900446042,-0.37423343427347794,-0.5820123832779384,2.4678293235704776,2.6714526935948486,-0.159137595726522,-0.37423343427347794,True,ok,,0.3,0.1,0.084
2020-09-06 07:00:00+00:00,-1.2846526178879754,-1.2846526178879754,-1.3020242873979258,-2.586676905285901,2.6714526935948486,3.9304122591250645,-0.015004312602074278,-1.3020242873979258,True,ok,,0.3,0.1,0.084
2020-09-06 08:00:00+00:00,-0.488918158768878,-0.488918158768878,-3.3539020660921968,-3.8428202248610748,3.9304122591250645,4.409552054718565,-2.3390780316189182e-07,-3.3539020660921968,True,ok,,0.3,0.1,0.084
2020-09-06 09:00:00+00:00,-0.8063256730229176,-0.8063256730229176,-3.5021181660921927,-4.30844383911511,4.409552054718565,5.199751214281025,-2.339078069625594e-07,-3.5021181660921927,True,ok,,0.3,0.1,0.084
2020-09-06 10:00:00+00:00,-0.5480093565841697,-0.5480093565841697,-3.4816835660923076,-4.029692922676477,5.199751214281025,5.736800383733511,-2.339076924941128e-07,-3.4816835660923076,True,ok,,0.3,0.1,0.084
2020-09-06 11:00:00+00:00,0.04920084938523628,0.04920084938523628,-3.704362066092393,-3.6551612167071568,5.736800383733511,5.686595435381229,-2.3390760682063226e-07,-3.704362066092393,True,ok,,0.3,0.1,0.084
2020-09-06 12:00:00+00:00,0.8563844470273851,0.8563844470273851,-3.9068234660921792,-3.050439019064794,5.686595435381229,4.81273375474104,-2.3390782082710926e-07,-3.9068234660921792,True,ok,,0.3,0.1,0.084
2020-09-06 13:00:00+00:00,0.9834903724276227,0.9834903724276227,-3.3327717660898895,-2.3492813936622667,4.81273375474104,3.8091721502230573,-2.339101103974647e-07,-3.3327717660898895,True,ok,,0.3,0.1,0.084
2020-09-06 14:00:00+00:00,-0.780869027147125,-0.780869027147125,-0.6060538410542515,-1.3869228682013766,3.8091721502230573,4.57442379682724,-1.6957391589457484,-0.6060538410542515,True,ok,,0.3,0.1,0.084
2020-09-06 15:00:00+00:00,-0.20656694729141223,-0.20656694729141223,-0.5826057396189432,-0.7891726869103555,4.57442379682724,4.776859405172824,8.961894331784949e-08,-0.5826057396189432,True,ok,,0.4,0.18,0.084
2020-09-06 16:00:00+00:00,0.16658719876374778,0.16658719876374778,-1.1276591851960838e-07,0.16658708599782926,4.776859405172824,4.606872467658796,0.09390831276591853,-1.1276591853238015e-07,True,ok,,0.4,0.18,0.084
2020-09-06 17:00:00+00:00,0.07467753426849513,0.07467753426849513,-1.12765720441943e-07,0.07467742150277469,4.606872467658796,4.5306709020786995,0.4561896927657204,-1.1276572044804871e-07,True,ok,,0.4,0.18,0.084
2020-09-06 18:00:00+00:00,0.23547604035159195,0.23547604035159195,-0.051818883183148645,0.1836571571684433,4.5306709020786995,4.290389228250544,0.43178548318314874,-0.051818883183148645,True,ok,,0.4,0.18,0.084
2020-09-06 19:00:00+00:00,0.2087694256388402,0.2087694256388402,1.0251436741159914e-07,0.20876952815320762,4.290389228250544,4.077359202088462,0.2717207974856326,1.0251436739929244e-07,True,ok,,0.2,0.07,0.084
2020-09-06 20:00:00+00:00,0.11917923049398411,0.11917923049398411,1.0251467617850007e-07,0.1191793330086603,4.077359202088462,3.955747742400723,0.40324952748532383,1.0251467617982691e-07,True,ok,,0.2,0.07,0.084
2020-09-06 21:00:00+00:00,0.15420017512403167,0.15420017512403167,1.0251440343833629e-07,0.1542002776384351,3.955747742400723,3.798400624927221,0.31738197748559654,1.0251440343441204e-07,True,ok,,0.2,0.07,0.084
2020-09-06 22:00:00+00:00,0.0767316910162718,0.0767316910162718,2.2563916277085205e-07,0.07673191665543456,3.798400624927221,3.720102981033066,0.39611477436083725,2.2563916276766282e-07,True,ok,,0.2,0.07,0.084
2020-09-06 23:00:00+00:00,0.10013417534596639,0.10013417534596639,1.0251435722530289e-07,0.10013427786032361,3.720102981033066,3.6179252510882023,0.18397651748564278,1.025143572309663e-07,True,ok,,0.2,0.07,0.084
2020-09-07 00:00:00+00:00,0.130771064297633,0.130771064297633,1.0251441615038992e-07,0.13077116681204914,3.6179252510882023,3.4844853895600054,0.19978468748558384,1.0251441614709332e-07,True,ok,,0.2,0.07,0.084
2020-09-07 01:00:00+00:00,0.08696850871017212,0.08696850871017212,1.0251432024099838e-07,0.08696861122449236,3.4844853895600054,3.395742013325136,0.21324940748567975,1.0251432023542886e-07,True,ok,,0.2,0.07,0.084
2020-09-07 02:00:00+00:00,0.1917917863823066,0.1917917863823066,1.0251431750707418e-07,0.1917918888966241,3.395742013325136,3.2000361088533946,0.1814624174856825,1.0251431751140424e-07,True,ok,,0.2,0.07,0.084
2020-09-07 03:00:00+00:00,1.0365366953203692,1.0365366953203692,8.186867384019081e-08,1.036536777189043,3.2000361088533946,2.142345603424446,0.2565068181313261,8.186867387718673e-08,True,ok,,0.2,0.07,0.084
2020-09-07 04:00:00+00:00,0.9418775516923241,0.9418775516923241,-5.14640263737931e-09,0.9418775465459215,2.142345603424446,1.1812460608812583,0.18541718514640262,-5.146402612240716e-09,True,ok,,0.3,0.1,0.084
2020-09-07 05:00:00+00:00,0.06674041553763982,0.06674041553763982,-0.1217512562823565,-0.055010840744716676,1.1812460608812583,1.113143596046932,-0.07687514371764348,-0.1217512562823565,True,ok,,0.3,0.1,0.084
2020-09-07 06:00:00+00:00,-0.41955616899481574,-0.41955616899481574,-0.8021990166695696,-1.2217551856643853,1.113143596046932,1.5243086416618514,-0.3463694833304304,-0.8021990166695696,True,ok,,0.3,0.1,0.084
2020-09-07 07:00:00+00:00,-0.5719680044148543,-0.5719680044148543,-1.6200668004693735,-2.1920348048842277,1.5243086416618514,2.084837285988409,-0.3382817995306268,-1.6200668004693735,True,ok,,0.3,0.1,0.084
2020-09-07 08:00:00+00:00,-0.06068012445610904,-0.06068012445610904,-2.75662975491739,-2.817309879373499,2.084837285988409,2.1443038079553958,-0.3778685450826102,-2.75662975491739,True,ok,,0.3,0.1,0.084
2020-09-07 09:00:00+00:00,-0.6187269030680072,-0.6187269030680072,-3.690785538528941,-4.309512441596948,2.1443038079553958,2.7506561729620427,-0.32402916147105815,-3.690785538528941,True,ok,,0.3,0.1,0.084
2020-09-07 10:00:00+00:00,-0.46509390295541087,-0.46509390295541087,-3.6932331955074535,-4.158327098462864,2.7506561729620427,3.2064481978583452,-0.11382000449254631,-3.6932331955074535,True,ok,,0.3,0.1,0.084
2020-09-07 11:00:00+00:00,-0.755106976312578,-0.755106976312578,-4.168082766090708,-4.923189742403286,3.2064481978583452,3.9464530346446716,-2.339092907393369e-07,-4.168082766090708,True,ok,,0.3,0.1,0.084
2020-09-07 12:00:00+00:00,-0.6370764393659019,-0.6370764393659019,-3.2895248660923784,-3.9266013054582802,3.9464530346446716,4.570787945223255,-2.339076214556028e-07,-3.2895248660923784,True,ok,,0.3,0.1,0.084
2020-09-07 13:00:00+00:00,-2.0434476840377864,-2.0434476840377864,-2.4557037660924315,-4.499151450130218,4.570787945223255,6.573366675580286,-2.3390756880990143e-07,-2.4557037660924315,True,ok,,0.3,0.1,0.084
2020-09-07 14:00:00+00:00,-1.7806645016661156,-1.7806645016661156,-1.4010229660925675,-3.181687467758683,6.573366675580286,8.31841788721308,-2.3390743255452588e-07,-1.4010229660925675,True,ok,,0.3,0.1,0.084
2020-09-07 15:00:00+00:00,0.34471427729586734,0.34471427729586734,-2.2232867063271153,-1.878572429031248,8.31841788721308,7.966668624666276,1.2382628463271155,-2.2232867063271153,True,ok,,0.4,0.18,0.084
2020-09-07 16:00:00+00:00,0.24669778188907698,0.24669778188907698,-0.9727594812733682,-0.7260616993842912,7.966668624666276,7.714936194167218,0.5175551312733682,-0.9727594812733682,True,ok,,0.4,0.18,0.084
2020-09-07 17:00:00+00:00,0.9954150515892457,0.9954150515892457,-0.6315834497877424,0.36383160180150326,7.714936194167218,6.699206549688396,0.6005418237877423,-0.6315834497877424,True,ok,,0.4,0.18,0.084
2020-09-07 18:00:00+00:00,0.6751353244672916,0.6751353244672916,-0.47119423584994136,0.2039410886173503,6.699206549688396,6.010292953293201,0.6032479458499413,-0.47119423584994136,True,ok,,0.4,0.18,0.084
2020-09-07 19:00:00+00:00,0.33954675829725406,0.33954675829725406,1.0251419207962797e-07,0.33954686081144614,6.010292953293201,5.663816669316411,0.31504487748580795,1.0251419206660713e-07,True,ok,,0.2,0.07,0.084
2020-09-07 20:00:00+00:00,0.2500056570191172,0.2500056570191172,3.719008762059772e-08,0.2500056942092048,5.663816669316411,5.4087088560315975,0.3611711628099124,3.719008760772622e-08,True,ok,,0.2,0.07,0.084
2020-09-07 21:00:00+00:00,0.12023249032024597,0.12023249032024597,3.71900792245361e-08,0.12023252751032519,5.4087088560315975,5.286022641419102,0.2037299428099208,3.71900792191773e-08,True,ok,,0.2,0.07,0.084
2020-09-07 22:00:00+00:00,0.21390751604783165,0.21390751604783165,-9.903392161891844e-08,0.21390741701391003,5.286022641419102,5.06774966586009,-0.1433802709660784,-9.903392160817424e-08,True,ok,,0.2,0.07,0.084
2020-09-07 23:00:00+00:00,0.7557136516837759,0.7557136516837759,-9.903395992161279e-08,0.755713552649816,5.06774966586009,4.29661328659093,-0.1874310509660401,-9.903395988391883e-08,True,ok,,0.2,0.07,0.084
2020-09-08 00:00:00+00:00,0.1613022586720642,0.1613022586720642,1.0251428131380358e-07,0.16130236118634553,4.29661328659093,4.132019145088824,0.24606855748571868,1.0251428131222335e-07,True,ok,,0.2,0.07,0.084
2020-09-08 01:00:00+00:00,0.6041993137365047,0.6041993137365047,1.0251414905848577e-07,0.6041994162506538,4.132019145088824,3.515489233112799,0.08596406748585095,1.0251414904573282e-07,True,ok,,0.2,0.07,0.084
2020-09-08 02:00:00+00:00,0.3131216346780561,0.3131216346780561,2.2567244734039704e-07,0.31312186035050343,3.515489233112799,3.1959773609923334,0.34552157432755265,2.2567244731294635e-07,True,ok,,0.2,0.07,0.084
2020-09-08 03:00:00+00:00,0.22558733006870865,0.22558733006870865,2.2567355503766429e-07,0.2255875557422637,3.1959773609923334,2.9657862078609982,0.13832924432644494,2.2567355505036862e-07,True,ok,,0.2,0.07,0.084
2020-09-08 04:00:00+00:00,0.26636759825121203,0.26636759825121203,-0.15358958081909763,0.11277801743211441,2.9657862078609982,2.693982536176088,-0.10805616918090237,-0.15358958081909765,True,ok,,0.3,0.1,0.084
2020-09-08 05:00:00+00:00,0.3630219702150205,0.3630219702150205,-0.4687725841280631,-0.10575061391304266,2.693982536176088,2.323551954324026,-0.07210411587193687,-0.46877258412806316,True,ok,,0.3,0.1,0.084
2020-09-08 06:00:00+00:00,0.7632576527311168,0.7632576527311168,-1.0401511612269811,-0.2768935084958643,2.323551954324026,1.5447176148024784,-0.08579633877301895,-1.0401511612269811,True,ok,,0.3,0.1,0.084
2020-09-08 07:00:00+00:00,0.3639740366397213,0.3639740366397213,-1.0090385808044444,-0.6450645441647231,1.5447176148024784,1.1733155365986812,-0.31064431919555585,-1.0090385808044444,True,ok,,0.3,0.1,0.084
2020-09-08 08:00:00+00:00,-0.03506537737529758,-0.03506537737529758,-1.5909665336584822,-1.6260319110337798,1.1733155365986812,1.2076796064264728,-0.5111650663415181,-1.5909665336584822,True,ok,,0.3,0.1,0.084
2020-09-08 09:00:00+00:00,1.041481460261032,1.041481460261032,-2.2116286421569895,-1.1701471818959575,1.2076796064264728,0.14494342248664416,-0.3919006578430106,-2.2116286421569895,True,ok,,0.3,0.1,0.084
2020-09-08 10:00:00+00:00,0.14204455403691127,0.14204455403691127,0.15375775158721725,0.2958023056241285,0.14494342248664416,0.0,-1.0068011811580735,-1.3971114188419265,True,ok,,0.3,0.1,0.084
2020-09-08 11:00:00+00:00,-0.35395674413278255,-0.35395674413278255,-0.32186222201001025,-0.6758189661427928,0.0,0.3468776092501269,-0.9643204779899899,-0.32186222201001025,True,ok,,0.3,0.1,0.084
2020-09-08 12:00:00+00:00,-0.9080463953139725,-0.9080463953139725,-2.4358010863867463e-07,-0.9080466388940811,0.3468776092501269,1.23676307665782,-1.0716758564198912,-2.43580108632028e-07,True,ok,,0.3,0.1,0.084
2020-09-08 13:00:00+00:00,-1.4978116748278378,-1.4978116748278378,-8.836585196903002e-08,-1.4978117631936898,1.23676307665782,2.704618517989101,-0.793547911634148,-8.836585205388901e-08,True,ok,,0.3,0.1,0.084
2020-09-08 14:00:00+00:00,1.3430819672889789,1.3430819672889789,-2.4358341876862255e-07,1.3430817237055601,2.704618517989101,1.334126714633,-0.8908035564165813,-2.43583418768366e-07,True,ok,,0.3,0.1,0.084
2020-09-08 15:00:00+00:00,-0.421314317273093,-0.421314317273093,0.21085319258819865,-0.21046112468489434,1.334126714633,1.747014745560631,0.27985590741180133,0.21085319258819865,True,ok,,0.4,0.18,0.084
2020-09-08 16:00:00+00:00,0.9788503284773273,0.9788503284773273,-1.1276551470373875e-07,0.9788502157118126,1.747014745560631,0.74818787976744,0.3089802127655147,-1.1276551468440415e-07,True,ok,,0.4,0.18,0.084
2020-09-08 17:00:00+00:00,0.7332241221720911,0.7332241221720911,0.3528306876172739,1.086054809789365,0.74818787976744,0.0,0.3499336410871842,0.3040404589128158,True,ok,,0.4,0.18,0.084
2020-09-08 18:00:00+00:00,-0.2380625015171281,-0.2380625015171281,0.5283866676084112,0.29032416609128314,0.0,0.23330125148678554,-7.608411230450045e-09,0.5283866676084112,True,ok,,0.4,0.18,0.084
2020-09-08 19:00:00+00:00,0.11917544264591826,0.11917544264591826,0.14886969593832475,0.268045138584243,0.23330125148678554,0.11169365695013427,0.01268743406167526,0.14886969593832475,True,ok,,0.2,0.07,0.084
2020-09-08 20:00:00+00:00,-0.2064278051036259,-0.2064278051036259,0.4429358603375814,0.23650805523395552,0.11169365695013427,0.31399290595168766,-0.11581623033758143,0.4429358603375814,True,ok,,0.2,0.07,0.084
2020-09-08 21:00:00+00:00,-0.29816008770020525,-0.29816008770020525,0.5236112823362323,0.22545119463602709,0.31399290595168766,0.6061897918978888,-0.04706331233623229,0.5236112823362323,True,ok,,0.2,0.07,0.084
2020-09-08 22:00:00+00:00,-0.047272162301285225,-0.047272162301285225,0.23220432894654727,0.18493216664526205,0.6061897918978888,0.6525165109531483,0.01711409105345274,0.23220432894654727,True,ok,,0.2,0.07,0.084
2020-09-08 23:00:00+00:00,-0.17425657386270496,-0.17425657386270496,0.30931274052216606,0.1350561666594611,0.6525165109531483,0.8232879533385992,0.13172997947783396,0.30931274052216606,True,ok,,0.2,0.07,0.084
2020-09-09 00:00:00+00:00,-0.22077997479711325,-0.22077997479711325,0.4041755583816867,0.18339558358457342,0.8232879533385992,1.03965232863977,0.10920847161831344,0.4041755583816867,True,ok,,0.2,0.07,0.084
2020-09-09 01:00:00+00:00,0.20504694573361268,0.20504694573361268,8.18701725857629e-08,0.20504702760378526,1.03965232863977,0.8304207513605735,0.33888211812982744,8.187017258361438e-08,True,ok,,0.2,0.07,0.084
2020-09-09 02:00:00+00:00,0.297477246154292,0.297477246154292,2.2567416840812982e-07,0.2974774718284604,0.8304207513605735,0.526872540999051,0.17860860432583164,2.256741683940962e-07,True,ok,,0.2,0.07,0.084
2020-09-09 03:00:00+00:00,0.22643333002666752,0.22643333002666752,2.2567437618636887e-07,0.2264335557010437,0.526872540999051,0.2958181226044923,0.17238179432562384,2.2567437618884838e-07,True,ok,,0.2,0.07,0.084
2020-09-09 04:00:00+00:00,0.14559653286580632,0.14559653286580632,-5.146308795778154e-09,0.14559652771949752,0.2958181226044923,0.1472502319250981,0.2339791351463088,-5.146308799564839e-09,True,ok,,0.3,0.1,0.084
2020-09-09 05:00:00+00:00,0.14430522728659612,0.14430522728659612,0.08540829932526176,0.22971352661185787,0.1472502319250981,0.0,0.04036627714638139,-5.14638139235254e-09,True,ok,,0.3,0.1,0.084
2020-09-09 06:00:00+00:00,-0.29368617476334796,-0.29368617476334796,-0.14247766618248792,-0.4361638409458359,0.0,0.28781245126808097,-0.3164645338175121,-0.14247766618248792,True,ok,,0.3,0.1,0.084
2020-09-09 07:00:00+00:00,-0.720282596395369,-0.720282596395369,-0.4772623108665821,-1.197544907261951,0.28781245126808097,0.9936893957355425,-0.7211216891334181,-0.47726231086658205,True,ok,,0.3,0.1,0.084
2020-09-09 08:00:00+00:00,0.8653658448414142,0.8653658448414142,-1.1062064976408383,-0.24084065279942415,0.9936893957355425,0.11066302344838508,-0.6906801023591618,-1.1062064976408383,True,ok,,0.3,0.1,0.084
2020-09-09 09:00:00+00:00,0.10844976297941737,0.10844976297941737,1.0831603690114462,1.1916101319908636,0.11066302344838508,0.0,-1.0374031558818666,-0.4111334441181333,True,ok,,0.3,0.1,0.084
2020-09-09 10:00:00+00:00,-0.25769723077096085,-0.25769723077096085,0.07813050905454008,-0.17956672171642077,0.0,0.2525432861555416,-0.02305763305454008,0.07813050905454008,True,ok,,0.3,0.1,0.084
2020-09-09 11:00:00+00:00,-3.4869039956582455,-3.4869039956582455,0.5894195740697938,-2.8974844215884517,0.2525432861555416,3.669709201900622,-0.6180818050697938,0.5894195740697938,True,ok,,0.3,0.1,0.084
2020-09-09 12:00:00+00:00,-2.3302414369840037,-2.3302414369840037,-0.9975504981122034,-3.327791935096207,3.669709201900622,5.9533458101449455,-0.8398973018877963,-0.9975504981122035,True,ok,,0.3,0.1,0.084
2020-09-09 13:00:00+00:00,1.7390388387602893,1.7390388387602893,-2.739281266091841,-1.0002424273315518,5.9533458101449455,4.178816382838528,-2.339081590064626e-07,-2.739281266091841,True,ok,,0.3,0.1,0.084
2020-09-09 14:00:00+00:00,-0.9200567807278613,-0.9200567807278613,-2.4358004735436367e-07,-0.9200570243079087,4.178816382838528,5.080472027951832,-1.1284216564199527,-2.4358004731830357e-07,True,ok,,0.3,0.1,0.084
2020-09-09 15:00:00+00:00,0.44023988131322855,0.44023988131322855,-0.6010490396192409,-0.16080915830601236,5.080472027951832,4.631247659264864,8.961924094388914e-08,-0.6010490396192409,True,ok,,0.4,0.18,0.084
2020-09-09 16:00:00+00:00,0.8253960784369183,0.8253960784369183,-0.21142720961905603,0.6139688688178623,4.631247659264864,3.789006762900662,8.96190560190811e-08,-0.211427209619056,True,ok,,0.4,0.18,0.084
2020-09-09 17:00:00+00:00,0.263726262482466,0.263726262482466,-1.1276577843721824e-07,0.26372614971668756,3.789006762900662,3.519898331796105,0.18272133276577843,-1.1276577844048209e-07,True,ok,,0.4,0.18,0.084
2020-09-09 18:00:00+00:00,0.9355743335289816,0.9355743335289816,-1.1276566935780608e-07,0.9355742207633122,3.519898331796105,2.565230644521634,0.6614872127656695,-1.1276566937043862e-07,True,ok,,0.4,0.18,0.084
2020-09-09 19:00:00+00:00,-0.3593119145023786,-0.3593119145023786,0.618286303009056,0.25897438850667737,2.565230644521634,2.917356320733965,0.27657699699094407,0.618286303009056,True,ok,,0.2,0.07,0.084
2020-09-09 20:00:00+00:00,0.16623300108139094,0.16623300108139094,8.187004887916238e-08,0.16623308295143982,2.917356320733965,2.7477308094264234,0.6134275181299511,8.187004887040949e-08,True,ok,,0.2,0.07,0.084
2020-09-09 21:00:00+00:00,0.231968662923459,0.231968662923459,2.2567455901234545e-07,0.231968888598018,2.7477308094264234,2.511028092157588,0.22406181432544098,2.2567455902340215e-07,True,ok,,0.2,0.07,0.084
2020-09-09 22:00:00+00:00,0.0259631922910204,0.0259631922910204,0.11412472400636245,0.14008791629738285,2.511028092157588,2.484535038799404,0.15797012599363752,0.11412472400636245,True,ok,,0.2,0.07,0.084
2020-09-09 23:00:00+00:00,0.15057624344106119,0.15057624344106119,-2.121205741612009e-08,0.15057622222900377,2.484535038799404,2.330885810798321,-0.020819467787942587,-2.121205741184534e-08,True,ok,,0.2,0.07,0.084
2020-09-10 00:00:00+00:00,0.20939466296897116,0.20939466296897116,2.2567312821242247e-07,0.20939488864209937,2.330885810798321,2.117217787360595,0.04142839432687179,2.2567312821236307e-07,True,ok,,0.2,0.07,0.084
2020-09-10 01:00:00+00:00,0.43709541206030844,0.43709541206030844,2.2567442298226936e-07,0.4370956377347314,2.117217787360595,1.6712020607684437,0.27270307432557706,2.2567442296620949e-07,True,ok,,0.2,0.07,0.084
2020-09-10 02:00:00+00:00,0.3516060792964843,0.3516060792964843,2.256748933837649e-07,0.3516063049713777,1.6712020607684437,1.3124203472006026,0.4526133743251066,2.2567489340812218e-07,True,ok,,0.2,0.07,0.084
2020-09-10 03:00:00+00:00,0.1599708855276879,0.1599708855276879,2.256745517958958e-07,0.1599711112022397,1.3124203472006026,1.14918474972337,0.3029217443254482,2.2567455179402716e-07,True,ok,,0.2,0.07,0.084
2020-09-10 04:00:00+00:00,0.11310664525256343,0.11310664525256343,-5.146420706259036e-09,0.11310664010614273,1.14918474972337,1.0337698055881013,0.021438939146420703,-5.146420703869249e-09,True,ok,,0.3,0.1,0.084
2020-09-10 05:00:00+00:00,0.13124580761010562,0.13124580761010562,-0.15879876133385232,-0.027552953723746682,1.0337698055881013,0.8998455121084017,-0.22393527866614768,-0.15879876133385232,True,ok,,0.3,0.1,0.084
2020-09-10 06:00:00+00:00,-0.786808065576261,-0.786808065576261,-0.25216986748481585,-1.0389779330610769,0.8998455121084017,1.6709174163731375,-0.40334447251518407,-0.2521698674848159,True,ok,,0.3,0.1,0.084
2020-09-10 07:00:00+00:00,-2.0408692197866145,-2.0408692197866145,-0.36105918803811043,-2.401928407824725,1.6709174163731375,3.67096925176402,-0.5318009119618894,-0.36105918803811055,True,ok,,0.3,0.1,0.084
2020-09-10 08:00:00+00:00,-0.32198988430756015,-0.32198988430756015,-1.6936001775522322,-2.0155900618597924,3.67096925176402,3.9865193383854285,-0.5088390224477674,-1.6936001775522322,True,ok,,0.3,0.1,0.084
2020-09-10 09:00:00+00:00,-1.8434269129481957,-1.8434269129481957,-1.8327741610231834,-3.676201073971379,3.9865193383854285,5.79307771307466,-0.8290862389768168,-1.8327741610231834,True,ok,,0.3,0.1,0.084
2020-09-10 10:00:00+00:00,-0.7878167127587088,-0.7878167127587088,-3.268951684475152,-4.056768397233861,5.79307771307466,6.565138091578195,-0.5059903155248482,-3.268951684475152,True,ok,,0.3,0.1,0.084
2020-09-10 11:00:00+00:00,-0.6328882480656675,-0.6328882480656675,-3.4449679392246737,-4.077856187290341,6.565138091578195,7.185368574682549,-0.8181365607753269,-3.4449679392246737,True,ok,,0.3,0.1,0.084
2020-09-10 12:00:00+00:00,1.7556906298679777,1.7556906298679777,-3.63331297745617,-1.8776223475881921,7.185368574682549,5.3938475237968575,-0.31652902254383003,-3.63331297745617,True,ok,,0.3,0.1,0.084
2020-09-10 13:00:00+00:00,0.9801045948684306,0.9801045948684306,-2.065509064166651,-1.0854044692982205,5.3938475237968575,4.3937407943392754,-1.035568035833349,-2.065509064166651,True,ok,,0.3,0.1,0.084
2020-09-10 14:00:00+00:00,-1.475332867748536,-1.475332867748536,-2.435800128264276e-07,-1.4753331113285488,4.3937407943392754,5.8395670047328405,-1.5176325564199873,-2.4358001290869007e-07,True,ok,,0.3,0.1,0.084
2020-09-10 15:00:00+00:00,-0.6626184926756292,-0.6626184926756292,-0.7883335896188935,-1.4509520822945228,5.8395670047328405,6.488933127554957,8.961889361716471e-08,-0.7883335896188935,True,ok,,0.4,0.18,0.084
2020-09-10 16:00:00+00:00,-0.599249246440969,-0.599249246440969,-0.1730167496190006,-0.7722659960599696,6.488933127554957,7.076197389067107,8.961900060781735e-08,-0.1730167496190006,True,ok,,0.4,0.18,0.084
2020-09-10 17:00:00+00:00,0.6879793088014744,0.6879793088014744,-1.1276583944397345e-07,0.687979196035635,7.076197389067107,6.374177686208459,0.11616130676583943,-1.1276583942382555e-07,True,ok,,0.4,0.18,0.084
2020-09-10 18:00:00+00:00,0.2802795568006593,0.2802795568006593,-1.1276576500351965e-07,0.2802794440348943,6.374177686208459,6.088178138452685,0.410637992765765,-1.1276576501566659e-07,True,ok,,0.4,0.18,0.084
2020-09-10 19:00:00+00:00,0.13918764215595225,0.13918764215595225,0.07218930263234474,0.211376944788297,6.088178138452685,5.946149932171101,0.09475918736765525,0.07218930263234474,True,ok,,0.2,0.07,0.084
2020-09-10 20:00:00+00:00,-0.04952340073355205,-0.04952340073355205,0.31830112289887175,0.2687777221653197,5.946149932171101,5.994682864889982,0.4108062771011282,0.31830112289887175,True,ok,,0.2,0.07,0.084
2020-09-10 21:00:00+00:00,0.3012377461999434,0.3012377461999434,2.2567281121599336e-07,0.30123797187275464,5.994682864889982,5.687297409583917,0.5108370543271888,2.2567281121302705e-07,True,ok,,0.2,0.07,0.084
2020-09-10 22:00:00+00:00,0.9063785456689525,0.9063785456689525,3.7190086898952757e-08,0.9063785828590394,5.687297409583917,4.762421342574782,0.20383169280991306,3.719008692186296e-08,True,ok,,0.2,0.07,0.084
2020-09-10 23:00:00+00:00,4.6671729157232855,4.6671729157232855,0.5092260711408017,5.176398986864087,4.762421342574782,0.0,0.339977992809649,3.719035100713361e-08,True,ok,,0.2,0.07,0.084
2020-09-11 00:00:00+00:00,-1.1351675742183907,-1.1351675742183907,1.3050484355086867,0.16988086129029603,0.0,1.112464222734023,-0.0231363355086866,1.3050484355086867,True,ok,,0.2,0.07,0.084
2020-09-11 01:00:00+00:00,0.17150063550137112,0.17150063550137112,2.25674483961269e-07,0.17150086117585508,1.112464222734023,0.937463574263236,0.321392774325516,2.2567448397197154e-07,True,ok,,0.2,0.07,0.084
2020-09-11 02:00:00+00:00,0.39198343994539586,0.39198343994539586,2.2566396407075473e-07,0.39198366560935993,0.937463574263236,0.5374804722781381,0.005861651736035925,2.2566396407572803e-07,True,ok,,0.2,0.07,0.084
2020-09-11 03:00:00+00:00,0.22573594014071238,0.22573594014071238,2.2567421734120963e-07,0.22573616581492972,0.5374804722781381,0.3071376762161867,0.15316670432578267,2.2567421733737008e-07,True,ok,,0.2,0.07,0.084
2020-09-11 04:00:00+00:00,0.13453140086240736,0.13453140086240736,-5.146361420349521e-09,0.13453139571604594,0.3071376762161867,0.169860736560669,0.1085632951463614,-5.1463614065848974e-09,True,ok,,0.3,0.1,0.084
2020-09-11 05:00:00+00:00,0.16646352182945562,0.16646352182945562,0.04729851570271834,0.21376203753217396,0.169860736560669,0.0,-0.04052194395807498,-0.029315486041925024,True,ok,,0.3,0.1,0.084
2020-09-11 06:00:00+00:00,-0.5171790681760848,-0.5171790681760848,-0.1150221574054866,-0.6322012255815714,0.0,0.5068354868125631,-0.29174578259451334,-0.11502215740548662,True,ok,,0.3,0.1,0.084
2020-09-11 07:00:00+00:00,-0.14915777973602806,-0.14915777973602806,-0.4341752024471135,-0.5833329821831416,0.5068354868125631,0.6530101109538706,-0.7121575975528865,-0.4341752024471135,True,ok,,0.3,0.1,0.084
2020-09-11 08:00:00+00:00,-1.8191751452401304,-1.8191751452401304,-0.39948741049336545,-2.218662555733496,0.6530101109538706,2.4358017532891982,-1.2438466895066347,-0.3994874104933655,True,ok,,0.3,0.1,0.084
2020-09-11 09:00:00+00:00,-2.2609513316256433,-2.2609513316256433,-1.2532764633331608,-3.514227794958804,2.4358017532891982,4.651534058282328,-0.8855145366668393,-1.2532764633331608,True,ok,,0.3,0.1,0.084
2020-09-11 10:00:00+00:00,-1.9684091314205494,-1.9684091314205494,-2.5411729257489304,-4.50958205716948,4.651534058282328,6.580575007074467,-0.5192782742510698,-2.5411729257489304,True,ok,,0.3,0.1,0.084
2020-09-11 11:00:00+00:00,-1.5818465299157283,-1.5818465299157283,-2.6867729556345457,-4.268619485550274,6.580575007074467,8.130784606391881,-0.27078684436545425,-2.6867729556345457,True,ok,,0.3,0.1,0.084
2020-09-11 12:00:00+00:00,-1.2867301143742789,-1.2867301143742789,-3.0553022660920726,-4.342032380466351,8.130784606391881,9.391780118478675,-2.339079271645023e-07,-3.0553022660920726,True,ok,,0.3,0.1,0.084
2020-09-11 13:00:00+00:00,-0.7912072131769281,-0.7912072131769281,-2.5758893660925026,-3.3670965792694307,9.391780118478675,10.167163187392065,-2.339074975300479e-07,-2.5758893660925026,True,ok,,0.3,0.1,0.084
2020-09-11 14:00:00+00:00,-0.255328829272222,-0.255328829272222,-2.1880851660925775,-2.4434139953647995,10.167163187392065,10.417385440078842,-2.3390742244657867e-07,-2.1880851660925775,True,ok,,0.3,0.1,0.084
2020-09-11 15:00:00+00:00,2.1407330638358153,2.1407330638358153,-2.108808203037463,0.031924860798352016,10.417385440078842,8.232963946368827,0.6509177030374632,-2.108808203037463,True,ok,,0.4,0.18,0.084
2020-09-11 16:00:00+00:00,-0.06208785608990999,-0.06208785608990999,-0.18073425498951712,-0.2428221110794271,8.232963946368827,8.293810045336938,0.0626925649895171,-0.18073425498951712,True,ok,,0.4,0.18,0.084
2020-09-11 17:00:00+00:00,0.37419208514244995,0.37419208514244995,-0.08995094011188365,0.2842411450305663,8.293810045336938,7.911981387028316,0.6112968901118836,-0.08995094011188363,True,ok,,0.4,0.18,0.084
2020-09-11 18:00:00+00:00,0.3345343846186323,0.3345343846186323,-0.03658318944218958,0.2979511951764427,7.911981387028316,7.570619770070528,0.5580020894421895,-0.03658318944218958,True,ok,,0.4,0.18,0.084
2020-09-11 19:00:00+00:00,0.33645442581742685,0.33645442581742685,1.0251432974728303e-07,0.3364545283317566,7.570619770070528,7.227298927399684,0.5633475974856702,1.0251432977236162e-07,True,ok,,0.2,0.07,0.084
2020-09-11 20:00:00+00:00,0.2152577588508795,0.2152577588508795,1.0251433263386289e-07,0.21525786136521213,7.227298927399684,7.0076481530620525,0.5605298974856673,1.0251433264563386e-07,True,ok,,0.2,0.07,0.084
2020-09-11 21:00:00+00:00,0.19895123093169007,0.19895123093169007,1.0251428267382678e-07,0.19895133344597274,7.0076481530620525,6.804636692927675,0.3472114974857173,1.0251428267908228e-07,True,ok,,0.2,0.07,0.084
2020-09-11 22:00:00+00:00,0.11388171290082567,0.11388171290082567,3.71900911733114e-08,0.11388175009091685,6.804636692927675,6.688430863437036,0.5452079128099089,3.7190091172570373e-08,True,ok,,0.2,0.07,0.084
2020-09-11 23:00:00+00:00,0.21101259222866767,0.21101259222866767,1.0251427665086688e-07,0.21101269474294432,6.688430863437036,6.4731118917751305,0.5111708574857233,1.0251427664536603e-07,True,ok,,0.2,0.07,0.084
2020-09-12 00:00:00+00:00,0.25927759148058116,0.25927759148058116,1.0251425919260981e-07,0.25927769399484035,6.4731118917751305,6.208542920876578,0.36290289748574084,1.025142591728448e-07,True,ok,,0.2,0.07,0.084
2020-09-12 01:00:00+00:00,0.17152792507639297,0.17152792507639297,1.0251372301040007e-07,0.17152802759011598,6.208542920876578,6.033514425900667,0.029289447486276984,1.0251372301435602e-07,True,ok,,0.2,0.07,0.084
2020-09-12 02:00:00+00:00,0.7702501550588217,0.7702501550588217,-9.903045472547944e-08,0.7702500560283669,6.033514425900667,5.247544879922278,-0.004311912669545263,-9.903045473700586e-08,True,ok,,0.2,0.07,0.084
2020-09-12 03:00:00+00:00,0.1879260642929236,0.1879260642929236,1.025143567534581e-07,0.18792616680728036,5.247544879922278,5.055783589827458,0.3653721974856432,1.0251435676733226e-07,True,ok,,0.2,0.07,0.084
2020-09-12 04:00:00+00:00,0.3069629272774058,0.3069629272774058,-1.0439242525972503e-08,0.3069629168381633,5.055783589827458,4.742556113013778,0.24772920043924254,-1.0439242546568377e-08,True,ok,,0.3,0.1,0.084
2020-09-12 05:00:00+00:00,0.22609032506594334,0.22609032506594334,-1.0441259246096735e-08,0.2260903146246841,4.742556113013778,4.511851699681183,0.07864356544125925,-1.0441259249829877e-08,True,ok,,0.3,0.1,0.084
2020-09-12 06:00:00+00:00,-0.10692426591027515,-0.10692426591027515,-0.3571099940080002,-0.46403425991827535,4.511851699681183,4.616637480273253,-0.1497018059919998,-0.3571099940080002,True,ok,,0.3,0.1,0.084
2020-09-12 07:00:00+00:00,-0.8050489950580333,-0.8050489950580333,-1.1195488660919084,-1.9245978611499417,4.616637480273253,5.405585495430126,-2.3390809164647097e-07,-1.1195488660919084,True,ok,,0.3,0.1,0.084
2020-09-12 08:00:00+00:00,-0.49361266817398164,-0.49361266817398164,-2.5468134660919044,-3.040426134265886,5.405585495430126,5.889325910240627,-2.339080958322183e-07,-2.5468134660919044,True,ok,,0.3,0.1,0.084
2020-09-12 09:00:00+00:00,-0.0656512542489196,-0.0656512542489196,-3.349685266091879,-3.415336520340799,5.889325910240627,5.953664139404569,-2.339081206973117e-07,-3.349685266091879,True,ok,,0.3,0.1,0.084
2020-09-12 10:00:00+00:00,-0.5272785537767724,-0.5272785537767724,-3.8132165660922515,-4.340495119869024,5.953664139404569,6.470397122105806,-2.3390774851498927e-07,-3.8132165660922515,True,ok,,0.3,0.1,0.084
2020-09-12 11:00:00+00:00,-1.3522812238962638,-1.3522812238962638,-3.556182366092459,-4.908463589988723,6.470397122105806,7.795632721524144,-2.3390754072398874e-07,-3.556182366092459,True,ok,,0.3,0.1,0.084
2020-09-12 12:00:00+00:00,-1.3106954286643293,-1.3106954286643293,-3.325724366092461,-4.63641979475679,7.795632721524144,9.080114241615187,-2.3390753927418602e-07,-3.325724366092461,True,ok,,0.3,0.1,0.084
2020-09-12 13:00:00+00:00,-0.42307982934567656,-0.42307982934567656,-3.37619946609251,-3.7992792954381867,9.080114241615187,9.494732474373949,-2.339074898074983e-07,-3.37619946609251,True,ok,,0.3,0.1,0.084
2020-09-12 14:00:00+00:00,-0.17370862224322892,-0.17370862224322892,-2.597919166092564,-2.7716277883357927,9.494732474373949,9.664966924172314,-2.3390743672421687e-07,-2.597919166092564,True,ok,,0.3,0.1,0.084
2020-09-12 15:00:00+00:00,0.6971415555318723,0.6971415555318723,-2.344682514262435,-1.6475409587305627,9.664966924172314,8.953597989956117,1.053462514262435,-2.344682514262435,True,ok,,0.4,0.18,0.084
2020-09-12 16:00:00+00:00,1.3859135180063766,1.3859135180063766,-0.9010985971120715,0.48481492089430506,8.953597989956117,7.539400522602672,0.4771664971120715,-0.9010985971120715,True,ok,,0.4,0.18,0.084
2020-09-12 17:00:00+00:00,0.37089551448655456,0.37089551448655456,-0.12028014051007735,0.2506153739764772,7.539400522602672,7.160935711902106,0.6499924805100773,-0.12028014051007736,True,ok,,0.4,0.18,0.084
2020-09-12 18:00:00+00:00,0.8816898937440596,0.8816898937440596,-0.16802934062779074,0.7136605531162689,7.160935711902106,6.261252146857148,0.4201627606277907,-0.16802934062779068,True,ok,,0.4,0.18,0.084
2020-09-12 19:00:00+00:00,0.7258878129697118,0.7258878129697118,1.0251439985786703e-07,0.7258879154841117,6.261252146857148,5.520550296888054,0.33678633748560016,1.0251439986879333e-07,True,ok,,0.2,0.07,0.084
2020-09-12 20:00:00+00:00,0.7541394520946925,0.7541394520946925,1.0251449988896155e-07,0.7541395546091924,5.520550296888054,4.7510202437302045,0.4973472974855001,1.0251449991332816e-07,True,ok,,0.2,0.07,0.084
2020-09-12 21:00:00+00:00,0.25729744054723447,0.25729744054723447,2.256739601302904e-07,0.2572976662211946,4.7510202437302045,4.488471835008537,0.61137157432604,2.2567396013414405e-07,True,ok,,0.2,0.07,0.084
2020-09-12 22:00:00+00:00,0.12590842533389057,0.12590842533389057,1.0251456483700849e-07,0.1259085278484554,4.488471835008537,4.359993849973955,0.5460987974854351,1.0251456482557749e-07,True,ok,,0.2,0.07,0.084
2020-09-12 23:00:00+00:00,0.09568949651979189,0.09568949651979189,2.2567382010341142e-07,0.09568972219361199,4.359993849973955,4.262351506586412,0.6315667743261799,2.2567382010993315e-07,True,ok,,0.2,0.07,0.084
2020-09-13 00:00:00+00:00,0.10202341340952384,0.10202341340952384,2.2567338478496346e-07,0.10202363908290862,4.262351506586412,4.1582459826991425,0.20396083432661521,2.256733847850209e-07,True,ok,,0.2,0.07,0.084
2020-09-13 01:00:00+00:00,0.1575421908620282,0.1575421908620282,2.2567345506208092e-07,0.15754241653548326,4.1582459826991425,3.997488645084828,0.14874776432654493,2.2567345507465901e-07,True,ok,,0.2,0.07,0.084
2020-09-13 02:00:00+00:00,0.11087700887798563,0.11087700887798563,1.0251456561416461e-07,0.11087711139255124,3.997488645084828,3.8843488401072914,0.2471622474854344,1.0251456561340478e-07,True,ok,,0.2,0.07,0.084
2020-09-13 03:00:00+00:00,0.10753580726814302,0.10753580726814302,8.186997269010732e-08,0.10753588913811571,3.8843488401072914,3.774618424527554,0.7851111181300273,8.186997269225467e-08,True,ok,,0.2,0.07,0.084
2020-09-13 04:00:00+00:00,0.2770708354845637,0.2770708354845637,-1.0441254860715787e-08,0.2770708250433088,3.774618424527554,3.4918930821963663,0.1371080404412549,-1.0441254877190998e-08,True,ok,,0.3,0.1,0.084
2020-09-13 05:00:00+00:00,0.16469556094261067,0.16469556094261067,-0.1735547383188211,-0.008859177376210411,3.4918930821963663,3.323836387356968,-0.06702830168117892,-0.1735547383188211,True,ok,,0.3,0.1,0.084
2020-09-13 06:00:00+00:00,0.12179476214171048,0.12179476214171048,-0.7321475660918194,-0.6103528039501089,3.323836387356968,3.19955601782461,-2.3390818058297437e-07,-0.7321475660918194,True,ok,,0.3,0.1,0.084
2020-09-13 07:00:00+00:00,-0.19221080263566614,-0.19221080263566614,-1.6331845660916562,-1.8253953687273223,3.19955601782461,3.3879226044075628,-2.3390834379651175e-07,-1.6331845660916562,True,ok,,0.3,0.1,0.084
2020-09-13 08:00:00+00:00,-0.014413257342552388,-0.014413257342552388,-2.6033112469397306,-2.617724504282283,3.3879226044075628,3.402047596603264,-0.050836753060269586,-2.6033112469397306,True,ok,,0.3,0.1,0.084
2020-09-13 09:00:00+00:00,-0.4539431949906052,-0.4539431949906052,-3.5606858594149835,-4.014629054405589,3.402047596603264,3.846911927694057,-0.030850140585016658,-3.5606858594149835,True,ok,,0.3,0.1,0.084
2020-09-13 10:00:00+00:00,-0.0082665553786061,-0.0082665553786061,-4.541465066092155,-4.5497316214707615,3.846911927694057,3.855013151965091,-2.339078437837667e-07,-4.541465066092155,True,ok,,0.3,0.1,0.084
2020-09-13 11:00:00+00:00,1.112746750181954,1.112746750181954,-5.025003385351005,-3.9122566351690513,3.855013151965091,2.719557284432485,-0.20488461464899463,-5.025003385351005,True,ok,,0.3,0.1,0.084
2020-09-13 12:00:00+00:00,-0.3708704014128168,-0.3708704014128168,-4.263422856337863,-4.63429325775068,2.719557284432485,3.0830102778170456,-0.3876761436621376,-4.263422856337863,True,ok,,0.3,0.1,0.084
2020-09-13 13:00:00+00:00,0.23192112736482473,0.23192112736482473,-3.6985011836347885,-3.466580056269964,3.0830102778170456,2.846356066220286,-0.4794412163652116,-3.6985011836347885,True,ok,,0.3,0.1,0.084
2020-09-13 14:00:00+00:00,-0.7660704212635476,-0.7660704212635476,-2.0282805273895455,-2.794350948653093,2.846356066220286,3.5971050790585624,-0.9973146726104547,-2.0282805273895455,True,ok,,0.3,0.1,0.084
2020-09-13 15:00:00+00:00,0.5772209802122159,0.5772209802122159,-1.6417651896188759,-1.06454420940666,3.5971050790585624,3.0081040788420155,8.961887595745162e-08,-1.6417651896188759,True,ok,,0.4,0.18,0.084
2020-09-13 16:00:00+00:00,0.21375127214797496,0.21375127214797496,-1.1276564962359181e-07,0.21375115938232533,3.0081040788420155,2.7899905358338777,0.22464201276564963,-1.1276564961567748e-07,True,ok,,0.4,0.18,0.084
2020-09-13 17:00:00+00:00,0.05643114430952454,0.05643114430952454,-1.1276570873602898e-07,0.056431031543815804,2.7899905358338777,2.7324077355180365,0.2594204127657087,-1.1276570873362768e-07,True,ok,,0.4,0.18,0.084
2020-09-13 18:00:00+00:00,0.2074005016872581,0.2074005016872581,-1.1276562639217502e-07,0.2074003889216317,2.7324077355180365,2.5207745705310383,0.6015872127656263,-1.1276562640515056e-07,True,ok,,0.4,0.18,0.084
2020-09-13 19:00:00+00:00,-0.14978206196231011,-0.14978206196231011,0.34586683984997224,0.19608477788766213,2.5207745705310383,2.6675609912541023,0.22371996015002782,0.34586683984997224,True,ok,,0.2,0.07,0.084
2020-09-13 20:00:00+00:00,0.04080708334633907,0.04080708334633907,0.05705663876610464,0.09786372211244371,2.6675609912541023,2.6259211102884503,0.36492633123389534,0.05705663876610464,True,ok,,0.2,0.07,0.084
2020-09-13 21:00:00+00:00,0.17992510794294536,0.17992510794294536,2.2567352331304136e-07,0.17992533361646867,2.6259211102884503,2.4423240613670774,0.26227565432647665,2.2567352330356994e-07,True,ok,,0.2,0.07,0.084
2020-09-13 22:00:00+00:00,0.07502274683809071,0.07502274683809071,2.2566885628239053e-07,0.07502297250694699,2.4423240613670774,2.365770238062903,0.4810364543311437,2.256688562878573e-07,True,ok,,0.2,0.07,0.084
2020-09-13 23:00:00+00:00,0.12864182976884384,0.12864182976884384,2.2567375418391933e-07,0.12864205544259802,2.365770238062903,2.234503064829389,0.3608031143262458,2.2567375417087118e-07,True,ok,,0.2,0.07,0.084
2020-09-14 00:00:00+00:00,0.10002519093458904,0.10002519093458904,2.2567273796902931e-07,0.10002541660732701,2.234503064829389,2.1324365434675636,0.37106067432726203,2.2567273796678632e-07,True,ok,,0.2,0.07,0.084
2020-09-14 01:00:00+00:00,0.12327360774958063,0.12327360774958063,2.2567360986880391e-07,0.1232738334231905,2.1324365434675636,2.0066471478047263,0.20513960432639014,2.2567360986251533e-07,True,ok,,0.2,0.07,0.084
2020-09-14 02:00:00+00:00,0.16089999676632916,0.16089999676632916,2.2567290705599596e-07,0.1609002224392362,2.0066471478047263,1.8424634776350026,0.15236940432709292,2.256729070642274e-07,True,ok,,0.2,0.07,0.084
2020-09-14 03:00:00+00:00,0.10724305863135211,0.10724305863135211,-5.8471028921425194e-08,0.10724300016032319,1.8424634776350026,1.7330317851540311,-0.049105715528971076,-5.8471028916826725e-08,True,ok,,0.2,0.07,0.084
2020-09-14 04:00:00+00:00,0.16393434611637034,0.16393434611637034,-5.146374992825997e-09,0.16393434096999535,1.7330317851540311,1.5657518401373267,0.174251285146375,-5.146375004448191e-09,True,ok,,0.3,0.1,0.084
2020-09-14 05:00:00+00:00,-0.02530205280130146,-0.02530205280130146,-0.13485915027379322,-0.16016120307509468,1.5657518401373267,1.5905478518826022,-0.10657071972620677,-0.13485915027379322,True,ok,,0.3,0.1,0.084
2020-09-14 06:00:00+00:00,-0.18484992501531272,-0.18484992501531272,-0.8597896756761721,-1.0446396006914849,1.5905478518826022,1.7717007783976086,-0.1475078243238277,-0.8597896756761721,True,ok,,0.3,0.1,0.084
2020-09-14 07:00:00+00:00,0.21483581153968068,0.21483581153968068,-2.5869753099740764,-2.3721394984343958,1.7717007783976086,1.5524805625407916,-0.029305890025923473,-2.5869753099740764,True,ok,,0.3,0.1,0.084
2020-09-14 08:00:00+00:00,0.35709491115766134,0.35709491115766134,-3.9290999743870723,-3.572005063229411,1.5524805625407916,1.1880980001350148,-0.034131225612927536,-3.9290999743870723,True,ok,,0.3,0.1,0.084
2020-09-14 09:00:00+00:00,0.2748966871200622,0.2748966871200622,-4.498912681417653,-4.224015994297591,1.1880980001350148,0.9075911765431146,-0.42303801858234774,-4.498912681417653,True,ok,,0.3,0.1,0.084
2020-09-14 10:00:00+00:00,-0.4134608775617892,-0.4134608775617892,-4.325229793809802,-4.738690671371591,0.9075911765431146,1.312782836553668,-0.6696608061901984,-4.325229793809802,True,ok,,0.3,0.1,0.084
2020-09-14 11:00:00+00:00,-0.398956114166654,-0.398956114166654,-4.34095989149994,-4.739916005666594,1.312782836553668,1.703759828436989,-0.5952011085000594,-4.34095989149994,True,ok,,0.3,0.1,0.084
2020-09-14 12:00:00+00:00,-1.6136805316784981,-1.6136805316784981,-2.9094000699279254,-4.523080601606424,1.703759828436989,3.2851667494819172,-1.5283739300720744,-2.9094000699279254,True,ok,,0.3,0.1,0.084
2020-09-14 13:00:00+00:00,0.2437027644445262,0.2437027644445262,-4.239028826137897,-3.995326061693371,3.2851667494819172,3.0364904592324007,-0.015241673862101767,-4.239028826137897,True,ok,,0.3,0.1,0.084
2020-09-14 14:00:00+00:00,-0.6327170691508206,-0.6327170691508206,-2.38510040365976,-3.0178174728105804,3.0364904592324007,3.656553187000205,-0.8945055963402404,-2.38510040365976,True,ok,,0.3,0.1,0.084
2020-09-14 15:00:00+00:00,-0.08372686625551795,-0.08372686625551795,-1.6472185512364426,-1.7309454174919605,3.656553187000205,3.7386055159306126,0.08796145123644276,-1.6472185512364426,True,ok,,0.4,0.18,0.084
2020-09-14 16:00:00+00:00,0.16288230890004077,0.16288230890004077,-0.35049283113891155,-0.18761052223887079,3.7386055159306126,3.5723990782775097,0.003304811138911578,-0.35049283113891155,True,ok,,0.4,0.18,0.084
2020-09-14 17:00:00+00:00,0.05193369292763644,0.05193369292763644,-1.1276594283349262e-07,0.05193358016169361,3.5723990782775097,3.5194055140656357,0.5791017127659428,-1.1276594283063579e-07,True,ok,,0.4,0.18,0.084
2020-09-14 18:00:00+00:00,0.19516140941368118,0.19516140941368118,-2.4280137428389637e-07,0.1951611666123069,3.5194055140656357,3.3202612187455527,0.33712909280137426,-2.428013742814377e-07,True,ok,,0.4,0.18,0.084
2020-09-14 19:00:00+00:00,0.07950814113166718,0.07950814113166718,0.13147427545308943,0.2109824165847566,3.3202612187455527,3.2391304624887494,0.1528525645469106,0.13147427545308943,True,ok,,0.2,0.07,0.084
2020-09-14 20:00:00+00:00,0.11673294130584945,0.11673294130584945,2.256748939527542e-07,0.1167331669807434,3.2391304624887494,3.120015216258291,0.478983724325106,2.2567489395828927e-07,True,ok,,0.2,0.07,0.084
2020-09-14 21:00:00+00:00,0.13791560744387643,0.13791560744387643,2.2567435045695028e-07,0.1379158331182269,3.120015216258291,2.979285004580866,0.21779793432564953,2.256743504548211e-07,True,ok,,0.2,0.07,0.084
2020-09-14 22:00:00+00:00,0.006391595253949875,0.006391595253949875,0.06640654364267431,0.07279813889662419,2.979285004580866,2.9727629686074475,0.38544648635732565,0.06640654364267431,True,ok,,0.2,0.07,0.084
2020-09-14 23:00:00+00:00,0.12974035737620157,0.12974035737620157,2.2567272484064205e-07,0.1297405830489264,2.9727629686074475,2.8403748488358134,0.21006667432727516,2.2567272483952076e-07,True,ok,,0.2,0.07,0.084
2020-09-15 00:00:00+00:00,0.10315158027038884,0.10315158027038884,2.2567352421509757e-07,0.10315180594391306,2.8403748488358134,2.735118134274192,0.2361247143264758,2.25673524209242e-07,True,ok,,0.2,0.07,0.084
2020-09-15 01:00:00+00:00,0.11902847517717223,0.11902847517717223,-5.84773387074522e-08,0.11902841669983352,2.735118134274192,2.613660506542384,-0.05818554952266129,-5.8477338704271834e-08,True,ok,,0.2,0.07,0.084
2020-09-15 02:00:00+00:00,0.1692776078385412,0.1692776078385412,2.2567355303926284e-07,0.16927783351209424,2.613660506542384,2.440928253645913,0.16864149432644696,2.2567355304346828e-07,True,ok,,0.2,0.07,0.084
2020-09-15 03:00:00+00:00,0.14268552431781545,0.14268552431781545,2.256739193851054e-07,0.14268574999173483,2.440928253645913,2.295330779852224,0.48853450432608064,2.2567391937474232e-07,True,ok,,0.2,0.07,0.084
2020-09-15 04:00:00+00:00,0.19783400101092477,0.19783400101092477,-0.03814319505917069,0.15969080595175408,2.295330779852224,2.0934593502492396,-0.0347968049408293,-0.038143195059170694,True,ok,,0.3,0.1,0.084
2020-09-15 05:00:00+00:00,0.05936468911729556,0.05936468911729556,-0.20090061149315358,-0.14153592237585802,2.0934593502492396,2.032883136864244,-0.11282368850684642,-0.20090061149315358,True,ok,,0.3,0.1,0.084
2020-09-15 06:00:00+00:00,-0.1514910286635648,-0.1514910286635648,-0.9760327585948464,-1.1275237872584112,2.032883136864244,2.1813443449545376,-0.13173044140515378,-0.9760327585948464,True,ok,,0.3,0.1,0.084
2020-09-15 07:00:00+00:00,0.14474892195482214,0.14474892195482214,-2.44739658947179,-2.302647667516968,2.1813443449545376,2.0336413633679844,-0.08307841052821016,-2.44739658947179,True,ok,,0.3,0.1,0.084
2020-09-15 08:00:00+00:00,-0.7207468702301174,-0.7207468702301174,-2.911575173796323,-3.6323220440264405,2.0336413633679844,2.7399732961934995,-0.2569575262036767,-2.911575173796323,True,ok,,0.3,0.1,0.084
2020-09-15 09:00:00+00:00,-0.12723581020825447,-0.12723581020825447,-3.790052645981789,-3.9172884561900436,2.7399732961934995,2.864664390197589,-0.4523743540182102,-3.790052645981789,True,ok,,0.3,0.1,0.084
2020-09-15 10:00:00+00:00,0.1300830641755213,0.1300830641755213,-3.9276962337275134,-3.797613169551992,2.864664390197589,2.731926569610322,-0.2718817662724869,-3.9276962337275134,True,ok,,0.3,0.1,0.084
2020-09-15 11:00:00+00:00,0.8992273621057949,0.8992273621057949,-4.11202164576824,-3.2127942836624452,2.731926569610322,1.8143476286860416,-0.5415913542317601,-4.11202164576824,True,ok,,0.3,0.1,0.084
2020-09-15 12:00:00+00:00,-0.3249409312644529,-0.3249409312644529,-3.339150675101679,-3.664091606366132,1.8143476286860416,2.1327897413252055,-0.659094224898321,-3.339150675101679,True,ok,,0.3,0.1,0.084
2020-09-15 13:00:00+00:00,-1.4653461781812447,-1.4653461781812447,-2.044540440986156,-3.5098866191674007,2.1327897413252055,3.568828995942825,-1.3435000590138446,-2.044540440986156,True,ok,,0.3,0.1,0.084
2020-09-15 14:00:00+00:00,-2.582696017069018,-2.582696017069018,-0.38307673487233407,-2.965772751941352,3.568828995942825,6.099871092670463,-1.6434608651276659,-0.38307673487233407,True,ok,,0.3,0.1,0.084
2020-09-15 15:00:00+00:00,-0.18815180129484177,-0.18815180129484177,-1.5602377065925306,-1.7483895078873724,6.099871092670463,6.284259857939408,0.27479960659253033,-1.5602377065925306,True,ok,,0.4,0.18,0.084
2020-09-15 16:00:00+00:00,0.012719037412882439,0.012719037412882439,-0.39012432052442186,-0.3774052831115394,6.284259857939408,6.271281248334426,0.1314814405244219,-0.39012432052442186,True,ok,,0.4,0.18,0.084
2020-09-15 17:00:00+00:00,0.3545242433015122,0.3545242433015122,-0.19618442653346138,0.15833981676805084,6.271281248334426,5.909521816394108,0.18660642353346138,-0.19618442653346138,True,ok,,0.4,0.18,0.084
2020-09-15 18:00:00+00:00,0.2464101117103687,0.2464101117103687,-0.043203194888041446,0.20320691682232725,5.909521816394108,5.658082926893732,0.21413001488804143,-0.043203194888041446,True,ok,,0.4,0.18,0.084
2020-09-15 19:00:00+00:00,0.1996859605692743,0.1996859605692743,-9.903208289530063e-08,0.1996858615371914,5.658082926893732,5.454321742639371,-0.008640220967917115,-9.903208288445698e-08,True,ok,,0.2,0.07,0.084
2020-09-15 20:00:00+00:00,0.1413843142394597,0.1413843142394597,1.0251558080209833e-07,0.14138441675504052,5.454321742639371,5.3100520342317585,0.33760669748441924,1.025155808073104e-07,True,ok,,0.2,0.07,0.084
2020-09-15 21:00:00+00:00,0.14859134177927294,0.14859134177927294,1.0251438500863408e-07,0.14859144429365795,5.3100520342317585,5.158428216089643,0.189739337485615,1.0251438500002314e-07,True,ok,,0.2,0.07,0.084
2020-09-15 22:00:00+00:00,0.09685026854200336,0.09685026854200336,3.719008800917578e-08,0.09685030573209137,5.158428216089643,5.0596014114549455,0.201053492809912,3.719008801529903e-08,True,ok,,0.2,0.07,0.084
2020-09-15 23:00:00+00:00,0.1223256753924673,0.1223256753924673,1.025143746280488e-07,0.12232577790684193,5.0596014114549455,4.93477929370753,0.37143501748562535,1.0251437463075985e-07,True,ok,,0.2,0.07,0.084
2020-09-16 00:00:00+00:00,0.10807196868371165,0.10807196868371165,2.2567267680961844e-07,0.10807219435638846,4.93477929370753,4.824501774642518,0.4317653943273232,2.2567267680524018e-07,True,ok,,0.2,0.07,0.084
2020-09-16 01:00:00+00:00,0.13057478633225725,0.13057478633225725,1.0251435200725467e-07,0.13057488884660925,4.824501774642518,4.69126219675246,0.431386797485648,1.0251435201041731e-07,True,ok,,0.2,0.07,0.084
2020-09-16 02:00:00+00:00,0.1345152865519536,0.1345152865519536,1.0251431853403048e-07,0.13451538906627214,4.69126219675246,4.554001700270875,0.43294636748568144,1.0251431854502329e-07,True,ok,,0.2,0.07,0.084
2020-09-16 03:00:00+00:00,0.1312971476585557,0.1312971476585557,1.0251427109975175e-07,0.1312972501728268,4.554001700270875,4.420025018986634,0.32051094748572895,1.0251427109044213e-07,True,ok,,0.2,0.07,0.084
2020-09-16 04:00:00+00:00,0.16861757581524567,0.16861757581524567,-0.030174815092032736,0.13844276072321293,4.420025018986634,4.247966268154751,-2.3390796727013142e-07,-0.030174815092032733,True,ok,,0.3,0.1,0.084
2020-09-16 05:00:00+00:00,-0.031659428133352374,-0.031659428133352374,-0.1433419260922156,-0.17500135422556798,4.247966268154751,4.2789925077254365,-2.3390778438847897e-07,-0.1433419260922156,True,ok,,0.3,0.1,0.084
2020-09-16 06:00:00+00:00,-0.2622921043500568,-0.2622921043500568,-1.035859766092385,-1.2981518704424417,4.2789925077254365,4.536038769988492,-2.3390761516338012e-07,-1.035859766092385,True,ok,,0.3,0.1,0.084
2020-09-16 07:00:00+00:00,0.4767651244634039,0.4767651244634039,-1.9343117660924474,-1.4575466416290435,4.536038769988492,4.049543745025835,-2.33907552526967e-07,-1.9343117660924474,True,ok,,0.3,0.1,0.084
2020-09-16 08:00:00+00:00,0.35048625335475947,0.35048625335475947,-2.2752319660923215,-1.924745712737562,4.049543745025835,3.6919047109903658,-2.3390767843543479e-07,-2.2752319660923215,True,ok,,0.3,0.1,0.084
2020-09-16 09:00:00+00:00,-0.2862777846552893,-0.2862777846552893,-2.3613552660919206,-2.64763305074721,3.6919047109903658,3.9724569399525493,-2.339080796227601e-07,-2.3613552660919206,True,ok,,0.3,0.1,0.084
2020-09-16 10:00:00+00:00,-1.593035294431667,-1.593035294431667,-2.6318527660922397,-4.224888060523907,3.9724569399525493,5.533631528495583,-2.3390776032778553e-07,-2.6318527660922397,True,ok,,0.3,0.1,0.084
2020-09-16 11:00:00+00:00,-0.1611305481716112,-0.1611305481716112,-3.304451766092478,-3.4655823142640894,5.533631528495583,5.691539465703762,-2.3390752241255372e-07,-3.304451766092478,True,ok,,0.3,0.1,0.084
2020-09-16 12:00:00+00:00,-0.7230347949782394,-0.7230347949782394,-3.221404066092499,-3.9444388610707386,5.691539465703762,6.400113564782437,-2.3390750110014505e-07,-3.221404066092499,True,ok,,0.3,0.1,0.084
2020-09-16 13:00:00+00:00,-1.150439678587186,-1.150439678587186,-2.4676384660924864,-3.6180781446796724,6.400113564782437,7.52754444979788,-2.3390751384884408e-07,-2.4676384660924864,True,ok,,0.3,0.1,0.084
2020-09-16 14:00:00+00:00,-0.34429568118383647,-0.34429568118383647,-1.918175066092539,-2.2624707472763754,7.52754444979788,7.864954217358039,-2.339074611143025e-07,-1.918175066092539,True,ok,,0.3,0.1,0.084
2020-09-16 15:00:00+00:00,1.193384774918733,1.193384774918733,-2.280919230211899,-1.0875344552931658,7.864954217358039,6.647214651114434,0.9911675302118987,-2.280919230211899,True,ok,,0.4,0.18,0.084
2020-09-16 16:00:00+00:00,0.1947267782175689,0.1947267782175689,-0.5456176642980622,-0.35089088608049335,6.647214651114434,6.448513857014874,0.16689763429806223,-0.5456176642980622,True,ok,,0.4,0.18,0.084
2020-09-16 17:00:00+00:00,0.4433465951388698,0.4433465951388698,-0.2861954641211412,0.1571511310177286,6.448513857014874,5.996119372179293,0.4411639641211412,-0.2861954641211412,True,ok,,0.4,0.18,0.084
2020-09-16 18:00:00+00:00,0.37291674812874753,0.37291674812874753,-0.1933403870871487,0.17957636104159883,5.996119372179293,5.6155920781703665,0.6276183370871486,-0.1933403870871487,True,ok,,0.4,0.18,0.084
2020-09-16 19:00:00+00:00,1.2011718785204357,1.2011718785204357,-9.903356712470668e-08,1.2011717794868686,5.6155920781703665,4.389906487843391,-0.04518184696643284,-9.903356716047487e-08,True,ok,,0.2,0.07,0.084
2020-09-16 20:00:00+00:00,0.13014339750627707,0.13014339750627707,1.025144919786225e-07,0.13014350002076905,4.389906487843391,4.257107102632904,0.39009523748550806,1.0251449196898606e-07,True,ok,,0.2,0.07,0.084
2020-09-16 21:00:00+00:00,0.18751781423806985,0.18751781423806985,1.0251548696049717e-07,0.1875179167535568,4.257107102632904,4.06576239422671,0.4304159174845131,1.0251548695022151e-07,True,ok,,0.2,0.07,0.084
2020-09-16 22:00:00+00:00,0.13431959232516275,0.13431959232516275,1.025144207300599e-07,0.13431969483958348,4.06576239422671,3.928701585731646,0.38059486748557925,1.0251442074340568e-07,True,ok,,0.2,0.07,0.084
2020-09-16 23:00:00+00:00,0.16188645333750806,0.16188645333750806,1.0251432228103319e-07,0.16188655585183034,3.928701585731646,3.7635113272239846,0.3937431974856777,1.025143222778759e-07,True,ok,,0.2,0.07,0.084
2020-09-17 00:00:00+00:00,0.16655303595100623,0.16655303595100623,1.0251434520713865e-07,0.16655313846535144,3.7635113272239846,3.593559249722958,0.28266346748565474,1.0251434520808943e-07,True,ok,,0.2,0.07,0.084
2020-09-17 01:00:00+00:00,0.3590315099322274,0.3590315099322274,1.0251434523489422e-07,0.3590316124465726,3.593559249722958,3.2272005661186443,0.3003576974856548,1.0251434521030053e-07,True,ok,,0.2,0.07,0.084
2020-09-17 02:00:00+00:00,0.32670687738521353,0.32670687738521353,-9.903374731390358e-08,0.3267067783514662,3.2272005661186443,2.893826201439855,-0.12629122096625267,-9.903374733645501e-08,True,ok,,0.2,0.07,0.084
2020-09-17 03:00:00+00:00,0.191754356498465,0.191754356498465,2.2567350496660588e-07,0.19175458217196997,2.893826201439855,2.698158490727135,0.12552907432649504,2.256735049804268e-07,True,ok,,0.2,0.07,0.084
2020-09-17 04:00:00+00:00,0.20129575530608157,0.20129575530608157,-5.146394227439899e-09,0.20129575015968734,2.698158490727135,2.492754658782154,0.04819983514639424,-5.146394240776787e-09,True,ok,,0.3,0.1,0.084
2020-09-17 05:00:00+00:00,0.01000367204072583,0.01000367204072583,-0.08796878329107323,-0.0779651112503474,2.492754658782154,2.482546830169168,-0.08534859670892679,-0.08796878329107323,True,ok,,0.3,0.1,0.084
2020-09-17 06:00:00+00:00,-0.32242853632401935,-0.32242853632401935,-0.7042236631050942,-1.0266521994291136,2.482546830169168,2.798526795766707,-0.30456930689490586,-0.7042236631050942,True,ok,,0.3,0.1,0.084
2020-09-17 07:00:00+00:00,-0.4885705384310004,-0.4885705384310004,-1.4758307126735077,-1.9644012511045081,2.798526795766707,3.2773259234290872,-0.3990042873264924,-1.4758307126735077,True,ok,,0.3,0.1,0.084
2020-09-17 08:00:00+00:00,-1.0945020537026915,-1.0945020537026915,-2.6322523456751243,-3.726754399377816,3.2773259234290872,4.349937936057724,-0.11271395432487567,-2.6322523456751243,True,ok,,0.3,0.1,0.084
2020-09-17 09:00:00+00:00,-0.9641953681437667,-0.9641953681437667,-3.575041966092108,-4.5392373342358745,4.349937936057724,5.294849396838615,-2.33907892190728e-07,-3.575041966092108,True,ok,,0.3,0.1,0.084
2020-09-17 10:00:00+00:00,-1.049216388143667,-1.049216388143667,-3.9467117660922977,-4.995928154235965,5.294849396838615,6.323081457219409,-2.3390770202260488e-07,-3.9467117660922977,True,ok,,0.3,0.1,0.084
2020-09-17 11:00:00+00:00,-0.4477242954239564,-0.4477242954239564,-4.454595466092443,-4.9023197615164,6.323081457219409,6.761851266734887,-2.3390755630621253e-07,-4.454595466092443,True,ok,,0.3,0.1,0.084
2020-09-17 12:00:00+00:00,-0.5636783255169799,-0.5636783255169799,-4.149202366092366,-4.712880691609346,6.761851266734887,7.314256025741527,-2.339076340692079e-07,-4.149202366092366,True,ok,,0.3,0.1,0.084
2020-09-17 13:00:00+00:00,0.17189031961725254,0.17189031961725254,-4.142526166091505,-3.9706358464742526,7.314256025741527,7.1388577404178,-2.3390849417961355e-07,-4.142526166091505,True,ok,,0.3,0.1,0.084
2020-09-17 14:00:00+00:00,0.33515162567594503,0.33515162567594503,-2.406731546348859,-2.071579920672914,7.1388577404178,6.796866285646427,-0.6429539536511407,-2.406731546348859,True,ok,,0.3,0.1,0.084
2020-09-17 15:00:00+00:00,-0.06196899093264463,-0.06196899093264463,-1.4992171360444457,-1.5611861269770904,6.796866285646427,6.857595896760419,0.20208883604444572,-1.4992171360444457,True,ok,,0.4,0.18,0.084
2020-09-17 16:00:00+00:00,0.5373888592810157,0.5373888592810157,-0.6199474794646935,-0.08255862018367793,6.857595896760419,6.309239917902239,0.04108667946469355,-0.6199474794646936,True,ok,,0.4,0.18,0.084
2020-09-17 17:00:00+00:00,1.2533524724996772,1.2533524724996772,-0.1396018063872162,1.113750666112461,6.309239917902239,5.0303088235148135,0.030282346387216077,-0.1396018063872161,True,ok,,0.4,0.18,0.084
2020-09-17 18:00:00+00:00,0.25714175117987625,0.25714175117987625,-1.1276581118879747e-07,0.25714163841406507,5.0303088235148135,4.767919281494532,0.29292589276581116,-1.1276581118779429e-07,True,ok,,0.4,0.18,0.084
2020-09-17 19:00:00+00:00,0.10734942895658284,0.10734942895658284,0.11704145984827685,0.2243908888048597,4.767919281494532,4.658379047865366,0.15240129015172313,0.11704145984827685,True,ok,,0.2,0.07,0.084
2020-09-17 20:00:00+00:00,0.08614910268380305,0.08614910268380305,0.028312924956010038,0.11446202763981309,4.658379047865366,4.570471800228832,0.03197345204398996,0.028312924956010045,True,ok,,0.2,0.07,0.084
2020-09-17 21:00:00+00:00,0.1623616631954348,0.1623616631954348,2.2567416882446345e-07,0.16236188886960362,4.570471800228832,4.404796633702878,0.12528078032583118,2.2567416883340087e-07,True,ok,,0.2,0.07,0.084
2020-09-17 22:00:00+00:00,0.022695180204592727,0.022695180204592727,0.03797443087324576,0.060669611077838484,4.404796633702878,4.381638286555335,0.047118829126754254,0.03797443087324576,True,ok,,0.2,0.07,0.084
2020-09-17 23:00:00+00:00,0.11865960473565806,0.11865960473565806,0.026612867436655446,0.1452724721723135,4.381638286555335,4.2605570572332345,0.2781848625633445,0.026612867436655443,True,ok,,0.2,0.07,0.084
2020-09-18 00:00:00+00:00,0.08268362952133002,0.08268362952133002,3.719005343960635e-08,0.08268366671138346,4.2605570572332345,4.176186006701265,0.05250447980994656,3.719005344034259e-08,True,ok,,0.2,0.07,0.084
2020-09-18 01:00:00+00:00,3.6693128675438933,3.6693128675438933,1.0251422999374427e-07,3.6693129700581233,4.176186006701265,0.4319892030850472,0.1571934974857699,1.0251423010813235e-07,True,ok,,0.2,0.07,0.084
2020-09-18 02:00:00+00:00,0.4233494190233462,0.4233494190233462,2.0016724941898536,2.4250219132132,0.4319892030850472,0.0,0.3288051310139256,0.4800293689860744,True,ok,,0.2,0.07,0.084
2020-09-18 03:00:00+00:00,-0.6227347369303401,-0.6227347369303401,0.7530950146334134,0.13036027770307332,0.0,0.6102800421917333,-0.0736661846334134,0.7530950146334134,True,ok,,0.2,0.07,0.084
2020-09-18 04:00:00+00:00,0.1758824676811099,0.1758824676811099,-0.009994328955087534,0.16588813872602237,0.6102800421917333,0.4308081363946823,-0.01016900104491247,-0.009994328955087528,True,ok,,0.3,0.1,0.084
2020-09-18 05:00:00+00:00,0.2538763829193418,0.2538763829193418,-0.2521808458598251,0.0016955370595167051,0.4308081363946823,0.17175060280351723,-0.2525266141401749,-0.2521808458598251,True,ok,,0.3,0.1,0.084
2020-09-18 06:00:00+00:00,-0.23133675412590238,-0.23133675412590238,-0.5347412968841349,-0.7660780510100372,0.17175060280351723,0.39846062184690156,-0.5104998031158651,-0.5347412968841349,True,ok,,0.3,0.1,0.084
2020-09-18 07:00:00+00:00,-0.6273256265439564,-0.6273256265439564,-1.3481967598048832,-1.9755223863488396,0.39846062184690156,1.0132397358599787,-0.5275490401951168,-1.3481967598048832,True,ok,,0.3,0.1,0.084
2020-09-18 08:00:00+00:00,-1.4594595893902103,-1.4594595893902103,-2.43811870839146,-3.89757829778167,1.0132397358599787,2.443510133462385,-0.26015729160854,-2.43811870839146,True,ok,,0.3,0.1,0.084
2020-09-18 09:00:00+00:00,-0.6273563757016474,-0.6273563757016474,-4.065952821770326,-4.693309197471973,2.443510133462385,3.0583193816499996,-0.10185117822967482,-4.065952821770326,True,ok,,0.3,0.1,0.084
2020-09-18 10:00:00+00:00,-0.4483407375657933,-0.4483407375657933,-4.7573771732489485,-5.205717910814742,3.0583193816499996,3.497693304464477,-0.02032782675105133,-4.7573771732489485,True,ok,,0.3,0.1,0.084
2020-09-18 11:00:00+00:00,-0.8366103429614675,-0.8366103429614675,-4.353216766091202,-5.189827109052669,3.497693304464477,4.317571440566716,-2.3390879774604673e-07,-4.353216766091202,True,ok,,0.3,0.1,0.084
2020-09-18 12:00:00+00:00,-0.5887807248957175,-0.5887807248957175,-4.174483166092352,-4.763263890988069,4.317571440566716,4.894576550964519,-2.3390764821420248e-07,-4.174483166092352,True,ok,,0.3,0.1,0.084
2020-09-18 13:00:00+00:00,-0.24445512465446884,-0.24445512465446884,-3.900980766092379,-4.145435890746848,4.894576550964519,5.1341425731258985,-2.339076211399818e-07,-3.900980766092379,True,ok,,0.3,0.1,0.084
2020-09-18 14:00:00+00:00,-0.10476887358690545,-0.10476887358690545,-2.8977434660924035,-3.002512339679309,5.1341425731258985,5.2368160692410655,-2.3390759641622712e-07,-2.8977434660924035,True,ok,,0.3,0.1,0.084
2020-09-18 15:00:00+00:00,0.01647954735844248,0.01647954735844248,-1.853676401279682,-1.8371968539212395,5.2368160692410655,5.220000204589594,0.41904000127968194,-1.853676401279682,True,ok,,0.4,0.18,0.084
2020-09-18 16:00:00+00:00,0.8176752441123669,0.8176752441123669,-0.3899618434825291,0.4277134006298378,5.220000204589594,4.385637710597383,0.26127275348252904,-0.38996184348252905,True,ok,,0.4,0.18,0.084
2020-09-18 17:00:00+00:00,0.18162192181750023,0.18162192181750023,-0.08238205499168776,0.09923986682581247,4.385637710597383,4.200309218946872,0.5936562249916877,-0.08238205499168776,True,ok,,0.4,0.18,0.084
2020-09-18 18:00:00+00:00,0.2246818538016521,0.2246818538016521,-2.4280943231036467e-07,0.22468161099221978,4.200309218946872,3.971042021190084,0.31905981280943235,-2.428094323125612e-07,True,ok,,0.4,0.18,0.084
2020-09-18 19:00:00+00:00,0.14119955192105904,0.14119955192105904,2.256767922259595e-07,0.14119977759785127,3.971042021190084,3.826960845760432,0.3611627343232078,2.2567679222312815e-07,True,ok,,0.2,0.07,0.084
2020-09-18 20:00:00+00:00,0.1335480241221244,0.1335480241221244,2.2567357715885805e-07,0.13354824979570157,3.826960845760432,3.6906873517582643,0.09515346432642284,2.2567357715507658e-07,True,ok,,0.2,0.07,0.084
2020-09-18 21:00:00+00:00,0.12654030215470324,0.12654030215470324,2.2567383120564166e-07,0.12654052782853445,3.6906873517582643,3.561564594457547,0.1031018243261688,2.2567383120761496e-07,True,ok,,0.2,0.07,0.084
2020-09-18 22:00:00+00:00,0.0785644965043721,0.0785644965043721,2.25673345247146e-07,0.07856472217771734,3.561564594457547,3.481396740881657,0.06836964432665475,2.2567334524994592e-07,True,ok,,0.2,0.07,0.084
2020-09-18 23:00:00+00:00,0.14512174634143118,0.14512174634143118,2.2567373797466317e-07,0.14512197201516916,3.481396740881657,3.3333133262475436,0.10792775432626203,2.2567373797696482e-07,True,ok,,0.2,0.07,0.084
2020-09-19 00:00:00+00:00,0.06450302435805708,0.06450302435805708,2.2567394399042318e-07,0.06450325003200107,3.3333133262475436,3.2674939136372814,0.29951687432605606,2.2567394399174854e-07,True,ok,,0.2,0.07,0.084
2020-09-19 01:00:00+00:00,0.16918635772923085,0.16918635772923085,2.2567319107880124e-07,0.16918658340242193,3.2674939136372814,3.09485477309725,0.17895485432680894,2.2567319108609157e-07,True,ok,,0.2,0.07,0.084
2020-09-19 02:00:00+00:00,0.1002165519263728,0.1002165519263728,2.2567380957017047e-07,0.10021677760018237,3.09485477309725,2.9925929854172777,0.2619607143261904,2.2567380956602345e-07,True,ok,,0.2,0.07,0.084
2020-09-19 03:00:00+00:00,0.10963402439889305,0.10963402439889305,2.2567242048687763e-07,0.10963425007131354,2.9925929854172777,2.8807215319490194,0.10684315432757951,2.256724204885904e-07,True,ok,,0.2,0.07,0.084
2020-09-19 04:00:00+00:00,0.40255635387528055,0.40255635387528055,-0.10702990940307361,0.29552644447220694,2.8807215319490194,2.469949742280366,-0.024453490596926364,-0.10702990940307364,True,ok,,0.3,0.1,0.084
2020-09-19 05:00:00+00:00,0.09871154684881167,0.09871154684881167,-0.19999146542747848,-0.1012799185786668,2.469949742280366,2.3692236740672925,-0.1247092145725215,-0.19999146542747848,True,ok,,0.3,0.1,0.084
2020-09-19 06:00:00+00:00,0.35806898399543696,0.35806898399543696,-0.9968896918912751,-0.6388207078958381,2.3692236740672925,2.0038471597862344,-0.1276425081087251,-0.9968896918912751,True,ok,,0.3,0.1,0.084
2020-09-19 07:00:00+00:00,0.18345256270165367,0.18345256270165367,-2.2396591250299007,-2.056206562328247,2.0038471597862344,1.8166506672335265,-0.10307427497009915,-2.2396591250299007,True,ok,,0.3,0.1,0.084
2020-09-19 08:00:00+00:00,-0.20989356458605002,-0.20989356458605002,-3.148703949304034,-3.358597513890084,1.8166506672335265,2.0223463605278553,-0.2675710506959664,-3.148703949304034,True,ok,,0.3,0.1,0.084
2020-09-19 09:00:00+00:00,-0.6250915998107693,-0.6250915998107693,-3.830093456454791,-4.45518505626556,2.0223463605278553,2.6349361283424093,-0.5691215435452089,-3.830093456454791,True,ok,,0.3,0.1,0.084
2020-09-19 10:00:00+00:00,-0.41682600925391267,-0.41682600925391267,-4.654372043482439,-5.071198052736352,2.6349361283424093,3.043425617411244,-0.34781795651755976,-4.654372043482439,True,ok,,0.3,0.1,0.084
2020-09-19 11:00:00+00:00,-0.9874562904670032,-0.9874562904670032,-4.0457533839340245,-5.033209674401028,3.043425617411244,4.011132782068907,-0.811491616065976,-4.0457533839340245,True,ok,,0.3,0.1,0.084
2020-09-19 12:00:00+00:00,-0.6134412479656115,-0.6134412479656115,-4.192543779008171,-4.805985026973783,4.011132782068907,4.612305205075207,-0.2493212209918284,-4.192543779008171,True,ok,,0.3,0.1,0.084
2020-09-19 13:00:00+00:00,-0.7529851399700114,-0.7529851399700114,-3.36479686234995,-4.117782002319961,4.612305205075207,5.350230642245818,-0.6494629376500501,-3.36479686234995,True,ok,,0.3,0.1,0.084
2020-09-19 14:00:00+00:00,-0.38228217366074624,-0.38228217366074624,-2.7963439660916896,-3.178626139752436,5.350230642245818,5.724867172433349,-2.33908310450994e-07,-2.7963439660916896,True,ok,,0.3,0.1,0.084
2020-09-19 15:00:00+00:00,-0.030896411091683396,-0.030896411091683396,-1.8561466062519512,-1.8870430173436346,5.724867172433349,5.755145655303199,0.0662449062519512,-1.8561466062519512,True,ok,,0.4,0.18,0.084
2020-09-19 16:00:00+00:00,-0.09475168610133022,-0.09475168610133022,-0.3784886100363225,-0.4732402961376527,5.755145655303199,5.848002307682503,0.07037521003632244,-0.3784886100363225,True,ok,,0.4,0.18,0.084
2020-09-19 17:00:00+00:00,0.10894424267783988,0.10894424267783988,-0.04250397823542519,0.06644026444241469,5.848002307682503,5.736834713113279,0.3908788582354252,-0.04250397823542519,True,ok,,0.4,0.18,0.084
2020-09-19 18:00:00+00:00,0.2576292741507493,0.2576292741507493,-0.0805557462344767,0.17707352791627262,5.736834713113279,5.473947698673738,0.6054674862344767,-0.08055574623447669,True,ok,,0.4,0.18,0.084
2020-09-19 19:00:00+00:00,0.09126755206303644,0.09126755206303644,2.256739453365686e-07,0.09126777773698178,5.473947698673738,5.380817543507375,0.5608166743260548,2.2567394533364853e-07,True,ok,,0.2,0.07,0.084
2020-09-19 20:00:00+00:00,0.150276001474994,0.150276001474994,8.186988931235817e-08,0.15027608334488332,5.380817543507375,5.227474684859422,0.3825743781301107,8.186988931258889e-08,True,ok,,0.2,0.07,0.084
2020-09-19 21:00:00+00:00,0.1859033300988822,0.1859033300988822,2.2567050844690684e-07,0.18590355576939066,5.227474684859422,5.037777409248317,0.26755043432949155,2.256705084595475e-07,True,ok,,0.2,0.07,0.084
2020-09-19 22:00:00+00:00,0.08647803641177737,0.08647803641177737,1.0251451673659595e-07,0.0864781389262941,5.037777409248317,4.949534514950585,0.2525744774854833,1.0251451673333658e-07,True,ok,,0.2,0.07,0.084
2020-09-19 23:00:00+00:00,0.12137045277767575,0.12137045277767575,1.0251455974386037e-07,0.12137055529223549,4.949534514950585,4.825687114157039,0.22207399748544024,1.0251455974410936e-07,True,ok,,0.2,0.07,0.084
2020-09-20 00:00:00+00:00,0.14816236977085134,0.14816236977085134,1.0251431342700457e-07,0.14816247228516477,4.825687114157039,4.6745010225541295,0.34750049748568657,1.0251431341619876e-07,True,ok,,0.2,0.07,0.084
2020-09-20 01:00:00+00:00,0.059432212941405715,0.059432212941405715,3.7190095426853365e-08,0.05943225013150114,4.6745010225541295,4.613855907307797,0.34606881280990454,3.719009542987933e-08,True,ok,,0.2,0.07,0.084
2020-09-20 02:00:00+00:00,0.33915751750788964,0.33915751750788964,3.719009966651754e-08,0.3391575546979893,4.613855907307797,4.26777680780995,0.3897625328099003,3.719009967149789e-08,True,ok,,0.2,0.07,0.084
2020-09-20 03:00:00+00:00,0.08612036977103948,0.08612036977103948,1.0251444319819836e-07,0.08612047228548268,4.26777680780995,4.179898879472154,0.2837117974855568,1.0251444320099488e-07,True,ok,,0.2,0.07,0.084
2020-09-20 04:00:00+00:00,0.28572970967413225,0.28572970967413225,-0.07381287609326734,0.2119168335808649,4.179898879472154,3.888337951233244,-2.3390673267744923e-07,-0.07381287609326732,True,ok,,0.3,0.1,0.084
2020-09-20 05:00:00+00:00,0.7766609978386513,0.7766609978386513,-0.5642886660922315,0.2123723317464198,3.888337951233244,3.0958267289489063,-2.3390776847378937e-07,-0.5642886660922315,True,ok,,0.3,0.1,0.084
2020-09-20 06:00:00+00:00,1.3973780443054644,1.3973780443054644,-1.2253432660919628,0.17203477821350155,3.0958267289489063,1.6699307653719018,-2.339080371115479e-07,-1.2253432660919628,True,ok,,0.3,0.1,0.084
2020-09-20 07:00:00+00:00,1.6365321500644636,1.6365321500644636,-1.3464952889626773,0.29003686110178617,1.6699307653719018,0.0,-0.2720320468863953,-1.7007282531136045,True,ok,,0.3,0.1,0.084
2020-09-20 08:00:00+00:00,0.0,0.0,0.15178433332973065,0.15178433332973065,0.0,0.0,-0.9840120864471068,-0.8232086135528932,True,ok,,0.3,0.1,0.084
2020-09-20 09:00:00+00:00,0.0,0.0,0.1501979164097046,0.1501979164097046,0.0,0.0,-1.0117161427830108,-0.5023418572169892,True,ok,,0.3,0.1,0.084
2020-09-20 10:00:00+00:00,0.0,0.0,0.11778394418822385,0.11778394418822385,0.0,0.0,-0.9939315564196824,-2.4358031752958305e-07,True,ok,,0.3,0.1,0.084
2020-09-20 11:00:00+00:00,-0.26131046760984156,-0.26131046760984156,0.38628302308030804,0.12497255547046647,0.0,0.25608425825764475,-0.8523920930803079,0.38628302308030804,True,ok,,0.3,0.1,0.084
2020-09-20 12:00:00+00:00,-0.21624704247875465,-0.21624704247875465,0.5742833474453632,0.3580363049666086,0.25608425825764475,0.46800635988682426,-0.7994654174453633,0.5742833474453632,True,ok,,0.3,0.1,0.084
2020-09-20 13:00:00+00:00,0.4586462326890878,0.4586462326890878,0.08993187874489406,0.5485781114339818,0.46800635988682426,0.0,-0.5611654347596132,0.020642834759613236,True,ok,,0.3,0.1,0.084
2020-09-20 14:00:00+00:00,-0.5386672091285885,-0.5386672091285885,0.8056497926301923,0.26698258350160387,0.0,0.5278938649460166,-0.9737186426301924,0.8056497926301923,True,ok,,0.3,0.1,0.084
2020-09-20 15:00:00+00:00,0.15247783528284856,0.15247783528284856,-1.1276519920611072e-07,0.15247772251764935,0.5278938649460166,0.3723042371063753,-0.1359099172348008,-1.1276519920438663e-07,True,ok,,0.4,0.18,0.084
2020-09-20 16:00:00+00:00,-0.2188246516601944,-0.2188246516601944,0.4325195962061521,0.2136949445459577,0.3723042371063753,0.5867523957333658,0.09079345379384783,0.4325195962061521,True,ok,,0.4,0.18,0.084
2020-09-20 17:00:00+00:00,0.10920660906392365,0.10920660906392365,0.07994936338506112,0.18915597244898477,0.5867523957333658,0.47531708036201514,0.4037713966149389,0.07994936338506112,True,ok,,0.4,0.18,0.084
2020-09-20 18:00:00+00:00,0.11180583488240295,0.11180583488240295,-1.1276233001511482e-07,0.11180572212007293,0.47531708036201514,0.3612294937473183,0.38988866276233003,-1.1276233001966627e-07,True,ok,,0.4,0.18,0.084
2020-09-20 19:00:00+00:00,0.056730688468737814,0.056730688468737814,0.10809261726261189,0.1648233057313497,0.3612294937473183,0.30334103612615726,0.015998692737388104,0.10809261726261189,True,ok,,0.2,0.07,0.084
2020-09-20 20:00:00+00:00,-0.3874826648983093,-0.3874826648983093,0.45153949808075017,0.06405683318244088,0.30334103612615726,0.6830740477265004,-0.006991038080750214,0.45153949808075017,True,ok,,0.2,0.07,0.084
2020-09-20 21:00:00+00:00,-0.41931812670613744,-0.41931812670613744,0.5575690157107386,0.13825088900460114,0.6830740477265004,1.094005811898515,0.02671284428926141,0.5575690157107386,True,ok,,0.2,0.07,0.084
2020-09-20 22:00:00+00:00,-0.3385413568634209,-0.3385413568634209,0.4859055468339617,0.14736418997054082,1.094005811898515,1.4257763416246676,0.11520370316603823,0.4859055468339617,True,ok,,0.2,0.07,0.084
2020-09-20 23:00:00+00:00,-0.0769564976470784,-0.0769564976470784,0.2343740315840746,0.1574175339369962,1.4257763416246676,1.5011937093188044,0.17382164841592543,0.2343740315840746,True,ok,,0.2,0.07,0.084
2020-09-21 00:00:00+00:00,0.01422349897861698,0.01422349897861698,0.08687131162880798,0.10109481060742496,1.5011937093188044,1.486679934850828,0.37122138837119195,0.08687131162880798,True,ok,,0.2,0.07,0.084
2020-09-21 01:00:00+00:00,0.13683599666345314,0.13683599666345314,2.2567522306449206e-07,0.1368362223386762,1.486679934850828,1.3470513668268962,0.507363374324777,2.256752230753771e-07,True,ok,,0.2,0.07,0.084
2020-09-21 02:00:00+00:00,0.1402003298648582,0.1402003298648582,2.2567427299113874e-07,0.1402005555391312,1.3470513668268962,1.2039898057403062,0.275304874325727,2.2567427299494345e-07,True,ok,,0.2,0.07,0.084
2020-09-21 03:00:00+00:00,0.11189030199352161,0.11189030199352161,2.2567341805002084e-07,0.11189052766693966,1.2039898057403062,1.0898160281958964,0.06756972432658195,2.256734180499225e-07,True,ok,,0.2,0.07,0.084
2020-09-21 04:00:00+00:00,0.15210701162990986,0.15210701162990986,-0.01302756739633354,0.13907944423357632,1.0898160281958964,0.9346047918388455,-0.013432027603666456,-0.013027567396333541,True,ok,,0.3,0.1,0.084
2020-09-21 05:00:00+00:00,-0.0045096271565644025,-0.0045096271565644025,-0.08666292463814543,-0.09117255179470983,0.9346047918388455,0.9390242264522786,-0.10262223536185455,-0.08666292463814543,True,ok,,0.3,0.1,0.084
2020-09-21 06:00:00+00:00,-0.7381235450799729,-0.7381235450799729,-0.29380959766565906,-1.031933142745632,0.9390242264522786,1.662385300630652,-0.3475798723343408,-0.29380959766565906,True,ok,,0.3,0.1,0.084
2020-09-21 07:00:00+00:00,-1.150735246763503,-1.150735246763503,-1.2425740589732501,-2.393309305736753,1.662385300630652,2.790105842458885,-0.7017643410267502,-1.2425740589732501,True,ok,,0.3,0.1,0.084
2020-09-21 08:00:00+00:00,-1.0799196740517383,-1.0799196740517383,-2.4683827137894387,-3.548302387841177,2.790105842458885,3.8484271230295883,-0.508532586210561,-2.4683827137894387,True,ok,,0.3,0.1,0.084
2020-09-21 09:00:00+00:00,-0.3318511604618588,-0.3318511604618588,-3.943000457398844,-4.274851617860703,3.8484271230295883,4.17364126028221,-0.22522754260115568,-3.943000457398844,True,ok,,0.3,0.1,0.084
2020-09-21 10:00:00+00:00,-0.03356126584696817,-0.03356126584696817,-4.686857675591458,-4.720418941438426,4.17364126028221,4.206531300812239,-0.20834402440854108,-4.686857675591458,True,ok,,0.3,0.1,0.084
2020-09-21 11:00:00+00:00,0.10165907421764064,0.10165907421764064,-4.845370260960149,-4.743711186742508,4.206531300812239,4.102797551610565,-0.18787823903985207,-4.845370260960149,True,ok,,0.3,0.1,0.084
2020-09-21 12:00:00+00:00,-0.24132201563136224,-0.24132201563136224,-4.255638849459729,-4.496960865091091,4.102797551610565,4.3392931269293005,-0.23176215054027205,-4.255638849459729,True,ok,,0.3,0.1,0.084
2020-09-21 13:00:00+00:00,-0.7524313531036402,-0.7524313531036402,-3.1089375106946435,-3.8613688637982837,4.3392931269293005,5.076675852970868,-0.892210889305357,-3.1089375106946435,True,ok,,0.3,0.1,0.084
2020-09-21 14:00:00+00:00,-1.6258138207241157,-1.6258138207241157,-1.239366793168264,-2.8651806138923797,5.076675852970868,6.6699733972805015,-1.632289706831736,-1.239366793168264,True,ok,,0.3,0.1,0.084
2020-09-21 15:00:00+00:00,0.27750070954084705,0.27750070954084705,-1.7204188035891275,-1.4429180940482804,6.6699733972805015,6.386809407953106,0.3311718035891274,-1.7204188035891275,True,ok,,0.4,0.18,0.084
2020-09-21 16:00:00+00:00,0.43685340731926836,0.43685340731926836,-0.3461759003396857,0.09067750697958264,6.386809407953106,5.941040624974261,0.0703234203396857,-0.3461759003396857,True,ok,,0.4,0.18,0.084
2020-09-21 17:00:00+00:00,0.1428208865303407,0.1428208865303407,-1.127660264055308e-07,0.1428207737643143,5.941040624974261,5.795305026473914,0.34298894276602643,-1.1276602639381505e-07,True,ok,,0.4,0.18,0.084
2020-09-21 18:00:00+00:00,0.21749291845087934,0.21749291845087934,-1.1276594191755862e-07,0.21749280568493742,5.795305026473914,5.573373477034241,0.5165249127659419,-1.1276594191178618e-07,True,ok,,0.4,0.18,0.084
2020-09-21 19:00:00+00:00,0.1927956634592833,0.1927956634592833,2.2567459403988188e-07,0.19279588913387735,5.573373477034241,5.376643208198237,0.694891774325406,2.256745940460541e-07,True,ok,,0.2,0.07,0.084
2020-09-21 20:00:00+00:00,0.11597373051560925,0.11597373051560925,1.0251551529893987e-07,0.11597383303112455,5.376643208198237,5.258302666855778,0.5306787974844847,1.0251551530010355e-07,True,ok,,0.2,0.07,0.084
2020-09-21 21:00:00+00:00,0.13501282983218257,0.13501282983218257,2.2567251042882042e-07,0.135013055504693,5.258302666855778,5.120534473149469,0.5233248743274895,2.2567251042365264e-07,True,ok,,0.2,0.07,0.084
2020-09-21 22:00:00+00:00,0.07215325867890263,0.07215325867890263,1.0251443650910463e-07,0.07215336119333914,5.120534473149469,5.046908698987323,0.5242084574855636,1.0251443650593913e-07,True,ok,,0.2,0.07,0.084
2020-09-21 23:00:00+00:00,0.13748273085256504,0.13748273085256504,1.0251435872410397e-07,0.13748283336692377,5.046908698987323,4.906620198117359,0.4155914974856413,1.0251435873075704e-07,True,ok,,0.2,0.07,0.084
2020-09-22 00:00:00+00:00,0.10305164763432861,0.10305164763432861,1.0251433875396732e-07,0.10305175014866737,4.906620198117359,4.80146545563335,0.40201185748566126,1.0251433875287311e-07,True,ok,,0.2,0.07,0.084
2020-09-22 01:00:00+00:00,0.14395350868467435,0.14395350868467435,1.0251438650743516e-07,0.14395361119906086,4.80146545563335,4.6545741202408255,0.19405562748561347,1.0251438651655423e-07,True,ok,,0.2,0.07,0.084
2020-09-22 02:00:00+00:00,0.13874514732158058,0.13874514732158058,1.0251406956651721e-07,0.13874524983565015,4.6545741202408255,4.512997439300437,0.06311317748593044,1.0251406956621433e-07,True,ok,,0.2,0.07,0.084
2020-09-22 03:00:00+00:00,0.13129990474374614,0.13129990474374614,-9.90336953832216e-08,0.13129980571005076,4.512997439300437,4.379017944663961,-0.05189815496630461,-9.903369539692678e-08,True,ok,,0.2,0.07,0.084
2020-09-22 04:00:00+00:00,0.2987493708359407,0.2987493708359407,-0.15015506514316196,0.14859430569277876,4.379017944663961,4.074171647892594,-8.485683804487764e-08,-0.15015506514316196,True,ok,,0.3,0.1,0.084
2020-09-22 05:00:00+00:00,0.25818990311338935,0.25818990311338935,-0.31290851609231357,-0.05471861297892423,4.074171647892594,3.8107125630830128,-2.33907686481836e-07,-0.31290851609231357,True,ok,,0.3,0.1,0.084
2020-09-22 06:00:00+00:00,0.04371747946732152,0.04371747946732152,-0.9832841660919982,-0.9395666866246767,3.8107125630830128,3.7661028901571747,-2.3390800178994558e-07,-0.9832841660919982,True,ok,,0.3,0.1,0.084
2020-09-22 07:00:00+00:00,-0.10559898800348044,-0.10559898800348044,-2.161802966092093,-2.2674019540955737,3.7661028901571747,3.8695898984005854,-2.3390790696306781e-07,-2.161802966092093,True,ok,,0.3,0.1,0.084
2020-09-22 08:00:00+00:00,-0.2553490825848086,-0.2553490825848086,-3.1480307660919973,-3.403379848676806,3.8695898984005854,4.119831999333698,-2.3390800280383118e-07,-3.1480307660919973,True,ok,,0.3,0.1,0.084
2020-09-22 09:00:00+00:00,-0.15160554663398784,-0.15160554663398784,-3.9982267637901012,-4.149832310424089,4.119831999333698,4.268405435035006,-0.06192873620989818,-3.9982267637901012,True,ok,,0.3,0.1,0.084
2020-09-22 10:00:00+00:00,0.5395582411904449,0.5395582411904449,-4.586617466091882,-4.047059224901437,4.268405435035006,3.7178358011672046,-2.339081178383073e-07,-4.586617466091882,True,ok,,0.3,0.1,0.084
2020-09-22 11:00:00+00:00,-0.2345430802347641,-0.2345430802347641,-4.225230305495519,-4.4597733857302835,3.7178358011672046,3.9476880197972735,-0.32040499450448073,-4.225230305495519,True,ok,,0.3,0.1,0.084
2020-09-22 12:00:00+00:00,-0.10662262800789879,-0.10662262800789879,-4.183595557694421,-4.29021818570232,3.9476880197972735,4.052178195245014,-0.10791344230557814,-4.183595557694421,True,ok,,0.3,0.1,0.084
2020-09-22 13:00:00+00:00,-0.578510233856179,-0.578510233856179,-3.130425096509813,-3.7089353303659918,4.052178195245014,4.61911822442407,-0.8433815034901876,-3.130425096509813,True,ok,,0.3,0.1,0.084
2020-09-22 14:00:00+00:00,1.0791386115211765,1.0791386115211765,-2.8833854660880647,-1.8042468545668882,4.61911822442407,3.5179563759330734,-2.3391193505961046e-07,-2.8833854660880647,True,ok,,0.3,0.1,0.084
2020-09-22 15:00:00+00:00,0.4941392594994687,0.4941392594994687,-1.1584530896193668,-0.6643138301198981,3.5179563759330734,3.013732641749942,8.961936692299998e-08,-1.1584530896193668,True,ok,,0.4,0.18,0.084
2020-09-22 16:00:00+00:00,0.6705236264042371,0.6705236264042371,-1.1276640432544838e-07,0.6705235136378328,3.013732641749942,2.329524859704802,0.07788701276640432,-1.1276640431457315e-07,True,ok,,0.4,0.18,0.084
2020-09-22 17:00:00+00:00,0.17639009268744946,0.17639009268744946,-1.1276572833840426e-07,0.17638997992172112,2.329524859704802,2.1495349692074046,0.5719707127657283,-1.1276572832511308e-07,True,ok,,0.4,0.18,0.084
2020-09-22 18:00:00+00:00,0.24234658468501086,0.24234658468501086,-1.127660567978861e-07,0.24234647191895406,2.1495349692074046,1.9022425358553527,0.3860717727660568,-1.1276605680497645e-07,True,ok,,0.4,0.18,0.084
2020-09-22 19:00:00+00:00,0.20039184075903865,0.20039184075903865,0.07331154813324109,0.27370338889227974,1.9022425358553527,1.6977610656930684,0.1894744018667589,0.0733115481332411,True,ok,,0.2,0.07,0.084
2020-09-22 20:00:00+00:00,0.11216774430615903,0.11216774430615903,0.14315514359663065,0.2553228879027897,1.6977610656930684,1.5833041837480082,0.09903150640336933,0.14315514359663065,True,ok,,0.2,0.07,0.084
2020-09-22 21:00:00+00:00,0.05275875880783565,0.05275875880783565,0.16656393571099543,0.21932269451883107,1.5833041837480082,1.5294687155767472,0.09761776428900455,0.16656393571099543,True,ok,,0.2,0.07,0.084
2020-09-22 22:00:00+00:00,-0.011766800761111973,-0.011766800761111973,0.14907199507278393,0.13730519431167196,1.5294687155767472,1.541000180322637,0.12528457492721604,0.14907199507278393,True,ok,,0.2,0.07,0.084
2020-09-22 23:00:00+00:00,0.15306120947499452,0.15306120947499452,0.012444485020312729,0.16550569449530725,1.541000180322637,1.3848152726950915,0.1499076249796873,0.012444485020312724,True,ok,,0.2,0.07,0.084
2020-09-23 00:00:00+00:00,0.17698089151625052,0.17698089151625052,-5.8467959918040435e-08,0.1769808330482906,1.3848152726950915,1.204222526249938,-0.002493654932040087,-5.8467959912718944e-08,True,ok,,0.2,0.07,0.084
2020-09-23 01:00:00+00:00,0.7879519455091184,0.7879519455091184,8.187002265014343e-08,0.787952027379141,1.204222526249938,0.4001899287916538,0.1837435681299773,8.187002270406835e-08,True,ok,,0.2,0.07,0.084
2020-09-23 02:00:00+00:00,0.2778525009188765,0.2778525009188765,0.12001435965891888,0.39786686057779536,0.4001899287916538,0.11666696867035131,0.22676506034108113,0.12001435965891889,True,ok,,0.2,0.07,0.084
2020-09-23 03:00:00+00:00,0.11433362929694428,0.11433362929694428,0.303302036710522,0.4176356660074663,0.11666696867035131,0.0,0.05345717096673158,0.12519016903326843,True,ok,,0.2,0.07,0.084
2020-09-23 04:00:00+00:00,0.0,0.0,0.1806697776608995,0.1806697776608995,0.0,0.0,-7.519159625517227e-09,0.03548523751915963,True,ok,,0.3,0.1,0.084
2020-09-23 05:00:00+00:00,0.0,0.0,0.08207205331782269,0.08207205331782269,0.0,0.0,-0.10400494171453782,-0.04874578828546219,True,ok,,0.3,0.1,0.084
2020-09-23 06:00:00+00:00,0.0,0.0,-0.18069936361952305,-0.18069936361952305,0.0,0.0,-0.5080974680608144,-0.2566809319391858,True,ok,,0.3,0.1,0.084
2020-09-23 07:00:00+00:00,-0.7177727020069042,-0.7177727020069042,-0.6128091646781886,-1.3305818666850928,0.0,0.7034172479667662,-0.9562662353218113,-0.6128091646781886,True,ok,,0.3,0.1,0.084
2020-09-23 08:00:00+00:00,-2.0787516568384357,-2.0787516568384357,-1.003696422759377,-3.0824480795978126,0.7034172479667662,2.740593871668433,-1.1007368772406234,-1.003696422759377,True,ok,,0.3,0.1,0.084
2020-09-23 09:00:00+00:00,-1.9867945183603566,-1.9867945183603566,-2.190952483200904,-4.1777470015612606,2.740593871668433,4.687652499661582,-0.7220865167990964,-2.190952483200904,True,ok,,0.3,0.1,0.084
2020-09-23 10:00:00+00:00,-1.5218395594848615,-1.5218395594848615,-2.9499436549197138,-4.471783214404575,4.687652499661582,6.1790552679567465,-0.44646304508028634,-2.9499436549197138,True,ok,,0.3,0.1,0.084
2020-09-23 11:00:00+00:00,-0.7561702483279373,-0.7561702483279373,-3.619296915141389,-4.3754671634693265,6.1790552679567465,6.920102111318125,-8.485861073468197e-08,-3.619296915141389,True,ok,,0.3,0.1,0.084
2020-09-23 12:00:00+00:00,-0.24249840459334093,-0.24249840459334093,-3.851323466092287,-4.093821870685628,6.920102111318125,7.1577505478195995,-2.339077131051934e-07,-3.851323466092287,True,ok,,0.3,0.1,0.084
2020-09-23 13:00:00+00:00,-0.07985340982880462,-0.07985340982880462,-3.398609666092192,-3.4784630759209967,7.1577505478195995,7.236006889451828,-2.339078077894234e-07,-3.398609666092192,True,ok,,0.3,0.1,0.084
2020-09-23 14:00:00+00:00,0.18708656783439404,0.18708656783439404,-2.441876915143159,-2.254790347308765,7.236006889451828,7.045102228396324,-8.485684044415863e-08,-2.441876915143159,True,ok,,0.3,0.1,0.084
2020-09-23 15:00:00+00:00,0.6870871685217979,0.6870871685217979,-1.109480924394386,-0.4223937558725881,7.045102228396324,6.343992872761836,0.381525354394386,-1.109480924394386,True,ok,,0.4,0.18,0.084
2020-09-23 16:00:00+00:00,0.17106959299721125,0.17106959299721125,-0.01295535123886829,0.15811424175834296,6.343992872761836,6.1694320635810085,0.5515374512388682,-0.012955351238868292,True,ok,,0.4,0.18,0.084
2020-09-23 17:00:00+00:00,0.3850093142387343,0.3850093142387343,-0.1407342761407242,0.2442750380980101,6.1694320635810085,5.776565416398626,0.7571230761407242,-0.14073427614072417,True,ok,,0.4,0.18,0.084
2020-09-23 18:00:00+00:00,0.3268036627468237,0.3268036627468237,-0.08835241284272102,0.23845124990410269,5.776565416398626,5.443092291146765,0.537135812842721,-0.08835241284272105,True,ok,,0.4,0.18,0.084
2020-09-23 19:00:00+00:00,0.27097035756563936,0.27097035756563936,2.2551295691952689e-07,0.2709705830785963,5.443092291146765,5.166591926283868,0.46543080448704316,2.2551295690459674e-07,True,ok,,0.2,0.07,0.084
2020-09-23 20:00:00+00:00,0.14107930691705925,0.14107930691705925,8.186830280365598e-08,0.14107938878536205,5.166591926283868,5.022633449837889,0.5829165181316972,8.186830279982207e-08,True,ok,,0.2,0.07,0.084
2020-09-23 21:00:00+00:00,0.17672192514755977,0.17672192514755977,1.025145054123211e-07,0.17672202766206518,5.022633449837889,4.842304954789358,0.3797136474854946,1.0251450541593577e-07,True,ok,,0.2,0.07,0.084
2020-09-23 22:00:00+00:00,0.170019202908286,0.170019202908286,1.0251428475549496e-07,0.17001930542257077,4.842304954789358,4.668815972229883,0.13170442748571526,1.0251428476915762e-07,True,ok,,0.2,0.07,0.084
2020-09-23 23:00:00+00:00,0.14778492571006707,0.14778492571006707,1.0251445409226179e-07,0.14778502822452116,4.668815972229883,4.518015027627773,0.1823797174855459,1.0251445410112117e-07,True,ok,,0.2,0.07,0.084
2020-09-24 00:00:00+00:00,0.18674375816672642,0.18674375816672642,1.0251512511105787e-07,0.18674386068185153,4.518015027627773,4.327460172355603,0.3170134974848749,1.0251512511471021e-07,True,ok,,0.2,0.07,0.084
2020-09-24 01:00:00+00:00,0.17676188546826463,0.17676188546826463,2.2566838367432673e-07,0.1767621111366483,4.327460172355603,4.1470909014696185,0.5338983343316164,2.256683836654907e-07,True,ok,,0.2,0.07,0.084
2020-09-24 02:00:00+00:00,0.22761534169000758,0.22761534169000758,1.0251453474996453e-07,0.22761544420454233,4.1470909014696185,3.914830348724713,0.3487965974854652,1.0251453475377881e-07,True,ok,,0.2,0.07,0.084
2020-09-24 03:00:00+00:00,0.21096313574502198,0.21096313574502198,2.2525599274736408e-07,0.21096336100101473,3.914830348724713,3.6995618428624457,0.23791255474400724,2.2525599275015235e-07,True,ok,,0.2,0.07,0.084
2020-09-24 04:00:00+00:00,0.2130722498975937,0.2130722498975937,-0.056952694169952967,0.15611955572764075,3.6995618428624457,3.4821411797016357,-0.046406131830047034,-0.05695269416995295,True,ok,,0.3,0.1,0.084
2020-09-24 05:00:00+00:00,0.4015964049522055,0.4015964049522055,-0.1566698346080514,0.2449265703441541,3.4821411797016357,3.0723489297504054,-0.1293630653919486,-0.15666983460805137,True,ok,,0.3,0.1,0.084
2020-09-24 06:00:00+00:00,-0.3877397057585489,-0.3877397057585489,-0.17478950321965092,-0.5625292089781998,3.0723489297504054,3.4523338413937834,-0.1604462167803491,-0.17478950321965092,True,ok,,0.3,0.1,0.084
2020-09-24 07:00:00+00:00,-1.0366207689763032,-1.0366207689763032,-0.9528976451252609,-1.989518414101564,3.4523338413937834,4.4682221949905605,-0.3216585548747391,-0.9528976451252608,True,ok,,0.3,0.1,0.084
2020-09-24 08:00:00+00:00,-0.7027890459057051,-0.7027890459057051,-2.2609571915196227,-2.963746237425328,4.4682221949905605,5.1569554599781515,-0.3878221084803776,-2.2609571915196227,True,ok,,0.3,0.1,0.084
2020-09-24 09:00:00+00:00,-2.07613967986242,-2.07613967986242,-2.73090581042531,-4.80704549028773,5.1569554599781515,7.191572346243323,-0.8615465895746901,-2.73090581042531,True,ok,,0.3,0.1,0.084
2020-09-24 10:00:00+00:00,-0.8399293790072693,-0.8399293790072693,-3.6753843156340555,-4.515313694641325,7.191572346243323,8.014703137670447,-0.6224222843659444,-3.6753843156340555,True,ok,,0.3,0.1,0.084
2020-09-24 11:00:00+00:00,1.147654051365897,1.147654051365897,-4.397487427752876,-3.2498333763869787,8.014703137670447,6.843627575052184,-0.01939827224712498,-4.397487427752876,True,ok,,0.3,0.1,0.084
2020-09-24 12:00:00+00:00,-1.0051440053778693,-1.0051440053778693,-2.3652585911512727,-3.370402596529142,6.843627575052184,7.828668700322496,-0.9998217088487275,-2.3652585911512727,True,ok,,0.3,0.1,0.084
2020-09-24 13:00:00+00:00,-1.0650157495778116,-1.0650157495778116,-1.8130406046880227,-2.8780563542658344,7.828668700322496,8.872384134908751,-0.9150406953119773,-1.8130406046880227,True,ok,,0.3,0.1,0.084
2020-09-24 14:00:00+00:00,0.4315600293567007,0.4315600293567007,-1.3735763659763265,-0.9420163366196258,8.872384134908751,8.432016758014159,-0.19684193402367361,-1.3735763659763265,True,ok,,0.3,0.1,0.084
2020-09-24 15:00:00+00:00,-0.030936989224331413,-0.030936989224331413,-0.42533748961905415,-0.45627447884338557,8.432016758014159,8.462335007454003,8.96190541956455e-08,-0.42533748961905415,True,ok,,0.4,0.18,0.084
2020-09-24 16:00:00+00:00,0.4384879914588374,0.4384879914588374,-4.090910854515073e-08,0.43848795054972883,8.462335007454003,8.014898281475597,0.2525547309091085,-4.090910855360037e-08,True,ok,,0.4,0.18,0.084
2020-09-24 17:00:00+00:00,0.39904167107235694,0.39904167107235694,-1.12765837445572e-07,0.3990415583065195,8.014898281475597,7.607712902830335,0.8046992727658374,-1.1276583744858792e-07,True,ok,,0.4,0.18,0.084
2020-09-24 18:00:00+00:00,0.39025379785909187,0.39025379785909187,-2.428049567515522e-07,0.3902535550541351,7.607712902830335,7.209494741749629,0.49512341280495675,-2.4280495674986033e-07,True,ok,,0.4,0.18,0.084
2020-09-24 19:00:00+00:00,0.1838016589180378,0.1838016589180378,0.05852620232743544,0.24232786124547323,7.209494741749629,7.021942028567958,0.23694309767256452,0.05852620232743544,True,ok,,0.2,0.07,0.084
2020-09-24 20:00:00+00:00,0.17393862630753676,0.17393862630753676,0.019251567732338104,0.19319019403987486,7.021942028567958,6.844453634376594,0.16024935226766193,0.019251567732338097,True,ok,,0.2,0.07,0.084
2020-09-24 21:00:00+00:00,0.1556181907966474,0.1556181907966474,2.25674304105139e-07,0.1556184164709515,6.844453634376594,6.6856595621351165,0.3197385443256959,2.2567430411428248e-07,True,ok,,0.2,0.07,0.084
2020-09-24 22:00:00+00:00,0.1773568300414295,0.1773568300414295,2.256729657590384e-07,0.17735705571439525,6.6856595621351165,6.504683204949984,0.2643175743270343,2.2567296575136475e-07,True,ok,,0.2,0.07,0.084
2020-09-24 23:00:00+00:00,0.15329896889331995,0.15329896889331995,2.256730886884828e-07,0.15329919456640864,6.504683204949984,6.348255685671086,0.3196177543269113,2.2567308867717234e-07,True,ok,,0.2,0.07,0.084
2020-09-25 00:00:00+00:00,0.21097552386723994,0.21097552386723994,2.256730896044168e-07,0.21097574954032955,6.348255685671086,6.13297453886778,0.42882887432691036,2.2567308959285148e-07,True,ok,,0.2,0.07,0.084
2020-09-25 01:00:00+00:00,0.39347305274773364,0.39347305274773364,2.2567409185825227e-07,0.3934732784218255,6.13297453886778,5.731471423819072,0.6417062743259081,2.2567409183914117e-07,True,ok,,0.2,0.07,0.084
2020-09-25 02:00:00+00:00,0.1534051473594416,0.1534051473594416,1.0251435567099065e-07,0.15340524987379728,5.731471423819072,5.574935559166581,0.5442660974856444,1.0251435568450923e-07,True,ok,,0.2,0.07,0.084
2020-09-25 03:00:00+00:00,0.33179692639025465,0.33179692639025465,1.025142360999709e-07,0.33179702890449075,5.574935559166581,5.236367266931627,0.2502385474857639,1.025142360852297e-07,True,ok,,0.2,0.07,0.084
2020-09-25 04:00:00+00:00,0.16315434381020266,0.16315434381020266,-1.04412655466124e-08,0.16315433336893712,5.236367266931627,5.069883242635502,0.24160664044126554,-1.0441265547087338e-08,True,ok,,0.3,0.1,0.084
2020-09-25 05:00:00+00:00,0.7273699012019164,0.7273699012019164,-1.0441272957351089e-08,0.7273698907606434,5.069883242635502,4.327669057735587,0.10598853544127296,-1.04412729604438e-08,True,ok,,0.3,0.1,0.084
2020-09-25 06:00:00+00:00,0.2550058547286358,0.2550058547286358,-0.3366222660918466,-0.08161641136321081,4.327669057735587,4.0674590018900405,-2.3390815338970054e-07,-0.3366222660918466,True,ok,,0.3,0.1,0.084
2020-09-25 07:00:00+00:00,0.7288664730523867,0.7288664730523867,-1.3887680660921626,-0.6599015930397759,4.0674590018900405,3.323717702856993,-2.339078373803195e-07,-1.3887680660921626,True,ok,,0.3,0.1,0.084
2020-09-25 08:00:00+00:00,-0.35404167166083855,-0.35404167166083855,-1.6341479240326253,-1.9881895956934639,3.323717702856993,3.6706785410846146,-0.0303424759673744,-1.6341479240326253,True,ok,,0.3,0.1,0.084
2020-09-25 09:00:00+00:00,-0.10066540989910067,-0.10066540989910067,-2.2260231660916205,-2.326688575990721,3.6706785410846146,3.769330642785733,-2.339083791312198e-07,-2.2260231660916205,True,ok,,0.3,0.1,0.084
2020-09-25 10:00:00+00:00,3.6939440299300186,3.6939440299300186,-2.187710368217754,1.5062336617122645,3.769330642785733,0.0,-0.04443096437939439,-2.383609335620606,True,ok,,0.3,0.1,0.084
2020-09-25 11:00:00+00:00,-3.120653102562868,-3.120653102562868,0.4425119180132784,-2.6781411845495895,0.0,3.0582400405116106,-0.7240951680132783,0.44251191801327827,True,ok,,0.3,0.1,0.084
2020-09-25 12:00:00+00:00,-2.4393385243991323,-2.4393385243991323,-0.3584550788380634,-2.7977936032371957,3.0582400405116106,5.44879179442276,-1.2051423211619368,-0.3584550788380636,True,ok,,0.3,0.1,0.084
2020-09-25 13:00:00+00:00,0.39628071119713226,0.39628071119713226,-1.5514852660910023,-1.15520455489387,5.44879179442276,5.044423721772626,-2.3390899757778078e-07,-1.5514852660910023,True,ok,,0.3,0.1,0.084
2020-09-25 14:00:00+00:00,-0.44207980081650267,-0.44207980081650267,-0.6116591151431258,-1.0537389159596284,5.044423721772626,5.477661926572798,-8.485687428310726e-08,-0.6116591151431258,True,ok,,0.3,0.1,0.084
2020-09-25 15:00:00+00:00,0.8868848165862434,0.8868848165862434,-0.6369738801843393,0.24991093640190412,5.477661926572798,4.572677419852142,0.45619483018433926,-0.6369738801843393,True,ok,,0.4,0.18,0.084
2020-09-25 16:00:00+00:00,1.3499500957733972,1.3499500957733972,-0.06226418687741542,1.2876859088959818,4.572677419852142,3.1951773221241857,0.5513808868774154,-0.06226418687741548,True,ok,,0.4,0.18,0.084
2020-09-25 17:00:00+00:00,0.25421457568319944,0.25421457568319944,-0.017058947851462697,0.23715562783173674,3.1951773221241857,2.935774693876023,0.7601480478514628,-0.017058947851462704,True,ok,,0.4,0.18,0.084
2020-09-25 18:00:00+00:00,0.4603199006699197,0.4603199006699197,-0.0478589289859937,0.412460971683926,2.935774693876023,2.4660605095189623,0.2803225489859937,-0.047858928985993685,True,ok,,0.4,0.18,0.084
2020-09-25 19:00:00+00:00,0.25178127547907464,0.25178127547907464,2.2567105684156985e-07,0.2517815011501315,2.4660605095189623,2.2091408406627635,0.14882081432894315,2.256710568567413e-07,True,ok,,0.2,0.07,0.084
2020-09-25 20:00:00+00:00,0.23097391309273393,0.23097391309273393,2.256731309047133e-07,0.23097413876586484,2.2091408406627635,1.9734531742416064,0.3416977743268691,2.2567313090139876e-07,True,ok,,0.2,0.07,0.084
2020-09-25 21:00:00+00:00,0.2180760521512621,0.2180760521512621,2.2567430532638433e-07,0.21807627782556743,1.9734531742416064,1.7509265904137878,0.4644903743256946,2.2567430531368497e-07,True,ok,,0.2,0.07,0.084
2020-09-25 22:00:00+00:00,0.13019680711236936,0.13019680711236936,8.186955582911715e-08,0.1301968889819252,1.7509265904137878,1.6180727056052477,0.16070908813044418,8.186955582655714e-08,True,ok,,0.2,0.07,0.084
2020-09-25 23:00:00+00:00,0.17326933011480225,0.17326933011480225,2.2567376761761793e-07,0.17326955578856987,1.6180727056052477,1.4412672667125923,0.1536893543262324,2.2567376761525132e-07,True,ok,,0.2,0.07,0.084
2020-09-26 00:00:00+00:00,0.29163269128866515,0.29163269128866515,2.2567311047660965e-07,0.2916329169617756,1.4412672667125923,1.1436828878466074,0.12630806432688949,2.256731104906416e-07,True,ok,,0.2,0.07,0.084
2020-09-26 01:00:00+00:00,0.1757616352713641,0.1757616352713641,2.256741254147432e-07,0.1757618609454895,1.1436828878466074,0.9643342804268482,0.24657820432587457,2.2567412541918603e-07,True,ok,,0.2,0.07,0.084
2020-09-26 02:00:00+00:00,0.8126684662693057,0.8126684662693057,2.2567312141230644e-07,0.8126686919424271,0.9643342804268482,0.13508074341735266,0.06221974432687862,2.2567312138282864e-07,True,ok,,0.2,0.07,0.084
2020-09-26 03:00:00+00:00,-0.07151793184352334,-0.07151793184352334,0.21625026477514783,0.1447323329316245,0.13508074341735266,0.20516831662400553,0.029297835224852173,0.21625026477514783,True,ok,,0.2,0.07,0.084
2020-09-26 04:00:00+00:00,0.2010649502915254,0.2010649502915254,0.16905291294765726,0.37011786323918267,0.20516831662400553,0.0,0.09579352514635964,-5.1463596322059925e-09,True,ok,,0.3,0.1,0.084
2020-09-26 05:00:00+00:00,0.0,0.0,0.31328128144202083,0.31328128144202083,0.0,0.0,-7.519352147258667e-09,0.0012126540193521471,True,ok,,0.3,0.1,0.084
2020-09-26 06:00:00+00:00,0.0,0.0,0.08227807640508686,0.08227807640508686,0.0,0.0,-0.2444155056781865,-0.10946111432181346,True,ok,,0.3,0.1,0.084
2020-09-26 07:00:00+00:00,0.0,0.0,-0.15220909270281074,-0.15220909270281074,0.0,0.0,-0.6419915175148055,-0.2904289824851945,True,ok,,0.3,0.1,0.084
2020-09-26 08:00:00+00:00,-0.34303901242911805,-0.34303901242911805,-0.2383174104787964,-0.5813564229079144,0.0,0.33617823218053566,-0.7251176895212037,-0.23831741047879637,True,ok,,0.3,0.1,0.084
2020-09-26 09:00:00+00:00,-0.24855863400190226,-0.24855863400190226,-0.05533434900954892,-0.3038929830114512,0.33617823218053566,0.5797656935023998,-0.8169265509904511,-0.055334349009548915,True,ok,,0.3,0.1,0.084
2020-09-26 10:00:00+00:00,-0.70998566884479,-0.70998566884479,-2.4357932870699983e-07,-0.7099859124241187,0.5797656935023998,1.275551648970294,-0.5768693564206713,-2.4357932866146816e-07,True,ok,,0.3,0.1,0.084
2020-09-26 11:00:00+00:00,-0.5745024912749299,-0.5745024912749299,-2.435790078525457e-07,-0.5745027348539378,1.275551648970294,1.8385640904197253,-0.6588717064209921,-2.4357900784384055e-07,True,ok,,0.3,0.1,0.084
2020-09-26 12:00:00+00:00,-0.1176777524607283,-0.1176777524607283,-2.4357491638926643e-07,-0.11767799603564469,1.8385640904197253,1.9538882878312391,-0.4484062764250836,-2.435749163913368e-07,True,ok,,0.3,0.1,0.084
2020-09-26 13:00:00+00:00,0.14998050533454965,0.14998050533454965,2.916749869408264e-09,0.14998050825129952,1.9538882878312391,1.8008469558572089,-0.13115204291674987,2.916749873357292e-09,True,ok,,0.3,0.1,0.084
2020-09-26 14:00:00+00:00,0.2789097373295911,0.2789097373295911,0.041105654786885826,0.32001539211647695,1.8008469558572089,1.516245183071912,0.21294799521311422,0.04110565478688581,True,ok,,0.3,0.1,0.084
2020-09-26 15:00:00+00:00,0.43632196865210415,0.43632196865210415,1.6427043614264392e-09,0.4363219702948085,1.516245183071912,1.0710186844473157,0.3896953683572957,1.6427043698646875e-09,True,ok,,0.4,0.18,0.084
2020-09-26 16:00:00+00:00,1.0495983107583693,1.0495983107583693,0.7852658847303273,1.8348641954886966,1.0710186844473157,2.220446049250313e-16,0.5103761477079424,0.08029469229205774,True,ok,,0.4,0.18,0.084
2020-09-26 17:00:00+00:00,-0.2907976879491625,-0.2907976879491625,0.8338163543781527,0.5430186664289902,2.220446049250313e-16,0.28498173419017947,-5.4378152776491846e-08,0.8338163543781527,True,ok,,0.4,0.18,0.084
2020-09-26 18:00:00+00:00,0.2792820995063759,0.2792820995063759,0.15824042811944933,0.4375225276258252,0.28498173419017947,0.0,0.2792820850296963,0.09037691497030373,True,ok,,0.4,0.18,0.084
2020-09-26 19:00:00+00:00,-0.025558515122529657,-0.025558515122529657,0.26382168186803334,0.23826316674550369,0.0,0.025047344820079063,-0.12209829186803332,0.26382168186803334,True,ok,,0.2,0.07,0.084
2020-09-26 20:00:00+00:00,-0.15824295058819343,-0.15824295058819343,0.4068840895921589,0.24864113900396545,0.025047344820079063,0.18012543639650863,-0.1703084095921589,0.4068840895921589,True,ok,,0.2,0.07,0.084
2020-09-26 21:00:00+00:00,-0.1544970295203004,-0.1544970295203004,0.2958062241142598,0.14130919459395938,0.18012543639650863,0.331532525326403,-0.11435725411425976,0.2958062241142598,True,ok,,0.2,0.07,0.084
2020-09-26 22:00:00+00:00,-0.025811792363176767,-0.025811792363176767,0.2090209031953913,0.18320911083221453,0.331532525326403,0.35682808184231624,-0.03938674319539129,0.2090209031953913,True,ok,,0.2,0.07,0.084
2020-09-26 23:00:00+00:00,-0.0043817766487894705,-0.0043817766487894705,0.16420961006286716,0.1598278334140777,0.35682808184231624,0.3611222229581299,-0.02578474006286715,0.16420961006286716,True,ok,,0.2,0.07,0.084
2020-09-27 00:00:00+00:00,-0.1623255478040211,-0.1623255478040211,0.3156800757649046,0.1533545279608835,0.3611222229581299,0.5202012598060706,-0.16377174576490458,0.3156800757649046,True,ok,,0.2,0.07,0.084
2020-09-27 01:00:00+00:00,0.041785468714583884,0.041785468714583884,0.1724598092147223,0.21424527792930617,0.5202012598060706,0.47756302642384213,0.002101840785277701,0.1724598092147223,True,ok,,0.2,0.07,0.084
2020-09-27 02:00:00+00:00,-0.07045445431467334,-0.07045445431467334,0.4154655375917399,0.34501108327706653,0.47756302642384213,0.546608391652222,-0.058643877591739876,0.4154655375917399,True,ok,,0.2,0.07,0.084
2020-09-27 03:00:00+00:00,0.05154009825246708,0.05154009825246708,0.5746985696992225,0.6262386679516896,0.546608391652222,0.4940164546599086,-0.08572578969922248,0.5746985696992225,True,ok,,0.2,0.07,0.084
2020-09-27 04:00:00+00:00,-0.02803910571507337,-0.02803910571507337,0.18041785524724321,0.15237874953216984,0.4940164546599086,0.5214947782606805,0.30323699475275684,0.18041785524724321,True,ok,,0.3,0.1,0.084
2020-09-27 05:00:00+00:00,0.5110648826954668,0.5110648826954668,0.07303609800291055,0.5841009806983773,0.5214947782606805,1.1102230246251565e-16,0.26920044514635244,-5.146352399485789e-09,True,ok,,0.3,0.1,0.084
2020-09-27 06:00:00+00:00,1.0880185641326534e-16,1.0880185641326534e-16,1.1563835631134864,1.1563835631134864,1.1102230246251565e-16,0.0,-0.105427976412266,-0.01724551358773398,True,ok,,0.3,0.1,0.084
2020-09-27 07:00:00+00:00,-1.0855167860127586,-1.0855167860127586,0.07765747852952032,-1.0078593074832383,0.0,1.0638064502925033,-8.529520291630445e-09,0.0776574785295203,True,ok,,0.3,0.1,0.084
2020-09-27 08:00:00+00:00,-0.8781838412246241,-0.8781838412246241,-2.435805941392033e-07,-0.8781840848052183,1.0638064502925033,1.924426614692635,-0.7114501564194058,-2.435805941482547e-07,True,ok,,0.3,0.1,0.084
2020-09-27 09:00:00+00:00,-1.245288746588782,-1.245288746588782,-2.4358050199069226e-07,-1.245288990169284,1.924426614692635,3.1448095863496413,-0.6063068564194981,-2.4358050191099694e-07,True,ok,,0.3,0.1,0.084
2020-09-27 10:00:00+00:00,-1.800065924551165,-1.800065924551165,-2.4358033456906014e-07,-1.8000661681314996,3.1448095863496413,4.908874192409783,-0.6240982064196654,-2.4358033450848045e-07,True,ok,,0.3,0.1,0.084
2020-09-27 11:00:00+00:00,-0.6800791088785305,-0.6800791088785305,-0.48730623943900975,-1.1673853483175403,4.908874192409783,5.575351719110743,-0.3736955605609903,-0.48730623943900975,True,ok,,0.3,0.1,0.084
2020-09-27 12:00:00+00:00,-0.613602626183553,-0.613602626183553,-0.5478582660902691,-1.161460892273822,5.575351719110743,6.176682292770625,-2.3390973098880687e-07,-0.5478582660902691,True,ok,,0.3,0.1,0.084
2020-09-27 13:00:00+00:00,0.3188955093693511,0.3188955093693511,-0.17355151681425365,0.14534399255509747,6.176682292770625,5.851278711781491,-0.17371588318574638,-0.17355151681425365,True,ok,,0.3,0.1,0.084
2020-09-27 14:00:00+00:00,-0.5292069504415279,-0.5292069504415279,-1.1546319456101628e-14,-0.5292069504415394,5.851278711781491,6.369901523214189,0.2934878500000115,-1.1515257926758887e-14,True,ok,,0.3,0.1,0.084
2020-09-27 15:00:00+00:00,0.674011363144535,0.674011363144535,-0.18726806325149897,0.48674329989303605,6.369901523214189,5.682134826127928,0.4951210932514989,-0.18726806325149892,True,ok,,0.4,0.18,0.084
2020-09-27 16:00:00+00:00,0.5544908616066287,0.5544908616066287,-1.1276589939601678e-07,0.5544907488407294,5.682134826127928,5.116327824488511,0.8170313127658994,-1.1276589943399546e-07,True,ok,,0.4,0.18,0.084
2020-09-27 17:00:00+00:00,0.40510260997448444,0.40510260997448444,-2.4280392435516163e-07,0.4051023671705601,5.116327824488511,4.702957814310466,0.6154893828039244,-2.4280392436595203e-07,True,ok,,0.4,0.18,0.084
2020-09-27 18:00:00+00:00,0.43370286231526445,0.43370286231526445,-1.1276624684031233e-07,0.4337027495490176,4.702957814310466,4.260403873172441,0.46512377276624683,-1.1276624686685105e-07,True,ok,,0.4,0.18,0.084
2020-09-27 19:00:00+00:00,0.21679260758228827,0.21679260758228827,2.2567443347387695e-07,0.21679283325672175,4.260403873172441,4.0391869266599025,0.41629542432556654,2.256744334617721e-07,True,ok,,0.2,0.07,0.084
2020-09-27 20:00:00+00:00,0.19263785745766374,0.19263785745766374,2.25674444326307e-07,0.19263808313210806,4.0391869266599025,3.842617684356164,0.3961833743255557,2.256744443230413e-07,True,ok,,0.2,0.07,0.084
2020-09-27 21:00:00+00:00,0.2011171911103602,0.2011171911103602,2.2567413809904124e-07,0.2011174167844983,3.842617684356164,3.6373960607741638,0.29337154432586193,2.2567413809376754e-07,True,ok,,0.2,0.07,0.084
2020-09-27 22:00:00+00:00,0.1557430796679206,0.1557430796679206,2.2567348198498927e-07,0.15574330534140257,3.6373960607741638,3.4784745509089388,0.07026753432651803,2.25673481971776e-07,True,ok,,0.2,0.07,0.084
2020-09-27 23:00:00+00:00,0.20784277392734196,0.20784277392734196,2.2567402188644614e-07,0.20784299960136385,3.4784745509089388,3.2663900877177734,0.23954860432597813,2.2567402188909182e-07,True,ok,,0.2,0.07,0.084
2020-09-28 00:00:00+00:00,0.2543572186654268,0.2543572186654268,2.2567390095540318e-07,0.2543574443393278,3.2663900877177734,3.0068419054061133,0.18058253432609903,2.256739009826749e-07,True,ok,,0.2,0.07,0.084
2020-09-28 01:00:00+00:00,0.7523836443612802,0.7523836443612802,8.1869976242821e-08,0.7523837262312565,3.0068419054061133,2.239103492792562,0.2234573181300238,8.186997619329796e-08,True,ok,,0.2,0.07,0.084
2020-09-28 02:00:00+00:00,0.18477188595891716,0.18477188595891716,2.2567417157226544e-07,0.18477211163308874,2.239103492792562,2.0505607520181566,0.3494795143258284,2.2567417157191199e-07,True,ok,,0.2,0.07,0.084
2020-09-28 03:00:00+00:00,0.18336819073057037,0.18336819073057037,2.2567415372543032e-07,0.1833684164047241,2.0505607520181566,1.863450353313493,0.3228940743258462,2.2567415373726225e-07,True,ok,,0.2,0.07,0.084
2020-09-28 04:00:00+00:00,0.19276292205834197,0.19276292205834197,-5.14636902537724e-09,0.19276291691197295,1.863450353313493,1.6667534940702868,0.21366425514636903,-5.146369037052762e-09,True,ok,,0.3,0.1,0.084
2020-09-28 05:00:00+00:00,0.11998143047207825,0.11998143047207825,-5.14636294690618e-09,0.1199814253257153,1.6667534940702868,1.5443234629763294,0.500005925146363,-5.146362947776284e-09,True,ok,,0.3,0.1,0.084
2020-09-28 06:00:00+00:00,0.7056739407452562,0.7056739407452562,-0.07612191037492,0.6295520303703362,1.5443234629763294,0.824248013236272,-0.08899057962508002,-0.07612191037491998,True,ok,,0.3,0.1,0.084
2020-09-28 07:00:00+00:00,-0.33093266377838754,-0.33093266377838754,-0.07722669029120138,-0.4081593540695889,0.824248013236272,1.1485620237390917,-0.26921284970879866,-0.0772266902912014,True,ok,,0.3,0.1,0.084
2020-09-28 08:00:00+00:00,-0.00041573482354242963,-0.00041573482354242963,-0.18386836907306597,-0.1842841038966084,1.1485620237390917,1.1489694438661633,-0.6429960309269341,-0.18386836907306597,True,ok,,0.3,0.1,0.084
2020-09-28 09:00:00+00:00,-0.5036562910018789,-0.5036562910018789,-2.4358084005360325e-07,-0.503656534582719,1.1489694438661633,1.6425526090480047,-0.66572285641916,-2.435808401082579e-07,True,ok,,0.3,0.1,0.084
2020-09-28 10:00:00+00:00,-1.4959444192799962,-1.4959444192799962,-2.4357824712772924e-07,-1.4959446628582433,1.6425526090480047,3.1085781399424013,-0.7213529064217529,-2.435782471913888e-07,True,ok,,0.3,0.1,0.084
2020-09-28 11:00:00+00:00,-1.9314048942614945,-1.9314048942614945,-0.09229661738290917,-2.0237015116444037,3.1085781399424013,5.001354936318666,-1.185885282617091,-0.09229661738290923,True,ok,,0.3,0.1,0.084
2020-09-28 12:00:00+00:00,-1.0757445278217235,-1.0757445278217235,-1.3990373745416589,-2.4747819023633824,5.001354936318666,6.055584573583955,-0.351143325458341,-1.3990373745416589,True,ok,,0.3,0.1,0.084
2020-09-28 13:00:00+00:00,-1.0545568768334284,-1.0545568768334284,-1.4899678732880064,-2.5445247501214348,6.055584573583955,7.0890503128807145,-0.2706804267119938,-1.4899678732880064,True,ok,,0.3,0.1,0.084
2020-09-28 14:00:00+00:00,1.2327163939683687,1.2327163939683687,-1.3658942660923976,-0.13317787212402896,7.0890503128807145,5.83117644148442,-2.3390760243322209e-07,-1.3658942660923976,True,ok,,0.3,0.1,0.084
2020-09-28 15:00:00+00:00,0.17962413554199402,0.17962413554199402,-0.07925115970403761,0.10037297583795642,5.83117644148442,5.647886507257895,8.970403761745876e-08,-0.07925115970403761,True,ok,,0.4,0.18,0.084
2020-09-28 16:00:00+00:00,1.066312931185619,1.066312931185619,-4.090920380228624e-08,1.0663128902764152,5.647886507257895,4.559812087680733,0.5034527109092038,-4.0909203876344523e-08,True,ok,,0.4,0.18,0.084
2020-09-28 17:00:00+00:00,0.19871135688074762,0.19871135688074762,-1.1276605083043734e-07,0.1987112441146968,4.559812087680733,4.357045396986092,0.7933385127660508,-1.1276605083437862e-07,True,ok,,0.4,0.18,0.084
2020-09-28 18:00:00+00:00,0.24808552060023684,0.24808552060023684,-2.4280444510527133e-07,0.24808527779579173,4.357045396986092,4.103896906577687,0.3490263628044451,-2.428044451148552e-07,True,ok,,0.4,0.18,0.084
2020-09-28 19:00:00+00:00,0.24168938534719317,0.24168938534719317,2.2567448432209147e-07,0.2416896110216775,4.103896906577687,3.8572750847948374,0.42606523432551563,2.2567448432672744e-07,True,ok,,0.2,0.07,0.084
2020-09-28 20:00:00+00:00,0.165402024445951,0.165402024445951,2.256744240647368e-07,0.16540225012037507,3.8572750847948374,3.688497508829581,0.2785668243255759,2.2567442406549102e-07,True,ok,,0.2,0.07,0.084
2020-09-28 21:00:00+00:00,0.20530485749741365,0.20530485749741365,2.2567411295248974e-07,0.2053050831715266,3.688497508829581,3.4790027562812,0.30108687432588704,2.2567411294179428e-07,True,ok,,0.2,0.07,0.084
2020-09-28 22:00:00+00:00,0.11900538555214031,0.11900538555214031,2.256741535172635e-07,0.11900561122629383,3.4790027562812,3.3575686893912606,0.1875318443258465,2.2567415351569466e-07,True,ok,,0.2,0.07,0.084
2020-09-28 23:00:00+00:00,0.9119206331754125,0.9119206331754125,2.256740074813024e-07,0.91192085884942,3.3575686893912606,2.427037431049003,0.2571079943259925,2.2567400750462267e-07,True,ok,,0.2,0.07,0.084
2020-09-29 00:00:00+00:00,0.1540176907340314,0.1540176907340314,2.256751428786341e-07,0.15401791640917428,2.427037431049003,2.2698765221367263,0.628550674324857,2.2567514288925346e-07,True,ok,,0.2,0.07,0.084
2020-09-29 01:00:00+00:00,0.5487664670410624,0.5487664670410624,2.2567415780549993e-07,0.5487666927152202,2.2698765221367263,1.7099107394417647,0.29668364432584216,2.2567415785050668e-07,True,ok,,0.2,0.07,0.084
2020-09-29 02:00:00+00:00,0.2228912186035163,0.2228912186035163,2.2567424701191996e-07,0.2228914442777633,1.7099107394417647,1.482470720458585,0.291425274325753,2.256742470202053e-07,True,ok,,0.2,0.07,0.084
2020-09-29 03:00:00+00:00,0.22929491651618664,0.22929491651618664,8.186998520787192e-08,0.22929499838617184,1.482470720458585,1.2484963158502311,0.2158917681300148,8.186998522018591e-08,True,ok,,0.2,0.07,0.084
2020-09-29 04:00:00+00:00,0.1993156403217521,0.1993156403217521,-1.866996834909429e-09,0.19931563845475528,1.2484963158502311,1.0451130093994636,0.20539310186699683,-1.8669968227278495e-09,True,ok,,0.3,0.1,0.084
2020-09-29 05:00:00+00:00,0.04597120981800542,0.04597120981800542,-5.146364952246518e-09,0.04597120467164047,1.0451130093994636,0.9982036116259887,0.28150638514636495,-5.146364950569045e-09,True,ok,,0.3,0.1,0.084
2020-09-29 06:00:00+00:00,-0.7384378623428786,-0.7384378623428786,-0.13308595653659594,-0.8715238188794745,0.9982036116259887,1.7218727167220096,-0.1661916934634041,-0.1330859565365959,True,ok,,0.3,0.1,0.084
2020-09-29 07:00:00+00:00,-1.552098772750835,-1.552098772750835,-0.8656593631867133,-2.4177581359375484,1.7218727167220096,3.242929514017828,-0.5265250368132868,-0.8656593631867133,True,ok,,0.3,0.1,0.084
2020-09-29 08:00:00+00:00,-1.207741646736093,-1.207741646736093,-2.5485097908829957,-3.7562514376190888,3.242929514017828,4.426516327819199,-0.48512400911700465,-2.5485097908829957,True,ok,,0.3,0.1,0.084
2020-09-29 09:00:00+00:00,-1.3114720832388462,-1.3114720832388462,-3.2663850092036117,-4.577857092442458,4.426516327819199,5.7117589693932675,-0.34159899079638834,-3.2663850092036117,True,ok,,0.3,0.1,0.084
2020-09-29 10:00:00+00:00,-1.0422107295894096,-1.0422107295894096,-3.3746660962780752,-4.416876825867485,5.7117589693932675,6.733125484390889,-0.23948330372192433,-3.3746660962780752,True,ok,,0.3,0.1,0.084
2020-09-29 11:00:00+00:00,0.27775662081949193,0.27775662081949193,-3.3941503660916785,-3.1163937452721866,6.733125484390889,6.449700361105694,-2.3390832157174788e-07,-3.3941503660916785,True,ok,,0.3,0.1,0.084
2020-09-29 12:00:00+00:00,-0.19459828811478141,-0.19459828811478141,-3.7487018660896054,-3.943300154204387,6.449700361105694,6.640406683458179,-2.339103944230482e-07,-3.7487018660896054,True,ok,,0.3,0.1,0.084
2020-09-29 13:00:00+00:00,0.3996696527520134,0.3996696527520134,-2.052741097947259,-1.6530714451952455,6.640406683458179,6.232580507180614,-0.3680709020527411,-2.052741097947259,True,ok,,0.3,0.1,0.084
2020-09-29 14:00:00+00:00,-0.0239963325472069,-0.0239963325472069,-0.6474829675839879,-0.6714793001311948,6.232580507180614,6.2560969130768775,-0.5224533324160121,-0.6474829675839879,True,ok,,0.3,0.1,0.084
2020-09-29 15:00:00+00:00,0.3210977937200873,0.3210977937200873,-0.08681231461926917,0.23428547910081812,6.2560969130768775,5.9284461031584215,8.961926913762826e-08,-0.08681231461926914,True,ok,,0.4,0.18,0.084
2020-09-29 16:00:00+00:00,0.7112064833356515,0.7112064833356515,-4.0909112875020526e-08,0.7112064424265386,5.9284461031584215,5.202725201795512,0.6856835409091129,-4.0909112833120804e-08,True,ok,,0.4,0.18,0.084
2020-09-29 17:00:00+00:00,0.6521885029260187,0.6521885029260187,-1.1276641165292034e-07,0.6521883901596071,5.202725201795512,4.537226729422024,0.7063112727664116,-1.1276641164294074e-07,True,ok,,0.4,0.18,0.084
2020-09-29 18:00:00+00:00,0.23265086279118133,0.23265086279118133,-1.1276606798338307e-07,0.23265075002511335,4.537226729422024,4.299827889839186,0.442488912766068,-1.1276606798223747e-07,True,ok,,0.4,0.18,0.084
2020-09-29 19:00:00+00:00,0.2197357748820707,0.2197357748820707,0.02615244736462921,0.2458882222466999,4.299827889839186,4.075607711388093,0.4753924126353707,0.02615244736462922,True,ok,,0.2,0.07,0.084
2020-09-29 20:00:00+00:00,0.10215498427558285,0.10215498427558285,0.051341987842900796,0.15349697211848365,4.075607711388093,3.9713679315150494,0.46215764215709915,0.051341987842900796,True,ok,,0.2,0.07,0.084
2020-09-29 21:00:00+00:00,0.24037788597147705,0.24037788597147705,2.2567443355714367e-07,0.2403781116459106,3.9713679315150494,3.7260843744012973,0.3444332443255665,2.2567443355130547e-07,True,ok,,0.2,0.07,0.084
2020-09-29 22:00:00+00:00,0.1422351354493912,0.1422351354493912,2.2567369387105352e-07,0.14223536112308507,3.7260843744012973,3.5809464810855918,0.23108299432630613,2.2567369386946353e-07,True,ok,,0.2,0.07,0.084
2020-09-29 23:00:00+00:00,0.16810313510331693,0.16810313510331693,2.2567411403495719e-07,0.16810336077743096,3.5809464810855918,3.4094126697556764,0.434388774325886,2.256741140305191e-07,True,ok,,0.2,0.07,0.084
2020-09-30 00:00:00+00:00,0.17599874655487535,0.17599874655487535,2.2567296295572525e-07,0.1759989722278383,3.4094126697556764,3.22982211204662,0.13489961432703707,2.2567296296556394e-07,True,ok,,0.2,0.07,0.084
2020-09-30 01:00:00+00:00,0.4103068291746388,0.4103068291746388,2.2567350271840425e-07,0.4103070548481415,3.22982211204662,2.811141674113315,0.4197354343264973,2.2567350269456049e-07,True,ok,,0.2,0.07,0.084
2020-09-30 02:00:00+00:00,0.3564779467508308,0.3564779467508308,8.186978328605932e-08,0.35647802862061406,2.811141674113315,2.447388667224712,0.3205950681302167,8.186978330227711e-08,True,ok,,0.2,0.07,0.084
2020-09-30 03:00:00+00:00,0.17244891332239456,0.17244891332239456,2.2567394153405473e-07,0.1724491389963361,2.447388667224712,2.2714203883243096,0.42535399432605847,2.2567394153729694e-07,True,ok,,0.2,0.07,0.084
2020-09-30 04:00:00+00:00,0.21895800522618156,0.21895800522618156,-5.146390646970644e-09,0.2189580000797909,2.2714203883243096,2.0479938523792263,0.06260999014639065,-5.146390641082256e-09,True,ok,,0.3,0.1,0.084
2020-09-30 05:00:00+00:00,0.163740550081399,0.163740550081399,-5.146377157760895e-09,0.16374054493502185,2.0479938523792263,1.880911658418615,0.15841461514637717,-5.1463771699623014e-09,True,ok,,0.3,0.1,0.084
2020-09-30 06:00:00+00:00,0.40907154176883975,0.40907154176883975,-0.4550896605267856,-0.04601811875794585,1.880911658418615,1.4634917178381661,-0.21854493947321432,-0.4550896605267856,True,ok,,0.3,0.1,0.084
2020-09-30 07:00:00+00:00,0.45060802797684785,0.45060802797684785,-1.0179424081657862,-0.5673343801889383,1.4634917178381661,1.0036876076577093,-0.39812829183421355,-1.0179424081657862,True,ok,,0.3,0.1,0.084
2020-09-30 08:00:00+00:00,0.5262489477950123,0.5262489477950123,-1.4056975322433445,-0.8794485844483322,1.0036876076577093,0.4666988854179007,-0.5818568677566553,-1.4056975322433445,True,ok,,0.3,0.1,0.084
2020-09-30 09:00:00+00:00,-1.5412818758997595,-1.5412818758997595,-1.1742091879076253,-2.715491063807385,0.4666988854179007,1.977155123799665,-1.1257845120923746,-1.1742091879076253,True,ok,,0.3,0.1,0.084
2020-09-30 10:00:00+00:00,-2.0888414575986176,-2.0888414575986176,-2.74774706714718,-4.836588524745798,1.977155123799665,4.02421975224631,-0.64455373285282,-2.74774706714718,True,ok,,0.3,0.1,0.084
2020-09-30 11:00:00+00:00,-0.09937954429589624,-0.09937954429589624,-2.5718804862612905,-2.6712600305571867,4.02421975224631,4.121611705656289,-0.2984694137387096,-2.5718804862612905,True,ok,,0.3,0.1,0.084
2020-09-30 12:00:00+00:00,-0.002234083846851753,-0.002234083846851753,-2.277928438769297,-2.280162522616149,4.121611705656289,4.123801107826203,-0.6945669612307023,-2.277928438769297,True,ok,,0.3,0.1,0.084
2020-09-30 13:00:00+00:00,-1.072233799195479,-1.072233799195479,-1.7103041660970133,-2.782537965292492,4.123801107826203,5.174590231037772,-0.5635183339029868,-1.7103041660970133,True,ok,,0.3,0.1,0.084
2020-09-30 14:00:00+00:00,0.7506725610624836,0.7506725610624836,-1.596301166091893,-0.8456286050294095,5.174590231037772,4.40859782179034,-2.3390810705636766e-07,-1.596301166091893,True,ok,,0.3,0.1,0.084
2020-09-30 15:00:00+00:00,0.19125616776396662,0.19125616776396662,-0.3090766883395337,-0.1178205205755671,4.40859782179034,4.21343846692915,0.02778648833953367,-0.3090766883395337,True,ok,,0.4,0.18,0.084
2020-09-30 16:00:00+00:00,0.03227362542179231,0.03227362542179231,-0.030260813984006422,0.0020128114377858854,4.21343846692915,4.180506196090586,0.3292021639840064,-0.030260813984006426,True,ok,,0.4,0.18,0.084
2020-09-30 17:00:00+00:00,1.0236959942664643,1.0236959942664643,-0.02692166535301177,0.9967743289134525,4.180506196090586,3.1359184468390917,0.4910872853530117,-0.026921665353011714,True,ok,,0.4,0.18,0.084
2020-09-30 18:00:00+00:00,0.22274116816448442,0.22274116816448442,-1.127659670918657e-07,0.22274105539851732,3.1359184468390917,2.9086315405488015,0.5275326127659672,-1.1276596709337161e-07,True,ok,,0.4,0.18,0.084
2020-09-30 19:00:00+00:00,0.19649435806229776,0.19649435806229776,0.013631419322672061,0.21012577738496982,2.9086315405488015,2.708127093546457,0.335682380677328,0.013631419322672067,True,ok,,0.2,0.07,0.084
2020-09-30 20:00:00+00:00,0.14772085471401275,0.14772085471401275,0.007844672831068489,0.15556552754508124,2.708127093546457,2.5573915275117503,0.37640652716893147,0.007844672831068494,True,ok,,0.2,0.07,0.084
2020-09-30 21:00:00+00:00,0.18239882952111197,0.18239882952111197,2.25671093784241e-07,0.18239905519220576,2.5573915275117503,2.3712702728983706,0.1722042743289062,2.256710937856973e-07,True,ok,,0.2,0.07,0.084
2020-09-30 22:00:00+00:00,0.1454249410762098,0.1454249410762098,2.2567374458049017e-07,0.14542516674995437,2.3712702728983706,2.22287747588183,0.15839357432625542,2.2567374459056877e-07,True,ok,,0.2,0.07,0.084
2020-09-30 23:00:00+00:00,0.188575913235428,0.188575913235428,2.2567422991448538e-07,0.1885761389096579,2.22287747588183,2.0304530746211893,0.19288963432577008,2.2567422992486783e-07,True,ok,,0.2,0.07,0.084
2020-10-01 00:00:00+00:00,0.18670485797395217,0.18670485797395217,2.2567441151921663e-07,0.1867050836483637,2.0304530746211893,1.839937913423279,0.2553149343255885,2.2567441151364782e-07,True,ok,,0.2,0.07,0.084
2020-10-01 01:00:00+00:00,0.6243032481322448,0.6243032481322448,2.2567413615615095e-07,0.624303473806381,1.839937913423279,1.2028937826760904,0.36690620432586385,2.2567413618091586e-07,True,ok,,0.2,0.07,0.084
2020-10-01 02:00:00+00:00,0.3764015794112218,0.3764015794112218,2.2567438462406386e-07,0.37640180508560644,1.2028937826760904,0.8188105383789253,0.30041347432561544,2.2567438460500485e-07,True,ok,,0.2,0.07,0.084
2020-10-01 03:00:00+00:00,0.1953097466676412,0.1953097466676412,2.256742139550294e-07,0.19530997234185515,0.8188105383789253,0.6195148785139852,0.24299330432578603,2.256742139560613e-07,True,ok,,0.2,0.07,0.084
2020-10-01 04:00:00+00:00,0.15170506069049733,0.15170506069049733,-5.146385956278365e-09,0.15170505554411137,0.6195148785139852,0.464713796176743,0.053095585146385946,-5.146385947844506e-09,True,ok,,0.3,0.1,0.084
2020-10-01 05:00:00+00:00,0.45541952025320814,0.45541952025320814,0.30883069274099745,0.7642502129942056,0.464713796176743,0.0,0.21390692514636284,-5.146362829146929e-09,True,ok,,0.3,0.1,0.084
2020-10-01 06:00:00+00:00,-0.5601939266998641,-0.5601939266998641,-0.10391324092327947,-0.6641071676231436,0.0,0.5489900481658668,-0.21999218907672058,-0.10391324092327948,True,ok,,0.3,0.1,0.084
2020-10-01 07:00:00+00:00,-1.0342636003632328,-1.0342636003632328,-1.0175531746106,-2.0518167749738327,0.5489900481658668,1.5625683765218348,-0.49842482538940003,-1.0175531746106,True,ok,,0.3,0.1,0.084
2020-10-01 08:00:00+00:00,0.4975473896874807,0.4975473896874807,-2.30476535076433,-1.8072179610768495,1.5625683765218348,1.0548669584733852,-0.58144534923567,-2.30476535076433,True,ok,,0.3,0.1,0.084
2020-10-01 09:00:00+00:00,0.2275714239112565,0.2275714239112565,-2.774774305777379,-2.5472028818661223,1.0548669584733852,0.8226512197884296,-0.6150569942226211,-2.774774305777379,True,ok,,0.3,0.1,0.084
2020-10-01 10:00:00+00:00,-0.18157662371200534,-0.18157662371200534,-3.11299696167977,-3.2945735853917753,0.8226512197884296,1.0005963110261948,-1.1919300383202291,-3.11299696167977,True,ok,,0.3,0.1,0.084
2020-10-01 11:00:00+00:00,0.328566312963233,0.328566312963233,-2.2414776394557503,-1.9129113264925173,1.0005963110261948,0.6653245631045285,-1.6591073605442501,-2.2414776394557503,True,ok,,0.3,0.1,0.084
2020-10-01 12:00:00+00:00,-1.8176759102096582,-1.8176759102096582,-0.4923939698407853,-2.3100698800504436,0.6653245631045285,2.4466469551099936,-2.6095770301592145,-0.49239396984078526,True,ok,,0.3,0.1,0.084
2020-10-01 13:00:00+00:00,0.00647487207112124,0.00647487207112124,-0.24733696689902532,-0.24086209482790408,2.4466469551099936,2.440039942792523,-1.9482931331009747,-0.24733696689902532,True,ok,,0.3,0.1,0.084
2020-10-01 14:00:00+00:00,-1.1003679394526102,-1.1003679394526102,-2.43578325953564e-07,-1.1003681830309362,2.440039942792523,3.518400523456081,-0.42698365642167413,-2.4357832588918514e-07,True,ok,,0.3,0.1,0.084
2020-10-01 15:00:00+00:00,0.029160023978215655,0.029160023978215655,-1.1276606155102842e-07,0.029159911212154103,3.518400523456081,3.4886453969476974,0.03903456676606155,-1.1276606155067507e-07,True,ok,,0.4,0.18,0.084
2020-10-01 16:00:00+00:00,0.4173637845338014,0.4173637845338014,-1.1276558764539146e-07,0.41736367176821376,3.4886453969476974,3.0627639841581042,0.9204802127655877,-1.12765587620103e-07,True,ok,,0.4,0.18,0.084
2020-10-01 17:00:00+00:00,0.29968609913114264,0.29968609913114264,-1.1276574762852931e-07,0.299685986365395,3.0627639841581042,2.7569618421875504,0.5832452127657475,-1.1276574760552469e-07,True,ok,,0.4,0.18,0.084
2020-10-01 18:00:00+00:00,0.31609866808688525,0.31609866808688525,-1.1276572120522133e-07,0.31609855532116404,2.7569618421875504,2.434412180874402,0.4691697627657212,-1.1276572118201275e-07,True,ok,,0.4,0.18,0.084
2020-10-01 19:00:00+00:00,0.09725260759770776,0.09725260759770776,0.13933133700377492,0.2365839446014827,2.434412180874402,2.3351748261828638,0.25509806299622506,0.13933133700377492,True,ok,,0.2,0.07,0.084
2020-10-01 20:00:00+00:00,0.10314454512080233,0.10314454512080233,0.09053559395458281,0.19368013907538514,2.3351748261828638,2.22992529034531,0.22626973604541725,0.09053559395458281,True,ok,,0.2,0.07,0.084
2020-10-01 21:00:00+00:00,0.13709753575517006,0.13709753575517006,0.007282075334324484,0.14437961108949454,2.22992529034531,2.0900298456971775,0.38010042466567556,0.007282075334324472,True,ok,,0.2,0.07,0.084
2020-10-01 22:00:00+00:00,0.21909130235991256,0.21909130235991256,2.2567429747155643e-07,0.21909152803421003,2.0900298456971775,1.8664672922686953,0.16069477432570253,2.2567429747131127e-07,True,ok,,0.2,0.07,0.084
2020-10-01 23:00:00+00:00,0.13526569115931483,0.13526569115931483,2.2567562246722517e-07,0.1352659168349373,1.8664672922686953,1.7284410768000067,0.34839885432437756,2.256756224571984e-07,True,ok,,0.2,0.07,0.084
2020-10-02 00:00:00+00:00,0.8482389739542758,0.8482389739542758,8.187000521964194e-08,0.848239055824281,1.7284410768000067,0.8628911033772763,0.23039551812999476,8.187000523855006e-08,True,ok,,0.2,0.07,0.084
2020-10-02 01:00:00+00:00,0.0138291079226045,0.0138291079226045,0.34082986435662604,0.35465897227923054,0.8628911033772763,0.8487797687623737,0.2361701356433739,0.34082986435662604,True,ok,,0.2,0.07,0.084
2020-10-02 02:00:00+00:00,0.32743113498095056,0.32743113498095056,2.2567705898479673e-07,0.32743136065800954,0.8487797687623737,0.5146663657205874,0.422979374322941,2.256770589724302e-07,True,ok,,0.2,0.07,0.084
2020-10-02 03:00:00+00:00,0.22343857987164115,0.22343857987164115,2.2567670893147707e-07,0.22343880554835008,0.5146663657205874,0.28666781483115766,0.39062224432329107,2.2567670891922214e-07,True,ok,,0.2,0.07,0.084
2020-10-02 04:00:00+00:00,0.1598832793203127,0.1598832793203127,-1.8669962242867655e-09,0.15988327745331649,0.28666781483115766,0.12352161144308346,0.11417218186699621,-1.8669962114771148e-09,True,ok,,0.3,0.1,0.084
2020-10-02 05:00:00+00:00,0.12105117921422179,0.12105117921422179,-0.007941003974867078,0.11311017523935471,0.12352161144308346,0.0,-0.15420954415729463,-0.08269917584270536,True,ok,,0.3,0.1,0.084
2020-10-02 06:00:00+00:00,-0.33546742324566226,-0.33546742324566226,-0.1652118557748007,-0.5006792790204629,0.0,0.328758074780749,-0.3623286142251993,-0.1652118557748007,True,ok,,0.3,0.1,0.084
2020-10-02 07:00:00+00:00,-0.7209241617389974,-0.7209241617389974,-0.45124908711326106,-1.1721732488522585,0.328758074780749,1.0352637532849664,-0.7766684128867388,-0.4512490871132611,True,ok,,0.3,0.1,0.084
2020-10-02 08:00:00+00:00,-1.781775037846376,-1.781775037846376,-0.929400677433295,-2.711175715279671,1.0352637532849664,2.781403290374415,-0.925795822566705,-0.9294006774332949,True,ok,,0.3,0.1,0.084
2020-10-02 09:00:00+00:00,-1.3880771400784764,-1.3880771400784764,-2.6151567812816707,-4.003233921360147,2.781403290374415,4.141718887651321,-0.6154948187183296,-2.6151567812816707,True,ok,,0.3,0.1,0.084
2020-10-02 10:00:00+00:00,-3.123021440685449,-3.123021440685449,-1.754467305763137,-4.877488746448586,4.141718887651321,7.202279899523061,-0.7704540942368634,-1.754467305763137,True,ok,,0.3,0.1,0.084
2020-10-02 11:00:00+00:00,-1.8078501159614273,-1.8078501159614273,-2.7427980660921563,-4.550648182053584,7.202279899523061,8.97397301316526,-2.3390784381801137e-07,-2.7427980660921563,True,ok,,0.3,0.1,0.084
2020-10-02 12:00:00+00:00,-0.25220745298521763,-0.25220745298521763,-2.473328815143164,-2.7255362681283817,8.97397301316526,9.221136317090773,-8.48568359415844e-08,-2.473328815143164,True,ok,,0.3,0.1,0.084
2020-10-02 13:00:00+00:00,4.037994136193745,4.037994136193745,-2.1252453660925212,1.9127487701012236,9.221136317090773,5.100734137301237,-2.339074789570933e-07,-2.1252453660925212,True,ok,,0.3,0.1,0.084
2020-10-02 14:00:00+00:00,-1.5593496886072298,-1.5593496886072298,-1.9095836023552692e-14,-1.5593496886072489,5.100734137301237,6.628896832136322,0.2530113200000191,-1.9046723729558465e-14,True,ok,,0.3,0.1,0.084
2020-10-02 15:00:00+00:00,0.9293352622430509,0.9293352622430509,-0.5351106037226745,0.3942246585203764,6.628896832136322,5.680595544133209,0.5790582657226745,-0.5351106037226745,True,ok,,0.4,0.18,0.084
2020-10-02 16:00:00+00:00,0.2177424916399358,0.2177424916399358,-0.08793122021343178,0.12981127142650403,5.680595544133209,5.458409328174091,0.7050095202134318,-0.08793122021343179,True,ok,,0.4,0.18,0.084
2020-10-02 17:00:00+00:00,0.36435910623837875,0.36435910623837875,-0.11922552587535357,0.24513358036302518,5.458409328174091,5.086614321808399,0.40371588587535356,-0.11922552587535355,True,ok,,0.4,0.18,0.084
2020-10-02 18:00:00+00:00,0.4250075036912568,0.4250075036912568,-0.026532309438393964,0.3984751942528628,5.086614321808399,4.652933195592831,0.384564809438394,-0.026532309438393985,True,ok,,0.4,0.18,0.084
2020-10-02 19:00:00+00:00,0.2322913299158917,0.2322913299158917,2.2567420776553604e-07,0.23229155559009945,4.652933195592831,4.4159012262909005,0.31523939432579223,2.2567420777892834e-07,True,ok,,0.2,0.07,0.084
2020-10-02 20:00:00+00:00,0.25343749642592717,0.25343749642592717,2.2567422464092601e-07,0.2534377221001518,4.4159012262909005,4.157291536060363,0.3197823943257754,2.2567422461622955e-07,True,ok,,0.2,0.07,0.084
2020-10-02 21:00:00+00:00,0.18626116812783564,0.18626116812783564,8.187004479909277e-08,0.18626124999788043,4.157291536060363,3.9672291196033878,0.34806681812995516,8.187004479783656e-08,True,ok,,0.2,0.07,0.084
2020-10-02 22:00:00+00:00,0.16533230221252854,0.16533230221252854,2.2567396804062945e-07,0.16533252788649658,3.9672291196033878,3.798522688774277,0.15625175432603197,2.2567396804217001e-07,True,ok,,0.2,0.07,0.084
2020-10-02 23:00:00+00:00,0.16762932988238186,0.16762932988238186,2.2567412724661118e-07,0.1676295555565091,3.798522688774277,3.6274723521596015,0.3084976943258728,2.2567412724233387e-07,True,ok,,0.2,0.07,0.084
2020-10-03 00:00:00+00:00,0.14842844065271715,0.14842844065271715,2.2567401733453174e-07,0.1484286663267345,3.6274723521596015,3.4760147596568287,0.46321992432598263,2.2567401734650553e-07,True,ok,,0.2,0.07,0.084
2020-10-03 01:00:00+00:00,0.21468238561933012,0.21468238561933012,2.2567393273553726e-07,0.21468261129326285,3.4760147596568287,3.2569511008615937,0.3964237743260673,2.2567393273171815e-07,True,ok,,0.2,0.07,0.084
2020-10-03 02:00:00+00:00,0.42292899617595603,0.42292899617595603,2.2567401619655314e-07,0.4229292218499722,3.2569511008615937,2.825390900682047,0.3798838043259838,2.2567401619123102e-07,True,ok,,0.2,0.07,0.084
2020-10-03 03:00:00+00:00,0.17438102464641697,0.17438102464641697,2.2567412377716423e-07,0.17438125032054075,2.825390900682047,2.6474510796142745,0.5096616743258762,2.2567412377922678e-07,True,ok,,0.2,0.07,0.084
2020-10-03 04:00:00+00:00,0.30940575500776857,0.30940575500776857,-5.1463695527331765e-09,0.309405749861399,2.6474510796142745,2.331730921443082,0.28288342514636955,-5.1463695391507385e-09,True,ok,,0.3,0.1,0.084
2020-10-03 05:00:00+00:00,0.30325279574861147,0.30325279574861147,-5.14638054394112e-09,0.3032527906022309,2.331730921443082,2.0222892931281726,0.08496137014638055,-5.1463805559113486e-09,True,ok,,0.3,0.1,0.084
2020-10-03 06:00:00+00:00,1.0727128177799201,1.0727128177799201,-0.3164205443125747,0.7562922734673454,2.0222892931281726,0.9276843770262133,-0.28745735568742536,-0.31642054431257466,True,ok,,0.3,0.1,0.084
2020-10-03 07:00:00+00:00,0.8688865328418165,0.8688865328418165,-0.28345523385958593,0.5854312989822306,0.9276843770262133,0.041065465963135206,-0.4432104161404141,-0.2834552338595859,True,ok,,0.3,0.1,0.084
2020-10-03 08:00:00+00:00,0.033575801746471706,0.033575801746471706,-8.836583610671855e-08,0.0335757133806356,0.041065465963135206,0.0068044437728579515,-0.681454561634164,-8.836583610767732e-08,True,ok,,0.3,0.1,0.084
2020-10-03 09:00:00+00:00,-1.9838543526612662,-1.9838543526612662,-8.836580889237666e-08,-1.983854441027075,0.0068044437728579515,1.950981709380899,-0.7999194716341912,-8.836580888446852e-08,True,ok,,0.3,0.1,0.084
2020-10-03 10:00:00+00:00,-4.046208884375186,-4.046208884375186,-0.20202724930895677,-4.248236133684143,1.950981709380899,5.916266416068582,-1.5206386506910432,-0.20202724930895685,True,ok,,0.3,0.1,0.084
2020-10-03 11:00:00+00:00,-2.4929862224403996,-2.4929862224403996,-1.6571430166981171,-4.150129239138517,5.916266416068582,8.359392914060173,-0.37973318330188294,-1.6571430166981174,True,ok,,0.3,0.1,0.084
2020-10-03 12:00:00+00:00,-1.6754608364585177,-1.6754608364585177,-1.781737566092516,-3.457198402551034,8.359392914060173,10.00134453378952,-2.339074842057484e-07,-1.781737566092516,True,ok,,0.3,0.1,0.084
2020-10-03 13:00:00+00:00,1.4207114225103048,1.4207114225103048,-2.096707766092557,-0.6759963435822519,10.00134453378952,8.55163900061574,-2.3390744300156711e-07,-2.096707766092557,True,ok,,0.3,0.1,0.084
2020-10-03 14:00:00+00:00,0.4414272455359738,0.4414272455359738,-0.47448063609261604,-0.03305339055664226,8.55163900061574,8.101203035783113,-2.339073839564405e-07,-0.47448063609261604,True,ok,,0.3,0.1,0.084
2020-10-03 15:00:00+00:00,0.5691293452309034,0.5691293452309034,-0.3828310795847514,0.18629826564615204,8.101203035783113,7.520458805955661,0.5229677695847513,-0.3828310795847514,True,ok,,0.4,0.18,0.084
2020-10-03 16:00:00+00:00,0.6744727312145827,0.6744727312145827,-0.15716022442997546,0.5173125067846073,7.520458805955661,6.832221325124454,0.7801760944299753,-0.15716022442997543,True,ok,,0.4,0.18,0.084
2020-10-03 17:00:00+00:00,0.6362073140773097,0.6362073140773097,-0.18435228602286008,0.4518550280544496,6.832221325124454,6.183030188310873,0.7895518860228602,-0.18435228602286013,True,ok,,0.4,0.18,0.084
2020-10-03 18:00:00+00:00,0.4300136242624068,0.4300136242624068,-0.10944106930851422,0.3205725549538926,6.183030188310873,5.744240775798213,0.5535223093085142,-0.1094410693085142,True,ok,,0.4,0.18,0.084
2020-10-03 19:00:00+00:00,0.25995805205594413,0.25995805205594413,2.2564638724187347e-07,0.2599582777023314,5.744240775798213,5.47897745737378,0.5352183443536127,2.256463872341882e-07,True,ok,,0.2,0.07,0.084
2020-10-03 20:00:00+00:00,0.2273669409625654,0.2273669409625654,2.256731602701123e-07,0.22736716663572568,5.47897745737378,5.246970374758917,0.22554827432683971,2.2567316027610003e-07,True,ok,,0.2,0.07,0.084
2020-10-03 21:00:00+00:00,0.19254752943286083,0.19254752943286083,8.186993932790543e-08,0.19254761130280015,5.246970374758917,5.050493303909059,0.20177731813006067,8.186993931827075e-08,True,ok,,0.2,0.07,0.084
2020-10-03 22:00:00+00:00,0.16238008000870885,0.16238008000870885,2.2567357962910428e-07,0.16238030568228848,5.050493303909059,4.884799344716499,0.19020836432642035,2.2567357962498458e-07,True,ok,,0.2,0.07,0.084
2020-10-03 23:00:00+00:00,0.2718508305526187,0.2718508305526187,2.256734759065182e-07,0.2718510562260946,4.884799344716499,4.607400538030153,0.17588438432652406,2.256734759330594e-07,True,ok,,0.2,0.07,0.084
2020-10-04 00:00:00+00:00,0.21033588525426128,0.21033588525426128,2.2567406204876406e-07,0.21033611092832333,4.607400538030153,4.39277208368907,0.4893769443259379,2.256740620624982e-07,True,ok,,0.2,0.07,0.084
2020-10-04 01:00:00+00:00,0.15972130200052717,0.15972130200052717,2.2567393581640616e-07,0.159721527674463,4.39277208368907,4.229791163280368,0.43220842432606416,2.2567393582905252e-07,True,ok,,0.2,0.07,0.084
2020-10-04 02:00:00+00:00,0.3285554955376142,0.3285554955376142,2.2567381868787706e-07,0.3285557212114329,4.229791163280368,3.894530453548109,0.4692082443261813,2.2567381867398625e-07,True,ok,,0.2,0.07,0.084
2020-10-04 03:00:00+00:00,0.6585956901518845,0.6585956901518845,2.2566897883713466e-07,0.6585959158208633,3.894530453548109,3.222494035025778,0.1744084043310212,2.2566897879940556e-07,True,ok,,0.2,0.07,0.084
2020-10-04 04:00:00+00:00,0.11567361605614909,0.11567361605614909,-5.146369455588662e-09,0.11567361090977964,3.222494035025778,3.104459732927667,0.40490607514636945,-5.146369456989004e-09,True,ok,,0.3,0.1,0.084
2020-10-04 05:00:00+00:00,0.7579990373088262,0.7579990373088262,-5.146392645372089e-09,0.7579990321624336,3.104459732927667,2.330991327510497,0.05017673214639266,-5.1463926561144766e-09,True,ok,,0.3,0.1,0.084
2020-10-04 06:00:00+00:00,0.29331774219754486,0.29331774219754486,-5.1463751038483e-09,0.29331773705116976,2.330991327510497,2.0316875089415736,0.1156354751463751,-5.146375095734191e-09,True,ok,,0.3,0.1,0.084
2020-10-04 07:00:00+00:00,0.23634495624224278,0.23634495624224278,-0.28955244121056595,-0.05320748496832316,2.0316875089415736,1.7905191862454075,-0.29476078878943407,-0.28955244121056595,True,ok,,0.3,0.1,0.084
2020-10-04 08:00:00+00:00,-2.7291447785548666,-2.7291447785548666,-0.2567266410296569,-2.9858714195845235,1.7905191862454075,4.465081069229177,-0.6463723589703433,-0.25672664102965675,True,ok,,0.3,0.1,0.084
2020-10-04 09:00:00+00:00,-1.9157760893839915,-1.9157760893839915,-2.2974593320740664,-4.213235421458058,4.465081069229177,6.342541636825488,-0.36759066792593376,-2.2974593320740664,True,ok,,0.3,0.1,0.084
2020-10-04 10:00:00+00:00,1.5628458841115247,1.5628458841115247,-2.544005652848206,-0.9811597687366814,6.342541636825488,4.747800938752504,-0.2886023471517943,-2.544005652848206,True,ok,,0.3,0.1,0.084
2020-10-04 11:00:00+00:00,0.7885518292752265,0.7885518292752265,-1.7772180033534883,-0.9886661740782619,4.747800938752504,3.943156215002273,-0.4969129966465115,-1.7772180033534883,True,ok,,0.3,0.1,0.084
2020-10-04 12:00:00+00:00,-3.298652157090513,-3.298652157090513,-0.1295390523345361,-3.4281912094250493,3.943156215002273,7.175835328950976,-1.6277520476654639,-0.12953905233453614,True,ok,,0.3,0.1,0.084
2020-10-04 13:00:00+00:00,1.1207314490868563,1.1207314490868563,-1.8411767660920537,-0.7204453170051974,7.175835328950976,6.032231809474592,-2.3390794612704615e-07,-1.8411767660920537,True,ok,,0.3,0.1,0.084
2020-10-04 14:00:00+00:00,-2.8974980781812607,-2.8974980781812607,-2.4358067785001936e-07,-2.8974983217619386,6.032231809474592,8.871779926092227,-0.4863982264193223,-2.4358067766467944e-07,True,ok,,0.3,0.1,0.084
2020-10-04 15:00:00+00:00,1.1104100419841332,1.1104100419841332,-1.3808889284776373,-0.2704788864935041,8.871779926092227,7.738708454679847,0.7189184684776373,-1.3808889284776373,True,ok,,0.4,0.18,0.084
2020-10-04 16:00:00+00:00,0.4487568592576374,0.4487568592576374,-0.1919983989333432,0.2567584603242942,7.738708454679847,7.280793292172053,0.3770805489333432,-0.19199839893334317,True,ok,,0.4,0.18,0.084
2020-10-04 17:00:00+00:00,0.5099382567160131,0.5099382567160131,-0.09336745142865172,0.4165708052873614,7.280793292172053,6.760448132257753,0.6919007514286518,-0.09336745142865173,True,ok,,0.4,0.18,0.084
2020-10-04 18:00:00+00:00,1.1162262078662102,1.1162262078662102,-0.13133137256894412,0.9848948352972661,6.760448132257753,5.621441797700396,0.6472027125689442,-0.1313313725689442,True,ok,,0.4,0.18,0.084
2020-10-04 19:00:00+00:00,0.21837482991961363,0.21837482991961363,2.256743009132478e-07,0.21837505559391454,5.621441797700396,5.39861033859875,0.702187334325699,2.2567430090764256e-07,True,ok,,0.2,0.07,0.084
2020-10-04 20:00:00+00:00,0.1928455519706589,0.1928455519706589,2.2567339261203578e-07,0.1928457776440515,5.39861033859875,5.201829163118486,0.43853937432660745,2.2567339260224795e-07,True,ok,,0.2,0.07,0.084
2020-10-04 21:00:00+00:00,0.165752496674305,0.165752496674305,2.256738022565763e-07,0.16575272234810726,5.201829163118486,5.03269396243042,0.21537935432619776,2.256738022623503e-07,True,ok,,0.2,0.07,0.084
2020-10-04 22:00:00+00:00,0.17456255213704758,0.17456255213704758,2.256735788241926e-07,0.1745627778106264,5.03269396243042,4.854568909229351,0.28709847432642116,2.2567357882409844e-07,True,ok,,0.2,0.07,0.084
2020-10-04 23:00:00+00:00,0.16724469103619732,0.16724469103619732,2.2567306690035593e-07,0.16724491670926422,4.854568909229351,4.683911061233231,0.2783115443269331,2.256730668892028e-07,True,ok,,0.2,0.07,0.084
2020-10-05 00:00:00+00:00,0.1354481907582206,0.1354481907582206,2.2567352456204226e-07,0.13544841643174516,4.683911061233231,4.545698621684027,0.39506977432647544,2.256735245525406e-07,True,ok,,0.2,0.07,0.084
2020-10-05 01:00:00+00:00,0.7394804965739117,0.7394804965739117,2.256733179217818e-07,0.7394807222472296,4.545698621684027,3.791126686404525,0.19653297432668207,2.256733179238917e-07,True,ok,,0.2,0.07,0.084
2020-10-05 02:00:00+00:00,0.15188996902816604,0.15188996902816604,2.2567398239026204e-07,0.15189019470214843,3.791126686404525,3.6361369220900697,0.49499715432601765,2.256739823817856e-07,True,ok,,0.2,0.07,0.084
2020-10-05 03:00:00+00:00,0.18169744057382498,0.18169744057382498,2.2567386101512987e-07,0.181697666247686,3.6361369220900697,3.450731370484126,0.294701804326139,2.2567386101649585e-07,True,ok,,0.2,0.07,0.084
2020-10-05 04:00:00+00:00,0.1937751446371397,0.1937751446371397,-5.146376436115929e-09,0.19377513949076328,3.450731370484126,3.253001631058473,0.2697144851463764,-5.146376431637427e-09,True,ok,,0.3,0.1,0.084
2020-10-05 05:00:00+00:00,0.10326617458694286,0.10326617458694286,-5.1464249389843175e-09,0.10326616944051792,3.253001631058473,3.147627983520776,0.024733709146424945,-5.146424945608611e-09,True,ok,,0.3,0.1,0.084
2020-10-05 06:00:00+00:00,0.25576987596709727,0.25576987596709727,-0.3398850993248751,-0.08411522335777782,3.147627983520776,2.886638314166595,-0.170132500675125,-0.3398850993248751,True,ok,,0.3,0.1,0.084
2020-10-05 07:00:00+00:00,0.8367003512845379,0.8367003512845379,-1.007388990146512,-0.17068863886197422,2.886638314166595,2.0328624455089033,-0.3672541098534879,-1.007388990146512,True,ok,,0.3,0.1,0.084
2020-10-05 08:00:00+00:00,0.11625924234854157,0.11625924234854157,-0.6404881712954421,-0.5242289289469005,2.0328624455089033,1.9142305655614118,-0.46646202870455794,-0.6404881712954421,True,ok,,0.3,0.1,0.084
2020-10-05 09:00:00+00:00,-3.3171053715805625,-3.3171053715805625,-0.5615214692681048,-3.8786268408486673,1.9142305655614118,5.1649938297103635,-1.1309197307318952,-0.5615214692681048,True,ok,,0.3,0.1,0.084
2020-10-05 10:00:00+00:00,-0.8927752150059352,-0.8927752150059352,-2.7053892849842103,-3.5981644999901454,5.1649938297103635,6.03991354041618,-0.08996071501578949,-2.7053892849842103,True,ok,,0.3,0.1,0.084
2020-10-05 11:00:00+00:00,2.9131855870517653,2.9131855870517653,-3.2958134004366735,-0.3826278133849083,6.03991354041618,3.067275186281725,-0.05407039956332662,-3.2958134004366735,True,ok,,0.3,0.1,0.084
2020-10-05 12:00:00+00:00,-0.5913242738782966,-0.5913242738782966,-2.435800385836018e-07,-0.5913245174583351,3.067275186281725,3.646772974682456,-1.3935390564199612,-2.435800386108516e-07,True,ok,,0.3,0.1,0.084
2020-10-05 13:00:00+00:00,-0.7404970711983045,-0.7404970711983045,-2.4357937966623666e-07,-0.7404973147776842,3.646772974682456,4.372460104456795,-0.8308568164206204,-2.435793796394444e-07,True,ok,,0.3,0.1,0.084
2020-10-05 14:00:00+00:00,0.6856894179678023,0.6856894179678023,-2.435796061517337e-07,0.6856891743881961,4.372460104456795,3.6727770248978127,-0.16019940642039388,-2.4357960611788397e-07,True,ok,,0.3,0.1,0.084
2020-10-05 15:00:00+00:00,0.06779909766527317,0.06779909766527317,-1.1276434505602673e-07,0.06779898490092812,3.6727770248978127,3.603594272178146,0.853180912764345,-1.1276434505123766e-07,True,ok,,0.4,0.18,0.084
2020-10-05 16:00:00+00:00,0.9434746283522112,0.9434746283522112,-4.090907212983552e-08,0.9434745874431391,3.603594272178146,2.6408650595738488,0.9269744409090721,-4.0909072185240225e-08,True,ok,,0.4,0.18,0.084
2020-10-05 17:00:00+00:00,0.5706353481252159,0.5706353481252159,-1.1276546563188106e-07,0.5706352353597502,2.6408650595738488,2.0585840920991387,0.8505921527654656,-1.1276546558205774e-07,True,ok,,0.4,0.18,0.084
2020-10-05 18:00:00+00:00,0.2404141408356002,0.2404141408356002,-1.1276589226283384e-07,0.24041402806970794,2.0585840920991387,1.8132635402260773,0.5213018127658923,-1.1276589227506237e-07,True,ok,,0.4,0.18,0.084
2020-10-05 19:00:00+00:00,0.08560383022957847,0.08560383022957847,0.11887364181875713,0.2044774720483356,1.8132635402260773,1.725912693053038,0.09064234818124285,0.11887364181875713,True,ok,,0.2,0.07,0.084
2020-10-05 20:00:00+00:00,0.07913958071375764,0.07913958071375764,0.10414814155593625,0.1832877222696939,1.725912693053038,1.645158018855326,0.07731633844406376,0.10414814155593625,True,ok,,0.2,0.07,0.084
2020-10-05 21:00:00+00:00,0.0653222778473869,0.0653222778473869,0.14101750040902958,0.20633977825641647,1.645158018855326,1.578502633296768,0.0983156295909704,0.14101750040902958,True,ok,,0.2,0.07,0.084
2020-10-05 22:00:00+00:00,0.0714858691002362,0.0714858691002362,0.07021665825326227,0.14170252735349848,1.578502633296768,1.5055578689087719,0.19468202174673774,0.07021665825326227,True,ok,,0.2,0.07,0.084
2020-10-05 23:00:00+00:00,0.13113303739534515,0.13113303739534515,0.05436310156941371,0.18549613896475886,1.5055578689087719,1.371748647076787,0.08830309843058629,0.05436310156941371,True,ok,,0.2,0.07,0.084
2020-10-06 00:00:00+00:00,0.0646097049193326,0.0646097049193326,0.09492735068168115,0.15953705560101375,1.371748647076787,1.3058203767509373,0.16517390931831888,0.09492735068168115,True,ok,,0.2,0.07,0.084
2020-10-06 01:00:00+00:00,0.48936994568794623,0.48936994568794623,8.187006300675037e-08,0.48937002755800924,1.3058203767509373,0.8064632893142575,0.234111548129937,8.18700629797041e-08,True,ok,,0.2,0.07,0.084
2020-10-06 02:00:00+00:00,0.24064055192212594,0.24064055192212594,2.256763607100254e-07,0.24064077759848665,0.8064632893142575,0.5609117057202514,0.32192641432363933,2.2567636072241425e-07,True,ok,,0.2,0.07,0.084
2020-10-06 03:00:00+00:00,0.14008738552063238,0.14008738552063238,2.2567514407212386e-07,0.14008761119577645,0.5609117057202514,0.41796539396450405,0.3104714543248559,2.2567514407432924e-07,True,ok,,0.2,0.07,0.084
2020-10-06 04:00:00+00:00,0.1753376165169695,0.1753376165169695,-5.146352954898958e-09,0.17533761137061654,0.41796539396450405,0.2390494587431066,0.20059100514635297,-5.146352950485908e-09,True,ok,,0.3,0.1,0.084
2020-10-06 05:00:00+00:00,0.23426846956824446,0.23426846956824446,0.6198548010006583,0.8541232705689027,0.2390494587431066,0.0,0.11789172514636104,-5.146361028077676e-09,True,ok,,0.3,0.1,0.084
2020-10-06 06:00:00+00:00,0.0,0.0,0.04520843866446915,0.04520843866446915,0.0,0.0,-0.06034591920314489,-0.028023650796855107,True,ok,,0.3,0.1,0.084
2020-10-06 07:00:00+00:00,-0.16138463214328677,-0.16138463214328677,-0.19604552676825024,-0.357430158911537,0.0,0.15815693950042103,-0.46151410323174974,-0.19604552676825024,True,ok,,0.3,0.1,0.084
2020-10-06 08:00:00+00:00,-2.977689687144211,-2.977689687144211,-0.1377113618208048,-3.115401048965016,0.15815693950042103,3.076292832901748,-0.9100093381791954,-0.13771136182080476,True,ok,,0.3,0.1,0.084
2020-10-06 09:00:00+00:00,0.6052955165284397,0.6052955165284397,-2.5481488767711196,-1.9428533602426798,3.076292832901748,2.458644346648238,-0.5275391232288804,-2.5481488767711196,True,ok,,0.3,0.1,0.084
2020-10-06 10:00:00+00:00,1.3432865301544732,1.3432865301544732,-1.9244169344518003,-0.5811304042973272,2.458644346648238,1.0879438056742858,-0.9115615655481996,-1.9244169344518005,True,ok,,0.3,0.1,0.084
2020-10-06 11:00:00+00:00,-1.3305956490394648,-1.3305956490394648,-2.435794344002318e-07,-1.3305958926188992,1.0879438056742858,2.3919275417329615,-1.4773247564205656,-2.4357943441401983e-07,True,ok,,0.3,0.1,0.084
2020-10-06 12:00:00+00:00,-0.9275968865749952,-0.9275968865749952,-2.4357992867152234e-07,-0.9275971301549238,2.3919275417329615,3.3009724905764566,-1.3050556564200715,-2.43579928628647e-07,True,ok,,0.3,0.1,0.084
2020-10-06 13:00:00+00:00,-0.12466591287518844,-0.12466591287518844,-2.4357891562076794e-07,-0.12466615645410406,3.3009724905764566,3.4231450851941414,-0.6550813564210843,-2.4357891561727176e-07,True,ok,,0.3,0.1,0.084
2020-10-06 14:00:00+00:00,-0.9576762203323386,-0.9576762203323386,8.615330671091215e-14,-0.9576762203322524,3.4231450851941414,4.361667781119833,0.06334463499991383,8.616844832914703e-14,True,ok,,0.3,0.1,0.084
2020-10-06 15:00:00+00:00,0.33163452809213756,0.33163452809213756,-1.1276569100715506e-07,0.33163441532644655,4.361667781119833,4.023265201433979,0.367685662765691,-1.1276569101964419e-07,True,ok,,0.4,0.18,0.084
2020-10-06 16:00:00+00:00,1.284029929994007,1.284029929994007,-1.1276570810458963e-07,1.284029817228299,4.023265201433979,2.713030578991115,0.842164612765708,-1.1276570799419835e-07,True,ok,,0.4,0.18,0.084
2020-10-06 17:00:00+00:00,0.25366206854091944,0.25366206854091944,-4.090905408871137e-08,0.25366202763186535,2.713030578991115,2.454191733541197,0.9274048909090542,-4.0909054095935954e-08,True,ok,,0.4,0.18,0.084
2020-10-06 18:00:00+00:00,0.20642252929903424,0.20642252929903424,-1.1276566980189529e-07,0.20642241653336443,2.454191733541197,2.2435564995625907,0.3868039427656698,-1.1276566980882538e-07,True,ok,,0.4,0.18,0.084
2020-10-06 19:00:00+00:00,0.10898229758705713,0.10898229758705713,0.1483326736850939,0.257314971272151,2.2435564995625907,2.132350073453349,0.17299206631490607,0.1483326736850939,True,ok,,0.2,0.07,0.084
2020-10-06 20:00:00+00:00,-0.027654722253186187,-0.027654722253186187,0.18765416663193316,0.15999944437874697,2.132350073453349,2.1594517012614713,0.1137609933680669,0.18765416663193316,True,ok,,0.2,0.07,0.084
2020-10-06 21:00:00+00:00,0.1637124899410546,0.1637124899410546,0.009555176780289776,0.1732676667213444,2.1594517012614713,1.99239814009713,0.012238829219710238,0.009555176780289764,True,ok,,0.2,0.07,0.084
2020-10-06 22:00:00+00:00,0.1400104591713472,0.1400104591713472,0.06269831850799032,0.2027087776793375,1.99239814009713,1.8495303246161634,0.0703938414920097,0.0626983185079903,True,ok,,0.2,0.07,0.084
2020-10-06 23:00:00+00:00,0.7074919017542549,0.7074919017542549,0.1265301289224796,0.8340220306767345,1.8495303246161634,1.1275998126220257,0.09351284107752042,0.12653012892247958,True,ok,,0.2,0.07,0.084
2020-10-07 00:00:00+00:00,-0.3488005099550958,-0.3488005099550958,0.5490619819286209,0.2002614719735251,1.1275998126220257,1.4694243123780195,0.09862211807137913,0.5490619819286209,True,ok,,0.2,0.07,0.084
2020-10-07 01:00:00+00:00,0.18025810669551168,0.18025810669551168,0.015872976390289978,0.19613108308580166,1.4694243123780195,1.2854874688111708,0.22587971360971001,0.01587297639028997,True,ok,,0.2,0.07,0.084
2020-10-07 02:00:00+00:00,0.3299084046300594,0.3299084046300594,0.026173928963839355,0.35608233359389874,1.2854874688111708,0.9488462395968245,0.5141690710361606,0.02617392896383933,True,ok,,0.2,0.07,0.084
2020-10-07 03:00:00+00:00,0.22640049620057018,0.22640049620057018,2.2567525645444952e-07,0.22640072187582663,0.9488462395968245,0.7178253251064467,0.37379367432474353,2.2567525646458674e-07,True,ok,,0.2,0.07,0.084
2020-10-07 04:00:00+00:00,0.14210217185465276,0.14210217185465276,-5.146342463291376e-09,0.1421021667083103,0.7178253251064467,0.5728231089282296,0.43546564514634245,-5.1463424544408856e-09,True,ok,,0.3,0.1,0.084
2020-10-07 05:00:00+00:00,0.18277396404678156,0.18277396404678156,-5.146358839080989e-09,0.18277395890042272,0.5728231089282296,0.3863190639825341,0.27547320514635887,-5.146358849329793e-09,True,ok,,0.3,0.1,0.084
2020-10-07 06:00:00+00:00,0.060000681623006924,0.060000681623006924,-5.146371169495456e-09,0.060000676476635754,0.3863190639825341,0.3250938786529352,0.09401807514637117,-5.146371171087059e-09,True,ok,,0.3,0.1,0.084
2020-10-07 07:00:00+00:00,0.008100444456457245,0.008100444456457245,-0.1661972298590294,-0.15809678540257216,0.3250938786529352,0.31682811900348906,-0.35013730014097055,-0.1661972298590294,True,ok,,0.3,0.1,0.084
2020-10-07 08:00:00+00:00,-0.3825437839947796,-0.3825437839947796,-0.19957459799563826,-0.5821183819904179,0.31682811900348906,0.6917210273183731,-0.8189854620043616,-0.1995745979956383,True,ok,,0.3,0.1,0.084
2020-10-07 09:00:00+00:00,-0.9855598636157024,-0.9855598636157024,-2.4358218719822133e-07,-0.9855601071978896,0.6917210273183731,1.6575696936617614,-1.349710656417813,-2.435821871617896e-07,True,ok,,0.3,0.1,0.084
2020-10-07 10:00:00+00:00,-2.9900104220408164,-2.9900104220408164,-2.4358216554887235e-07,-2.990010665622982,1.6575696936617614,4.587779907261762,-1.5062906564178342,-2.4358216571130463e-07,True,ok,,0.3,0.1,0.084
2020-10-07 11:00:00+00:00,0.11992325733823028,0.11992325733823028,-1.9092522352696435,-1.7893289779314132,4.587779907261762,4.465409236508465,-0.5415534647303568,-1.9092522352696435,True,ok,,0.3,0.1,0.084
2020-10-07 12:00:00+00:00,-2.461189739674749,-2.461189739674749,-1.8882086186797826,-4.349398358354532,4.465409236508465,6.87737518138972,-0.3521277813202173,-1.8882086186797828,True,ok,,0.3,0.1,0.084
2020-10-07 13:00:00+00:00,0.8688240364412663,0.8688240364412663,-1.2497387660919899,-0.3809147296507236,6.87737518138972,5.990820042163938,-2.3390801002197647e-07,-1.2497387660919899,True,ok,,0.3,0.1,0.084
2020-10-07 14:00:00+00:00,0.19786348468213177,0.19786348468213177,-2.4358054298567744e-07,0.1978632411015888,5.990820042163938,5.7889185271821715,-0.20110633641945702,-2.4358054297415144e-07,True,ok,,0.3,0.1,0.084
2020-10-07 15:00:00+00:00,0.1030915652828896,0.1030915652828896,-1.1276616565525366e-07,0.10309145251672394,5.7889185271821715,5.683723052403713,0.4154283927661656,-1.1276616565498405e-07,True,ok,,0.4,0.18,0.084
2020-10-07 16:00:00+00:00,1.2135105836120514,1.2135105836120514,-0.09126975745254096,1.1222408261595105,5.683723052403713,4.44544694667713,0.649008257452541,-0.091269757452541,True,ok,,0.4,0.18,0.084
2020-10-07 17:00:00+00:00,0.2622116593906231,0.2622116593906231,-2.428043828772708e-07,0.2622114165862402,4.44544694667713,4.177884028931596,0.9326531928043829,-2.4280438285383154e-07,True,ok,,0.4,0.18,0.084
2020-10-07 18:00:00+00:00,0.3024566042899192,0.3024566042899192,-2.4283188243545695e-07,0.3024563614580368,4.177884028931596,3.869254840880658,0.42430114283188247,-2.4283188244664143e-07,True,ok,,0.4,0.18,0.084
2020-10-07 19:00:00+00:00,0.2144959809804392,0.2144959809804392,1.0251491280865999e-07,0.214496083495352,3.869254840880658,3.650381390900618,0.18591380748508718,1.0251491280182598e-07,True,ok,,0.2,0.07,0.084
2020-10-07 20:00:00+00:00,0.18509039037525452,0.18509039037525452,8.186996208747743e-08,0.1850904722452166,3.650381390900618,3.461513645619746,0.0814694921300379,8.186996208100017e-08,True,ok,,0.2,0.07,0.084
2020-10-07 21:00:00+00:00,0.1329478299983295,0.1329478299983295,2.2567431609554767e-07,0.1329480556726456,3.461513645619746,3.3258525946010424,0.24750276432568394,2.2567431608169855e-07,True,ok,,0.2,0.07,0.084
2020-10-07 22:00:00+00:00,0.22275060733359428,0.22275060733359428,2.256744301154523e-07,0.2227508330080244,3.3258525946010424,3.098556056505538,0.2508000743255699,2.256744301112659e-07,True,ok,,0.2,0.07,0.084
2020-10-07 23:00:00+00:00,0.13200033011119902,0.13200033011119902,2.256742978601345e-07,0.13200055578549688,3.098556056505538,2.9638618421063554,0.3427774543257021,2.2567429785731178e-07,True,ok,,0.2,0.07,0.084
2020-10-08 00:00:00+00:00,0.14287888533504697,0.14287888533504697,2.256741266637441e-07,0.14287911100917364,2.9638618421063554,2.8180670611522256,0.33301042432587336,2.256741266767589e-07,True,ok,,0.2,0.07,0.084
2020-10-08 01:00:00+00:00,0.7382258860088124,0.7382258860088124,2.2567344470925121e-07,0.7382261116822572,2.8180670611522256,2.06477534073507,0.26622657432655533,2.2567344470887884e-07,True,ok,,0.2,0.07,0.084
2020-10-08 02:00:00+00:00,0.2806620797020464,0.2806620797020464,2.2567421870123283e-07,0.2806623053762651,2.06477534073507,1.7783854634880838,0.3491962443257813,2.256742186925025e-07,True,ok,,0.2,0.07,0.084
2020-10-08 03:00:00+00:00,0.42601985889504007,0.42601985889504007,2.2567414859064883e-07,0.42602008456918866,1.7783854634880838,1.343671321758451,0.35201897432585144,2.256741486074764e-07,True,ok,,0.2,0.07,0.084
2020-10-08 04:00:00+00:00,0.15798983822316423,0.15798983822316423,-5.146369247421845e-09,0.15798983307679498,1.343671321758451,1.1824572011225691,0.18616736514636925,-5.1463692416481795e-09,True,ok,,0.3,0.1,0.084
2020-10-08 05:00:00+00:00,0.8335933234170876,0.8335933234170876,-5.146365333885683e-09,0.8335933182707222,1.1824572011225691,0.33185176906431646,0.2833141551463653,-5.146365312895766e-09,True,ok,,0.3,0.1,0.084
2020-10-08 06:00:00+00:00,0.03727873889698043,0.03727873889698043,-5.1463851583055664e-09,0.037278733750595275,0.33185176906431646,0.2938122395776017,0.046461278146385156,-5.146385158900799e-09,True,ok,,0.3,0.1,0.084
2020-10-08 07:00:00+00:00,0.05495281612026234,0.05495281612026234,-0.2116421905033702,-0.15668937438310784,0.2938122395776017,0.2377379374140687,-0.3951049094966299,-0.2116421905033702,True,ok,,0.3,0.1,0.084
2020-10-08 08:00:00+00:00,-0.05771674115242753,-0.05771674115242753,-0.15738030783229745,-0.21509704898472498,0.2377379374140687,0.2943003437434477,-0.9050346921677025,-0.15738030783229745,True,ok,,0.3,0.1,0.084
2020-10-08 09:00:00+00:00,-0.4461568032211043,-0.4461568032211043,-0.0694077774249503,-0.5155645806460546,0.2943003437434477,0.7315340109001299,-1.1572129225750498,-0.06940777742495027,True,ok,,0.3,0.1,0.084
2020-10-08 10:00:00+00:00,-1.546511265686867,-1.546511265686867,-2.435816270907054e-07,-1.546511509268494,0.7315340109001299,2.2471150512732594,-1.466004156418373,-2.435816271968075e-07,True,ok,,0.3,0.1,0.084
2020-10-08 11:00:00+00:00,-0.701582234153905,-0.701582234153905,-2.435840292802638e-07,-0.7015824777379343,2.2471150512732594,2.934665640744086,-1.6651740564159705,-2.435840293070906e-07,True,ok,,0.3,0.1,0.084
2020-10-08 12:00:00+00:00,-0.6735863981581409,-0.6735863981581409,-2.4358110539690614e-07,-0.6735866417392463,2.934665640744086,3.594780310939064,-1.2030084564188948,-2.4358110536727036e-07,True,ok,,0.3,0.1,0.084
2020-10-08 13:00:00+00:00,0.0446005764578724,0.0446005764578724,-2.4357977055494695e-07,0.04460033287810185,3.594780310939064,3.5492695186351124,-0.6949259564202295,-2.4357977055181775e-07,True,ok,,0.3,0.1,0.084
2020-10-08 14:00:00+00:00,-0.2705221946531426,-0.2705221946531426,5.517808432387028e-14,-0.2705221946530874,3.5492695186351124,3.8143812693951924,0.022123869999944805,5.519318838391295e-14,True,ok,,0.3,0.1,0.084
2020-10-08 15:00:00+00:00,0.6181490691850853,0.6181490691850853,-1.1276567757345646e-07,0.6181489564194077,3.8143812693951924,3.1836169130838807,0.32101274276567765,-1.1276567761241115e-07,True,ok,,0.4,0.18,0.084
2020-10-08 16:00:00+00:00,1.0789547127089543,1.0789547127089543,-1.1276548184113722e-07,1.0789545999434724,3.1836169130838807,2.0826427164420904,0.8777406127654819,-1.1276548188168032e-07,True,ok,,0.4,0.18,0.084
2020-10-08 17:00:00+00:00,0.2282784850932306,0.2282784850932306,-4.0909033244274084e-08,0.22827844418419735,2.0826427164420904,1.8497054867551204,0.7868403409090332,-4.090903325473758e-08,True,ok,,0.4,0.18,0.084
2020-10-08 18:00:00+00:00,0.28443611273646224,0.28443611273646224,-1.1276549644056999e-07,0.2844359999709658,1.8497054867551204,1.5594645553913833,0.44157751276549645,-1.1276549641300232e-07,True,ok,,0.4,0.18,0.084
2020-10-08 19:00:00+00:00,0.02464945463704346,0.02464945463704346,0.161131073426201,0.18578052806324447,1.5594645553913833,1.5343120506597063,0.10475532657379895,0.161131073426201,True,ok,,0.2,0.07,0.084
2020-10-08 20:00:00+00:00,0.03724480075276568,0.03724480075276568,0.16246283828182378,0.19970763903458946,1.5343120506597063,1.4963071519323945,0.0622528317181762,0.16246283828182378,True,ok,,0.2,0.07,0.084
2020-10-08 21:00:00+00:00,0.057272613980029086,0.057272613980029086,0.12839749755695065,0.18567011153697974,1.4963071519323945,1.4378657090956302,0.06497729244304935,0.12839749755695065,True,ok,,0.2,0.07,0.084
2020-10-08 22:00:00+00:00,0.8756416316178681,0.8756416316178681,0.07207056342622686,0.947712195044095,1.4378657090956302,0.5443538400978055,0.052885886573773154,0.07207056342622686,True,ok,,0.2,0.07,0.084
2020-10-08 23:00:00+00:00,-0.20705381104903497,-0.20705381104903497,0.3565501441156573,0.1494963330666223,0.5443538400978055,0.7472665749258598,-0.03857501411565728,0.3565501441156573,True,ok,,0.2,0.07,0.084
2020-10-09 00:00:00+00:00,-0.2239449153349814,-0.2239449153349814,0.3760145264896435,0.1520696111546621,0.7472665749258598,0.9667325919541416,-0.0038037064896434573,0.3760145264896435,True,ok,,0.2,0.07,0.084
2020-10-09 01:00:00+00:00,0.29435572005240607,0.29435572005240607,0.08067791867923302,0.3750336387316391,0.9667325919541416,0.6663696123088293,0.18985758132076705,0.080677918679233,True,ok,,0.2,0.07,0.084
2020-10-09 02:00:00+00:00,-0.17921329802662592,-0.17921329802662592,0.41797518725120913,0.23876188922458322,0.6663696123088293,0.8419986443749227,0.046562212748790875,0.41797518725120913,True,ok,,0.2,0.07,0.084
2020-10-09 03:00:00+00:00,0.24752991345688483,0.24752991345688483,2.2567413138219194e-07,0.2475301391310162,0.8419986443749227,0.5894171000311627,0.14104008432586862,2.2567413138150752e-07,True,ok,,0.2,0.07,0.084
2020-10-09 04:00:00+00:00,0.14981247724078536,0.14981247724078536,-5.14635528636731e-09,0.14981247209443008,0.5894171000311627,0.43654722529566736,0.23610672514635528,-5.146355279277458e-09,True,ok,,0.3,0.1,0.084
2020-10-09 05:00:00+00:00,0.14289818022230558,0.14289818022230558,-5.146347153983655e-09,0.14289817507595842,0.43654722529566736,0.2907327556810698,0.3292961751463471,-5.146347144637595e-09,True,ok,,0.3,0.1,0.084
2020-10-09 06:00:00+00:00,0.10860281432803011,0.10860281432803011,-0.09403799995585785,0.014564814372172262,0.2907327556810698,0.17991355738716153,-0.14836050004414217,-0.09403799995585785,True,ok,,0.3,0.1,0.084
2020-10-09 07:00:00+00:00,-0.26963710820373,-0.26963710820373,-0.25258698833537274,-0.5222240965391027,0.17991355738716153,0.4441579234268169,-0.5329726116646273,-0.25258698833537274,True,ok,,0.3,0.1,0.084
2020-10-09 08:00:00+00:00,-0.30680750468223994,-0.30680750468223994,-0.5126467483831179,-0.8194542530653578,0.4441579234268169,0.744829278015412,-1.082750251616882,-0.5126467483831179,True,ok,,0.3,0.1,0.084
2020-10-09 09:00:00+00:00,-1.8568865556846617,-1.8568865556846617,-0.5247054024193956,-2.381591958104057,0.744829278015412,2.5645781025863803,-1.2851586975806042,-0.5247054024193957,True,ok,,0.3,0.1,0.084
2020-10-09 10:00:00+00:00,0.18318501968616885,0.18318501968616885,-1.8649316968107148,-1.681746677124546,2.5645781025863803,2.377654613110698,-1.1900385031892853,-1.8649316968107148,True,ok,,0.3,0.1,0.084
2020-10-09 11:00:00+00:00,0.34969918703428826,0.34969918703428826,-1.5263603548049807,-1.1766611677706924,2.377654613110698,2.0208187079736692,-0.9914033451950194,-1.5263603548049807,True,ok,,0.3,0.1,0.084
2020-10-09 12:00:00+00:00,-0.8507293382251959,-0.8507293382251959,-0.17532082164058216,-1.026050159865778,2.0208187079736692,2.854533459434361,-1.6381317783594178,-0.17532082164058221,True,ok,,0.3,0.1,0.084
2020-10-09 13:00:00+00:00,-0.23558615474293115,-0.23558615474293115,-2.435788021837304e-07,-0.23558639832173334,2.854533459434361,3.0854078910824336,-0.8545152564211977,-2.4357880218829676e-07,True,ok,,0.3,0.1,0.084
2020-10-09 14:00:00+00:00,0.7873459003456819,0.7873459003456819,-2.4357939287789065e-07,0.787345656766289,3.0854078910824336,2.2819937070562277,-0.37998547642060715,-2.435793929008297e-07,True,ok,,0.3,0.1,0.084
2020-10-09 15:00:00+00:00,2.236353832915103,2.236353832915103,0.02311784042726428,2.259471673342367,2.2819937070562277,0.0,0.4270605838682242,0.011735676131775778,True,ok,,0.4,0.18,0.084
2020-10-09 16:00:00+00:00,0.0,0.0,4.858442091466821,4.858442091466821,0.0,0.0,-8.393056589146539e-08,1.0528020839305658,True,ok,,0.4,0.18,0.084
2020-10-09 17:00:00+00:00,-0.9583465964962687,-0.9583465964962687,1.691658654378153,0.7333120578818844,0.0,0.9391796645663434,-5.437815303777476e-08,1.691658654378153,True,ok,,0.4,0.18,0.084
2020-10-09 18:00:00+00:00,0.3932797213128374,0.3932797213128374,1.6426538462788187e-09,0.39327972295549124,0.9391796645663434,0.5378738264920195,0.4311304583573462,1.6426538295222488e-09,True,ok,,0.4,0.18,0.084
2020-10-09 19:00:00+00:00,0.23964092170450674,0.23964092170450674,0.06753035673777069,0.30717127844227743,0.5378738264920195,0.2933422737323188,0.023300073262229312,0.06753035673777069,True,ok,,0.2,0.07,0.084
2020-10-09 20:00:00+00:00,0.21356839284748416,0.21356839284748416,0.03204424606842532,0.24561263891590948,0.2933422737323188,0.07541534225529414,-0.002021190068425327,0.032044246068425326,True,ok,,0.2,0.07,0.084
2020-10-09 21:00:00+00:00,-0.06126169482157351,-0.06126169482157351,0.25208600031355083,0.19082430549197732,0.07541534225529414,0.13545180318043618,-0.1518168353135508,0.25208600031355083,True,ok,,0.2,0.07,0.084
2020-10-09 22:00:00+00:00,0.13274276711682745,0.13274276711682745,0.059538455006742264,0.1922812221235697,0.13545180318043618,0.0,-0.18157017394651043,0.02353439394651043,True,ok,,0.2,0.07,0.084
2020-10-09 23:00:00+00:00,-0.2461929783424411,-0.2461929783424411,0.4367272835599721,0.19053430521753098,0.0,0.2412691187755923,-0.3100306135599721,0.4367272835599721,True,ok,,0.2,0.07,0.084
2020-10-10 00:00:00+00:00,-0.2566664929404464,-0.2566664929404464,0.403517826100317,0.1468513331598706,0.2412691187755923,0.49280228185722974,-0.282193821100317,0.403517826100317,True,ok,,0.2,0.07,0.084
2020-10-10 01:00:00+00:00,-0.06279880204016053,-0.06279880204016053,0.3023459128493809,0.23954711080922036,0.49280228185722974,0.5543451078565871,0.0017177471506190946,0.3023459128493809,True,ok,,0.2,0.07,0.084
2020-10-10 02:00:00+00:00,0.23199307256849072,0.23199307256849072,0.4574883141698644,0.6894813867383551,0.5543451078565871,0.31761748278669855,-0.11496329416986444,0.4574883141698644,True,ok,,0.2,0.07,0.084
2020-10-10 03:00:00+00:00,-0.46504799702062677,-0.46504799702062677,0.6230340524212631,0.15798605540063632,0.31761748278669855,0.7733645198669128,-0.1314313924212631,0.6230340524212631,True,ok,,0.2,0.07,0.084
2020-10-10 04:00:00+00:00,0.1834567272310531,0.1834567272310531,-5.146372106246133e-09,0.183456722084681,0.7733645198669128,0.5861637777944096,0.09508366914637209,-5.146372094739797e-09,True,ok,,0.3,0.1,0.084
2020-10-10 05:00:00+00:00,0.3879882666521109,0.3879882666521109,-5.1463659445083465e-09,0.38798826150574495,0.5861637777944096,0.19025738325143932,0.13772177514636597,-5.146365960375827e-09,True,ok,,0.3,0.1,0.084
2020-10-10 06:00:00+00:00,0.18645223558641053,0.18645223558641053,0.641164299620272,0.8276165352066825,0.19025738325143932,0.0,0.049383092146374374,-5.146374366851476e-09,True,ok,,0.3,0.1,0.084
2020-10-10 07:00:00+00:00,-1.2440126428566547,-1.2440126428566547,-0.006460924461347828,-1.2504735673180025,0.0,1.2191323899995217,-0.21877427553865228,-0.006460924461347721,True,ok,,0.3,0.1,0.084
2020-10-10 08:00:00+00:00,-0.7201345800688153,-0.7201345800688153,-0.8350593264466786,-1.5551939065154938,1.2191323899995217,1.9248642784669605,-1.1551131735533213,-0.8350593264466786,True,ok,,0.3,0.1,0.084
2020-10-10 09:00:00+00:00,-0.7696787757089609,-0.7696787757089609,-1.526497285715756,-2.296176061424717,1.9248642784669605,2.679149478661742,-1.250549714284244,-1.526497285715756,True,ok,,0.3,0.1,0.084
2020-10-10 10:00:00+00:00,1.9012717467663678,1.9012717467663678,-2.427680110426911,-0.526408363660543,2.679149478661742,0.7390762676756524,-1.1483852895730888,-2.427680110426911,True,ok,,0.3,0.1,0.084
2020-10-10 11:00:00+00:00,-2.721396981348867,-2.721396981348867,-0.14926197042061196,-2.870658951769479,0.7390762676756524,3.406045309397542,-2.112911629579388,-0.1492619704206119,True,ok,,0.3,0.1,0.084
2020-10-10 12:00:00+00:00,-2.3360950229095567,-2.3360950229095567,-1.2793024384560923,-3.615397461365649,3.406045309397542,5.695418431848907,-0.9451792615439073,-1.2793024384560923,True,ok,,0.3,0.1,0.084
2020-10-10 13:00:00+00:00,-2.8236951910319212,-2.8236951910319212,-0.693176099118809,-3.51687129015073,5.695418431848907,8.46263971906019,-0.8270306008811908,-0.6931760991188091,True,ok,,0.3,0.1,0.084
2020-10-10 14:00:00+00:00,-0.979583784250869,-0.979583784250869,-0.9240097660925715,-1.9035935503434405,8.46263971906019,9.422631827626041,-2.3390742859766893e-07,-0.9240097660925715,True,ok,,0.3,0.1,0.084
2020-10-10 15:00:00+00:00,1.754913274091278,1.754913274091278,-1.6488281315466013,0.10608514254467677,9.422631827626041,7.631903996920656,1.1473210515466012,-1.6488281315466013,True,ok,,0.4,0.18,0.084
2020-10-10 16:00:00+00:00,0.7427042702090534,0.7427042702090534,-0.09727416071227901,0.6454301094967744,7.631903996920656,6.874042496707336,0.744811760712279,-0.09727416071227898,True,ok,,0.4,0.18,0.084
2020-10-10 17:00:00+00:00,0.49457720680165623,0.49457720680165623,-0.12659784604902158,0.36797936075263465,6.874042496707336,6.3693718775219725,0.5742477460490215,-0.12659784604902158,True,ok,,0.4,0.18,0.084
2020-10-10 18:00:00+00:00,0.5932227555655313,0.5932227555655313,-0.09266225446424925,0.500560501101282,6.3693718775219725,5.764042535108165,0.4493548244642493,-0.09266225446424928,True,ok,,0.4,0.18,0.084
2020-10-10 19:00:00+00:00,0.19438912673238365,0.19438912673238365,-9.903354875051562e-08,0.1943890276988349,5.764042535108165,5.565686283340426,-0.040752006966451246,-9.90335487497623e-08,True,ok,,0.2,0.07,0.084
2020-10-10 20:00:00+00:00,0.2738538025355787,0.2738538025355787,2.2567347179869301e-07,0.2738540282090505,5.565686283340426,5.286243627691876,0.27702877432652817,2.2567347179541603e-07,True,ok,,0.2,0.07,0.084
2020-10-10 21:00:00+00:00,0.15623877434274003,0.15623877434274003,2.2567304877596506e-07,0.1562390000157888,5.286243627691876,5.1268163069339785,0.11722627432695121,2.256730487892116e-07,True,ok,,0.2,0.07,0.084
2020-10-10 22:00:00+00:00,0.15671464730761958,0.15671464730761958,1.0251605653266438e-07,0.1567147498236761,5.1268163069339785,4.96690340151804,0.2284747774839435,1.025160565285782e-07,True,ok,,0.2,0.07,0.084
2020-10-10 23:00:00+00:00,0.23121144048823955,0.23121144048823955,2.2567192001221592e-07,0.23121166616015956,4.96690340151804,4.73097336020351,0.031159564328079987,2.2567192001253043e-07,True,ok,,0.2,0.07,0.084
2020-10-11 00:00:00+00:00,0.13593428062629268,0.13593428062629268,-5.8471145536476143e-08,0.13593422215514714,4.73097336020351,4.592264910584844,-0.05629101852885446,-5.847114554056934e-08,True,ok,,0.2,0.07,0.084
2020-10-11 01:00:00+00:00,0.34871983016131547,0.34871983016131547,2.2567313634480612e-07,0.3487200558344518,4.592264910584844,4.236428349195747,0.08746490432686364,2.256731363591658e-07,True,ok,,0.2,0.07,0.084
2020-10-11 02:00:00+00:00,0.2738322187316455,0.2738322187316455,2.2567391044781004e-07,0.27383244440555593,4.236428349195747,3.957007717836925,0.4182619743260896,2.2567391042018007e-07,True,ok,,0.2,0.07,0.084
2020-10-11 03:00:00+00:00,0.7105577748120521,0.7105577748120521,2.256651028265111e-07,0.7105580004771549,3.957007717836925,3.231948763947076,0.20348164433489713,2.2566510285159306e-07,True,ok,,0.2,0.07,0.084
2020-10-11 04:00:00+00:00,0.1600800045561624,0.1600800045561624,-5.146380405163242e-09,0.160079999409782,3.231948763947076,3.0686018205224204,0.10991203514638041,-5.146380410172864e-09,True,ok,,0.3,0.1,0.084
2020-10-11 05:00:00+00:00,0.6312797291546537,0.6312797291546537,-5.14637332749146e-09,0.6312797240082804,3.0686018205224204,2.4244388315891,0.16455923514637336,-5.14637336355122e-09,True,ok,,0.3,0.1,0.084
2020-10-11 06:00:00+00:00,1.5547828625278892,1.5547828625278892,-0.11172135608598066,1.4430615064419086,2.4244388315891,0.8379257065606418,-0.11863959391401936,-0.11172135608598063,True,ok,,0.3,0.1,0.084
2020-10-11 07:00:00+00:00,-0.5901126931617727,-0.5901126931617727,-0.005044722470497476,-0.5951574156322702,0.8379257065606418,1.416236145859179,-0.005446671529502547,-0.005044722470497452,True,ok,,0.3,0.1,0.084
2020-10-11 08:00:00+00:00,-1.363498614067359,-1.363498614067359,-0.4254397154556435,-1.7889383295230026,1.416236145859179,2.7524647876451906,-0.9506996845443565,-0.4254397154556436,True,ok,,0.3,0.1,0.084
2020-10-11 09:00:00+00:00,-1.9628433316967209,-1.9628433316967209,-1.772933344921648,-3.735776676618369,2.7524647876451906,4.676051252707977,-0.9079796550783518,-1.772933344921648,True,ok,,0.3,0.1,0.084
2020-10-11 10:00:00+00:00,-2.273082084784256,-2.273082084784256,-2.0741374854129266,-4.347219570197183,4.676051252707977,6.9036716957965485,-0.6732443145870738,-2.0741374854129266,True,ok,,0.3,0.1,0.084
2020-10-11 11:00:00+00:00,-1.0986347160407592,-1.0986347160407592,-2.1442271445520356,-3.242861860592795,6.9036716957965485,7.980333717516492,-0.44698485544796485,-2.1442271445520356,True,ok,,0.3,0.1,0.084
2020-10-11 12:00:00+00:00,0.4004528155215099,0.4004528155215099,-2.502233866092408,-2.101781050570898,7.980333717516492,7.571708395555768,-2.33907591843621e-07,-2.502233866092408,True,ok,,0.3,0.1,0.084
2020-10-11 13:00:00+00:00,-0.03865868715679488,-0.03865868715679488,-2.0640322660905968,-2.1026909532473916,7.571708395555768,7.609593908969427,-2.3390940297629312e-07,-2.0640322660905968,True,ok,,0.3,0.1,0.084
2020-10-11 14:00:00+00:00,0.5461877173652437,0.5461877173652437,-1.108591066092489,-0.5624033487272452,7.609593908969427,7.052259503494689,-2.3390751120732117e-07,-1.108591066092489,True,ok,,0.3,0.1,0.084
2020-10-11 15:00:00+00:00,0.8883924864655857,0.8883924864655857,-0.01201093877486914,0.8763815476907165,7.052259503494689,6.1457365581216425,0.11733869877486912,-0.012010938774869119,True,ok,,0.4,0.18,0.084
2020-10-11 16:00:00+00:00,1.3246412346580139,1.3246412346580139,-1.1276583311570221e-07,1.3246411218921808,6.1457365581216425,4.794061828878771,0.9144964527658332,-1.1276583319786301e-07,True,ok,,0.4,0.18,0.084
2020-10-11 17:00:00+00:00,0.9957720880763851,0.9957720880763851,-1.1276574085616886e-07,0.9957719753106442,4.794061828878771,3.777967861453888,0.9482426627657409,-1.127657408619134e-07,True,ok,,0.4,0.18,0.084
2020-10-11 18:00:00+00:00,0.264497751823066,0.264497751823066,-1.1276569467089104e-07,0.26449763905737134,3.777967861453888,3.5080721963283104,0.4734843327656947,-1.1276569466334252e-07,True,ok,,0.4,0.18,0.084
2020-10-11 19:00:00+00:00,0.16638833045037446,0.16638833045037446,0.05288608636983366,0.21927441682020812,3.5080721963283104,3.338288185664663,0.08299930363016635,0.052886086369833656,True,ok,,0.2,0.07,0.084
2020-10-11 20:00:00+00:00,0.003600800203653831,0.003600800203653831,0.18384022754360674,0.18744102774726057,3.338288185664663,3.334613899742567,0.17446317245639323,0.18384022754360674,True,ok,,0.2,0.07,0.084
2020-10-11 21:00:00+00:00,0.09759672054180957,0.09759672054180957,0.0761675294161229,0.17376424995793247,3.334613899742567,3.235025409393782,0.15824432058387708,0.0761675294161229,True,ok,,0.2,0.07,0.084
2020-10-11 22:00:00+00:00,0.15865189023501924,0.15865189023501924,0.004184415385916074,0.16283630562093532,3.235025409393782,3.0731357254804967,0.1925961846140839,0.004184415385916085,True,ok,,0.2,0.07,0.084
2020-10-11 23:00:00+00:00,0.2759075526890611,0.2759075526890611,2.2567469626366687e-07,0.27590777836375735,3.0731357254804967,2.7915974064100264,0.1958144143253037,2.2567469628889146e-07,True,ok,,0.2,0.07,0.084
2020-10-12 00:00:00+00:00,0.08829055115043882,0.08829055115043882,0.052315199307007065,0.1406057504574459,2.7915974064100264,2.7015050072769258,0.26548326069299294,0.052315199307007065,True,ok,,0.2,0.07,0.084
2020-10-12 01:00:00+00:00,0.8650196631556146,0.8650196631556146,2.2567456969824207e-07,0.8650198888301843,2.7015050072769258,1.8188318816079312,0.6035490343254303,2.2567456966416818e-07,True,ok,,0.2,0.07,0.084
2020-10-12 02:00:00+00:00,0.1339090014618709,0.1339090014618709,8.187008487814396e-08,0.13390908333195578,1.8188318816079312,1.6821900433815322,0.5972733181299152,8.187008486963269e-08,True,ok,,0.2,0.07,0.084
2020-10-12 03:00:00+00:00,0.21767277390181963,0.21767277390181963,2.2567358343161814e-07,0.21767299957540306,1.6821900433815322,1.4600749679715121,0.4268770743264166,2.2567358342105156e-07,True,ok,,0.2,0.07,0.084
2020-10-12 04:00:00+00:00,0.21770663556498077,0.21770663556498077,-0.01971741336162014,0.19798922220336063,1.4600749679715121,1.2379253398439807,-0.020555581638379873,-0.019717413361620126,True,ok,,0.3,0.1,0.084
2020-10-12 05:00:00+00:00,0.10952285632639497,0.10952285632639497,-5.1463695527331765e-09,0.10952285118002542,1.2379253398439807,1.126167323184394,0.17788132514636953,-5.146369547173481e-09,True,ok,,0.3,0.1,0.084
2020-10-12 06:00:00+00:00,0.15518153221292907,0.15518153221292907,-0.23597913909292684,-0.08079760687999778,1.126167323184394,0.9678188209263032,-0.30553806090707325,-0.23597913909292684,True,ok,,0.3,0.1,0.084
2020-10-12 07:00:00+00:00,-1.0324764336095462,-1.0324764336095462,-0.6397784253259271,-1.6722548589354733,0.9678188209263032,1.9796457258636584,-0.7303976746740728,-0.6397784253259271,True,ok,,0.3,0.1,0.084
2020-10-12 08:00:00+00:00,0.9842357066116687,0.9842357066116687,-2.0063937777191856,-1.0221580711075169,1.9796457258636584,0.9753235762599148,-1.0988210222808144,-2.0063937777191856,True,ok,,0.3,0.1,0.084
2020-10-12 09:00:00+00:00,-1.580901475549937,-1.580901475549937,-1.4594266149296105,-3.0403280904795476,0.9753235762599148,2.524607022298853,-1.6120318850703899,-1.4594266149296105,True,ok,,0.3,0.1,0.084
2020-10-12 10:00:00+00:00,-1.891224268319203,-1.891224268319203,-1.1867484893092999,-3.077972757628503,2.524607022298853,4.3780068052516725,-2.0935852106907,-1.1867484893092999,True,ok,,0.3,0.1,0.084
2020-10-12 11:00:00+00:00,-0.14401465638170352,-0.14401465638170352,-1.44356072700944,-1.5875753833911435,4.3780068052516725,4.519141168505742,-1.1549452729905603,-1.44356072700944,True,ok,,0.3,0.1,0.084
2020-10-12 12:00:00+00:00,0.022025400886449553,0.022025400886449553,-0.8800660606797588,-0.8580406597933092,4.519141168505742,4.496666269642018,-1.5743514393202411,-0.8800660606797588,True,ok,,0.3,0.1,0.084
2020-10-12 13:00:00+00:00,-1.24402687640754,-1.24402687640754,-2.4357968197996627e-07,-1.244027119987222,4.496666269642018,5.715812608521407,-1.0997766564203182,-2.4357968208366586e-07,True,ok,,0.3,0.1,0.084
2020-10-12 14:00:00+00:00,-1.063133360303116,-1.063133360303116,-2.43580130065979e-07,-1.063133603883246,5.715812608521407,6.757683301618461,-0.3162050764198698,-2.4358013016234113e-07,True,ok,,0.3,0.1,0.084
2020-10-12 15:00:00+00:00,0.2470120674703192,0.2470120674703192,-0.265840252966338,-0.0188281854960188,6.757683301618461,6.505630171546707,0.455658432966338,-0.265840252966338,True,ok,,0.4,0.18,0.084
2020-10-12 16:00:00+00:00,1.2029854431026947,1.2029854431026947,-1.1276584066521878e-07,1.202985330336854,6.505630171546707,5.278094005115386,0.9298652127658408,-1.1276584076202135e-07,True,ok,,0.4,0.18,0.084
2020-10-12 17:00:00+00:00,0.22844272417153713,0.22844272417153713,-1.1276595260345523e-07,0.22844261140558453,5.278094005115386,5.044989184532184,0.9296628127659525,-1.1276595260999877e-07,True,ok,,0.4,0.18,0.084
2020-10-12 18:00:00+00:00,0.3812615197736175,0.3812615197736175,-2.4280264798726137e-07,0.3812612769709695,5.044989184532184,4.655946817416249,0.264491342802648,-2.428026479769648e-07,True,ok,,0.4,0.18,0.084
2020-10-12 19:00:00+00:00,0.1764422466506729,0.1764422466506729,2.2567475824186722e-07,0.17644247232543114,4.655946817416249,4.475903708589032,0.20992210432524175,2.2567475823934362e-07,True,ok,,0.2,0.07,0.084
2020-10-12 20:00:00+00:00,0.2870623182640455,0.2870623182640455,0.031316847178738616,0.3183791654427841,4.475903708589032,4.182982975666536,0.26192470282126146,0.0313168471787386,True,ok,,0.2,0.07,0.084
2020-10-12 21:00:00+00:00,0.14995305208561865,0.14995305208561865,2.256744633388763e-07,0.149953277760082,4.182982975666536,4.029969657211823,0.6363453743255366,2.256744633398897e-07,True,ok,,0.2,0.07,0.084
2020-10-12 22:00:00+00:00,0.1438004408827993,0.1438004408827993,2.256746188256109e-07,0.14380066655741813,4.029969657211823,3.8832345134538646,0.5104026743253812,2.25674618825021e-07,True,ok,,0.2,0.07,0.084
2020-10-12 23:00:00+00:00,0.5431599977681811,0.5431599977681811,2.256734711325592e-07,0.5431602234416523,3.8832345134538646,3.3289896177720473,0.2811013043265289,2.2567347111291047e-07,True,ok,,0.2,0.07,0.084
2020-10-13 00:00:00+00:00,0.5539456757570707,0.5539456757570707,1.0251481452616673e-07,0.5539457782718852,3.3289896177720473,2.763738928224016,0.12021116748518541,1.0251481457864656e-07,True,ok,,0.2,0.07,0.084
2020-10-13 01:00:00+00:00,0.6994073000458094,0.6994073000458094,2.2567372670589947e-07,0.6994075257195361,2.763738928224016,2.0500580098099244,0.4228601743262733,2.2567372673147693e-07,True,ok,,0.2,0.07,0.084
2020-10-13 02:00:00+00:00,0.17100902403431856,0.17100902403431856,2.2567406898765796e-07,0.17100924970838755,2.0500580098099244,1.8755590056932727,0.259341144325931,2.2567406898464954e-07,True,ok,,0.2,0.07,0.084
2020-10-13 03:00:00+00:00,0.18762474645749416,0.18762474645749416,2.2567402310769147e-07,0.18762497213151727,1.8755590056932727,1.6841051827774622,0.2139519743259769,2.2567402311021354e-07,True,ok,,0.2,0.07,0.084
2020-10-13 04:00:00+00:00,0.17545797729675255,0.17545797729675255,-5.146373799336246e-09,0.17545797215037875,1.6841051827774622,1.5050664304338373,0.1268387951463738,-5.146373790951468e-09,True,ok,,0.3,0.1,0.084
2020-10-13 05:00:00+00:00,0.14871188184029857,0.14871188184029857,-1.866996751642702e-09,0.14871187997330182,1.5050664304338373,1.353319612229451,0.3073865718669968,-1.8669967592479753e-09,True,ok,,0.3,0.1,0.084
2020-10-13 06:00:00+00:00,0.13026358236656566,0.13026358236656566,-0.1414674550198254,-0.011203872653259768,1.353319612229451,1.220397589406425,-0.15460606498017457,-0.1414674550198254,True,ok,,0.3,0.1,0.084
2020-10-13 07:00:00+00:00,0.18468932096956098,0.18468932096956098,-0.4598891167921831,-0.2751997958226221,1.220397589406425,1.0319390986211587,-0.46098708320781695,-0.4598891167921831,True,ok,,0.3,0.1,0.084
2020-10-13 08:00:00+00:00,0.015845682076236267,0.015845682076236267,-0.6230257152085447,-0.6071800331323084,1.0319390986211587,1.0157700352780605,-0.6955194847914553,-0.6230257152085447,True,ok,,0.3,0.1,0.084
2020-10-13 09:00:00+00:00,-0.5205900273357746,-0.5205900273357746,-0.7217478098186978,-1.2423378371544724,1.0157700352780605,1.5259482620671196,-0.8246730901813022,-0.7217478098186978,True,ok,,0.3,0.1,0.084
2020-10-13 10:00:00+00:00,-1.1976148921864904,-1.1976148921864904,-0.9040047745620863,-2.1016196667485767,1.5259482620671196,2.69961085640988,-1.1367015254379138,-0.9040047745620863,True,ok,,0.3,0.1,0.084
2020-10-13 11:00:00+00:00,-0.7762038593383533,-0.7762038593383533,-1.783450771153207,-2.5596546304915604,2.69961085640988,3.4602906385614665,-0.7792030288467933,-1.783450771153207,True,ok,,0.3,0.1,0.084
2020-10-13 12:00:00+00:00,-1.1191944329603605,-1.1191944329603605,-1.9518075048715036,-3.071001937831864,3.4602906385614665,4.55710118286262,-0.8919856951284961,-1.9518075048715036,True,ok,,0.3,0.1,0.084
2020-10-13 13:00:00+00:00,-0.48497850328213477,-0.48497850328213477,-1.3616283343522477,-1.8466068376343825,4.55710118286262,5.0323801160791115,-0.49429326564775194,-1.3616283343522477,True,ok,,0.3,0.1,0.084
2020-10-13 14:00:00+00:00,1.3982382046346267,1.3982382046346267,-1.002499036092164,0.39573916854246266,5.0323801160791115,3.605606437880513,-2.3390783598973342e-07,-1.002499036092164,True,ok,,0.3,0.1,0.084
2020-10-13 15:00:00+00:00,0.598260029499396,0.598260029499396,-1.127654314370119e-07,0.5982599167339646,3.605606437880513,2.9951370200239866,0.5866560527654314,-1.1276543143444507e-07,True,ok,,0.4,0.18,0.084
2020-10-13 16:00:00+00:00,0.9234070805110434,0.9234070805110434,-1.1276469924492716e-07,0.9234069677463441,2.9951370200239866,2.0528848970535343,1.0568932127646993,-1.1276469929655349e-07,True,ok,,0.4,0.18,0.084
2020-10-13 17:00:00+00:00,1.0367548325208327,1.0367548325208327,-1.1276544809035727e-07,1.0367547197553846,2.0528848970535343,0.9949718026445213,0.6967749127654481,-1.1276544808610626e-07,True,ok,,0.4,0.18,0.084
2020-10-13 18:00:00+00:00,0.25156822407827256,0.25156822407827256,-1.1276190958753318e-07,0.251568111316363,0.9949718026445213,0.7382695331768963,0.27401403276190955,-1.127619096118276e-07,True,ok,,0.4,0.18,0.084
2020-10-13 19:00:00+00:00,0.16654989633007136,0.16654989633007136,0.06118279824280126,0.22773269457287262,0.7382695331768963,0.568320659370701,0.023709981757198746,0.061182798242801255,True,ok,,0.2,0.07,0.084
2020-10-13 20:00:00+00:00,0.041489053614151616,0.041489053614151616,0.15682594632385988,0.1983149999380115,0.568320659370701,0.5259848903766687,-0.05423218132385986,0.15682594632385988,True,ok,,0.2,0.07,0.084
2020-10-13 21:00:00+00:00,0.1893812958294509,0.1893812958294509,0.09567378737916316,0.28505508320861406,0.5259848903766687,0.33273867014253516,-0.0008180273791631405,0.09567378737916314,True,ok,,0.2,0.07,0.084
2020-10-13 22:00:00+00:00,-0.0035084259085316483,-0.0035084259085316483,0.1629753425862185,0.15946691667768687,0.33273867014253516,0.3361769275328962,0.012260967413781482,0.1629753425862185,True,ok,,0.2,0.07,0.084
2020-10-13 23:00:00+00:00,0.037203092945673866,0.037203092945673866,0.13605982352125126,0.17326291646692513,0.3361769275328962,0.29821458779241267,0.023315726478748747,0.13605982352125126,True,ok,,0.2,0.07,0.084
2020-10-14 00:00:00+00:00,-0.2634617948879202,-0.2634617948879202,0.41189393352164805,0.14843213863372787,0.29821458779241267,0.5564071467825744,-0.14436743352164802,0.41189393352164805,True,ok,,0.2,0.07,0.084
2020-10-14 01:00:00+00:00,0.545279003846923,0.545279003846923,0.3819891079250842,0.9272681117720072,0.5564071467825744,0.0,0.17707264084260727,0.37291235915739274,True,ok,,0.2,0.07,0.084
2020-10-14 02:00:00+00:00,-0.8653238458027995,-0.8653238458027995,0.9903520123591578,0.12502816655635826,0.0,0.8480173688867435,-0.2868094123591577,0.9903520123591578,True,ok,,0.2,0.07,0.084
2020-10-14 03:00:00+00:00,0.25264849617274243,0.25264849617274243,2.2567585161725745e-07,0.25264872184859405,0.8480173688867435,0.5902127809553737,0.4758794143241484,2.2567585161891374e-07,True,ok,,0.2,0.07,0.084
2020-10-14 04:00:00+00:00,0.14423981059311405,0.14423981059311405,-5.146383291743106e-09,0.14423980544673076,0.5902127809553737,0.4430293007583185,0.050516759146383296,-5.146383296569567e-09,True,ok,,0.3,0.1,0.084
2020-10-14 05:00:00+00:00,0.1304156721663072,0.1304156721663072,-5.146356979457423e-09,0.13041566701995022,0.4430293007583185,0.30995208426208665,0.249051505146357,-5.146356970923594e-09,True,ok,,0.3,0.1,0.084
2020-10-14 06:00:00+00:00,0.2393509816302848,0.2393509816302848,-0.1465022481742685,0.09284873345601631,0.30995208426208665,0.06571638872097971,-0.2643677518257315,-0.1465022481742685,True,ok,,0.3,0.1,0.084
2020-10-14 07:00:00+00:00,0.03057901051400974,0.03057901051400974,-0.19452563323180136,-0.16394662271779162,0.06571638872097971,0.034513316767908545,-0.4958800667681986,-0.19452563323180136,True,ok,,0.3,0.1,0.084
2020-10-14 08:00:00+00:00,-0.10490927450891843,-0.10490927450891843,-0.23346560801174251,-0.33837488252066095,0.034513316767908545,0.13732440578664862,-0.9487453919882576,-0.23346560801174251,True,ok,,0.3,0.1,0.084
2020-10-14 09:00:00+00:00,0.13457791767091565,0.13457791767091565,0.010155387477961048,0.1447333051488767,0.13732440578664862,0.0,-1.3532963564183293,-2.435816705980519e-07,True,ok,,0.3,0.1,0.084
2020-10-14 10:00:00+00:00,-0.8253963107725762,-0.8253963107725762,0.2080354446055881,-0.6173608661669882,0.0,0.8088883845571248,-1.0494177446055881,0.2080354446055881,True,ok,,0.3,0.1,0.084
2020-10-14 11:00:00+00:00,-0.5036290275962763,-0.5036290275962763,0.24186983179661353,-0.2617591957996627,0.8088883845571248,1.3024448316014754,-0.9779389317966136,0.24186983179661356,True,ok,,0.3,0.1,0.084
2020-10-14 12:00:00+00:00,-1.4099630428897307,-1.4099630428897307,0.6893293551603337,-0.7206336877293971,1.3024448316014754,2.6842086136334116,-0.9869991251603336,0.6893293551603336,True,ok,,0.3,0.1,0.084
2020-10-14 13:00:00+00:00,0.5002456604132561,0.5002456604132561,0.19655120028619655,0.6967968606994527,2.6842086136334116,2.1737538581096807,-0.4343575002861965,0.1965512002861965,True,ok,,0.3,0.1,0.084
2020-10-14 14:00:00+00:00,-0.2992492120823702,-0.2992492120823702,1.944030046555509,1.6447808344731387,2.1737538581096807,2.4670180859504036,-1.2928509465555091,1.944030046555509,True,ok,,0.3,0.1,0.084
2020-10-14 15:00:00+00:00,1.1725489401575218,1.1725489401575218,0.1320266025276502,1.304575542685172,2.4670180859504036,1.2705395755855855,1.0242373974723495,0.13202660252765022,True,ok,,0.4,0.18,0.084
2020-10-14 16:00:00+00:00,0.454748433255731,0.454748433255731,0.5763078963083852,1.0310563295641162,1.2705395755855855,0.8065105620593294,0.6693972036916147,0.5763078963083852,True,ok,,0.4,0.18,0.084
2020-10-14 17:00:00+00:00,0.7541535575710893,0.7541535575710893,0.12406160876189942,0.8782151663329887,0.8065105620593294,0.03696611555821783,0.5791260912381005,0.1240616087618994,True,ok,,0.4,0.18,0.084
2020-10-14 18:00:00+00:00,0.03283106840151179,0.03283106840151179,0.24065518124139018,0.27348624964290197,0.03696611555821783,0.003465025352593555,0.03622677875860983,0.24065518124139018,True,ok,,0.4,0.18,0.084
2020-10-14 19:00:00+00:00,-0.43229464812424767,-0.43229464812424767,0.6176199536894459,0.18532530556519822,0.003465025352593555,0.4271137805143563,-0.25579482368944584,0.6176199536894459,True,ok,,0.2,0.07,0.084
2020-10-14 20:00:00+00:00,-0.24048583925589873,-0.24048583925589873,0.4398723672233518,0.1993865279674531,0.4271137805143563,0.662789902985137,-0.18709726722335177,0.4398723672233518,True,ok,,0.2,0.07,0.084
2020-10-14 21:00:00+00:00,0.01043375920164169,0.01043375920164169,0.23730018561176872,0.2477339448134104,0.662789902985137,0.6521432099222373,-0.09417216561176875,0.23730018561176872,True,ok,,0.2,0.07,0.084
2020-10-14 22:00:00+00:00,-0.23940451022356696,-0.23940451022356696,0.3786423990339368,0.13923788881036986,0.6521432099222373,0.886759629941333,-0.1144465990339368,0.3786423990339368,True,ok,,0.2,0.07,0.084
2020-10-14 23:00:00+00:00,-0.21059263359912167,-0.21059263359912167,0.37530721669138745,0.16471458309226578,0.886759629941333,1.0931404108684721,-0.049284936691387435,0.37530721669138745,True,ok,,0.2,0.07,0.084
2020-10-15 00:00:00+00:00,-0.38480358763109324,-0.38480358763109324,0.5215264210313956,0.1367228334003023,1.0931404108684721,1.4702479267469435,0.010569178968604417,0.5215264210313956,True,ok,,0.2,0.07,0.084
2020-10-15 01:00:00+00:00,0.9681892845385746,0.9681892845385746,0.4069573017974545,1.375146586336029,1.4702479267469435,0.48229967721778577,0.10665475820254552,0.4069573017974545,True,ok,,0.2,0.07,0.084
2020-10-15 02:00:00+00:00,-0.84434675434797,-0.84434675434797,1.0130963931173318,0.16874963876936178,0.48229967721778577,1.3097594964787964,-0.3492178531173318,1.0130963931173318,True,ok,,0.2,0.07,0.084
2020-10-15 03:00:00+00:00,0.21360202483829552,0.21360202483829552,2.2567679427987208e-07,0.2136022505150898,1.3097594964787964,1.091798246643801,0.3487473743232057,2.2567679427781506e-07,True,ok,,0.2,0.07,0.084
2020-10-15 04:00:00+00:00,0.1496911388820891,0.1496911388820891,1.8179902028236938e-14,0.14969113888210728,1.091798246643801,0.9390521865600365,0.1791429099999818,1.8171314550024472e-14,True,ok,,0.3,0.1,0.084
2020-10-15 05:00:00+00:00,0.181939777840477,0.181939777840477,3.1502578323738817e-14,0.1819397778405085,0.9390521865600365,0.7533993520289375,0.5347174999999684,3.151007543942275e-14,True,ok,,0.3,0.1,0.084
2020-10-15 06:00:00+00:00,-0.02444551218722249,-0.02444551218722249,0.11508775343937612,0.09064224125215363,0.7533993520289375,0.7773559539724155,0.12782685656062387,0.11508775343937612,True,ok,,0.3,0.1,0.084
2020-10-15 07:00:00+00:00,-0.01887976145278951,-0.01887976145278951,2.9166589039786306e-09,-0.018879758536130605,0.7773559539724155,0.7958581201961492,-0.2023657829166589,2.9166589035284628e-09,True,ok,,0.3,0.1,0.084
2020-10-15 08:00:00+00:00,-0.015036531291993872,-0.015036531291993872,0.0027605398263230007,-0.012275991465670872,0.7958581201961492,0.8105939208623032,-0.7308332898263231,0.002760539826323,True,ok,,0.3,0.1,0.084
2020-10-15 09:00:00+00:00,-0.3631479486159567,-0.3631479486159567,0.1916211734264875,-0.17152677518946918,0.8105939208623032,1.1664789105059408,-0.6837365334264874,0.1916211734264875,True,ok,,0.3,0.1,0.084
2020-10-15 10:00:00+00:00,-0.856217307864267,-0.856217307864267,0.2937709581577632,-0.5624463497065038,1.1664789105059408,2.0055718722129225,-0.9180934581577631,0.29377095815776316,True,ok,,0.3,0.1,0.084
2020-10-15 11:00:00+00:00,0.027083708796871747,0.027083708796871747,0.15013322107879237,0.17721692987566412,2.0055718722129225,1.9779354346650941,-0.5408758210787924,0.15013322107879237,True,ok,,0.3,0.1,0.084
2020-10-15 12:00:00+00:00,-0.6447748255265819,-0.6447748255265819,0.28486241390752715,-0.3599124116190548,1.9779354346650941,2.609814763681144,-0.5534545739075272,0.28486241390752715,True,ok,,0.3,0.1,0.084
2020-10-15 13:00:00+00:00,-0.5534447343787832,-0.5534447343787832,1.2486224419429284,0.6951777075641452,2.609814763681144,3.1521906033723517,-0.9145091619429283,1.2486224419429284,True,ok,,0.3,0.1,0.084
2020-10-15 14:00:00+00:00,-0.8522853087223664,-0.8522853087223664,1.789466056442932,0.9371807477205657,3.1521906033723517,3.987430205920271,-0.7649413564429323,1.789466056442932,True,ok,,0.3,0.1,0.084
2020-10-15 15:00:00+00:00,2.206575131053961,2.206575131053961,0.13377798967350252,2.3403531207274635,3.987430205920271,1.7358229293345961,1.4091989103264972,0.13377798967350266,True,ok,,0.4,0.18,0.084
2020-10-15 16:00:00+00:00,0.026575263399518878,0.026575263399518878,0.844455896294831,0.8710311596943499,1.7358229293345961,1.7087053136208015,0.9890314037051691,0.844455896294831,True,ok,,0.4,0.18,0.084
2020-10-15 17:00:00+00:00,0.6686743893637835,0.6686743893637835,-1.1276548894656457e-07,0.6686742765982946,1.7087053136208015,1.026384508147553,0.4687546127654889,-1.1276548890424755e-07,True,ok,,0.4,0.18,0.084
2020-10-15 18:00:00+00:00,0.5718116944826014,0.5718116944826014,-1.1276500588852656e-07,0.5718115817175955,1.026384508147553,0.44290318724693944,0.05954159276500592,-1.1276500591530608e-07,True,ok,,0.4,0.18,0.084
2020-10-15 19:00:00+00:00,-0.06652524066569443,-0.06652524066569443,0.31751465708747884,0.2509894164217844,0.44290318724693944,0.50809792309932,-0.16644019708747884,0.31751465708747884,True,ok,,0.2,0.07,0.084
2020-10-15 20:00:00+00:00,-0.11551271091806281,-0.11551271091806281,0.290900044621104,0.17538733370304121,0.50809792309932,0.6213003797990215,-0.29342254362110404,0.290900044621104,True,ok,,0.2,0.07,0.084
2020-10-15 21:00:00+00:00,-0.14398913878753916,-0.14398913878753916,0.2533735276873423,0.1093843888998031,0.6213003797990215,0.76240973581081,-0.24874412568734225,0.2533735276873423,True,ok,,0.2,0.07,0.084
2020-10-15 22:00:00+00:00,0.18310300925864048,0.18310300925864048,0.03445062945392463,0.2175536387125651,0.76240973581081,0.5755699304448503,0.018605026546075376,0.034450629453924624,True,ok,,0.2,0.07,0.084
2020-10-15 23:00:00+00:00,0.012907621035509034,0.012907621035509034,0.09897787887368006,0.1118854999091891,0.5755699304448503,0.5623988885718819,-0.04145234287368006,0.09897787887368006,True,ok,,0.2,0.07,0.084
2020-10-16 00:00:00+00:00,-0.5079769484305406,-0.5079769484305406,0.8825963099106179,0.37461936148007724,0.5623988885718819,1.0602162980338117,-0.7705391599106179,0.8825963099106179,True,ok,,0.2,0.07,0.084
2020-10-16 01:00:00+00:00,-0.09270889767351964,-0.09270889767351964,0.8988716184597209,0.8061627207862012,1.0602162980338117,1.151071017753861,-0.40171365845972085,0.8988716184597209,True,ok,,0.2,0.07,0.084
2020-10-16 02:00:00+00:00,-1.5961116679763432,-1.5961116679763432,1.7366753071297178,0.14056363915337464,1.151071017753861,2.7152604523706776,-1.1104368471297177,1.7366753071297178,True,ok,,0.2,0.07,0.084
2020-10-16 03:00:00+00:00,0.19631233578786284,0.19631233578786284,0.1579322750436093,0.35424461083147213,2.7152604523706776,2.5149417423830625,0.2074945249563907,0.1579322750436093,True,ok,,0.2,0.07,0.084
2020-10-16 04:00:00+00:00,0.6210241701332523,0.6210241701332523,-0.06943053190388171,0.5515936382293706,2.5149417423830625,1.8812436095940295,-0.13078362809611827,-0.06943053190388171,True,ok,,0.3,0.1,0.084
2020-10-16 05:00:00+00:00,0.6336358584721893,0.6336358584721893,-7.771561172376096e-16,0.6336358584721885,1.8812436095940295,1.2346764070713874,0.20115216000000077,-7.681478905652864e-16,True,ok,,0.3,0.1,0.084
2020-10-16 06:00:00+00:00,1.2099828789299596,1.2099828789299596,0.6496911854197123,1.8596740643496719,1.2346764070713874,0.0,-0.1425644029166683,2.91666828576711e-09,True,ok,,0.3,0.1,0.084
2020-10-16 07:00:00+00:00,-0.7741002108760251,-0.7741002108760251,1.4418232896246674,0.6677230787486423,0.0,0.7586182066585045,-1.2533534696246675,1.4418232896246674,True,ok,,0.3,0.1,0.084
2020-10-16 08:00:00+00:00,-1.0423849482466876,-1.0423849482466876,0.7381653073022182,-0.3042196409444694,0.7586182066585045,1.7801554559402584,-1.1681693073022181,0.7381653073022182,True,ok,,0.3,0.1,0.084
2020-10-16 09:00:00+00:00,-2.0309859168418245,-2.0309859168418245,0.4653682003700135,-1.565617716471811,1.7801554559402584,3.7705216544452465,-1.3455399503700136,0.46536820037001364,True,ok,,0.3,0.1,0.084
2020-10-16 10:00:00+00:00,-1.7965740858808554,-1.7965740858808554,0.11512824294354673,-1.6814458429373087,3.7705216544452465,5.531164258608484,-1.5435015429435468,0.11512824294354676,True,ok,,0.3,0.1,0.084
2020-10-16 11:00:00+00:00,-0.34153952781984903,-0.34153952781984903,-2.4357961292409414e-07,-0.34153977139946196,5.531164258608484,5.8658729958719364,-1.4604540564203872,-2.435796129392615e-07,True,ok,,0.3,0.1,0.084
2020-10-16 12:00:00+00:00,0.10014073179590254,0.10014073179590254,0.12048910294081515,0.22062983473671768,5.8658729958719364,5.7636885756720355,-0.4936111729408152,0.12048910294081515,True,ok,,0.3,0.1,0.084
2020-10-16 13:00:00+00:00,-0.8124523653262975,-0.8124523653262975,0.8818687897622437,0.06941642443594616,5.7636885756720355,6.559891893691807,-0.4776381097622437,0.8818687897622437,True,ok,,0.3,0.1,0.084
2020-10-16 14:00:00+00:00,0.554292138986036,0.554292138986036,0.23648699392293648,0.7907791329089725,6.559891893691807,5.994287670236668,0.5159588660770634,0.2364869939229365,True,ok,,0.3,0.1,0.084
2020-10-16 15:00:00+00:00,1.472487614883354,1.472487614883354,-1.1276526845627188e-07,1.4724875021180854,5.994287670236668,4.491749287702634,1.0849466127652685,-1.1276526849367898e-07,True,ok,,0.4,0.18,0.084
2020-10-16 16:00:00+00:00,0.7794467875935758,0.7794467875935758,0.12207173371541491,0.9015185213089907,4.491749287702634,3.69639542281123,1.613594166284585,0.12207173371541492,True,ok,,0.4,0.18,0.084
2020-10-16 17:00:00+00:00,0.6911705027308517,0.6911705027308517,-1.1276600730969477e-07,0.6911703899648444,3.69639542281123,2.9911193996164833,0.8426697127660072,-1.1276600736079225e-07,True,ok,,0.4,0.18,0.084
2020-10-16 18:00:00+00:00,2.9312970116241535,2.9312970116241535,2.6096581372157934,5.540955148839947,2.9911193996164833,0.0,0.4030574628025763,-2.428025763492302e-07,True,ok,,0.4,0.18,0.084
2020-10-16 19:00:00+00:00,-0.9074632838276278,-0.9074632838276278,1.881330312336873,0.9738670285092452,0.0,0.8893140181510751,-0.1380724123368728,1.881330312336873,True,ok,,0.2,0.07,0.084
2020-10-16 20:00:00+00:00,-0.36025555589597635,-0.36025555589597635,0.5761931947483078,0.2159376388523314,0.8893140181510751,1.242364462929132,0.05618534525169223,0.5761931947483078,True,ok,,0.2,0.07,0.084
2020-10-16 21:00:00+00:00,-0.2393019790326388,-0.2393019790326388,0.41868775686636533,0.17938577783372653,1.242364462929132,1.476880402381118,-0.17361167686636533,0.41868775686636533,True,ok,,0.2,0.07,0.084
2020-10-16 22:00:00+00:00,0.10915331906864223,0.10915331906864223,0.045951486517431,0.15510480558607323,1.476880402381118,1.3654994645559728,0.06438490848256899,0.04595148651743101,True,ok,,0.2,0.07,0.084
2020-10-16 23:00:00+00:00,-0.0531038121946896,-0.0531038121946896,0.20353728463996548,0.15043347244527588,1.3654994645559728,1.4175412005067687,0.05749985536003452,0.20353728463996548,True,ok,,0.2,0.07,0.084
2020-10-17 00:00:00+00:00,0.1704004225531182,0.1704004225531182,0.009061022105584904,0.17946144465870312,1.4175412005067687,1.2436632183097092,0.006033932894415084,0.009061022105584914,True,ok,,0.2,0.07,0.084
2020-10-17 01:00:00+00:00,-0.0008872523032013024,-0.0008872523032013024,0.15098286338273528,0.15009561107953398,1.2436632183097092,1.2445327255668464,0.07799821661726472,0.15098286338273528,True,ok,,0.2,0.07,0.084
2020-10-17 02:00:00+00:00,0.6745559597230009,0.6745559597230009,0.2779757339050989,0.9525316936280998,1.2445327255668464,0.5562103176862332,-0.12004153390509884,0.27797573390509883,True,ok,,0.2,0.07,0.084
2020-10-17 03:00:00+00:00,-0.579659896880648,-0.579659896880648,0.7040988970209442,0.12443900014029616,0.5562103176862332,1.1242770166292684,-0.4796361770209442,0.7040988970209442,True,ok,,0.2,0.07,0.084
2020-10-17 04:00:00+00:00,0.3244458067231619,0.3244458067231619,8.271161533457416e-15,0.3244458067231702,1.1242770166292684,0.7932098669117562,0.09508526599999173,8.275515154432108e-15,True,ok,,0.3,0.1,0.084
2020-10-17 05:00:00+00:00,0.6871731390363441,0.6871731390363441,6.80788758700146e-13,0.6871731390370249,0.7932098669117562,0.09201278626242548,0.16932842999931927,6.807403624513392e-13,True,ok,,0.3,0.1,0.084
2020-10-17 06:00:00+00:00,0.09017253053717697,0.09017253053717697,0.7036960628992793,0.7938685934364563,0.09201278626242548,0.0,-0.21614680235804468,0.3436422223580447,True,ok,,0.3,0.1,0.084
2020-10-17 07:00:00+00:00,-0.15774021136316085,-0.15774021136316085,0.16549224860059156,0.007752037237430704,0.0,0.15458540713589763,-0.6550467786005916,0.16549224860059156,True,ok,,0.3,0.1,0.084
2020-10-17 08:00:00+00:00,0.022938134852777486,0.022938134852777486,0.12174765448734043,0.14468578934011792,0.15458540713589763,0.13117914708204306,-1.1589427544873403,0.12174765448734043,True,ok,,0.3,0.1,0.084
2020-10-17 09:00:00+00:00,-0.14417021975036748,-0.14417021975036748,0.6216823976913547,0.4775121779409872,0.13117914708204306,0.2724659624374032,-1.3555419576913548,0.6216823976913547,True,ok,,0.3,0.1,0.084
2020-10-17 10:00:00+00:00,-1.1718714191034347,-1.1718714191034347,1.300201552882914,0.1283301337794794,0.2724659624374032,1.4208999531587692,-1.702785722882914,1.300201552882914,True,ok,,0.3,0.1,0.084
2020-10-17 11:00:00+00:00,-1.2626144524148826,-1.2626144524148826,1.1167521165003038,-0.1458623359145787,1.4208999531587692,2.6582621165253544,-1.5047079565003039,1.1167521165003038,True,ok,,0.3,0.1,0.084
2020-10-17 12:00:00+00:00,-1.8475917395430752,-1.8475917395430752,0.9201106150309031,-0.9274811245121721,2.6582621165253544,4.468902021277568,-1.066794085030903,0.920110615030903,True,ok,,0.3,0.1,0.084
2020-10-17 13:00:00+00:00,-1.4069921559267378,-1.4069921559267378,0.40584688399114666,-1.001145271935591,4.468902021277568,5.847754334085771,-0.4365978539911467,0.4058468839911467,True,ok,,0.3,0.1,0.084
2020-10-17 14:00:00+00:00,-0.05271917270474601,-0.05271917270474601,2.2641610808449286e-14,-0.05271917270472337,5.847754334085771,5.899419123336422,0.45566887999997735,2.264413065051643e-14,True,ok,,0.3,0.1,0.084
2020-10-17 15:00:00+00:00,0.44002258507007563,0.44002258507007563,-1.1276530909043458e-07,0.44002247230476654,5.899419123336422,5.450416485509814,0.8364049627653091,-1.127653090629779e-07,True,ok,,0.4,0.18,0.084
2020-10-17 16:00:00+00:00,1.0739550476496795,1.0739550476496795,-1.127656477084571e-07,1.0739549348840318,5.450416485509814,4.354543987908101,1.1058625127656476,-1.1276564762158312e-07,True,ok,,0.4,0.18,0.084
2020-10-17 17:00:00+00:00,1.1080319723145389,1.1080319723145389,-1.127656523713938e-07,1.1080318595488865,4.354543987908101,3.2238991181993875,1.1567958127656524,-1.1276565239799226e-07,True,ok,,0.4,0.18,0.084
2020-10-17 18:00:00+00:00,0.5432680291883236,0.5432680291883236,-1.1276590250464125e-07,0.5432679164224211,3.2238991181993875,2.6695439863745674,0.7328605127659025,-1.1276590245311488e-07,True,ok,,0.4,0.18,0.084
2020-10-17 19:00:00+00:00,0.09735580358275042,0.09735580358275042,0.39978608638940616,0.4971418899721566,2.6695439863745674,2.570201329657475,-0.052932206389406135,0.39978608638940616,True,ok,,0.2,0.07,0.084
2020-10-17 20:00:00+00:00,0.08790942543192172,0.08790942543192172,0.10169368590139548,0.1896031113333172,2.570201329657475,2.4804978343187796,0.07032551409860453,0.10169368590139548,True,ok,,0.2,0.07,0.084
2020-10-17 21:00:00+00:00,0.20866311860834716,0.20866311860834716,-3.525636418921785e-08,0.20866308335198297,2.4804978343187796,2.2675762847184253,-0.07022385474363581,-3.5256364188096105e-08,True,ok,,0.2,0.07,0.084
2020-10-17 22:00:00+00:00,0.12154147704757323,0.12154147704757323,0.030195884603423873,0.1517373616509971,2.2675762847184253,2.1435543693637586,0.07155979539657613,0.03019588460342388,True,ok,,0.2,0.07,0.084
2020-10-17 23:00:00+00:00,0.023471907043020573,0.023471907043020573,0.12240906514900207,0.14588097219202265,2.1435543693637586,2.119603443809656,0.03335663485099793,0.12240906514900207,True,ok,,0.2,0.07,0.084
2020-10-18 00:00:00+00:00,0.1636360521780205,0.1636360521780205,2.2567509760929028e-07,0.1636362778531181,2.119603443809656,1.9526278803626962,0.0669604143249024,2.256750976013623e-07,True,ok,,0.2,0.07,0.084
2020-10-18 01:00:00+00:00,0.12613103609986734,0.12613103609986734,0.04178085260549205,0.1679118887053594,1.9526278803626962,1.8239227414852806,0.03322600739450795,0.04178085260549206,True,ok,,0.2,0.07,0.084
2020-10-18 02:00:00+00:00,0.41785458743320075,0.41785458743320075,-5.847095885247455e-08,0.4178545289622419,1.8239227414852806,1.397540509410586,-0.13837163152904114,-5.847095885171591e-08,True,ok,,0.2,0.07,0.084
2020-10-18 03:00:00+00:00,0.696021092747942,0.696021092747942,-3.525610881016661e-08,0.6960210574918332,1.397540509410586,0.6873149045657472,-0.09658251474389123,-3.525610876946668e-08,True,ok,,0.2,0.07,0.084
2020-10-18 04:00:00+00:00,0.16343483334366316,0.16343483334366316,1.605937605120289e-13,0.16343483334382375,0.6873149045657472,0.5205446664599684,0.3948752999998394,1.6060576056184558e-13,True,ok,,0.3,0.1,0.084
2020-10-18 05:00:00+00:00,0.510133773130769,0.510133773130769,0.049567396434219035,0.559701169564988,0.5205446664599684,0.0,0.0706191200000063,-6.3040068034987214e-15,True,ok,,0.3,0.1,0.084
2020-10-18 06:00:00+00:00,0.0,0.0,1.9819972685754526,1.9819972685754526,0.0,0.0,-8.529520909813529e-09,0.0787062535295209,True,ok,,0.3,0.1,0.084
2020-10-18 07:00:00+00:00,0.0,0.0,1.4119665397813024,1.4119665397813024,0.0,0.0,-0.7232353227177174,1.1577048227177174,True,ok,,0.3,0.1,0.084
2020-10-18 08:00:00+00:00,-1.6586666036694415,-1.6586666036694415,1.4136572246600811,-0.24500937900936032,0.0,1.6254932715960526,-1.2178738546600811,1.4136572246600811,True,ok,,0.3,0.1,0.084
2020-10-18 09:00:00+00:00,-0.45764598435420384,-0.45764598435420384,0.5257977607693819,0.06815177641517804,1.6254932715960526,2.0739863362631725,-1.095515900769382,0.5257977607693819,True,ok,,0.3,0.1,0.084
2020-10-18 10:00:00+00:00,-1.1384705030137834,-1.1384705030137834,0.9882205779299262,-0.15024992508385712,2.0739863362631725,3.18968742921668,-1.0699154979299261,0.9882205779299262,True,ok,,0.3,0.1,0.084
2020-10-18 11:00:00+00:00,-0.31781668388223855,-0.31781668388223855,0.3895395890871844,0.07172290520494583,3.18968742921668,3.5011477794212738,-0.7221487190871844,0.3895395890871844,True,ok,,0.3,0.1,0.084
2020-10-18 12:00:00+00:00,0.189009987811532,0.189009987811532,0.6866669946417856,0.8756769824533176,3.5011477794212738,3.3082804449197103,-0.7093693876417856,0.6866669946417856,True,ok,,0.3,0.1,0.084
2020-10-18 13:00:00+00:00,-0.6843253818252517,-0.6843253818252517,1.3487631569770087,0.664437775151757,3.3082804449197103,3.978919319108457,-1.0272267769770087,1.3487631569770087,True,ok,,0.3,0.1,0.084
2020-10-18 14:00:00+00:00,-1.6048568249601507,-1.6048568249601507,1.9595717347813288,0.35471490982117815,3.978919319108457,5.551679007569405,-1.2887923747813288,1.9595717347813288,True,ok,,0.3,0.1,0.084
2020-10-18 15:00:00+00:00,1.6391338432463525,1.6391338432463525,1.6426338067532242e-09,1.6391338448889863,5.551679007569405,3.8790934532363917,1.2971074983573663,1.6426337476474556e-09,True,ok,,0.4,0.18,0.084
2020-10-18 16:00:00+00:00,0.44405472066335944,0.44405472066335944,0.1712550741699262,0.6153097948332856,3.8790934532363917,3.4259763913350043,1.692907725830074,0.1712550741699262,True,ok,,0.4,0.18,0.084
2020-10-18 17:00:00+00:00,1.6389181656692824,1.6389181656692824,-1.1276547140504078e-07,1.638918052903811,3.4259763913350043,1.753610916162267,1.1380405127654716,-1.1276547141080437e-07,True,ok,,0.4,0.18,0.084
2020-10-18 18:00:00+00:00,0.22639044281882031,0.22639044281882031,1.6426844884342984e-09,0.2263904444615048,1.753610916162267,1.5226002602246953,1.0958437983573157,1.6426844813082412e-09,True,ok,,0.4,0.18,0.084
2020-10-18 19:00:00+00:00,0.1392464853547516,0.1392464853547516,0.11910123722064819,0.2583477225753998,1.5226002602246953,1.380512009862704,0.040508302779351836,0.11910123722064818,True,ok,,0.2,0.07,0.084
2020-10-18 20:00:00+00:00,-0.23932905612479252,-0.23932905612479252,0.3884894451137115,0.14916038898891895,1.380512009862704,1.6150544848650006,0.03152672488628853,0.3884894451137115,True,ok,,0.2,0.07,0.084
2020-10-18 21:00:00+00:00,-0.02804931194811916,-0.02804931194811916,0.21206933918558735,0.1840200272374682,1.6150544848650006,1.6425428105741573,-0.010963149185587358,0.21206933918558735,True,ok,,0.2,0.07,0.084
2020-10-18 22:00:00+00:00,0.027602217983680316,0.027602217983680316,0.127634282308674,0.1552365002923543,1.6425428105741573,1.6143772820193814,0.027076047691326,0.127634282308674,True,ok,,0.2,0.07,0.084
2020-10-18 23:00:00+00:00,-0.02275470704312746,-0.02275470704312746,0.18460237379679012,0.16184766675366266,1.6143772820193814,1.6366768949216464,-0.1739286827967901,0.18460237379679012,True,ok,,0.2,0.07,0.084
2020-10-19 00:00:00+00:00,0.14285561855847734,0.14285561855847734,-3.525629732603619e-08,0.14285558330218,1.6366768949216464,1.4909058555762613,-0.06665091974370266,-3.525629733535924e-08,True,ok,,0.2,0.07,0.084
2020-10-19 01:00:00+00:00,0.5758533439301572,0.5758533439301572,0.33874265750152044,0.9145960014316776,1.4909058555762613,0.903300402586305,-0.044681227501520406,0.3387426575015204,True,ok,,0.2,0.07,0.084
2020-10-19 02:00:00+00:00,-0.6782951048126693,-0.6782951048126693,0.8469173826367534,0.16862227782408415,0.903300402586305,1.568029605302721,-0.5271033526367535,0.8469173826367534,True,ok,,0.2,0.07,0.084
2020-10-19 03:00:00+00:00,-0.11263144014150137,-0.11263144014150137,0.29160307935877217,0.1789716392172708,1.568029605302721,1.6784084166413922,0.06592616064122785,0.29160307935877217,True,ok,,0.2,0.07,0.084
2020-10-19 04:00:00+00:00,0.19564844449091745,0.19564844449091745,4.499178807293447e-14,0.19564844449096244,1.6784084166413922,1.4787671467527008,0.28807429999995504,4.498016680770622e-14,True,ok,,0.3,0.1,0.084
2020-10-19 05:00:00+00:00,0.1143636992340196,0.1143636992340196,-5.146355383511825e-09,0.11436369408766421,1.4787671467527008,1.362069494473089,0.24133095514635539,-5.146355387378684e-09,True,ok,,0.3,0.1,0.084
2020-10-19 06:00:00+00:00,0.15957841657710428,0.15957841657710428,-0.13316464660372956,0.02641376997337472,1.362069494473089,1.19923437551686,-0.27815835339627043,-0.13316464660372956,True,ok,,0.3,0.1,0.084
2020-10-19 07:00:00+00:00,-0.3032972650678273,-0.3032972650678273,-2.435805189215934e-07,-0.3032975086483462,1.19923437551686,1.4964656952833306,-0.3297900964194811,-2.435805189255414e-07,True,ok,,0.3,0.1,0.084
2020-10-19 08:00:00+00:00,-0.9058546878503893,-0.9058546878503893,-2.435804090650251e-07,-0.9058549314307983,1.4964656952833306,2.384203289376712,-1.0837482564195908,-2.4358040910191147e-07,True,ok,,0.3,0.1,0.084
2020-10-19 09:00:00+00:00,-1.058527278683021,-1.058527278683021,-0.2582768701910423,-1.3168041488740634,2.384203289376712,3.421560022486073,-1.4880404298089576,-0.2582768701910423,True,ok,,0.3,0.1,0.084
2020-10-19 10:00:00+00:00,-3.7334177759296394,-3.7334177759296394,-2.435816859325257e-07,-3.7334180195113253,3.421560022486073,7.08030944289712,-2.0960764564183143,-2.435816860557354e-07,True,ok,,0.3,0.1,0.084
2020-10-19 11:00:00+00:00,-1.2867411824349908,-1.2867411824349908,-0.7539365017833175,-2.0406776842183083,7.08030944289712,8.341315801683411,-0.6975489982166824,-0.7539365017833176,True,ok,,0.3,0.1,0.084
2020-10-19 12:00:00+00:00,0.8578245182225753,0.8578245182225753,-1.3119471310440374,-0.45412261282146205,8.341315801683411,7.4659846606399665,-0.24168906895596262,-1.3119471310440374,True,ok,,0.3,0.1,0.084
2020-10-19 13:00:00+00:00,0.386638516118116,0.386638516118116,-2.435794370092559e-07,0.386638272538679,7.4659846606399665,7.071455562560256,-0.251002686420563,-2.4357943702810136e-07,True,ok,,0.3,0.1,0.084
2020-10-19 14:00:00+00:00,0.43916148245470166,0.43916148245470166,1.559863349598345e-14,0.43916148245471726,7.071455562560256,6.6233316008717855,0.7061820999999844,1.5622382365085733e-14,True,ok,,0.3,0.1,0.084
2020-10-19 15:00:00+00:00,0.5507701822793946,0.5507701822793946,-1.1276556388661874e-07,0.5507700695138307,6.6233316008717855,6.061321210790771,1.335302012765564,-1.1276556392008752e-07,True,ok,,0.4,0.18,0.084
2020-10-19 16:00:00+00:00,1.4896309644558157,1.4896309644558157,-1.1276574940488615e-07,1.4896308516900663,6.061321210790771,4.541289614407286,1.2434897127657496,-1.1276574944263673e-07,True,ok,,0.4,0.18,0.084
2020-10-19 17:00:00+00:00,0.65207069715293,0.65207069715293,-1.127683303403515e-07,0.6520705843845996,4.541289614407286,3.875911352006337,1.3092844127683305,-1.1276833034135421e-07,True,ok,,0.4,0.18,0.084
2020-10-19 18:00:00+00:00,0.48206655779317853,0.48206655779317853,-1.1276572159379938e-07,0.48206644502745694,3.875911352006337,3.384006701196971,0.8042829127657215,-1.1276572157334085e-07,True,ok,,0.4,0.18,0.084
2020-10-19 19:00:00+00:00,0.13155602966513993,0.13155602966513993,0.08166585917373395,0.21322188883887389,3.384006701196971,3.2497658545998895,0.336614340826266,0.08166585917373395,True,ok,,0.2,0.07,0.084
2020-10-19 20:00:00+00:00,0.06570933231571946,0.06570933231571946,0.12058413960344672,0.18629347191916618,3.2497658545998895,3.1827155155022164,0.14028619039655332,0.12058413960344672,True,ok,,0.2,0.07,0.084
2020-10-19 21:00:00+00:00,0.29605227392153716,0.29605227392153716,2.25674740728099e-07,0.2960524995962779,3.1827155155022164,2.8806213584394236,0.05723523432525928,2.2567474072029802e-07,True,ok,,0.2,0.07,0.084
2020-10-19 22:00:00+00:00,0.12698235760702975,0.12698235760702975,2.2567469917800231e-07,0.12698258328172893,2.8806213584394236,2.751047524146536,0.22885716432530082,2.2567469918967914e-07,True,ok,,0.2,0.07,0.084
2020-10-19 23:00:00+00:00,0.1902648577465611,0.1902648577465611,2.2567504007198202e-07,0.19026508342160117,2.751047524146536,2.556899710119433,0.4276801343249599,2.256750400779223e-07,True,ok,,0.2,0.07,0.084
2020-10-20 00:00:00+00:00,0.11134124577230228,0.11134124577230228,0.15291153264920573,0.264252778421508,2.556899710119433,2.443286194025247,0.24595388735079424,0.15291153264920573,True,ok,,0.2,0.07,0.084
2020-10-20 01:00:00+00:00,1.30173882483396,1.30173882483396,0.010158539318840809,1.311897364152801,2.443286194025247,1.1149812707252877,0.5339664006811592,0.01015853931884085,True,ok,,0.2,0.07,0.084
2020-10-20 02:00:00+00:00,0.054267544437716364,0.054267544437716364,0.4127477611237726,0.46701530556148896,1.1149812707252877,1.0596062253806793,0.014367468876227411,0.4127477611237726,True,ok,,0.2,0.07,0.084
2020-10-20 03:00:00+00:00,0.020689693069108978,0.020689693069108978,0.22691139035524757,0.24760108342435655,1.0596062253806793,1.0384942936775068,0.06467078964475237,0.22691139035524757,True,ok,,0.2,0.07,0.084
2020-10-20 04:00:00+00:00,0.21154661106531264,0.21154661106531264,2.2121193765656244e-14,0.21154661106533476,1.0384942936775068,0.822630404835351,0.21807836999997787,2.2114478866807808e-14,True,ok,,0.3,0.1,0.084
2020-10-20 05:00:00+00:00,-0.2615383960510812,-0.2615383960510812,0.3770440559413475,0.11550565989026626,0.822630404835351,1.0789380329654106,0.024789444058652577,0.37704405594134743,True,ok,,0.3,0.1,0.084
2020-10-20 06:00:00+00:00,0.02301334656858067,0.02301334656858067,-1.980360320175123e-14,0.023013346568560866,1.0789380329654106,1.0554550262627773,0.04963105800001981,-1.9802880432406927e-14,True,ok,,0.3,0.1,0.084
2020-10-20 07:00:00+00:00,-0.21024052400333826,-0.21024052400333826,2.916659969098845e-09,-0.2102405210866783,1.0554550262627773,1.2614907397860489,-0.38227518291665996,2.9166599792623303e-09,True,ok,,0.3,0.1,0.084
2020-10-20 08:00:00+00:00,-0.8165779194040556,-0.8165779194040556,-8.836580323023924e-08,-0.8165780077698588,1.2614907397860489,2.0617371008020235,-0.7987584516341968,-8.836580324573154e-08,True,ok,,0.3,0.1,0.084
2020-10-20 09:00:00+00:00,-0.6701673041072292,-0.6701673041072292,-0.2578620330460777,-0.9280293371533069,2.0617371008020235,2.7185010588271084,-1.521656066953922,-0.2578620330460777,True,ok,,0.3,0.1,0.084
2020-10-20 10:00:00+00:00,-0.92659918446066,-0.92659918446066,-0.5253313212543593,-1.4519305057150194,2.7185010588271084,3.626568259598555,-1.2988543787456406,-0.5253313212543593,True,ok,,0.3,0.1,0.084
2020-10-20 11:00:00+00:00,0.8654400643584848,0.8654400643584848,-0.5208456311641989,0.3445944331942859,3.626568259598555,2.743466153110305,-1.078655568835801,-0.5208456311641988,True,ok,,0.3,0.1,0.084
2020-10-20 12:00:00+00:00,-0.18051584717603067,-0.18051584717603067,0.4154253239530867,0.234909476777056,2.743466153110305,2.920371683342815,-0.6516828639530867,0.4154253239530867,True,ok,,0.3,0.1,0.084
2020-10-20 13:00:00+00:00,-1.1246729654963745,-1.1246729654963745,1.552873235242516,0.4282002697461415,2.920371683342815,4.022551189529262,-0.907088735242516,1.552873235242516,True,ok,,0.3,0.1,0.084
2020-10-20 14:00:00+00:00,-0.2389073253738655,-0.2389073253738655,1.1106980666026494,0.8717907412287839,4.022551189529262,4.256680368395649,-0.25633346660264933,1.1106980666026494,True,ok,,0.3,0.1,0.084
2020-10-20 15:00:00+00:00,1.0576955365931404,1.0576955365931404,0.07769021523587982,1.1353857518290202,4.256680368395649,3.1773992086067304,1.4288629847641205,0.07769021523587973,True,ok,,0.4,0.18,0.084
2020-10-20 16:00:00+00:00,1.8074333609882836,1.8074333609882836,0.007519910381540651,1.8149532713698242,3.1773992086067304,1.333079452496237,1.5166153896184593,0.007519910381540607,True,ok,,0.4,0.18,0.084
2020-10-20 17:00:00+00:00,0.2687037597672385,0.2687037597672385,0.6927716539711176,0.9614754137383561,1.333079452496237,1.0588919425296672,0.7613971460288823,0.6927716539711176,True,ok,,0.4,0.18,0.084
2020-10-20 18:00:00+00:00,0.28353847078985833,0.28353847078985833,1.64270214098039e-09,0.2835384724325605,1.0588919425296672,0.7695669723359342,0.34731499835729784,1.6427021449493743e-09,True,ok,,0.4,0.18,0.084
2020-10-20 19:00:00+00:00,-0.325747088979216,-0.325747088979216,0.5352914218199235,0.20954433284070753,0.7695669723359342,1.0887991195355657,-0.2779441218199235,0.5352914218199235,True,ok,,0.2,0.07,0.084
2020-10-20 20:00:00+00:00,-0.10246162124817337,-0.10246162124817337,0.2587067319851261,0.15624511073695274,1.0887991195355657,1.1892115083587758,-0.4150440719851261,0.2587067319851261,True,ok,,0.2,0.07,0.084
2020-10-20 21:00:00+00:00,-0.2503830084956993,-0.2503830084956993,0.4789656196194201,0.2285826111237208,1.1892115083587758,1.434586856684561,-0.3874042336194201,0.4789656196194201,True,ok,,0.2,0.07,0.084
2020-10-20 22:00:00+00:00,-0.08399149757830257,-0.08399149757830257,0.21793433075820032,0.13394283317989775,1.434586856684561,1.5168985243112976,-0.2642775607582003,0.21793433075820032,True,ok,,0.2,0.07,0.084
2020-10-20 23:00:00+00:00,-0.2563048285489473,-0.2563048285489473,0.4530568842707601,0.19675205572181279,1.5168985243112976,1.768077256289266,-0.2788274542707601,0.45305688427076013,True,ok,,0.2,0.07,0.084
2020-10-21 00:00:00+00:00,-0.3491351185927821,-0.3491351185927821,0.6084533406333817,0.2593182220405996,1.768077256289266,2.1102296725101923,-0.3838389006333818,0.6084533406333817,True,ok,,0.2,0.07,0.084
2020-10-21 01:00:00+00:00,-0.26128140855571147,-0.26128140855571147,0.8373106600702522,0.5760292515145408,2.1102296725101923,2.3662854528947896,-0.3369022100702521,0.8373106600702522,True,ok,,0.2,0.07,0.084
2020-10-21 02:00:00+00:00,-0.43783544332671975,-0.43783544332671975,0.7275702769539971,0.28973483362727737,2.3662854528947896,2.795364187354975,-0.3661563069539971,0.7275702769539971,True,ok,,0.2,0.07,0.084
2020-10-21 03:00:00+00:00,-1.1611155805839457,-1.1611155805839457,1.4397676642616617,0.27865208367771604,2.795364187354975,3.9332574563272416,-1.0507340642616616,1.4397676642616617,True,ok,,0.2,0.07,0.084
2020-10-21 04:00:00+00:00,-0.04197367899967033,-0.04197367899967033,0.22843054027576742,0.1864568612760971,3.9332574563272416,3.9743916617469184,0.12400082972423257,0.22843054027576742,True,ok,,0.3,0.1,0.084
2020-10-21 05:00:00+00:00,0.1315318887445606,0.1315318887445606,5.662137425588298e-15,0.13153188874456626,3.9743916617469184,3.8401754487422646,0.3495658999999943,5.651979525894328e-15,True,ok,,0.3,0.1,0.084
2020-10-21 06:00:00+00:00,0.157260684571371,0.157260684571371,-5.009881398621019e-14,0.1572606845713209,3.8401754487422646,3.679705362444947,-0.044213073999949906,-5.008878817619067e-14,True,ok,,0.3,0.1,0.084
2020-10-21 07:00:00+00:00,0.18853564978722198,0.18853564978722198,2.9166696557947347e-09,0.18853565270389164,3.679705362444947,3.487322046335537,-0.15493607291666966,2.916669668825245e-09,True,ok,,0.3,0.1,0.084
2020-10-21 08:00:00+00:00,0.7585475775207292,0.7585475775207292,0.11048476636965432,0.8690323438903835,3.487322046335537,2.7132939060082624,-0.6028116663696543,0.1104847663696543,True,ok,,0.3,0.1,0.084
2020-10-21 09:00:00+00:00,-0.013021900669536457,-0.013021900669536457,0.5311205132569252,0.5180986125873888,2.7132939060082624,2.726055368664408,-0.6343453972569252,0.5311205132569252,True,ok,,0.3,0.1,0.084
2020-10-21 10:00:00+00:00,-1.574513598047321,-1.574513598047321,0.9194522140202893,-0.6550613840270317,2.726055368664408,4.269078694750783,-0.8834893240202895,0.9194522140202894,True,ok,,0.3,0.1,0.084
2020-10-21 11:00:00+00:00,-0.7615353307740241,-0.7615353307740241,0.05580475308710453,-0.7057305776869196,4.269078694750783,5.015383318909326,-0.33583960308710453,0.05580475308710451,True,ok,,0.3,0.1,0.084
2020-10-21 12:00:00+00:00,-0.9464843112108908,-0.9464843112108908,2.9166636883459773e-09,-0.9464843082942271,5.015383318909326,5.942937943895999,-0.13350867291666368,2.9166637017710037e-09,True,ok,,0.3,0.1,0.084
2020-10-21 13:00:00+00:00,-0.0053035030289189655,-0.0053035030289189655,2.6957602816679582e-15,-0.00530350302891627,5.942937943895999,5.9481353768643395,-0.04357263000000269,2.6957610410900883e-15,True,ok,,0.3,0.1,0.084
2020-10-21 14:00:00+00:00,-0.8487408350882156,-0.8487408350882156,4.0202147510992603e-07,-0.8487404330667405,5.9481353768643395,6.779901395250791,0.665995627978525,4.0202147508680764e-07,True,ok,,0.3,0.1,0.084
2020-10-21 15:00:00+00:00,-0.044642418460996966,-0.044642418460996966,-0.11800676392651628,-0.16264918238751325,6.779901395250791,6.823650965342568,0.5646539239265163,-0.11800676392651628,True,ok,,0.4,0.18,0.084
2020-10-21 16:00:00+00:00,0.7836102318685642,0.7836102318685642,-2.42804705230526e-07,0.7836099890638589,6.823650965342568,6.024048687925666,0.6712080028047053,-2.4280470528468375e-07,True,ok,,0.4,0.18,0.084
2020-10-21 17:00:00+00:00,0.4175143103752234,0.4175143103752234,-8.808444273977756e-08,0.41751422229078067,6.024048687925666,5.598013677338703,0.6967847580844427,-8.808444274530586e-08,True,ok,,0.4,0.18,0.084
2020-10-21 18:00:00+00:00,0.3823196418967211,0.3823196418967211,-1.127659970401318e-07,0.38231952913072403,5.598013677338703,5.20789159377062,0.496875842765997,-1.127659970195446e-07,True,ok,,0.4,0.18,0.084
2020-10-21 19:00:00+00:00,0.2150885179850316,0.2150885179850316,0.029458287645758086,0.24454680563078968,5.20789159377062,4.9884135141940575,0.23007778235424192,0.029458287645758092,True,ok,,0.2,0.07,0.084
2020-10-21 20:00:00+00:00,0.3282677183408219,0.3282677183408219,2.2567457563793525e-07,0.32826794401539755,4.9884135141940575,4.653446454662607,0.36942967432542434,2.2567457564729899e-07,True,ok,,0.2,0.07,0.084
2020-10-21 21:00:00+00:00,0.1719013851806178,0.1719013851806178,2.2567861709954506e-07,0.1719016108592349,4.653446454662607,4.478036877947691,0.32232539432138296,2.2567861708608735e-07,True,ok,,0.2,0.07,0.084
2020-10-21 22:00:00+00:00,0.13800561270215617,0.13800561270215617,8.186997474401991e-08,0.1380056945721309,4.478036877947691,4.337214824169981,0.14529309813002525,8.186997474140728e-08,True,ok,,0.2,0.07,0.084
2020-10-21 23:00:00+00:00,0.1700591125862092,0.1700591125862092,8.186999742032519e-08,0.17005919445620662,4.337214824169981,4.163685117449359,0.25885517813000253,8.186999742850533e-08,True,ok,,0.2,0.07,0.084
2020-10-22 00:00:00+00:00,0.9875591930490963,0.9875591930490963,2.2567422230945766e-07,0.9875594187233186,4.163685117449359,3.1559716551543624,0.3045770443257777,2.2567422231587192e-07,True,ok,,0.2,0.07,0.084
2020-10-22 01:00:00+00:00,0.09220000532599797,0.09220000532599797,0.12143710569673953,0.2136371110227375,3.1559716551543624,3.0618900170666095,0.5613146943032605,0.12143710569673953,True,ok,,0.2,0.07,0.084
2020-10-22 02:00:00+00:00,0.4582663023359049,0.4582663023359049,2.2567446394949897e-07,0.4582665280103688,3.0618900170666095,2.5942713412136453,0.45267127432553605,2.2567446393217559e-07,True,ok,,0.2,0.07,0.084
2020-10-22 03:00:00+00:00,0.1584202465296189,0.1584202465296189,2.2567374186044376e-07,0.15842047220336075,2.5942713412136453,2.43261802842832,0.09336201432625812,2.256737418689174e-07,True,ok,,0.2,0.07,0.084
2020-10-22 04:00:00+00:00,0.2145199774627878,0.2145199774627878,-5.146363668551146e-09,0.21451997231642414,2.43261802842832,2.2137200922418017,0.16339246514636366,-5.146363676651492e-09,True,ok,,0.3,0.1,0.084
2020-10-22 05:00:00+00:00,0.12750261131667767,0.12750261131667767,-1.0286216323152075e-13,0.1275026113165748,2.2137200922418017,2.0836153868166205,0.23025363000010285,-1.0287386686971456e-13,True,ok,,0.3,0.1,0.084
2020-10-22 06:00:00+00:00,0.09473929392253905,0.09473929392253905,-0.04809959087859771,0.046639703043941334,2.0836153868166205,1.9869426379160704,-0.09229212912140229,-0.04809959087859771,True,ok,,0.3,0.1,0.084
2020-10-22 07:00:00+00:00,-0.2389944969264022,-0.2389944969264022,-8.836587331306767e-08,-0.23899458529227552,1.9869426379160704,2.2211572449039445,-0.44054315163412666,-8.836587331882666e-08,True,ok,,0.3,0.1,0.084
2020-10-22 08:00:00+00:00,-0.7858025925457284,-0.7858025925457284,-2.435768210462541e-07,-0.7858028361225494,2.2211572449039445,2.9912437855987584,-0.6997198564231789,-2.4357682109611333e-07,True,ok,,0.3,0.1,0.084
2020-10-22 09:00:00+00:00,-2.025768045521892,-2.025768045521892,-0.10279182232100892,-2.1285598678429007,2.9912437855987584,4.976496470210212,-0.8808307376789912,-0.10279182232100882,True,ok,,0.3,0.1,0.084
2020-10-22 10:00:00+00:00,-1.5020808261480147,-1.5020808261480147,-0.16762242369060232,-1.669703249838617,4.976496470210212,6.448535679835267,-1.3564634763093977,-0.16762242369060237,True,ok,,0.3,0.1,0.084
2020-10-22 11:00:00+00:00,-0.057737439292612325,-0.057737439292612325,-0.673478315027452,-0.7312157543200644,6.448535679835267,6.505118370342027,-0.806240284972548,-0.673478315027452,True,ok,,0.3,0.1,0.084
2020-10-22 12:00:00+00:00,-0.741967661611196,-0.741967661611196,-2.435799731914656e-07,-0.7419679051911692,6.505118370342027,7.2322466787209985,-0.9537676964200268,-2.435799731854007e-07,True,ok,,0.3,0.1,0.084
2020-10-22 13:00:00+00:00,0.708851739802721,0.708851739802721,-0.49516376609186186,0.21368797371085915,7.2322466787209985,6.5089285768814875,-2.339081381879089e-07,-0.4951637660918618,True,ok,,0.3,0.1,0.084
2020-10-22 14:00:00+00:00,-0.7615337599342958,-0.7615337599342958,-2.4357923023021755e-07,-0.7615340035135261,6.5089285768814875,7.255231661617097,-0.08444140642076976,-2.4357923022568476e-07,True,ok,,0.3,0.1,0.084
2020-10-22 15:00:00+00:00,1.0395284039073263,1.0395284039073263,-0.2917379137363194,0.7477904901710068,7.255231661617097,6.194488392323907,0.5783716737363194,-0.2917379137363194,True,ok,,0.4,0.18,0.084
2020-10-22 16:00:00+00:00,1.0197046954190816,1.0197046954190816,-1.1276570854867884e-07,1.019704582653373,6.194488392323907,5.153973396998314,1.0813095127657086,-1.1276570850664296e-07,True,ok,,0.4,0.18,0.084
2020-10-22 17:00:00+00:00,0.21140575121675959,0.21140575121675959,-1.1276571312834882e-07,0.21140563845104646,5.153973396998314,4.938253242695498,1.1437895127657132,-1.1276571312066063e-07,True,ok,,0.4,0.18,0.084
2020-10-22 18:00:00+00:00,0.3269506318395636,0.3269506318395636,-2.428040208890536e-07,0.3269503890355427,4.938253242695498,4.6046301489816575,0.7147795428040208,-2.428040208656541e-07,True,ok,,0.4,0.18,0.084
2020-10-22 19:00:00+00:00,0.26642588516918,0.26642588516918,2.2567331287026704e-07,0.26642611084249285,4.6046301489816575,4.332767000849842,0.11763791432668712,2.2567331287721774e-07,True,ok,,0.2,0.07,0.084
2020-10-22 20:00:00+00:00,0.1119220547230738,0.1119220547230738,0.024410501010712807,0.1363325557337866,4.332767000849842,4.218560822560991,0.1376543689892872,0.024410501010712803,True,ok,,0.2,0.07,0.084
2020-10-22 21:00:00+00:00,0.19836168830210707,0.19836168830210707,-2.121211489791719e-08,0.19836166708999217,4.218560822560991,4.016150936538433,-0.2223272387878851,-2.121211491176624e-08,True,ok,,0.2,0.07,0.084
2020-10-22 22:00:00+00:00,0.14764905857116664,0.14764905857116664,-5.846954728716547e-08,0.14764900010161935,4.016150936538433,3.865488631873977,-0.005107485530452716,-5.846954728401866e-08,True,ok,,0.2,0.07,0.084
2020-10-22 23:00:00+00:00,0.13588452419056157,0.13588452419056157,2.2567497023895378e-07,0.1358847498655318,3.865488631873977,3.726830954128506,0.11021962432502977,2.2567497022710543e-07,True,ok,,0.2,0.07,0.084
2020-10-23 00:00:00+00:00,0.27722377427524136,0.27722377427524136,2.2567537977247198e-07,0.27722399995062114,3.726830954128506,3.4439495518068313,0.28440779432462027,2.2567537978333627e-07,True,ok,,0.2,0.07,0.084
2020-10-23 01:00:00+00:00,0.41341999756288417,0.41341999756288417,0.11337161415889652,0.5267916117217807,3.4439495518068313,3.0220924114365415,0.23899856584110343,0.11337161415889653,True,ok,,0.2,0.07,0.084
2020-10-23 02:00:00+00:00,0.08204144997766144,0.08204144997766144,0.27230549350675093,0.35434694348441237,3.0220924114365415,2.9383766461532135,0.1474401764932491,0.27230549350675093,True,ok,,0.2,0.07,0.084
2020-10-23 03:00:00+00:00,0.2692231914306388,0.2692231914306388,2.256739756179016e-07,0.2692234171046144,2.9383766461532135,2.6636591038770514,0.09321770432602439,2.2567397560714287e-07,True,ok,,0.2,0.07,0.084
2020-10-23 04:00:00+00:00,0.1948695218538942,0.1948695218538942,-0.019874354823665535,0.17499516703022866,2.6636591038770514,2.4648126530057306,-0.04318013517633446,-0.019874354823665546,True,ok,,0.3,0.1,0.084
2020-10-23 05:00:00+00:00,0.13805608339839717,0.13805608339839717,-2.1371793224034263e-15,0.13805608339839504,2.4648126530057306,2.3239390985175703,0.29511487000000214,-2.1386540471774535e-15,True,ok,,0.3,0.1,0.084
2020-10-23 06:00:00+00:00,0.0918258643392473,0.0918258643392473,-2.435412971291129e-07,0.09182562079795017,2.3239390985175703,2.2302392369469097,-0.0016297002587028742,-2.435412971257369e-07,True,ok,,0.3,0.1,0.084
2020-10-23 07:00:00+00:00,0.7266777414964811,0.7266777414964811,-2.4358119088407904e-07,0.7266774979152902,2.2302392369469097,1.4887313374607045,-0.19938478641880916,-2.4358119084392126e-07,True,ok,,0.3,0.1,0.084
2020-10-23 08:00:00+00:00,-0.16532303039012358,-0.16532303039012358,-2.435797605837564e-07,-0.16532327396988417,1.4887313374607045,1.6507479072430256,-0.28599335642023943,-2.435797605899401e-07,True,ok,,0.3,0.1,0.084
2020-10-23 09:00:00+00:00,-0.0705059100023805,-0.0705059100023805,-2.435786799342976e-07,-0.07050615358106044,1.6507479072430256,1.7198436990453585,-0.8985258564213201,-2.4357867993828385e-07,True,ok,,0.3,0.1,0.084
2020-10-23 10:00:00+00:00,-0.12644736667692613,-0.12644736667692613,-7.466249840604178e-15,-0.1264473666769336,1.7198436990453585,1.843762118388746,-0.8789300999999926,-7.478916335772705e-15,True,ok,,0.3,0.1,0.084
2020-10-23 11:00:00+00:00,0.26990798269778526,0.26990798269778526,1.071365218763276e-14,0.269907982697796,1.843762118388746,1.5683458095134548,-0.7916063000000106,1.070584568809158e-14,True,ok,,0.3,0.1,0.084
2020-10-23 12:00:00+00:00,-0.7100447037461463,-0.7100447037461463,0.820214807598923,0.11017010385277674,1.5683458095134548,2.264189619184678,-0.995788687598923,0.820214807598923,True,ok,,0.3,0.1,0.084
2020-10-23 13:00:00+00:00,-0.7453788577646878,-0.7453788577646878,0.777945980527832,0.03256712276314425,2.264189619184678,2.9946608997940722,-0.824297024527832,0.777945980527832,True,ok,,0.3,0.1,0.084
2020-10-23 14:00:00+00:00,-0.9340679619475545,-0.9340679619475545,1.3703443607549304,0.43627639880737595,2.9946608997940722,3.9100475025026755,-0.9294263307549304,1.3703443607549304,True,ok,,0.3,0.1,0.084
2020-10-23 15:00:00+00:00,1.288502576295205,1.288502576295205,0.017800091016031416,1.3063026673112363,3.9100475025026755,2.5952489552626705,0.8415221789839686,0.017800091016031448,True,ok,,0.4,0.18,0.084
2020-10-23 16:00:00+00:00,0.7126254240494445,0.7126254240494445,0.20690198056671716,0.9195274046161617,2.5952489552626705,1.8680801552122168,1.0079098194332827,0.2069019805667172,True,ok,,0.4,0.18,0.084
2020-10-23 17:00:00+00:00,0.7297558875508824,0.7297558875508824,5.95941296310798e-10,0.7297558881468237,1.8680801552122168,1.1234312903643775,0.8391213994040587,5.959412451543175e-10,True,ok,,0.4,0.18,0.084
2020-10-23 18:00:00+00:00,0.23664741507608705,0.23664741507608705,1.6427141313890559e-09,0.23664741671880118,1.1234312903643775,0.881954336205105,0.9718682983572859,1.6427141275519906e-09,True,ok,,0.4,0.18,0.084
2020-10-23 19:00:00+00:00,-0.2490136230137398,-0.2490136230137398,0.5942931791186112,0.34527955610487143,0.881954336205105,1.12598768675857,-0.3344593791186113,0.5942931791186112,True,ok,,0.2,0.07,0.084
2020-10-23 20:00:00+00:00,1.1034679330233987,1.1034679330233987,1.0421685471199362,2.145636480143335,1.12598768675857,0.0,-0.3679720601156414,0.6812020101156414,True,ok,,0.2,0.07,0.084
2020-10-23 21:00:00+00:00,0.0,0.0,4.553653971772726,4.553653971772726,0.0,0.0,-0.9079023015446023,1.6597661015446021,True,ok,,0.2,0.07,0.084
2020-10-23 22:00:00+00:00,-2.1952989583259734,-2.1952989583259734,2.3581302639596244,0.16283130563365092,0.0,2.151392979159454,-0.9069813639596244,2.3581302639596244,True,ok,,0.2,0.07,0.084
2020-10-23 23:00:00+00:00,-0.9070142908424098,-0.9070142908424098,1.0280160131755762,0.1210017223331664,2.151392979159454,3.0402669841850156,-0.5881321131755762,1.0280160131755762,True,ok,,0.2,0.07,0.084
2020-10-24 00:00:00+00:00,-0.7805107496358179,-0.7805107496358179,0.9777557771117048,0.19724502747588693,3.0402669841850156,3.8051675188281173,-0.7102724071117048,0.9777557771117048,True,ok,,0.2,0.07,0.084
2020-10-24 01:00:00+00:00,-0.5116382097776865,-0.5116382097776865,0.682567932168921,0.17092972239123447,3.8051675188281173,4.30657296441025,-0.32700088216892104,0.682567932168921,True,ok,,0.2,0.07,0.084
2020-10-24 02:00:00+00:00,0.043470545118069914,0.043470545118069914,0.3273318152126174,0.3708023603306873,4.30657296441025,4.2622152653101795,0.04081866478738262,0.3273318152126174,True,ok,,0.2,0.07,0.084
2020-10-24 03:00:00+00:00,0.1366738800517138,0.1366738800517138,0.020200731031952912,0.1568746110836667,4.2622152653101795,4.122752122400267,0.019413236968047084,0.020200731031952916,True,ok,,0.2,0.07,0.084
2020-10-24 04:00:00+00:00,0.3061420879461735,0.3061420879461735,-5.146368386999001e-09,0.3061420827998051,4.122752122400267,3.8103622367409065,0.12191914114636837,-5.146368373625829e-09,True,ok,,0.3,0.1,0.084
2020-10-24 05:00:00+00:00,0.2947871344322051,0.2947871344322051,0.06339869813712873,0.35818583256933384,3.8103622367409065,3.509559038340697,0.38661590186287126,0.06339869813712871,True,ok,,0.3,0.1,0.084
2020-10-24 06:00:00+00:00,0.6662411369414831,0.6662411369414831,2.5757174171303632e-14,0.6662411369415089,3.509559038340697,2.829721143502449,0.5655999999999742,2.577563810090082e-14,True,ok,,0.3,0.1,0.084
2020-10-24 07:00:00+00:00,0.23626024852069602,0.23626024852069602,0.19470505901053362,0.43096530753122964,2.829721143502449,2.588639257256841,0.19345717098946638,0.19470505901053362,True,ok,,0.3,0.1,0.084
2020-10-24 08:00:00+00:00,0.5604202572668275,0.5604202572668275,0.19884462183589802,0.7592648791027256,2.588639257256841,2.016781851882527,-0.02765883183589802,0.19884462183589802,True,ok,,0.3,0.1,0.084
2020-10-24 09:00:00+00:00,-0.684316155708199,-0.684316155708199,0.5153115736293115,-0.1690045820788876,2.016781851882527,2.687411684476562,-0.17970244362931148,0.5153115736293115,True,ok,,0.3,0.1,0.084
2020-10-24 10:00:00+00:00,-0.613494968273995,-0.613494968273995,0.16361302524562854,-0.4498819430283664,2.687411684476562,3.2886367533850773,-0.1512971682456285,0.16361302524562849,True,ok,,0.3,0.1,0.084
2020-10-24 11:00:00+00:00,-1.0594873283044892,-1.0594873283044892,0.04115290150837114,-1.018334426796118,3.2886367533850773,4.326934335123477,0.1121581684916288,0.041152901508371205,True,ok,,0.3,0.1,0.084
2020-10-24 12:00:00+00:00,-0.7746080030092296,-0.7746080030092296,-2.435621193619397e-07,-0.774608246571349,4.326934335123477,5.086050178072522,-0.3879462564378807,-2.435621193109861e-07,True,ok,,0.3,0.1,0.084
2020-10-24 13:00:00+00:00,-0.3010201671303799,-0.3010201671303799,-2.435796223054787e-07,-0.3010204107100022,5.086050178072522,5.381049941860295,-0.35083010642037776,-2.4357962230069513e-07,True,ok,,0.3,0.1,0.084
2020-10-24 14:00:00+00:00,-0.1379867138649777,-0.1379867138649777,-2.4357929023777203e-07,-0.13798695744426795,5.381049941860295,5.5162769214479725,-0.16373542642070976,-2.4357929024465766e-07,True,ok,,0.3,0.1,0.084
2020-10-24 15:00:00+00:00,2.0401723776826444,2.0401723776826444,-2.4280447386004766e-07,2.0401721348781705,5.5162769214479725,3.434468372792213,0.29841177280447384,-2.4280447381722877e-07,True,ok,,0.4,0.18,0.084
2020-10-24 16:00:00+00:00,0.8792901800385939,0.8792901800385939,1.6427033067145658e-09,0.8792901816812972,3.434468372792213,2.5372334952018107,1.0772791983572967,1.6427033167171477e-09,True,ok,,0.4,0.18,0.084
2020-10-24 17:00:00+00:00,0.7321838344680989,0.7321838344680989,5.95941074266193e-10,0.73218383506404,2.5372334952018107,1.790107133499669,0.8702483994040588,5.959410416109944e-10,True,ok,,0.4,0.18,0.084
2020-10-24 18:00:00+00:00,0.3655304699974604,0.3655304699974604,1.6427027516030535e-09,0.36553047164016317,1.790107133499669,1.4171168579920563,0.25578376835729727,1.6427027310045613e-09,True,ok,,0.4,0.18,0.084
2020-10-24 19:00:00+00:00,-0.6257525982894221,-0.6257525982894221,0.8559722368436775,0.23021963855425537,1.4171168579920563,2.03035440431569,-0.6646201068436776,0.8559722368436775,True,ok,,0.2,0.07,0.084
2020-10-24 20:00:00+00:00,-0.4168394355417758,-0.4168394355417758,0.6311674916335085,0.2143280560917327,2.03035440431569,2.43885705114663,-0.4976788416335085,0.6311674916335085,True,ok,,0.2,0.07,0.084
2020-10-24 21:00:00+00:00,-0.339769985658928,-0.339769985658928,0.460336680013939,0.12056669435501097,2.43885705114663,2.7718316370923795,-0.636194440013939,0.460336680013939,True,ok,,0.2,0.07,0.084
2020-10-24 22:00:00+00:00,-0.3381843397566695,-0.3381843397566695,0.5231167564182502,0.18493241666158064,2.7718316370923795,3.1032522900539155,-0.6237232164182502,0.5231167564182502,True,ok,,0.2,0.07,0.084
2020-10-24 23:00:00+00:00,-0.09259933606534473,-0.09259933606534473,0.26942558621846235,0.17682625015311762,3.1032522900539155,3.193999639397953,-0.43057783621846235,0.26942558621846235,True,ok,,0.2,0.07,0.084
2020-10-25 00:00:00+00:00,-0.3719559992161641,-0.3719559992161641,0.5067088323891743,0.13475283317301018,3.193999639397953,3.558516518629794,-0.6023947423891743,0.5067088323891743,True,ok,,0.2,0.07,0.084
2020-10-25 01:00:00+00:00,-0.8764160612956238,-0.8764160612956238,1.0467354220842868,0.17031936078866305,3.558516518629794,4.417404258699505,-0.7953970120842868,1.0467354220842868,True,ok,,0.2,0.07,0.084
2020-10-25 02:00:00+00:00,-0.9687933715643525,-0.9687933715643525,1.1498164273456108,0.18102305578125835,4.417404258699505,5.36682176283257,-0.8520665473456107,1.1498164273456108,True,ok,,0.2,0.07,0.084
2020-10-25 03:00:00+00:00,0.09091988910523674,0.09091988910523674,0.1595330271698932,0.25045291627512994,5.36682176283257,5.27404636578641,0.04025600283010681,0.1595330271698932,True,ok,,0.2,0.07,0.084
2020-10-25 04:00:00+00:00,0.21339247724314553,0.21339247724314553,0.13047007826864632,0.34386255551179185,5.27404636578641,5.056298940028099,0.07132716173135367,0.13047007826864632,True,ok,,0.2,0.07,0.084
2020-10-25 05:00:00+00:00,0.33975316726098864,0.33975316726098864,2.964295475749168e-14,0.3397531672610183,5.056298940028099,4.709612034659743,0.16443959999997038,2.964840221631612e-14,True,ok,,0.3,0.1,0.084
2020-10-25 06:00:00+00:00,0.17042107877971452,0.17042107877971452,0.15182542621200745,0.32224650499172197,4.709612034659743,4.535712974680443,0.2740634937879926,0.15182542621200745,True,ok,,0.3,0.1,0.084
2020-10-25 07:00:00+00:00,3.033319218287507,3.033319218287507,1.4654943925052066e-14,3.0333192182875215,4.535712974680443,1.4404892825503341,0.2886578699999853,1.4710560339998477e-14,True,ok,,0.3,0.1,0.084
2020-10-25 08:00:00+00:00,-0.630423085779969,-0.630423085779969,1.407450994115122,0.7770279083351531,1.4404892825503341,2.0583039066147037,-0.24143669411512186,1.407450994115122,True,ok,,0.3,0.1,0.084
2020-10-25 09:00:00+00:00,0.37509711637363663,0.37509711637363663,0.7131747329181738,1.0882718492918104,2.0583039066147037,1.6755517470497683,-0.13302379291817382,0.7131747329181738,True,ok,,0.3,0.1,0.084
2020-10-25 10:00:00+00:00,-1.2344083611770449,-1.2344083611770449,0.8640040121851145,-0.3704043489919305,1.6755517470497683,2.885271941003272,-0.4352129321851143,0.8640040121851144,True,ok,,0.3,0.1,0.084
2020-10-25 11:00:00+00:00,-0.20608153486291908,-0.20608153486291908,0.002976394094762108,-0.20310514076815697,2.885271941003272,3.0872318451689327,-0.1106244200947621,0.002976394094762099,True,ok,,0.3,0.1,0.084
2020-10-25 12:00:00+00:00,-0.122045833050246,-0.122045833050246,0.1832463016022214,0.061200468551975425,3.0872318451689327,3.206836761558174,0.015850868397778613,0.1832463016022214,True,ok,,0.3,0.1,0.084
2020-10-25 13:00:00+00:00,0.04976681049058257,0.04976681049058257,0.32442594871926583,0.3741927592098484,3.206836761558174,3.156054301873906,-0.024039378719265845,0.32442594871926583,True,ok,,0.3,0.1,0.084
2020-10-25 14:00:00+00:00,1.3623861563238058,1.3623861563238058,1.0275945841530385,2.3899807404768443,3.156054301873906,1.7658643464414512,-0.24123038415303857,1.0275945841530385,True,ok,,0.3,0.1,0.084
2020-10-25 15:00:00+00:00,-3.0623473394837593,-3.0623473394837593,3.802920975535373,0.7405736360516133,1.7658643464414512,4.766964739135535,-2.2246541755353726,3.802920975535373,True,ok,,0.3,0.1,0.084
2020-10-25 16:00:00+00:00,1.681844248590484,1.681844248590484,-1.1276564526596644e-07,1.6818441358248388,4.766964739135535,3.050797138533,0.9297829527656452,-1.127656451557365e-07,True,ok,,0.4,0.18,0.084
2020-10-25 17:00:00+00:00,0.8756326391720748,0.8756326391720748,1.6427083027181766e-09,0.8756326408147831,3.050797138533,2.1572944455002707,1.152721798357292,1.6427082788257168e-09,True,ok,,0.4,0.18,0.084
2020-10-25 18:00:00+00:00,0.7284618900207543,0.7284618900207543,-1.1276548450567248e-07,0.7284617772552698,2.1572944455002707,1.4139659862954193,0.5916977427654845,-1.1276548448744231e-07,True,ok,,0.4,0.18,0.084
2020-10-25 19:00:00+00:00,0.38709555324951883,0.38709555324951883,1.6427031956922633e-09,0.387095554892222,1.4139659862954193,1.0189705237959101,0.4449857483572968,1.642703204562989e-09,True,ok,,0.4,0.18,0.084
2020-10-25 20:00:00+00:00,-0.527302033534102,-0.527302033534102,0.976181840468564,0.44887980693446206,1.0189705237959101,1.53572651665933,-0.593446790468564,0.976181840468564,True,ok,,0.2,0.07,0.084
2020-10-25 21:00:00+00:00,0.03810772012158692,0.03810772012158692,0.730261001122482,0.768368721244069,1.53572651665933,1.496841087963833,-0.356922321122482,0.730261001122482,True,ok,,0.2,0.07,0.084
2020-10-25 22:00:00+00:00,-0.7189238926409466,-0.7189238926409466,0.9142772537150763,0.1953533610741297,1.496841087963833,2.2013865027519604,-0.5869732337150764,0.9142772537150763,True,ok,,0.2,0.07,0.084
2020-10-25 23:00:00+00:00,-0.535739554729126,-0.535739554729126,0.6965415821453552,0.1608020274162292,2.2013865027519604,2.7264112663865037,-0.4510063521453552,0.6965415821453552,True,ok,,0.2,0.07,0.084
2020-10-26 00:00:00+00:00,-0.6371993248723826,-0.6371993248723826,0.7947602419716994,0.15756091709931677,2.7264112663865037,3.3508666047614386,-0.7612547949716993,0.7947602419716994,True,ok,,0.2,0.07,0.084
2020-10-26 01:00:00+00:00,-0.6129702780535398,-0.6129702780535398,0.7726529725813777,0.15968269452783787,3.3508666047614386,3.9515774772539074,-0.4923287225813777,0.7726529725813777,True,ok,,0.2,0.07,0.084
2020-10-26 02:00:00+00:00,0.46137453169626297,0.46137453169626297,0.10487160934273787,0.5662461410390008,3.9515774772539074,3.480787138788333,-0.13802152734273784,0.10487160934273784,True,ok,,0.2,0.07,0.084
2020-10-26 03:00:00+00:00,-0.7390741763607066,-0.7390741763607066,1.1104143980359433,0.3713402216752367,3.480787138788333,4.205079831621825,-0.7869445780359432,1.1104143980359433,True,ok,,0.2,0.07,0.084
2020-10-26 04:00:00+00:00,-1.5803473585450298,-1.5803473585450298,1.7342419970939869,0.1538946385489571,4.205079831621825,5.753820242995954,-1.6185998310939869,1.7342419970939869,True,ok,,0.2,0.07,0.084
2020-10-26 05:00:00+00:00,0.19286813902325603,0.19286813902325603,-4.9682480351975755e-15,0.19286813902325106,5.753820242995954,5.557016019502836,0.06237486300000496,-4.962345991341378e-15,True,ok,,0.3,0.1,0.084
2020-10-26 06:00:00+00:00,0.10531138916548054,0.10531138916548054,-2.5826563110342704e-14,0.10531138916545471,5.557016019502836,5.44955541831357,0.25684440000002584,-2.5832405305611983e-14,True,ok,,0.3,0.1,0.084
2020-10-26 07:00:00+00:00,-0.0038391672296871405,-0.0038391672296871405,-1.2879454447389804e-14,-0.00383916722970002,5.44955541831357,5.453317802198663,0.10155827000001287,-1.2879312898086162e-14,True,ok,,0.3,0.1,0.084
2020-10-26 08:00:00+00:00,-0.05690717797563168,-0.05690717797563168,-2.4359390012745896e-07,-0.05690742156953181,5.453317802198663,5.509086836614783,-0.6521279864060998,-2.435939001277335e-07,True,ok,,0.3,0.1,0.084
2020-10-26 09:00:00+00:00,-0.24473648146108595,-0.24473648146108595,-2.4357896263871304e-07,-0.2447367250400486,5.509086836614783,5.748928588446647,-0.8555791064210373,-2.4357896262680137e-07,True,ok,,0.3,0.1,0.084
2020-10-26 10:00:00+00:00,-0.3277148639021442,-0.3277148639021442,-2.435770795616854e-07,-0.3277151074792238,5.748928588446647,6.0700891550707485,-0.5536456964229205,-2.4357707954405504e-07,True,ok,,0.3,0.1,0.084
2020-10-26 11:00:00+00:00,-0.5589003103119632,-0.5589003103119632,-2.435786998766787e-07,-0.5589005538906631,6.0700891550707485,6.6178114591764725,-0.3172063564213002,-2.4357869983349525e-07,True,ok,,0.3,0.1,0.084
2020-10-26 12:00:00+00:00,-0.039840425483244374,-0.039840425483244374,-2.435798889047214e-07,-0.03984066906313328,6.6178114591764725,6.656855076150052,-0.371308956420111,-2.4357988890261195e-07,True,ok,,0.3,0.1,0.084
2020-10-26 13:00:00+00:00,0.36389815266302816,0.36389815266302816,3.0753177782116836e-14,0.3638981526630589,6.656855076150052,6.285530430575533,0.20101180999996926,3.0738113126698826e-14,True,ok,,0.3,0.1,0.084
2020-10-26 14:00:00+00:00,0.44422344914148026,0.44422344914148026,1.071365218763276e-13,0.4442234491415874,6.285530430575533,5.832241196757696,0.5758039599998929,1.071362769250945e-13,True,ok,,0.3,0.1,0.084
2020-10-26 15:00:00+00:00,0.8860346924865729,0.8860346924865729,9.880984919163893e-15,0.8860346924865827,5.832241196757696,4.928124163608132,0.6809040499999901,9.904255108776713e-15,True,ok,,0.3,0.1,0.084
2020-10-26 16:00:00+00:00,1.2978232360452688,1.2978232360452688,1.6426984217332574e-09,1.2978232376879673,4.928124163608132,3.6038147390721433,1.0546532983573016,1.6426983873062996e-09,True,ok,,0.4,0.18,0.084
2020-10-26 17:00:00+00:00,1.34412847145107,1.34412847145107,1.6427044169375904e-09,1.3441284730937744,3.6038147390721433,2.2322550743261536,0.9458796383572956,1.6427044289305157e-09,True,ok,,0.4,0.18,0.084
2020-10-26 18:00:00+00:00,0.5930598022723144,0.5930598022723144,1.6427083027181766e-09,0.5930598039150227,2.2322550743261536,1.6270920107829756,0.6905339383572917,1.6427082899900923e-09,True,ok,,0.4,0.18,0.084
2020-10-26 19:00:00+00:00,0.19669999941730415,0.19669999941730415,5.959412685552223e-10,0.19670000001324542,1.6270920107829756,1.4263777256632775,0.5163374994040587,5.959412589684707e-10,True,ok,,0.4,0.18,0.084
2020-10-26 20:00:00+00:00,-0.8996613546661536,-0.8996613546661536,1.329966298537651,0.4303049438714975,1.4263777256632775,2.308045853236108,-1.048915998537651,1.329966298537651,True,ok,,0.2,0.07,0.084
2020-10-26 21:00:00+00:00,-0.9496331735306125,-0.9496331735306125,1.1015272290772673,0.15189405554665478,2.308045853236108,3.2386863632961083,-0.7680350290772674,1.1015272290772673,True,ok,,0.2,0.07,0.084
2020-10-26 22:00:00+00:00,-0.4611227358437634,-0.4611227358437634,0.642269541323555,0.1811468054797916,3.2386863632961083,3.6905866444229964,-0.5650644313235549,0.642269541323555,True,ok,,0.2,0.07,0.084
2020-10-26 23:00:00+00:00,-0.5882839743319068,-0.5882839743319068,0.778707001733407,0.19042302740150013,3.6905866444229964,4.267104939268265,-0.6184067017334071,0.778707001733407,True,ok,,0.2,0.07,0.084
2020-10-27 00:00:00+00:00,-0.9032876145775771,-0.9032876145775771,1.0320749757093512,0.1287873611317741,4.267104939268265,5.15232680155429,-0.9255446417093512,1.0320749757093512,True,ok,,0.2,0.07,0.084
2020-10-27 01:00:00+00:00,-0.8946494999330724,-0.8946494999330724,1.0622379446587447,0.16758844472567222,5.15232680155429,6.029083311488701,-0.6300465946587447,1.0622379446587447,True,ok,,0.2,0.07,0.084
2020-10-27 02:00:00+00:00,0.5531544344812236,0.5531544344812236,0.3135513969855561,0.8667058314667797,6.029083311488701,5.464640010997656,-0.0653511669855561,0.3135513969855561,True,ok,,0.2,0.07,0.084
2020-10-27 03:00:00+00:00,-1.1681657837352413,-1.1681657837352413,1.3731043670085992,0.20493858327335787,5.464640010997656,6.609442479058193,-1.046111267008599,1.3731043670085992,True,ok,,0.2,0.07,0.084
2020-10-27 04:00:00+00:00,-1.0213240223491626,-1.0213240223491626,1.1635311610809072,0.1422071387317446,6.609442479058193,7.610340020960372,-1.1771037010809071,1.1635311610809072,True,ok,,0.2,0.07,0.084
2020-10-27 05:00:00+00:00,0.7012321156016784,0.7012321156016784,-5.146377546338954e-09,0.7012321104553009,7.610340020960372,6.894797045856619,0.11426915514637759,-5.1463775891685586e-09,True,ok,,0.3,0.1,0.084
2020-10-27 06:00:00+00:00,0.1990343964165019,0.1990343964165019,0.013264324824717844,0.21229872124121973,6.894797045856619,6.691700722982637,0.32559083517528215,0.013264324824717844,True,ok,,0.3,0.1,0.084
2020-10-27 07:00:00+00:00,-0.4877451425672872,-0.4877451425672872,-7.438494264988549e-15,-0.4877451425672946,6.691700722982637,7.169690962698579,0.1522074600000074,-7.41120541724413e-15,True,ok,,0.3,0.1,0.084
2020-10-27 08:00:00+00:00,-0.3353007990487374,-0.3353007990487374,-0.02504552239685176,-0.36034632144558915,7.169690962698579,7.498285745766341,-0.10817740760314822,-0.02504552239685178,True,ok,,0.3,0.1,0.084
2020-10-27 09:00:00+00:00,-2.618311578494137,-2.618311578494137,-0.6267159835968577,-3.2450275620909945,7.498285745766341,10.064231092690594,-0.14210931640314242,-0.6267159835968575,True,ok,,0.3,0.1,0.084
2020-10-27 10:00:00+00:00,-1.4838376817412913,-1.4838376817412913,-0.7515678660918774,-2.2354055478331687,10.064231092690594,11.518392020797059,-2.3390812235954026e-07,-0.7515678660918775,True,ok,,0.3,0.1,0.084
2020-10-27 11:00:00+00:00,-0.7853612510846777,-0.7853612510846777,-0.897986466092688,-1.6833477171773656,11.518392020797059,12.288046046860043,-2.3390731203446188e-07,-0.897986466092688,True,ok,,0.3,0.1,0.084
2020-10-27 12:00:00+00:00,-0.4615150631820135,-0.4615150631820135,-0.7301613151431967,-1.1916763783252102,12.288046046860043,12.740330808778415,-8.485680320532373e-08,-0.7301613151431967,True,ok,,0.3,0.1,0.084
2020-10-27 13:00:00+00:00,0.007382594990926639,0.007382594990926639,-0.3508275260929084,-0.34344493110198177,12.740330808778415,12.732797548583592,-2.339070915864816e-07,-0.3508275260929084,True,ok,,0.3,0.1,0.084
2020-10-27 14:00:00+00:00,0.5852190004850206,0.5852190004850206,-1.0441267850325175e-08,0.5852189900437528,12.732797548583592,12.135635303190714,0.47167441044126784,-1.0441267842504742e-08,True,ok,,0.3,0.1,0.084
2020-10-27 15:00:00+00:00,1.0481266048370104,1.0481266048370104,-1.0441264963745311e-08,1.0481265943957454,12.135635303190714,11.066118359479479,1.091723410441265,-1.0441264977021631e-08,True,ok,,0.3,0.1,0.084
2020-10-27 16:00:00+00:00,2.1515689814969035,2.1515689814969035,-0.923181645770411,1.2283873357264925,11.066118359479479,8.870639806931617,2.401925645770411,-0.9231816457704107,True,ok,,0.4,0.18,0.084
2020-10-27 17:00:00+00:00,1.437759474364922,1.437759474364922,-0.38011036539343257,1.0576491089714894,8.870639806931617,7.403538302477616,1.5149422653934326,-0.3801103653934325,True,ok,,0.4,0.18,0.084
2020-10-27 18:00:00+00:00,0.8661830900730427,0.8661830900730427,-0.15654917391224876,0.709633916160794,7.403538302477616,6.519678006484715,0.9662289239122488,-0.15654917391224876,True,ok,,0.4,0.18,0.084
2020-10-27 19:00:00+00:00,0.49066934332485485,0.49066934332485485,-0.17028494107758552,0.32038440224726933,6.519678006484715,6.018995003092006,0.38846190107758555,-0.17028494107758552,True,ok,,0.4,0.18,0.084
2020-10-27 20:00:00+00:00,0.467255883573337,0.467255883573337,2.256749293549909e-07,0.4672561092482664,6.018995003092006,5.54220328516003,0.3610263543250707,2.2567492935291987e-07,True,ok,,0.2,0.07,0.084
2020-10-27 21:00:00+00:00,0.6480315758411588,0.6480315758411588,2.2567399649009445e-07,0.6480318015151553,5.54220328516003,4.880946575118031,0.27866322432600354,2.256739965087287e-07,True,ok,,0.2,0.07,0.084
2020-10-27 22:00:00+00:00,0.20266180228408712,0.20266180228408712,2.2567361721015367e-07,0.20266202795770433,4.880946575118031,4.674148817685289,0.34004225432638285,2.2567361721578283e-07,True,ok,,0.2,0.07,0.084
2020-10-27 23:00:00+00:00,0.154494849301315,0.154494849301315,-9.903206094064032e-08,0.15449475026925405,4.674148817685289,4.516501012275784,-0.37510415096793903,-9.903206094383746e-08,True,ok,,0.2,0.07,0.084
2020-10-28 00:00:00+00:00,0.10567022653314505,0.10567022653314505,0.02964560694800765,0.1353158334811527,4.516501012275784,4.408674250507269,0.09012537305199235,0.029645606948007653,True,ok,,0.2,0.07,0.084
2020-10-28 01:00:00+00:00,0.1848897808686322,0.1848897808686322,-5.847104003753323e-08,0.18488972239759216,4.408674250507269,4.220011208804583,-0.23945143152895998,-5.8471040049719233e-08,True,ok,,0.2,0.07,0.084
2020-10-28 02:00:00+00:00,0.502293337635882,0.502293337635882,-5.847019002303e-08,0.502293279165692,4.220011208804583,3.707466986727152,-0.014432589529809995,-5.8470190005806194e-08,True,ok,,0.2,0.07,0.084
2020-10-28 03:00:00+00:00,0.02591327534737492,0.02591327534737492,0.1644068356597857,0.19032011100716062,3.707466986727152,3.681024869025749,0.0638752043402143,0.1644068356597857,True,ok,,0.2,0.07,0.084
2020-10-28 04:00:00+00:00,0.07244116667742145,0.07244116667742145,0.13594577690129847,0.20838694357871992,3.681024869025749,3.6071053111916456,0.04592800309870156,0.13594577690129847,True,ok,,0.2,0.07,0.084
2020-10-28 05:00:00+00:00,0.16663600001069312,0.16663600001069312,9.353628982466944e-15,0.16663600001070247,3.6071053111916456,3.4370685764868565,0.12525435999999066,9.357086345726876e-15,True,ok,,0.3,0.1,0.084
2020-10-28 06:00:00+00:00,0.21614245518716102,0.21614245518716102,-6.161737786669619e-15,0.21614245518715486,3.4370685764868565,3.216515050785672,0.08963209500000616,-6.150335391156376e-15,True,ok,,0.3,0.1,0.084
2020-10-28 07:00:00+00:00,-0.3344148859675366,-0.3344148859675366,5.551115123125783e-16,-0.33441488596753605,3.216515050785672,3.544241639033858,0.21544164999999946,5.5600555152563505e-16,True,ok,,0.3,0.1,0.084
2020-10-28 08:00:00+00:00,-2.3515855478885763,-2.3515855478885763,-2.4357986116996244e-07,-2.3515857914684375,3.544241639033858,5.848795475964662,-0.5903186064201386,-2.435798613457626e-07,True,ok,,0.3,0.1,0.084
2020-10-28 09:00:00+00:00,-3.360185298069899,-3.360185298069899,-0.2452947881942178,-3.6054800862641168,5.848795475964662,9.141777068073164,-0.601396411805782,-0.245294788194218,True,ok,,0.3,0.1,0.084
2020-10-28 10:00:00+00:00,0.5545426857664842,0.5545426857664842,-1.4487116660923511,-0.8941689803258669,9.141777068073164,8.575917184637976,-2.3390764883606157e-07,-1.4487116660923511,True,ok,,0.3,0.1,0.084
2020-10-28 11:00:00+00:00,-1.6476130744848116,-1.6476130744848116,-1.3582028660925054,-3.005815940577317,8.575917184637976,10.190577997633092,-2.3390749448275674e-07,-1.3582028660925054,True,ok,,0.3,0.1,0.084
2020-10-28 12:00:00+00:00,-2.0191954125019724,-2.0191954125019724,-0.9362727160927031,-2.9554681285946756,10.190577997633092,12.169389501885025,-2.339072968564629e-07,-0.9362727160927031,True,ok,,0.3,0.1,0.084
2020-10-28 13:00:00+00:00,-1.3455106093352933,-1.3455106093352933,-0.3270303160928518,-1.6725409254281451,12.169389501885025,13.487989899033613,-2.339071480706124e-07,-0.32703031609285194,True,ok,,0.3,0.1,0.084
2020-10-28 14:00:00+00:00,-0.31837765404733476,-0.31837765404733476,-0.5413887945419685,-0.8597664485893033,13.487989899033613,13.8,-2.3390682219081648e-07,-0.2894512460931778,True,ok,,0.3,0.1,0.084
2020-10-28 15:00:00+00:00,0.4799860047773176,0.4799860047773176,-0.0566661971680299,0.4233198076092877,13.8,13.310218362472126,-3.283197009696596e-08,-0.056666197168029904,True,ok,,0.3,0.1,0.084
2020-10-28 16:00:00+00:00,2.3532818089226444,2.3532818089226444,-1.5109134816280978,0.8423683272945465,13.310218362472126,10.908910394183714,2.461289641628098,-1.510913481628098,True,ok,,0.4,0.18,0.084
2020-10-28 17:00:00+00:00,1.4909999759141461,1.4909999759141461,-0.49046311269838117,1.000536863215765,10.908910394183714,9.387481847332545,1.1618942126983813,-0.4904631126983812,True,ok,,0.4,0.18,0.084
2020-10-28 18:00:00+00:00,1.0857625602831544,1.0857625602831544,-0.22009569824835817,0.8656668620347963,9.387481847332545,8.279560867451774,0.9252603982483583,-0.22009569824835812,True,ok,,0.4,0.18,0.084
2020-10-28 19:00:00+00:00,0.355699146828582,0.355699146828582,-0.1248025075159439,0.2308966393126381,8.279560867451774,7.9166025543613845,0.5391745775159439,-0.1248025075159439,True,ok,,0.4,0.18,0.084
2020-10-28 20:00:00+00:00,0.24782261998419275,0.24782261998419275,1.0251438312125494e-07,0.24782272249857587,7.9166025543613845,7.663722329887719,0.25429994748561685,1.0251438312995517e-07,True,ok,,0.2,0.07,0.084
2020-10-28 21:00:00+00:00,0.16739111935070336,0.16739111935070336,1.0251431492580565e-07,0.16739122186501829,7.663722329887719,7.492915065244144,0.533871797485685,1.0251431492723949e-07,True,ok,,0.2,0.07,0.084
2020-10-28 22:00:00+00:00,0.18114760732828683,0.18114760732828683,2.256720023352532e-07,0.18114783300028917,7.492915065244144,7.308070567970383,0.20203744432799767,2.2567200233674162e-07,True,ok,,0.2,0.07,0.084
2020-10-28 23:00:00+00:00,0.12407682994975483,0.12407682994975483,2.256660942417943e-07,0.12407705561584907,7.308070567970383,7.181461557817571,0.19728064433390577,2.2566609423562577e-07,True,ok,,0.2,0.07,0.084
2020-10-29 00:00:00+00:00,0.17558873080982335,0.17558873080982335,1.0251429105601062e-07,0.1755888333241144,7.181461557817571,7.002289383521833,0.2885692974857089,1.0251429106558624e-07,True,ok,,0.2,0.07,0.084
2020-10-29 01:00:00+00:00,0.26943786916247064,0.26943786916247064,1.0251424992224756e-07,0.26943797167672057,7.002289383521833,6.727352782335639,0.3549502774857501,1.025142499055379e-07,True,ok,,0.2,0.07,0.084
2020-10-29 02:00:00+00:00,0.5363975645016432,0.5363975645016432,1.0251428061991419e-07,0.5363976670159238,6.727352782335639,6.180008328762534,0.5592387974857194,1.0251428059107314e-07,True,ok,,0.2,0.07,0.084
2020-10-29 03:00:00+00:00,0.2643345363038011,0.2643345363038011,1.0251430387908655e-07,0.264334638818105,6.180008328762534,5.910279210085186,0.28533864748569615,1.0251430386384879e-07,True,ok,,0.2,0.07,0.084
2020-10-29 04:00:00+00:00,0.24225682964599077,0.24225682964599077,2.2567368948567257e-07,0.24225705531968025,5.910279210085186,5.663078363507644,0.28460187432631057,2.256736894948255e-07,True,ok,,0.2,0.07,0.084
2020-10-29 05:00:00+00:00,0.5620154216069758,0.5620154216069758,-5.146408077472131e-09,0.5620154164605677,5.663078363507644,5.089593239418893,0.07022127514640804,-5.146408042768681e-09,True,ok,,0.3,0.1,0.084
2020-10-29 06:00:00+00:00,0.49358506318345324,0.49358506318345324,-5.146377879405861e-09,0.49358505803707536,5.089593239418893,4.585935011680676,0.3295933251463779,-5.146377905012003e-09,True,ok,,0.3,0.1,0.084
2020-10-29 07:00:00+00:00,-0.7750454792184046,-0.7750454792184046,-5.146404635780755e-09,-0.7750454843648092,4.585935011680676,5.345479581314713,0.037535482146404585,-5.146404589754898e-09,True,ok,,0.3,0.1,0.084
2020-10-29 08:00:00+00:00,-1.0028563306604599,-1.0028563306604599,-0.6683024979671011,-1.671158828627561,5.345479581314713,6.328278785361963,-0.29640124203289914,-0.668302497967101,True,ok,,0.3,0.1,0.084
2020-10-29 09:00:00+00:00,0.34494119033112036,0.34494119033112036,-1.9470336658180183,-1.602092475486898,6.328278785361963,5.976297978901636,-0.15259253418198218,-1.9470336658180183,True,ok,,0.3,0.1,0.084
2020-10-29 10:00:00+00:00,-0.07684065324181599,-0.07684065324181599,-2.606160817286162,-2.683001470527978,5.976297978901636,6.051601819078615,-0.012991782713837899,-2.606160817286162,True,ok,,0.3,0.1,0.084
2020-10-29 11:00:00+00:00,-0.6499391494352331,-0.6499391494352331,-1.794391956046477,-2.44433110548171,6.051601819078615,6.688542185525144,-0.18424034395352307,-1.794391956046477,True,ok,,0.3,0.1,0.084
2020-10-29 12:00:00+00:00,-0.22854265514425776,-0.22854265514425776,-1.4754233660764544,-1.7039660212207122,6.688542185525144,6.912513987566516,-2.339235454858878e-07,-1.4754233660764544,True,ok,,0.3,0.1,0.084
2020-10-29 13:00:00+00:00,-0.18783971669136168,-0.18783971669136168,-1.7353044660922547,-1.9231441827836164,6.912513987566516,7.096596909924051,-2.3390774510374524e-07,-1.7353044660922547,True,ok,,0.3,0.1,0.084
2020-10-29 14:00:00+00:00,1.6849436131141826,1.6849436131141826,-1.1889709660922614,0.49597264702192123,7.096596909924051,5.377266692460599,-2.3390773848610128e-07,-1.1889709660922614,True,ok,,0.3,0.1,0.084
2020-10-29 15:00:00+00:00,1.60748348755065,1.60748348755065,-4.973799150320701e-14,1.6074834875506003,5.377266692460599,3.7369774194497314,0.4089309700000497,-4.968709971197888e-14,True,ok,,0.3,0.1,0.084
2020-10-29 16:00:00+00:00,1.2790683719339566,1.2790683719339566,-1.1276528066872515e-07,1.279068259168676,3.7369774194497314,2.431805611353857,1.2692391127652807,-1.1276528077184504e-07,True,ok,,0.4,0.18,0.084
2020-10-29 17:00:00+00:00,0.7567670530422579,0.7567670530422579,1.6426996429785845e-09,0.7567670546849575,2.431805611353857,1.6595943327393083,0.9298960983573004,1.6426996732841785e-09,True,ok,,0.4,0.18,0.084
2020-10-29 18:00:00+00:00,0.8078427503910867,0.8078427503910867,-1.1276475708754674e-07,0.8078426376263296,1.6595943327393083,0.8352649956055465,0.6400086127647572,-1.127647571257599e-07,True,ok,,0.4,0.18,0.084
2020-10-29 19:00:00+00:00,0.3575029142244749,0.3575029142244749,1.6426942028857638e-09,0.3575029158671691,0.8352649956055465,0.47046610353975576,0.6277405983573058,1.642694217371066e-09,True,ok,,0.4,0.18,0.084
2020-10-29 20:00:00+00:00,-0.47817101616430724,-0.47817101616430724,0.6958698220925376,0.2176988059282303,0.47046610353975576,0.9390736993807769,0.020658077907462383,0.6958698220925376,True,ok,,0.2,0.07,0.084
2020-10-29 21:00:00+00:00,-0.2030686550455676,-0.2030686550455676,0.3527115439703781,0.14964288892481054,0.9390736993807769,1.1380809813254331,0.0658009560296219,0.3527115439703781,True,ok,,0.2,0.07,0.084
2020-10-29 22:00:00+00:00,-0.025090246485458018,-0.025090246485458018,0.2063117464397873,0.1812214999543293,1.1380809813254331,1.162669422881182,0.07136075356021267,0.2063117464397873,True,ok,,0.2,0.07,0.084
2020-10-29 23:00:00+00:00,0.6837905897624659,0.6837905897624659,0.14075090863896367,0.8245414984014295,1.162669422881182,0.4649239231235638,0.07675873136103631,0.1407509086389637,True,ok,,0.2,0.07,0.084
2020-10-30 00:00:00+00:00,-0.04793167262430012,-0.04793167262430012,0.22536283947714536,0.17743116685284524,0.4649239231235638,0.511896962295378,0.027806610522854686,0.22536283947714536,True,ok,,0.2,0.07,0.084
2020-10-30 01:00:00+00:00,-0.2615183597768721,-0.2615183597768721,0.40345847046561156,0.14194011068873946,0.511896962295378,0.7681849548767126,0.016607829534388434,0.40345847046561156,True,ok,,0.2,0.07,0.084
2020-10-30 02:00:00+00:00,0.06597244823529791,0.06597244823529791,0.3622061643624864,0.42817861259778434,0.7681849548767126,0.7008661301468168,0.14283823563751352,0.3622061643624864,True,ok,,0.2,0.07,0.084
2020-10-30 03:00:00+00:00,0.18707191969089307,0.18707191969089307,0.01350102502969322,0.2005729447205863,0.7008661301468168,0.5099764161765177,0.3566904449703067,0.013501025029693216,True,ok,,0.2,0.07,0.084
2020-10-30 04:00:00+00:00,-0.11700158323493542,-0.11700158323493542,0.3414560273228115,0.22445444408787607,0.5099764161765177,0.6246379677467544,-0.03994552732281151,0.3414560273228115,True,ok,,0.2,0.07,0.084
2020-10-30 05:00:00+00:00,0.20324453284130495,0.20324453284130495,-5.146390952281976e-09,0.203244527694914,0.6246379677467544,0.41724558729644323,0.037689365146390943,-5.146390947549327e-09,True,ok,,0.3,0.1,0.084
2020-10-30 06:00:00+00:00,0.2740741022155085,0.2740741022155085,-0.1615386092044723,0.11253549301103619,0.41724558729644323,0.13757813605612845,-0.33241983079552767,-0.1615386092044723,True,ok,,0.3,0.1,0.084
2020-10-30 07:00:00+00:00,0.1348265733350059,0.1348265733350059,0.000671682100162968,0.13549825543516886,0.13757813605612845,0.0,-0.518256327274722,-0.06587282272527797,True,ok,,0.3,0.1,0.084
2020-10-30 08:00:00+00:00,0.0,0.0,0.5412598841001252,0.5412598841001252,0.0,0.0,-0.822869506419983,-2.4358001694525443e-07,True,ok,,0.3,0.1,0.084
2020-10-30 09:00:00+00:00,0.0,0.0,0.5618381873903601,0.5618381873903601,0.0,0.0,-0.724009526420314,-2.435796859606322e-07,True,ok,,0.3,0.1,0.084
2020-10-30 10:00:00+00:00,-0.629199039110776,-0.629199039110776,0.3881628346154008,-0.2410362044953752,0.0,0.6166150583285605,-0.7035631946154007,0.3881628346154008,True,ok,,0.3,0.1,0.084
2020-10-30 11:00:00+00:00,-0.14023240162356035,-0.14023240162356035,2.916543034858776e-09,-0.14023239870701731,0.6166150583285605,0.7540428119196496,-0.927275152916543,2.9165430312702988e-09,True,ok,,0.3,0.1,0.084
2020-10-30 12:00:00+00:00,0.08964064512434333,0.08964064512434333,0.41508545810665787,0.5047261032310012,0.7540428119196496,0.6625727658744013,-1.0020815581066578,0.41508545810665787,True,ok,,0.3,0.1,0.084
2020-10-30 13:00:00+00:00,-0.8609675730110384,-0.8609675730110384,1.2403820766720082,0.37941450366096974,0.6625727658744013,1.506320987425219,-1.0454859266720082,1.2403820766720082,True,ok,,0.3,0.1,0.084
2020-10-30 14:00:00+00:00,-1.4421583878245408,-1.4421583878245408,1.8370499244901426,0.3948915366656018,1.506320987425219,2.919636207493269,-1.3089326744901426,1.8370499244901426,True,ok,,0.3,0.1,0.084
2020-10-30 15:00:00+00:00,-0.1554538579325977,-0.1554538579325977,1.4677711439345484,1.3123172860019507,2.919636207493269,3.0719809882672147,-0.5364317439345485,1.4677711439345484,True,ok,,0.3,0.1,0.084
2020-10-30 16:00:00+00:00,0.9143472248096335,0.9143472248096335,1.6427363913606996e-09,0.9143472264523699,3.0719809882672147,2.1389736160124864,1.0517047983572636,1.6427363904702378e-09,True,ok,,0.4,0.18,0.084
2020-10-30 17:00:00+00:00,1.9592493571256033,1.9592493571256033,5.959390758647487e-10,1.9592493577215424,2.1389736160124864,0.13973957812921767,0.7788722994040609,5.959390586212254e-10,True,ok,,0.4,0.18,0.084
2020-10-30 18:00:00+00:00,0.08836379388890181,0.08836379388890181,0.7699737074435927,0.8583375013324945,0.13973957812921767,0.049572441507889295,0.04722289255640722,0.7699737074435927,True,ok,,0.4,0.18,0.084
2020-10-30 19:00:00+00:00,-0.2559197439015136,-0.2559197439015136,0.5449115218222365,0.28899177792072284,0.049572441507889295,0.30037379053137264,0.048580978177763516,0.5449115218222365,True,ok,,0.4,0.18,0.084
2020-10-30 20:00:00+00:00,-0.681171955754087,-0.681171955754087,0.9096269001342113,0.22845494438012434,0.30037379053137264,0.9679223071703777,-0.5350634801342113,0.9096269001342113,True,ok,,0.2,0.07,0.084
2020-10-30 21:00:00+00:00,-0.6435924149576309,-0.6435924149576309,0.8682696374188016,0.22467722246117075,0.9679223071703777,1.5986428738288558,-0.2382806874188016,0.8682696374188016,True,ok,,0.2,0.07,0.084
2020-10-30 22:00:00+00:00,-0.5268311146847303,-0.5268311146847303,0.7335235036484299,0.2066923889636996,1.5986428738288558,2.1149373662198916,-0.43839264364842995,0.7335235036484299,True,ok,,0.2,0.07,0.084
2020-10-30 23:00:00+00:00,2.0726386188954935,2.0726386188954935,2.9971612327578177,5.069799851653311,2.1149373662198916,0.0,-0.4148408964233838,0.4281380844233838,True,ok,,0.2,0.07,0.084
2020-10-31 00:00:00+00:00,-1.4101502703204432,-1.4101502703204432,2.8388660156450007,1.4287157453245576,0.0,1.3819472649140343,-1.2482780156450006,2.8388660156450007,True,ok,,0.2,0.07,0.084
2020-10-31 01:00:00+00:00,-2.0659174139213476,-2.0659174139213476,2.199605024799232,0.13368761087788456,1.3819472649140343,3.4065463305569548,-1.331914474799232,2.199605024799232,True,ok,,0.2,0.07,0.084
2020-10-31 02:00:00+00:00,-1.7856230065622274,-1.7856230065622274,1.9845820345015999,0.19895902793937253,3.4065463305569548,5.156456876987938,-1.3946804845015999,1.9845820345015999,True,ok,,0.2,0.07,0.084
2020-10-31 03:00:00+00:00,0.04673965035723068,0.04673965035723068,0.12554276650568108,0.17228241686291176,5.156456876987938,5.1087633562152535,0.08737958349431889,0.12554276650568108,True,ok,,0.2,0.07,0.084
2020-10-31 04:00:00+00:00,-0.9117114112884914,-0.9117114112884914,1.060710911401555,0.14899950011306345,5.1087633562152535,6.002240539277975,-0.644441071401555,1.060710911401555,True,ok,,0.2,0.07,0.084
2020-10-31 05:00:00+00:00,0.30672805556196586,0.30672805556196586,-5.184741524999481e-14,0.306728055561914,6.002240539277975,5.68925272748005,0.17866680000005186,-5.1868977221269046e-14,True,ok,,0.3,0.1,0.084
2020-10-31 06:00:00+00:00,0.36475186331899473,0.36475186331899473,4.019540226218865e-07,0.36475226527301735,5.68925272748005,5.317056948583117,0.33327724804597736,4.01954022646947e-07,True,ok,,0.3,0.1,0.084
2020-10-31 07:00:00+00:00,0.3080509183026303,0.3080509183026303,0.2736771765845565,0.5817280948871868,5.317056948583117,5.002719276845739,0.16946522341544348,0.2736771765845565,True,ok,,0.3,0.1,0.084
2020-10-31 08:00:00+00:00,-0.05708822141100961,-0.05708822141100961,0.027557957412418906,-0.029530263998590704,5.002719276845739,5.058665733828528,0.027547572587581087,0.02755795741241891,True,ok,,0.3,0.1,0.084
2020-10-31 09:00:00+00:00,0.48581862855687324,0.48581862855687324,2.9166637438571286e-09,0.485818631473537,5.058665733828528,4.562932439382739,-0.25305295291666374,2.916663735841632e-09,True,ok,,0.3,0.1,0.084
2020-10-31 10:00:00+00:00,-0.8935818545679668,-0.8935818545679668,2.916672015018662e-09,-0.8935818516512948,4.562932439382739,5.438642656859346,-0.368869022916672,2.9166720196483807e-09,True,ok,,0.3,0.1,0.084
2020-10-31 11:00:00+00:00,-1.1355688339381411,-1.1355688339381411,2.916656693940922e-09,-1.1355688310214844,5.438642656859346,6.551500114118724,-0.6891587529166567,2.916656726393058e-09,True,ok,,0.3,0.1,0.084
2020-10-31 12:00:00+00:00,-0.4276421905419989,-0.4276421905419989,1.5487611193520934e-14,-0.42764219054198344,6.551500114118724,6.970589460849883,-0.6724878000000155,1.5490329873689084e-14,True,ok,,0.3,0.1,0.084
2020-10-31 13:00:00+00:00,0.13519216017387867,0.13519216017387867,4.020193705989161e-07,0.13519256219324927,6.970589460849883,6.832638276998987,0.27476479798062936,4.020193706029426e-07,True,ok,,0.3,0.1,0.084
2020-10-31 14:00:00+00:00,0.23329229123310158,0.23329229123310158,4.0202350004570064e-07,0.23329269325660162,6.832638276998987,6.594584918597863,0.9059304979764999,4.0202350004689856e-07,True,ok,,0.3,0.1,0.084
2020-10-31 15:00:00+00:00,0.31355517615113887,0.31355517615113887,4.020232150514502e-07,0.3135555781743539,6.594584918597863,6.2746306572191495,1.3456568979767851,4.0202321505025225e-07,True,ok,,0.3,0.1,0.084
2020-10-31 16:00:00+00:00,1.2962742978566566,1.2962742978566566,1.6427017524023313e-09,1.2962742994993584,6.2746306572191495,4.951901781855215,0.878114298357298,1.6427018339118707e-09,True,ok,,0.4,0.18,0.084
2020-10-31 17:00:00+00:00,1.8679026098407614,1.8679026098407614,1.6427064153390347e-09,1.8679026114834678,4.951901781855215,3.0458787105891316,1.1494662983572936,1.6427063770573228e-09,True,ok,,0.4,0.18,0.084
2020-10-31 18:00:00+00:00,0.29332419257666875,0.29332419257666875,1.6427084692516303e-09,0.2933241942193772,3.0458787105891316,2.7465683100006943,1.0346666983572916,1.642708471593032e-09,True,ok,,0.4,0.18,0.084
2020-10-31 19:00:00+00:00,0.35543355360004636,0.35543355360004636,1.6427034732480195e-09,0.35543355524274983,2.7465683100006943,2.3838810104088104,0.24043789835729654,1.6427034618526828e-09,True,ok,,0.4,0.18,0.084
2020-10-31 20:00:00+00:00,-0.9453393318333267,-0.9453393318333267,1.1984740539548835,0.2531347221215568,2.3838810104088104,3.310313555605471,-0.8968049839548835,1.1984740539548835,True,ok,,0.2,0.07,0.084
2020-10-31 21:00:00+00:00,-0.54580987094438,-0.54580987094438,0.8075184539840878,0.2617085830397078,3.310313555605471,3.8452072291309634,-0.9952026839840878,0.8075184539840878,True,ok,,0.2,0.07,0.084
2020-10-31 22:00:00+00:00,-0.42178717146718814,-0.42178717146718814,0.5963581993421347,0.1745710278749466,3.8452072291309634,4.258558657168808,-0.7634123193421347,0.5963581993421347,True,ok,,0.2,0.07,0.084
2020-10-31 23:00:00+00:00,-0.5324444477084675,-0.5324444477084675,0.7361926698158248,0.20374822210735727,4.258558657168808,4.780354215923106,-0.8496068548158249,0.7361926698158249,True,ok,,0.2,0.07,0.084
2020-11-01 00:00:00+00:00,-0.7547919677267112,-0.7547919677267112,0.8842677732530206,0.1294758055263095,4.780354215923106,5.520050344295283,-0.8785565612530207,0.8842677732530208,True,ok,,0.2,0.07,0.084
2020-11-01 01:00:00+00:00,-0.8075598515869497,-0.8075598515869497,0.9528257683053266,0.145265916718377,5.520050344295283,6.311458998850494,-0.8136625183053265,0.9528257683053266,True,ok,,0.2,0.07,0.084
2020-11-01 02:00:00+00:00,-0.13425993559284996,-0.13425993559284996,0.36278485236622227,0.2285249167733723,6.311458998850494,6.443033735731487,-0.7097896123662222,0.36278485236622227,True,ok,,0.2,0.07,0.084
2020-11-01 03:00:00+00:00,-1.2048067651207175,-1.2048067651207175,1.4187775989308884,0.21397083381017082,6.443033735731487,7.62374436554979,-1.1927749289308884,1.4187775989308884,True,ok,,0.2,0.07,0.084
2020-11-01 04:00:00+00:00,-0.10538266938927915,-0.10538266938927915,0.5708846966412648,0.4655020272519857,7.62374436554979,7.727019381551283,-0.5400749586412648,0.5708846966412648,True,ok,,0.2,0.07,0.084
2020-11-01 05:00:00+00:00,0.17887219934161896,0.17887219934161896,0.12299580059882953,0.3018679999404485,7.727019381551283,7.544496729161876,0.2209364994011705,0.12299580059882953,True,ok,,0.3,0.1,0.084
2020-11-01 06:00:00+00:00,0.39872516641769407,0.39872516641769407,1.0581124310071743e-09,0.3987251674758065,7.544496729161876,7.137634314449944,-0.01687994505811245,1.0581124531010326e-09,True,ok,,0.3,0.1,0.084
2020-11-01 07:00:00+00:00,1.0376779668404894,1.0376779668404894,0.166504416347945,1.2041823831884344,7.137634314449944,6.078779246245363,0.35857114365205495,0.16650441634794505,True,ok,,0.3,0.1,0.084
2020-11-01 08:00:00+00:00,-0.6037126570105574,-0.6037126570105574,0.2390385782372011,-0.36467407877335634,6.078779246245363,6.670417650115709,0.06890188176279889,0.2390385782372011,True,ok,,0.3,0.1,0.084
2020-11-01 09:00:00+00:00,-1.3598355849589532,-1.3598355849589532,-2.4357891481585625e-07,-1.359835828537868,6.670417650115709,8.003056523375484,-0.5573849564210851,-2.435789149118584e-07,True,ok,,0.3,0.1,0.084
2020-11-01 10:00:00+00:00,-1.5599328779083426,-1.5599328779083426,-2.4358049199868503e-07,-1.5599331214888346,8.003056523375484,9.53179074372566,-0.9749533564195081,-2.4358049197996343e-07,True,ok,,0.3,0.1,0.084
2020-11-01 11:00:00+00:00,-0.21457334365311587,-0.21457334365311587,-0.8728839103826955,-1.0874572540358114,9.53179074372566,9.742072620505713,-0.4110083896173046,-0.8728839103826955,True,ok,,0.3,0.1,0.084
2020-11-01 12:00:00+00:00,0.1379904158894255,0.1379904158894255,-0.9256066660918165,-0.787616250202391,9.742072620505713,9.601266073679769,-2.339081835290119e-07,-0.9256066660918165,True,ok,,0.3,0.1,0.084
2020-11-01 13:00:00+00:00,0.6228343808438099,0.6228343808438099,-0.4974388186000755,0.12539556224373444,9.601266073679769,8.965720787104452,-0.20309198139992451,-0.49743881860007555,True,ok,,0.3,0.1,0.084
2020-11-01 14:00:00+00:00,0.27153681410445313,0.27153681410445313,5.88418203051333e-15,0.271536814104459,8.965720787104452,8.688642405365215,0.512677299999994,5.908690954643181e-15,True,ok,,0.3,0.1,0.084
2020-11-01 15:00:00+00:00,0.11268556790957185,0.11268556790957185,-1.8669968904205803e-09,0.11268556604257496,8.688642405365215,8.573657131988101,1.0003731018669968,-1.8669968851245353e-09,True,ok,,0.3,0.1,0.084
2020-11-01 16:00:00+00:00,0.4955261169546986,0.4955261169546986,-2.428044887370362e-07,0.4955258741502099,8.573657131988101,8.068018237136368,1.2417854428044888,-2.428044887414446e-07,True,ok,,0.4,0.18,0.084
2020-11-01 17:00:00+00:00,0.8023471158312829,0.8023471158312829,-8.808444629249124e-08,0.8023470277468366,8.068018237136368,7.249296690369753,1.2485645880844463,-8.808444632460583e-08,True,ok,,0.4,0.18,0.084
2020-11-01 18:00:00+00:00,0.4351109091029839,0.4351109091029839,-2.4280411803356827e-07,0.43511066629886586,7.249296690369753,6.805305966795279,0.7552971428041181,-2.4280411802436515e-07,True,ok,,0.4,0.18,0.084
2020-11-01 19:00:00+00:00,0.9668497947255396,0.9668497947255396,-2.42804119032769e-07,0.9668495519214205,6.805305966795279,5.818724543605953,0.555840212804119,-2.4280411900228444e-07,True,ok,,0.4,0.18,0.084
2020-11-01 20:00:00+00:00,0.20399758009832605,0.20399758009832605,2.2567456151034726e-07,0.20399780577288756,5.818724543605953,5.6105637475872525,0.4801176943254385,2.2567456151698043e-07,True,ok,,0.2,0.07,0.084
2020-11-01 21:00:00+00:00,0.20906138564663598,0.20906138564663598,2.2567460145062057e-07,0.20906161132123743,5.6105637475872525,5.397235803049869,0.35923311432539856,2.2567460143960872e-07,True,ok,,0.2,0.07,0.084
2020-11-01 22:00:00+00:00,0.1426936634799525,0.1426936634799525,2.256743758255464e-07,0.14269388915432832,5.397235803049869,5.251630023988692,0.31187074432562417,2.2567437583741184e-07,True,ok,,0.2,0.07,0.084
2020-11-01 23:00:00+00:00,0.19722360772769765,0.19722360772769765,2.2567430027486957e-07,0.19722383340199792,5.251630023988692,5.0503814446747155,0.3279228743256997,2.2567430026889843e-07,True,ok,,0.2,0.07,0.084
2020-11-02 00:00:00+00:00,0.1756541910220893,0.1756541910220893,2.2567414117991014e-07,0.17565441669623047,5.0503814446747155,4.871142474244012,0.26104774432585887,2.2567414116827765e-07,True,ok,,0.2,0.07,0.084
2020-11-02 01:00:00+00:00,0.18596149635550316,0.18596149635550316,2.256740767869747e-07,0.18596172202957995,4.871142474244012,4.681385845309825,0.16447777432592323,2.2567407678584948e-07,True,ok,,0.2,0.07,0.084
2020-11-02 02:00:00+00:00,0.16845788596084318,0.16845788596084318,2.2567235169468347e-07,0.16845811163319488,4.681385845309825,4.509490043308965,0.032369540327648307,2.25672351695168e-07,True,ok,,0.2,0.07,0.084
2020-11-02 03:00:00+00:00,0.1896438575656218,0.1896438575656218,2.2567467511391825e-07,0.1896440832402969,4.509490043308965,4.3159759029358815,0.2559823443253249,2.2567467511114036e-07,True,ok,,0.2,0.07,0.084
2020-11-02 04:00:00+00:00,0.2166529687372494,0.2166529687372494,2.2567434618259163e-07,0.21665319441159558,4.3159759029358815,4.094901445040729,0.19723487432565381,2.2567434617293398e-07,True,ok,,0.2,0.07,0.084
2020-11-02 05:00:00+00:00,0.13689430543317804,0.13689430543317804,-1.0574874309554616e-14,0.13689430543316747,4.094901445040729,3.95521337827218,0.09366295000001056,-1.0562547495390746e-14,True,ok,,0.3,0.1,0.084
2020-11-02 06:00:00+00:00,0.20453874388321058,0.20453874388321058,-4.490852134608758e-14,0.20453874388316567,3.95521337827218,3.7465003743097203,0.03371259700004491,-4.490815346052847e-14,True,ok,,0.3,0.1,0.084
2020-11-02 07:00:00+00:00,-0.10377443468646354,-0.10377443468646354,-8.836593835825912e-08,-0.1037745230524019,3.7465003743097203,3.8481993203024545,-0.05883678163406164,-8.836593835931433e-08,True,ok,,0.3,0.1,0.084
2020-11-02 08:00:00+00:00,-0.16290969392255938,-0.16290969392255938,-0.06633589021339129,-0.22924558413595067,3.8481993203024545,4.007850820346563,-0.4704756097866087,-0.0663358902133913,True,ok,,0.3,0.1,0.084
2020-11-02 09:00:00+00:00,-0.3287679424692935,-0.3287679424692935,-2.4358005829006046e-07,-0.32876818604935176,4.007850820346563,4.33004340396647,-0.8972019064199417,-2.435800582790351e-07,True,ok,,0.3,0.1,0.084
2020-11-02 10:00:00+00:00,-0.8308920269505142,-0.8308920269505142,-2.4357788730444696e-07,-0.8308922705284015,4.33004340396647,5.144317590377974,-0.7315155064221128,-2.435778872688123e-07,True,ok,,0.3,0.1,0.084
2020-11-02 11:00:00+00:00,-2.722349468623029,-2.722349468623029,-2.4358089900644586e-07,-2.722349712203928,5.144317590377974,7.812220069628543,-1.3173609564191013,-2.4358089884942056e-07,True,ok,,0.3,0.1,0.084
2020-11-02 12:00:00+00:00,-0.1341902332395284,-0.1341902332395284,-0.8895899160918748,-1.0237801493314032,7.812220069628543,7.943726498203281,-2.3390812515356978e-07,-0.8895899160918748,True,ok,,0.3,0.1,0.084
2020-11-02 13:00:00+00:00,-0.09237624254906684,-0.09237624254906684,-0.5788047660924978,-0.6711810086415646,7.943726498203281,8.034255215901366,-2.3390750211514894e-07,-0.5788047660924978,True,ok,,0.3,0.1,0.084
2020-11-02 14:00:00+00:00,-0.21540842736452073,-0.21540842736452073,-1.0441276121486709e-08,-0.21540843780579685,8.034255215901366,8.245355474718597,0.08025377044127613,-1.0441276134248853e-08,True,ok,,0.3,0.1,0.084
2020-11-02 15:00:00+00:00,0.21755897359600354,0.21755897359600354,-1.0441262021654296e-08,0.21755896315474152,8.245355474718597,8.023356522069614,0.457472850441262,-1.0441262031334012e-08,True,ok,,0.3,0.1,0.084
2020-11-02 16:00:00+00:00,0.3765442398365171,0.3765442398365171,-0.1661809345698189,0.2103633052666982,8.023356522069614,7.639127705909902,1.2297716345698189,-0.16618093456981892,True,ok,,0.4,0.18,0.084
2020-11-02 17:00:00+00:00,0.31682185452623995,0.31682185452623995,-2.4280657806574624e-07,0.3168216117196619,7.639127705909902,7.315840099250474,0.7307537828065781,-2.4280657808270304e-07,True,ok,,0.4,0.18,0.084
2020-11-02 18:00:00+00:00,0.5402156304985302,0.5402156304985302,-2.428044886260139e-07,0.5402153876940415,7.315840099250474,6.76459965996626,0.7626355428044886,-2.4280448860207076e-07,True,ok,,0.4,0.18,0.084
2020-11-02 19:00:00+00:00,0.2161880759675405,0.2161880759675405,-2.42804066907798e-07,0.2161878331634736,6.76459965996626,6.543999582448361,0.637395812804067,-2.4280406691200753e-07,True,ok,,0.4,0.18,0.084
2020-11-02 20:00:00+00:00,0.4051044696860831,0.4051044696860831,2.2567378332727372e-07,0.40510469535986643,6.543999582448361,6.130627674605419,0.38059999432621666,2.2567378330571496e-07,True,ok,,0.2,0.07,0.084
2020-11-02 21:00:00+00:00,0.19067321907412002,0.19067321907412002,2.2567380511540058e-07,0.19067344474792514,6.130627674605419,5.936063165346113,0.3572094343261949,2.256738051272248e-07,True,ok,,0.2,0.07,0.084
2020-11-02 22:00:00+00:00,0.13181482998076638,0.13181482998076638,2.2567301763420922e-07,0.131815055653784,5.936063165346113,5.80155823679431,0.2950829743269824,2.2567301762524245e-07,True,ok,,0.2,0.07,0.084
2020-11-02 23:00:00+00:00,0.1733984130624449,0.1733984130624449,2.256734322192422e-07,0.17339863873587713,5.80155823679431,5.624621080608142,0.4161717143265678,2.256734322302931e-07,True,ok,,0.2,0.07,0.084
2020-11-03 00:00:00+00:00,0.1498624529497225,0.1498624529497225,1.0251438642416844e-07,0.14986255546410893,5.624621080608142,5.471700210251282,0.14491107748561358,1.0251438643617211e-07,True,ok,,0.2,0.07,0.084
2020-11-03 01:00:00+00:00,0.1763605241209382,0.1763605241209382,2.2566946533686405e-07,0.17636074979040353,5.471700210251282,5.291740491760529,0.039414508330534656,2.256694653461325e-07,True,ok,,0.2,0.07,0.084
2020-11-03 02:00:00+00:00,1.1249665633329653,1.1249665633329653,1.0251513105075105e-07,1.1249666658480963,5.291740491760529,4.1438154271350545,0.2613269974848689,1.0251513110531997e-07,True,ok,,0.2,0.07,0.084
2020-11-03 03:00:00+00:00,0.3885438842030678,0.3885438842030678,2.256738830808125e-07,0.38854410987695087,4.1438154271350545,3.7473420759074343,0.23739281432611695,2.2567388305923088e-07,True,ok,,0.2,0.07,0.084
2020-11-03 04:00:00+00:00,0.17717213531062728,0.17717213531062728,2.2567385721261601e-07,0.1771723609844845,3.7473420759074343,3.566554182733325,0.17972824432614276,2.2567385719987531e-07,True,ok,,0.2,0.07,0.084
2020-11-03 05:00:00+00:00,0.15506675499199168,0.15506675499199168,-5.146381099052633e-09,0.15506674984561059,3.566554182733325,3.4083228000884356,0.0814368491463811,-5.146381094560131e-09,True,ok,,0.3,0.1,0.084
2020-11-03 06:00:00+00:00,0.17246796864936934,0.17246796864936934,-0.013426342956077364,0.15904162569329197,3.4083228000884356,3.232335076976834,-0.013505431043922631,-0.01342634295607737,True,ok,,0.3,0.1,0.084
2020-11-03 07:00:00+00:00,-0.7557058994818844,-0.7557058994818844,-0.2453260871363403,-1.0010319866182247,3.232335076976834,3.972926858469081,-0.18522146286365967,-0.24532608713634033,True,ok,,0.3,0.1,0.084
2020-11-03 08:00:00+00:00,-0.5681591641976103,-0.5681591641976103,-1.5450976323366068,-2.113256796534217,3.972926858469081,4.529722839382739,-0.2661732676633932,-1.5450976323366068,True,ok,,0.3,0.1,0.084
2020-11-03 09:00:00+00:00,0.827968182063971,0.827968182063971,-2.68881242819303,-1.8608442461290589,4.529722839382739,3.684857347480728,-0.1375098718069699,-2.68881242819303,True,ok,,0.3,0.1,0.084
2020-11-03 10:00:00+00:00,-1.487036299077006,-1.487036299077006,-1.8904786690238122,-3.3775149681008183,3.684857347480728,5.142152920576194,-0.7927747309761877,-1.8904786690238122,True,ok,,0.3,0.1,0.084
2020-11-03 11:00:00+00:00,-1.9511937141062343,-1.9511937141062343,-1.9957247150400905,-3.946918429146325,5.142152920576194,7.054322760400304,-0.21154328495990946,-1.9957247150400905,True,ok,,0.3,0.1,0.084
2020-11-03 12:00:00+00:00,-0.22515995586059212,-0.22515995586059212,-1.7386281100405208,-1.9637880659011129,7.054322760400304,7.2749795171436835,-0.20126448995947901,-1.7386281100405208,True,ok,,0.3,0.1,0.084
2020-11-03 13:00:00+00:00,1.3359893717043247,1.3359893717043247,-1.8230966660925259,-0.48710729438820105,7.2749795171436835,5.911725056220903,-2.339074740159699e-07,-1.8230966660925259,True,ok,,0.3,0.1,0.084
2020-11-03 14:00:00+00:00,0.6017799186293813,0.6017799186293813,-0.6542403660925128,-0.05246044746313145,5.911725056220903,5.297663914762351,-2.3390748720282312e-07,-0.6542403660925128,True,ok,,0.3,0.1,0.084
2020-11-03 15:00:00+00:00,0.6119721064274973,0.6119721064274973,-1.0441243758485541e-08,0.6119720959862536,5.297663914762351,4.673202581673069,0.22557037044124376,-1.0441243758625133e-08,True,ok,,0.3,0.1,0.084
2020-11-03 16:00:00+00:00,1.3043292541255493,1.3043292541255493,-1.12765688786709e-07,1.3043291413598606,4.673202581673069,3.3422543631776103,0.9538244127656889,-1.1276568887697016e-07,True,ok,,0.4,0.18,0.084
2020-11-03 17:00:00+00:00,1.5512260319193634,1.5512260319193634,-1.1276540567983773e-07,1.5512259191539577,3.3422543631776103,1.7593706571374434,1.3699354127654058,-1.1276540561369659e-07,True,ok,,0.4,0.18,0.084
2020-11-03 18:00:00+00:00,0.4743245578698386,0.4743245578698386,-1.1276258998771382e-07,0.47432444510724864,1.7593706571374434,1.275366006249853,1.14857491276259,-1.1276259000877256e-07,True,ok,,0.4,0.18,0.084
2020-11-03 19:00:00+00:00,0.2187645850327538,0.2187645850327538,-1.1276539094162707e-07,0.21876447226736287,1.275366006249853,1.0521368378490839,0.45162825276539087,-1.1276539093431546e-07,True,ok,,0.4,0.18,0.084
2020-11-03 20:00:00+00:00,0.213133279201158,0.213133279201158,0.17118316591901772,0.3843164451201757,1.0521368378490839,0.8346538998887185,0.09628753408098231,0.17118316591901772,True,ok,,0.2,0.07,0.084
2020-11-03 21:00:00+00:00,0.13436277418806758,0.13436277418806758,2.2568297441960539e-07,0.134362999871042,0.8346538998887185,0.6975490282682414,0.11838114431702558,2.2568297441453105e-07,True,ok,,0.2,0.07,0.084
2020-11-03 22:00:00+00:00,0.19527353053893204,0.19527353053893204,-5.847088721533389e-08,0.19527347206804482,0.6975490282682414,0.4982903236366781,-0.058062981529112774,-5.847088722833202e-08,True,ok,,0.2,0.07,0.084
2020-11-03 23:00:00+00:00,0.06936611594406167,0.06936611594406167,0.09642577326250684,0.1657918892065685,0.4982903236366781,0.42750857267334985,0.048354916737493134,0.09642577326250684,True,ok,,0.2,0.07,0.084
2020-11-04 00:00:00+00:00,0.17340284176676768,0.17340284176676768,0.12254088070118502,0.2959437224679527,0.42750857267334985,0.2505668974011379,0.10057585929881496,0.122540880701185,True,ok,,0.2,0.07,0.084
2020-11-04 01:00:00+00:00,0.1664121741741766,0.1664121741741766,-3.525646583013575e-08,0.16641213891771078,0.2505668974011379,0.08075855640708013,-0.07972691474353417,-3.525646582802622e-08,True,ok,,0.2,0.07,0.084
2020-11-04 02:00:00+00:00,0.07914338527893852,0.07914338527893852,0.7975369223795761,0.8766803076585146,0.08075855640708013,0.0,0.018478652330525612,0.30915601766947437,True,ok,,0.2,0.07,0.084
2020-11-04 03:00:00+00:00,-0.10918185296521554,-0.10918185296521554,0.2850691308306254,0.17588727786540986,0.0,0.10699821590591123,-7.083062542829911e-08,0.2850691308306254,True,ok,,0.2,0.07,0.084
2020-11-04 04:00:00+00:00,0.0994398039324142,0.0994398039324142,0.08744194599425861,0.1868817499266728,0.10699821590591123,0.005529028219774287,0.10485801400574138,0.08744194599425861,True,ok,,0.2,0.07,0.084
2020-11-04 05:00:00+00:00,0.005418447655378801,0.005418447655378801,0.19365780179307945,0.19907624944845825,0.005529028219774287,0.0,-0.14013838586844596,-0.062393764131554036,True,ok,,0.3,0.1,0.084
2020-11-04 06:00:00+00:00,0.0,0.0,0.04895671640017939,0.04895671640017939,0.0,0.0,-0.1662653471080223,-0.0787683028919777,True,ok,,0.3,0.1,0.084
2020-11-04 07:00:00+00:00,-0.7302260948778297,-0.7302260948778297,-0.4443601224548789,-1.1745862173327086,0.0,0.7156215729802732,-0.7228033775451211,-0.4443601224548789,True,ok,,0.3,0.1,0.084
2020-11-04 08:00:00+00:00,-0.15833293319579345,-0.15833293319579345,-1.5083843291008647,-1.6667172622966582,0.7156215729802732,0.8707878475121508,-0.6769479708991355,-1.5083843291008647,True,ok,,0.3,0.1,0.084
2020-11-04 09:00:00+00:00,0.7268497504049405,0.7268497504049405,-1.7344449622099045,-1.007595211804964,0.8707878475121508,0.12910442873159922,-0.8754330377900955,-1.7344449622099045,True,ok,,0.3,0.1,0.084
2020-11-04 10:00:00+00:00,-2.705043339747511,-2.705043339747511,-1.2375571390127988,-3.9426004787603097,0.12910442873159922,2.78004690168416,-1.2442756609872019,-1.2375571390127986,True,ok,,0.3,0.1,0.084
2020-11-04 11:00:00+00:00,-1.4428265688427815,-1.4428265688427815,-2.3439316505439183,-3.7867582193866998,2.78004690168416,4.194016939150085,-0.3931657494560817,-2.3439316505439183,True,ok,,0.3,0.1,0.084
2020-11-04 12:00:00+00:00,-0.36069776949115795,-0.36069776949115795,-2.1132622230206346,-2.4739599925117925,4.194016939150085,4.54750075325142,-0.09601217697936545,-2.1132622230206346,True,ok,,0.3,0.1,0.084
2020-11-04 13:00:00+00:00,-1.4061915965181147,-1.4061915965181147,-1.8128753151430081,-3.219066911661123,4.54750075325142,5.925568517839173,-8.48569916107182e-08,-1.8128753151430081,True,ok,,0.3,0.1,0.084
2020-11-04 14:00:00+00:00,0.022992150163448022,0.022992150163448022,-0.6526764060925514,-0.6296842559291034,5.925568517839173,5.902107140121369,-2.3390744861654635e-07,-0.6526764060925514,True,ok,,0.3,0.1,0.084
2020-11-04 15:00:00+00:00,1.318857805926319,1.318857805926319,-1.0441275843930953e-08,1.3188577954850431,5.902107140121369,4.556333868767982,0.09812129044127592,-1.0441275911118958e-08,True,ok,,0.3,0.1,0.084
2020-11-04 16:00:00+00:00,1.0014423409620907,1.0014423409620907,-0.18001127168090847,0.8214310692811823,4.556333868767982,3.5344539290107466,1.2348934716809086,-0.18001127168090844,True,ok,,0.4,0.18,0.084
2020-11-04 17:00:00+00:00,0.8950800496106214,0.8950800496106214,-2.4280331456516535e-07,0.8950798068073068,3.5344539290107466,2.6211069396121536,0.6340842428033145,-2.4280331457973935e-07,True,ok,,0.4,0.18,0.084
2020-11-04 18:00:00+00:00,1.0216088031811543,1.0216088031811543,-1.127656656940701e-07,1.0216086904154886,2.6211069396121536,1.5786489771824042,0.5405082127656657,-1.1276566572737092e-07,True,ok,,0.4,0.18,0.084
2020-11-04 19:00:00+00:00,0.2824893351915308,0.2824893351915308,-1.1276564609863371e-07,0.2824892224258847,1.5786489771824042,1.2903945535175767,0.1685365027656461,-1.127656460886018e-07,True,ok,,0.4,0.18,0.084
2020-11-04 20:00:00+00:00,0.10761098372991063,0.10761098372991063,0.07378918281606334,0.18140016654597396,1.2903945535175767,1.1805874272625658,0.04939144718393666,0.07378918281606334,True,ok,,0.2,0.07,0.084
2020-11-04 21:00:00+00:00,0.21256386812218883,0.21256386812218883,-3.525636779744268e-08,0.21256383286582103,1.1805874272625658,0.9636855210154344,-0.1412998147436322,-3.5256367795049175e-08,True,ok,,0.2,0.07,0.084
2020-11-04 22:00:00+00:00,0.2591127296841063,0.2591127296841063,-3.5256404407046915e-08,0.2591126944277019,0.9636855210154344,0.6992847764398157,-0.14877195474359559,-3.525640440192698e-08,True,ok,,0.2,0.07,0.084
2020-11-04 23:00:00+00:00,0.011084897872007282,0.011084897872007282,0.1333339079073438,0.1444188057793511,0.6992847764398157,0.6879736561622573,0.09443861209265618,0.1333339079073438,True,ok,,0.2,0.07,0.084
2020-11-05 00:00:00+00:00,0.16411125180581504,0.16411125180581504,0.16898683188101365,0.3330980836868287,0.6879736561622573,0.5205131951359154,0.08351481811898641,0.16898683188101365,True,ok,,0.2,0.07,0.084
2020-11-05 01:00:00+00:00,-0.034399568950628845,-0.034399568950628845,0.158572791354685,0.12417322240405615,0.5205131951359154,0.5542247727075317,0.08118020864531501,0.158572791354685,True,ok,,0.2,0.07,0.084
2020-11-05 02:00:00+00:00,0.543140277253381,0.543140277253381,0.7358360567886372,1.2789763340420182,0.5542247727075317,0.0,0.34369869098675904,0.16391077901324105,True,ok,,0.2,0.07,0.084
2020-11-05 03:00:00+00:00,-0.44071665421922906,-0.44071665421922906,0.6113023208306887,0.17058566661145963,0.0,0.4319023211348445,-7.083068874905724e-08,0.6113023208306887,True,ok,,0.2,0.07,0.084
2020-11-05 04:00:00+00:00,0.20175071847427736,0.20175071847427736,2.2567389221239686e-07,0.20175094414816958,0.4319023211348445,0.22603424105905126,0.08444373432610777,2.2567389221899658e-07,True,ok,,0.2,0.07,0.084
2020-11-05 05:00:00+00:00,0.21008176649952642,0.21008176649952642,-0.07061757194212473,0.1394641945574017,0.22603424105905126,0.011665091569738578,-0.13011942805787527,-0.07061757194212474,True,ok,,0.3,0.1,0.084
2020-11-05 06:00:00+00:00,0.011431789738343806,0.011431789738343806,0.2854070205855024,0.2968388103238462,0.011665091569738578,0.0,-0.1682639660805006,-0.0686958439194994,True,ok,,0.3,0.1,0.084
2020-11-05 07:00:00+00:00,-0.004520585108597902,-0.004520585108597902,-0.1167330608226606,-0.12125364593125851,0.0,0.004430173406425944,-0.3349896591773394,-0.1167330608226606,True,ok,,0.3,0.1,0.084
2020-11-05 08:00:00+00:00,-0.470862615837549,-0.470862615837549,-8.836631965047914e-08,-0.47086270420386866,0.004430173406425944,0.46587553692722394,-0.6389703116336803,-8.836631965923928e-08,True,ok,,0.3,0.1,0.084
2020-11-05 09:00:00+00:00,-0.6081633092578966,-0.6081633092578966,-0.2855339704053905,-0.8936972796632872,0.46587553692722394,1.0618755799999626,-1.1014330295946093,-0.2855339704053906,True,ok,,0.3,0.1,0.084
2020-11-05 10:00:00+00:00,-2.133604728336957,-2.133604728336957,-0.37202823335342305,-2.50563296169038,1.0618755799999626,3.1528082137701805,-1.3619013666465767,-0.3720282333534233,True,ok,,0.3,0.1,0.084
2020-11-05 11:00:00+00:00,-3.154183323438744,-3.154183323438744,-0.8526956335461815,-4.0068789569849255,3.1528082137701805,6.243907870740149,-1.5590077664538184,-0.8526956335461816,True,ok,,0.3,0.1,0.084
2020-11-05 12:00:00+00:00,-1.530498499330357,-1.530498499330357,-1.9002832091646484,-3.4307817084950054,6.243907870740149,7.743796400083899,-0.26472459083535144,-1.9002832091646484,True,ok,,0.3,0.1,0.084
2020-11-05 13:00:00+00:00,-0.760428255482966,-0.760428255482966,-1.3062880660922644,-2.0667163215752304,7.743796400083899,8.489016090457206,-2.3390773553856578e-07,-1.3062880660922644,True,ok,,0.3,0.1,0.084
2020-11-05 14:00:00+00:00,1.38862477751015,1.38862477751015,-0.7571204360926224,0.6315043414175275,8.489016090457206,7.07205203177338,-2.3390737773868562e-07,-0.7571204360926224,True,ok,,0.3,0.1,0.084
2020-11-05 15:00:00+00:00,1.3909005800287257,1.3909005800287257,-1.0441260522853213e-08,1.3909005695874652,7.07205203177338,5.652765725621618,0.5621673104412604,-1.0441260545443037e-08,True,ok,,0.3,0.1,0.084
2020-11-05 16:00:00+00:00,1.0969601820888286,1.0969601820888286,-2.428057657155591e-07,1.096959939283063,5.652765725621618,4.5334186010411806,1.1833446428057657,-2.428057657297156e-07,True,ok,,0.4,0.18,0.084
2020-11-05 17:00:00+00:00,1.3144342968868858,1.3144342968868858,-2.4280359323114453e-07,1.3144340540832926,4.5334186010411806,3.1921591144219095,1.048579442803593,-2.4280359329816834e-07,True,ok,,0.4,0.18,0.084
2020-11-05 18:00:00+00:00,1.2341831863726314,1.2341831863726314,-2.4280334254278557e-07,1.2341829435692888,3.1921591144219095,1.9327885160824896,0.6106029028033425,-2.4280334256462944e-07,True,ok,,0.4,0.18,0.084
2020-11-05 19:00:00+00:00,0.3812973073260498,0.3812973073260498,-1.1276568118168129e-07,0.3812971945603686,1.9327885160824896,1.5437096310559082,0.1541044227656812,-1.127656812015611e-07,True,ok,,0.4,0.18,0.084
2020-11-05 20:00:00+00:00,0.18140590977500282,0.18140590977500282,0.02172272859847818,0.203128638373481,1.5437096310559082,1.3586015598569257,0.019106251401521817,0.021722728598478184,True,ok,,0.2,0.07,0.084
2020-11-05 21:00:00+00:00,0.053227189707747646,0.053227189707747646,0.09079256043699896,0.1440197501447466,1.3586015598569257,1.3042881009714689,0.05903357956300103,0.09079256043699896,True,ok,,0.2,0.07,0.084
2020-11-05 22:00:00+00:00,0.00035681844627241666,0.00035681844627241666,0.1991961538413295,0.1995529722876019,1.3042881009714689,1.3039240005160888,0.0884087061586705,0.1991961538413295,True,ok,,0.2,0.07,0.084
2020-11-05 23:00:00+00:00,-0.09874805428366591,-0.09874805428366591,0.21671958183362153,0.11797152754995562,1.3039240005160888,1.4006970937140815,0.14977131816637848,0.21671958183362153,True,ok,,0.2,0.07,0.084
2020-11-06 00:00:00+00:00,0.07578799075662793,0.07578799075662793,0.09497912048386495,0.17076711124049287,1.4006970937140815,1.3233624092685428,0.10407337951613507,0.09497912048386495,True,ok,,0.2,0.07,0.084
2020-11-06 01:00:00+00:00,0.26777010722410616,0.26777010722410616,2.2567657664840368e-07,0.2677703329006828,1.3233624092685428,1.0501276059786386,0.22267918432342337,2.2567657662821034e-07,True,ok,,0.2,0.07,0.084
2020-11-06 02:00:00+00:00,0.768908774949958,0.768908774949958,2.2567459245781407e-07,0.7689090006245505,1.0501276059786386,0.2655268152133753,0.23330272432540755,2.2567459244247364e-07,True,ok,,0.2,0.07,0.084
2020-11-06 03:00:00+00:00,-0.08976128994244836,-0.08976128994244836,0.316120845157754,0.22635955521530565,0.2655268152133753,0.3534928793569747,0.060270174842246046,0.316120845157754,True,ok,,0.2,0.07,0.084
2020-11-06 04:00:00+00:00,-0.3898318712082413,-0.3898318712082413,0.5502190935512624,0.1603872223430211,0.3534928793569747,0.7355281131410512,-0.06832709355126244,0.5502190935512624,True,ok,,0.2,0.07,0.084
2020-11-06 05:00:00+00:00,0.20324182972899385,0.20324182972899385,-0.021164440838409238,0.1820773888905846,0.7355281131410512,0.5281384909686084,-0.024635165161590766,-0.021164440838409234,True,ok,,0.3,0.1,0.084
2020-11-06 06:00:00+00:00,0.12065439968073116,0.12065439968073116,-0.06190857684978196,0.0587458228309492,0.5281384909686084,0.4050217566005154,-0.10245035315021803,-0.06190857684978196,True,ok,,0.3,0.1,0.084
2020-11-06 07:00:00+00:00,-0.2934226700372342,-0.2934226700372342,-0.09521985983787445,-0.38864252987510867,0.4050217566005154,0.6925759732370049,-0.5261248401621255,-0.09521985983787448,True,ok,,0.3,0.1,0.084
2020-11-06 08:00:00+00:00,-0.3743739097073808,-0.3743739097073808,-2.4358100714216846e-07,-0.37437415328838797,0.6925759732370049,1.0594624047502381,-1.226874656418993,-2.435810071354293e-07,True,ok,,0.3,0.1,0.084
2020-11-06 09:00:00+00:00,-0.4876278664493515,-0.4876278664493515,-2.435802454736624e-07,-0.487628110029597,1.0594624047502381,1.5373377138706026,-1.5387098564197546,-2.435802454864379e-07,True,ok,,0.3,0.1,0.084
2020-11-06 10:00:00+00:00,-0.7905186461868795,-0.7905186461868795,-2.435797550326413e-07,-0.7905188897666345,1.5373377138706026,2.3120459871337444,-1.212543556420245,-2.435797550742708e-07,True,ok,,0.3,0.1,0.084
2020-11-06 11:00:00+00:00,-0.38650119960933427,-0.38650119960933427,-2.4357997963075917e-07,-0.3865014431893139,2.3120459871337444,2.690817162750892,-1.4648267564200206,-2.435799796066755e-07,True,ok,,0.3,0.1,0.084
2020-11-06 12:00:00+00:00,-0.6908150121305218,-0.6908150121305218,2.9166572490524345e-09,-0.6908150092138645,2.690817162750892,3.3678158746388034,-0.6531859029166572,2.916657237973883e-09,True,ok,,0.3,0.1,0.084
2020-11-06 13:00:00+00:00,-1.892837338928291,-1.892837338928291,-2.435789701049629e-07,-1.8928375825072612,3.3678158746388034,5.2227964667885285,-0.6879639864210301,-2.4357897001868066e-07,True,ok,,0.3,0.1,0.084
2020-11-06 14:00:00+00:00,-0.5087461741903535,-0.5087461741903535,-8.836584797222713e-08,-0.5087462625562015,5.2227964667885285,5.721367717495075,-0.673147311634152,-8.836584792548644e-08,True,ok,,0.3,0.1,0.084
2020-11-06 15:00:00+00:00,0.8251028320937288,0.8251028320937288,4.884981308350689e-15,0.8251028320937337,5.721367717495075,4.879426052093311,0.5597179599999951,4.870687621693304e-15,True,ok,,0.3,0.1,0.084
2020-11-06 16:00:00+00:00,1.6100727634222678,1.6100727634222678,-1.1276551470373875e-07,1.610072650656753,4.879426052093311,3.2364946608460983,0.9278801127655147,-1.1276551467170784e-07,True,ok,,0.4,0.18,0.084
2020-11-06 17:00:00+00:00,0.8728835839995788,0.8728835839995788,-1.1276493838696666e-07,0.8728834712346404,3.2364946608460983,2.3457971261526507,1.1019314127649382,-1.1276493838437715e-07,True,ok,,0.4,0.18,0.084
2020-11-06 18:00:00+00:00,1.0651907826245894,1.0651907826245894,-0.07346075651192752,0.9917300261126619,2.3457971261526507,1.2588677561275594,3.2511927395920895e-08,-0.0734607565119274,True,ok,,0.4,0.18,0.084
2020-11-06 19:00:00+00:00,0.33933947746608595,0.33933947746608595,-0.07264419961890212,0.26669527784718383,1.2588677561275594,0.9126029832029818,8.961890214044499e-08,-0.07264419961890214,True,ok,,0.4,0.18,0.084
2020-11-06 20:00:00+00:00,-0.020714037290949006,-0.020714037290949006,0.28893981547594577,0.26822577818499677,0.9126029832029818,0.9329027397481119,-0.49420663547594573,0.28893981547594577,True,ok,,0.2,0.07,0.084
2020-11-06 21:00:00+00:00,0.05571971022092391,0.05571971022092391,0.11294503967692722,0.16866474989785113,0.9329027397481119,0.8760458925839039,-0.10475464467692722,0.11294503967692722,True,ok,,0.2,0.07,0.084
2020-11-06 22:00:00+00:00,-0.0020116666329587918,-0.0020116666329587918,0.15362055533058314,0.15160888869762434,0.8760458925839039,0.8780173258842034,-0.30227706533058313,0.15362055533058314,True,ok,,0.2,0.07,0.084
2020-11-06 23:00:00+00:00,0.027111279383753017,0.027111279383753017,0.2845059699752724,0.3116172493590254,0.8780173258842034,0.8503527550844555,0.048174660024727624,0.2845059699752724,True,ok,,0.2,0.07,0.084
2020-11-07 00:00:00+00:00,-0.15215574472317522,-0.15215574472317522,0.26339405031836133,0.11123830559518609,0.8503527550844555,0.9994653849131672,0.05980369968163868,0.26339405031836133,True,ok,,0.2,0.07,0.084
2020-11-07 01:00:00+00:00,0.9794760772149038,0.9794760772149038,1.236247174827232,2.2157232520421357,0.9994653849131672,0.0,0.07790597817341934,0.29467837182658063,True,ok,,0.2,0.07,0.084
2020-11-07 02:00:00+00:00,0.0,0.0,3.969379666768181,3.969379666768181,0.0,0.0,-0.3457447589326415,1.3547144289326414,True,ok,,0.2,0.07,0.084
2020-11-07 03:00:00+00:00,-3.091863836199937,-3.091863836199937,3.539726892356307,0.4478630561563701,0.0,3.030026559475938,-2.2561719923563066,3.539726892356307,True,ok,,0.2,0.07,0.084
2020-11-07 04:00:00+00:00,-0.6387559288835998,-0.6387559288835998,1.1110567063136052,0.47230077743000537,3.030026559475938,3.656007369781866,-0.5576037063136052,1.1110567063136052,True,ok,,0.2,0.07,0.084
2020-11-07 05:00:00+00:00,0.26537847183279156,0.26537847183279156,1.3211653993039363e-14,0.2653784718328048,3.656007369781866,3.385213010768813,0.3854982299999868,1.3199597146207715e-14,True,ok,,0.3,0.1,0.084
2020-11-07 06:00:00+00:00,0.5599816625531139,0.5599816625531139,7.771561172376096e-16,0.5599816625531147,3.385213010768813,2.8138031510207377,0.3422508999999993,7.328263032556099e-16,True,ok,,0.3,0.1,0.084
2020-11-07 07:00:00+00:00,-0.5526527795542652,-0.5526527795542652,4.0201870776801485e-07,-0.5526523775355574,2.8138031510207377,3.3554028749839175,0.16420555798129227,4.020187077323217e-07,True,ok,,0.3,0.1,0.084
2020-11-07 08:00:00+00:00,-2.062763205015393,-2.062763205015393,-2.4357941974528785e-07,-2.0627634485948128,3.3554028749839175,5.376910815899002,-0.6578436564205801,-2.4357941988578473e-07,True,ok,,0.3,0.1,0.084
2020-11-07 09:00:00+00:00,-1.4162897924939823,-1.4162897924939823,-1.1884711609080805,-2.604760953402063,5.376910815899002,6.764874812543105,-0.5045281390919195,-1.1884711609080805,True,ok,,0.3,0.1,0.084
2020-11-07 10:00:00+00:00,-1.4105457971071758,-1.4105457971071758,-2.1450787003882157,-3.5556244974953914,6.764874812543105,8.147209693708136,-0.4033365996117845,-2.1450787003882157,True,ok,,0.3,0.1,0.084
2020-11-07 11:00:00+00:00,-1.3366064951139611,-1.3366064951139611,-2.112993541132788,-3.449600036246749,8.147209693708136,9.457084058919818,-0.15752575886721248,-2.112993541132788,True,ok,,0.3,0.1,0.084
2020-11-07 12:00:00+00:00,-0.8296832271701482,-0.8296832271701482,-1.9229912660924455,-2.7526744932625937,9.457084058919818,10.270173621546563,-2.3390755460764667e-07,-1.9229912660924455,True,ok,,0.3,0.1,0.084
2020-11-07 13:00:00+00:00,1.769887361733471,1.769887361733471,-1.5678915151431505,0.20199584659032052,10.270173621546563,8.464166109573634,-8.485684925754708e-08,-1.5678915151431505,True,ok,,0.3,0.1,0.084
2020-11-07 14:00:00+00:00,0.5100576353572412,0.5100576353572412,-2.4358775063682003e-07,0.5100573917694906,8.464166109573634,7.943699134719306,-0.10318312141224935,-2.4358775064677987e-07,True,ok,,0.3,0.1,0.084
2020-11-07 15:00:00+00:00,0.6792151727013203,0.6792151727013203,6.661338147750939e-16,0.6792151727013209,7.943699134719306,7.250622427881225,0.8860977999999994,7.155643682751469e-16,True,ok,,0.3,0.1,0.084
2020-11-07 16:00:00+00:00,0.8411250526029214,0.8411250526029214,-2.428053175185241e-07,0.8411248097976038,7.250622427881225,6.392331557878244,1.3393885428053176,-2.4280531754115823e-07,True,ok,,0.4,0.18,0.084
2020-11-07 17:00:00+00:00,1.2923029351891355,1.2923029351891355,-2.42802298044964e-07,1.2923026923868375,6.392331557878244,5.073655093399534,1.508611442802298,-2.4280229796745917e-07,True,ok,,0.4,0.18,0.084
2020-11-07 18:00:00+00:00,0.6782954753710619,0.6782954753710619,-1.1276607359000934e-07,0.6782953626049883,5.073655093399534,4.381516853224981,0.7160077127660737,-1.1276607359165604e-07,True,ok,,0.4,0.18,0.084
2020-11-07 19:00:00+00:00,0.24625139081173725,0.24625139081173725,-1.127662950239916e-07,0.24625127804544222,4.381516853224981,4.130239923825249,0.30992561276629504,-1.1276629502811092e-07,True,ok,,0.4,0.18,0.084
2020-11-07 20:00:00+00:00,0.2792380353074843,0.2792380353074843,-3.525630376532973e-08,0.27923800005118055,4.130239923825249,3.845303153103326,-0.03750025474369622,-3.5256303777686534e-08,True,ok,,0.2,0.07,0.084
2020-11-07 21:00:00+00:00,0.2210221741565774,0.2210221741565774,-3.5256350144896587e-08,0.22102213890022726,3.845303153103326,3.6197703223313082,-0.05449608174364985,-3.525635014462712e-08,True,ok,,0.2,0.07,0.084
2020-11-07 22:00:00+00:00,0.3373885196961673,0.3373885196961673,0.01506589687820481,0.3524544165743721,3.6197703223313082,3.2754963226413416,0.015777899121795183,0.01506589687820482,True,ok,,0.2,0.07,0.084
2020-11-07 23:00:00+00:00,0.1278538982760134,0.1278538982760134,0.015367629387852966,0.14322152766386637,3.2754963226413416,3.1450331611352054,0.21935530061214703,0.015367629387852973,True,ok,,0.2,0.07,0.084
2020-11-08 00:00:00+00:00,0.1675544291223605,0.1675544291223605,0.0005978208152268294,0.16815224993758732,3.1450331611352054,2.9740592538674906,0.32186335918477316,0.0005978208152268392,True,ok,,0.2,0.07,0.084
2020-11-08 01:00:00+00:00,0.12617552418603217,0.12617552418603217,2.2567483731750215e-07,0.1261757498608695,2.9740592538674906,2.8453087189837842,0.43977745432516263,2.256748373214798e-07,True,ok,,0.2,0.07,0.084
2020-11-08 02:00:00+00:00,0.36162822421152935,0.36162822421152935,8.187002997761539e-08,0.3616283060815593,2.8453087189837842,2.476300326931203,0.56102597812997,8.187003000260466e-08,True,ok,,0.2,0.07,0.084
2020-11-08 03:00:00+00:00,0.2737748301287928,0.2737748301287928,2.2567440011167506e-07,0.2737750558031929,2.476300326931203,2.1969382553712107,0.5202386743255998,2.2567440013344028e-07,True,ok,,0.2,0.07,0.084
2020-11-08 04:00:00+00:00,0.7072180501800971,0.7072180501800971,2.2567422519603753e-07,0.7072182758543223,2.1969382553712107,1.4752871837588666,0.3721955143257748,2.256742252003075e-07,True,ok,,0.2,0.07,0.084
2020-11-08 05:00:00+00:00,0.5523742273110477,0.5523742273110477,-5.146363002417331e-09,0.5523742221646847,1.4752871837588666,0.9116400130333077,0.3079527351463629,-5.146362954053393e-09,True,ok,,0.3,0.1,0.084
2020-11-08 06:00:00+00:00,0.34658115695860026,0.34658115695860026,-5.1464058015149305e-09,0.34658115181219445,0.9116400130333077,0.5579857712388177,0.02722524014640582,-5.146405818896574e-09,True,ok,,0.3,0.1,0.084
2020-11-08 07:00:00+00:00,0.5468260558140413,0.5468260558140413,0.08833596663062082,0.6351620224446621,0.5579857712388177,0.0,-0.48292106989760736,-0.0686714301023926,True,ok,,0.3,0.1,0.084
2020-11-08 08:00:00+00:00,-1.1321864606434604,-1.1321864606434604,-2.4357954231390977e-07,-1.1321867042230027,0.0,1.1095427314305912,-0.7839232564204577,-2.435795422697664e-07,True,ok,,0.3,0.1,0.084
2020-11-08 09:00:00+00:00,-2.1276804398890645,-2.1276804398890645,-0.07357427084514612,-2.2012547107342106,1.1095427314305912,3.1946695625218746,-1.6753127291548537,-0.07357427084514623,True,ok,,0.3,0.1,0.084
2020-11-08 10:00:00+00:00,-2.4092948880733687,-2.4092948880733687,-0.8100154556521937,-3.2193103437255624,3.1946695625218746,5.555778552833775,-1.7580648443478069,-0.8100154556521935,True,ok,,0.3,0.1,0.084
2020-11-08 11:00:00+00:00,-2.3320820417887544,-2.3320820417887544,-0.8321034289111435,-3.164185470699898,5.555778552833775,7.841218953786754,-1.6607268710888565,-0.8321034289111434,True,ok,,0.3,0.1,0.084
2020-11-08 12:00:00+00:00,-1.1997273974488443,-1.1997273974488443,-1.7333562504387072,-2.9330836478875515,7.841218953786754,9.016951803286622,-0.45091934956129265,-1.7333562504387072,True,ok,,0.3,0.1,0.084
2020-11-08 13:00:00+00:00,-0.15776759352434366,-0.15776759352434366,-1.6499260151430415,-1.8076936086673852,9.016951803286622,9.171564044940478,-8.485695839523117e-08,-1.6499260151430415,True,ok,,0.3,0.1,0.084
2020-11-08 14:00:00+00:00,0.18483661228714476,0.18483661228714476,-0.8594213960924294,-0.6745847838052846,9.171564044940478,8.982955256892371,-2.339075706423024e-07,-0.8594213960924294,True,ok,,0.3,0.1,0.084
2020-11-08 15:00:00+00:00,0.41300110086019004,0.41300110086019004,-3.787877178584864e-09,0.41300109707231286,8.982955256892371,8.561525562137074,0.10949946978787715,-3.787877152194951e-09,True,ok,,0.3,0.1,0.084
2020-11-08 16:00:00+00:00,1.68305936525564,1.68305936525564,-1.1276570033302846e-07,1.6830592524899397,8.561525562137074,6.844118046570094,0.9869135627657003,-1.127657002832214e-07,True,ok,,0.4,0.18,0.084
2020-11-08 17:00:00+00:00,1.2733151111434318,1.2733151111434318,-1.1276573652629907e-07,1.2733149983776952,6.844118046570094,5.544816912750266,1.4917029127657366,-1.1276573646317321e-07,True,ok,,0.4,0.18,0.084
2020-11-08 18:00:00+00:00,0.7953840579181909,0.7953840579181909,-1.1276569644724788e-07,0.7953839451524944,5.544816912750266,4.733200527119458,0.9358623527656965,-1.1276569650098845e-07,True,ok,,0.4,0.18,0.084
2020-11-08 19:00:00+00:00,0.5403417246491359,0.5403417246491359,-1.127657605071164e-07,0.5403416118833754,4.733200527119458,4.181831420334626,0.7185833627657605,-1.127657605328705e-07,True,ok,,0.4,0.18,0.084
2020-11-08 20:00:00+00:00,-0.02694263169565725,-0.02694263169565725,0.23759871517617415,0.2106560834805169,4.181831420334626,4.20823519939637,0.3073447848238259,0.23759871517617415,True,ok,,0.2,0.07,0.084
2020-11-08 21:00:00+00:00,0.1183052876699056,0.1183052876699056,0.07992468449393068,0.19822997216383628,4.20823519939637,4.087515518100548,0.31276159550606936,0.07992468449393068,True,ok,,0.2,0.07,0.084
2020-11-08 22:00:00+00:00,0.3420849136050683,0.3420849136050683,2.25674827714073e-07,0.34208513927989603,4.087515518100548,3.7384492797280293,0.18185640432517225,2.2567482772803093e-07,True,ok,,0.2,0.07,0.084
2020-11-08 23:00:00+00:00,0.7218792210094741,0.7218792210094741,2.2567451596344767e-07,0.7218794466839901,3.7384492797280293,3.0018378297183617,0.27528819432548407,2.2567451591484733e-07,True,ok,,0.2,0.07,0.084
2020-11-09 00:00:00+00:00,-0.08257629175961903,-0.08257629175961903,0.21850643050651655,0.13593013874689752,3.0018378297183617,3.082762595642788,0.41346231949348333,0.21850643050651655,True,ok,,0.2,0.07,0.084
2020-11-09 01:00:00+00:00,0.1683388857622009,0.1683388857622009,2.2567453705768514e-07,0.16833911143673796,3.082762595642788,2.9109882224160524,0.603307944325463,2.256745370555684e-07,True,ok,,0.2,0.07,0.084
2020-11-09 02:00:00+00:00,0.7836142178185641,0.7836142178185641,2.2567432444997593e-07,0.7836144434928886,2.9109882224160524,2.1113818777032316,0.6143709743256756,2.2567432446248226e-07,True,ok,,0.2,0.07,0.084
2020-11-09 03:00:00+00:00,0.13804657978432147,0.13804657978432147,2.2567427718223065e-07,0.13804680545859865,2.1113818777032316,1.9705180207804547,0.37112167432572285,2.2567427718056724e-07,True,ok,,0.2,0.07,0.084
2020-11-09 04:00:00+00:00,0.36525299546420925,0.36525299546420925,2.256741092332426e-07,0.3652532211383185,1.9705180207804547,1.5978108825516697,0.24831421432589076,2.2567410923030965e-07,True,ok,,0.2,0.07,0.084
2020-11-09 05:00:00+00:00,0.1269750885557794,0.1269750885557794,-5.1463641403959315e-09,0.12697508340941527,1.5978108825516697,1.4682444656580174,0.29178488514636414,-5.146364149065467e-09,True,ok,,0.3,0.1,0.084
2020-11-09 06:00:00+00:00,0.3964152623571157,0.3964152623571157,-0.019064445146560693,0.377350817210555,1.4682444656580174,1.0637390959058584,-0.020313804853439303,-0.019064445146560704,True,ok,,0.3,0.1,0.084
2020-11-09 07:00:00+00:00,-0.05646186211369662,-0.05646186211369662,-0.0787798477072811,-0.13524170982097772,1.0637390959058584,1.1190717207772811,-0.36773138229271896,-0.0787798477072811,True,ok,,0.3,0.1,0.084
2020-11-09 08:00:00+00:00,-1.1606606836160316,-1.1606606836160316,-2.4358035788374366e-07,-1.1606609271963895,1.1190717207772811,2.256519190720992,-1.081900556419642,-2.435803578478821e-07,True,ok,,0.3,0.1,0.084
2020-11-09 09:00:00+00:00,-1.0113578600190642,-1.0113578600190642,-0.3989529859303025,-1.4103108459493667,2.256519190720992,3.2476498935396747,-1.4101073140696974,-0.3989529859303026,True,ok,,0.3,0.1,0.084
2020-11-09 10:00:00+00:00,-2.924128063663028,-2.924128063663028,-0.0013819212455876695,-2.9255099849086155,3.2476498935396747,6.113295395929442,-1.8864979787544125,-0.0013819212455875075,True,ok,,0.3,0.1,0.084
2020-11-09 11:00:00+00:00,-0.21682094906504856,-0.21682094906504856,-1.2236507991988512,-1.4404717482638998,6.113295395929442,6.3257799260131895,-1.0738499008011488,-1.2236507991988512,True,ok,,0.3,0.1,0.084
2020-11-09 12:00:00+00:00,0.3833923326458011,0.3833923326458011,-1.4112370697919856,-1.0278447371461845,6.3257799260131895,5.934563260048086,-0.48682063020801447,-1.4112370697919856,True,ok,,0.3,0.1,0.084
2020-11-09 13:00:00+00:00,-0.353696261597601,-0.353696261597601,-2.435802876066262e-07,-0.3536965051778886,5.934563260048086,6.281185596413735,-0.9337749564197124,-2.435802876308638e-07,True,ok,,0.3,0.1,0.084
2020-11-09 14:00:00+00:00,0.7933781904714233,0.7933781904714233,-2.4358033390292633e-07,0.7933779468910894,6.281185596413735,5.471616014300038,-0.3245458364196661,-2.4358033385487653e-07,True,ok,,0.3,0.1,0.084
2020-11-09 15:00:00+00:00,1.3418206409302622,1.3418206409302622,8.881784197001252e-15,1.341820640930271,5.471616014300038,4.102411278656913,0.887027299999991,8.989309116864612e-15,True,ok,,0.3,0.1,0.084
2020-11-09 16:00:00+00:00,1.3971032236828793,1.3971032236828793,-1.1276546829641632e-07,1.397103110917411,4.102411278656913,2.6767957442866277,1.2887945127654683,-1.1276546831742382e-07,True,ok,,0.4,0.18,0.084
2020-11-09 17:00:00+00:00,1.1793238856433577,1.1793238856433577,-1.1276523914638403e-07,1.1793237728781185,2.6767957442866277,1.4734040242423851,1.4672499127652392,-1.1276523916966387e-07,True,ok,,0.4,0.18,0.084
2020-11-09 18:00:00+00:00,0.7479478065980932,0.7479478065980932,-1.1276537681403909e-07,0.7479476938327164,1.4734040242423851,0.7101919766933104,0.6098178627653769,-1.1276537676337267e-07,True,ok,,0.4,0.18,0.084
2020-11-09 19:00:00+00:00,0.25551744621645583,0.25551744621645583,-1.1276454897624077e-07,0.25551733345190686,0.7101919766933104,0.449459888717335,0.298380182764549,-1.1276454896730029e-07,True,ok,,0.4,0.18,0.084
2020-11-09 20:00:00+00:00,0.39067639693083706,0.39067639693083706,-3.525610486887487e-08,0.3906763616747322,0.449459888717335,0.05081050409403187,-0.06109220474389513,-3.5256104871497325e-08,True,ok,,0.2,0.07,0.084
2020-11-09 21:00:00+00:00,-0.42241521576720353,-0.42241521576720353,0.5691365490722448,0.14672133330504125,0.05081050409403187,0.4647774155458913,-0.1093189790722447,0.5691365490722448,True,ok,,0.2,0.07,0.084
2020-11-09 22:00:00+00:00,0.03711019405894442,0.03711019405894442,0.14804058387173943,0.18515077793068385,0.4647774155458913,0.42690987058778473,0.018796986128260553,0.14804058387173943,True,ok,,0.2,0.07,0.084
2020-11-09 23:00:00+00:00,0.08463145534872518,0.08463145534872518,0.19204043461071546,0.27667188995944064,0.42690987058778473,0.3405512426809223,0.031717025389284545,0.19204043461071546,True,ok,,0.2,0.07,0.084
2020-11-10 00:00:00+00:00,-0.19088741372206972,-0.19088741372206972,0.3498655246156369,0.1589781108935672,0.3405512426809223,0.5276209081285506,-0.008350354615636874,0.3498655246156369,True,ok,,0.2,0.07,0.084
2020-11-10 01:00:00+00:00,-0.2737262113538804,-0.2737262113538804,0.4374186835230147,0.16369247216913432,0.5276209081285506,0.7958725952553534,-0.0005191835230147075,0.4374186835230147,True,ok,,0.2,0.07,0.084
2020-11-10 02:00:00+00:00,0.5407674862023696,0.5407674862023696,0.2680550673395561,0.8088225535419257,0.7958725952553534,0.24406903790599666,0.15270273266044393,0.2680550673395561,True,ok,,0.2,0.07,0.084
2020-11-10 03:00:00+00:00,0.2391876571478767,0.2391876571478767,0.5790542849213877,0.8182419420692644,0.24406903790599666,0.0,0.08640934780680025,0.29225950219319974,True,ok,,0.2,0.07,0.084
2020-11-10 04:00:00+00:00,-0.34374566938464984,-0.34374566938464984,0.7530130015941321,0.40926733220948225,0.0,0.3368707559969568,-0.18435400159413207,0.7530130015941321,True,ok,,0.2,0.07,0.084
2020-11-10 05:00:00+00:00,0.18007047706625465,0.18007047706625465,-5.14634718173923e-09,0.18007047191990747,0.3368707559969568,0.15312537123547248,0.20090811514634718,-5.1463471862824e-09,True,ok,,0.3,0.1,0.084
2020-11-10 06:00:00+00:00,0.15006286381076303,0.15006286381076303,1.00238878554275,1.152451649353513,0.15312537123547248,0.0,-0.1381682612839827,-0.08072271871601729,True,ok,,0.3,0.1,0.084
2020-11-10 07:00:00+00:00,0.0,0.0,0.044190451012625975,0.044190451012625975,0.0,0.0,-0.32140715642570783,-0.13107484357429225,True,ok,,0.3,0.1,0.084
2020-11-10 08:00:00+00:00,-0.1681672800187215,-0.1681672800187215,-0.08862851775553143,-0.25679579777425293,0.0,0.16480393441834706,-1.1667963822444685,-0.08862851775553145,True,ok,,0.3,0.1,0.084
2020-11-10 09:00:00+00:00,-0.5172678646963715,-0.5172678646963715,-2.435803831968286e-07,-0.5172681082767547,0.16480393441834706,0.6717264418207911,-1.550726756419617,-2.4358038322568433e-07,True,ok,,0.3,0.1,0.084
2020-11-10 10:00:00+00:00,-0.9901168007188289,-0.9901168007188289,-2.4357993866352956e-07,-0.9901170442987676,0.6717264418207911,1.6420409065252435,-1.9340494564200614,-2.4357993863535904e-07,True,ok,,0.3,0.1,0.084
2020-11-10 11:00:00+00:00,-2.957973621522687,-2.957973621522687,-8.836578979654064e-08,-2.957973709888477,1.6420409065252435,4.540855055617477,-1.9889374116342105,-8.836578965988824e-08,True,ok,,0.3,0.1,0.084
2020-11-10 12:00:00+00:00,-1.6575338876113253,-1.6575338876113253,-0.6673992325197107,-2.324933120131036,4.540855055617477,6.165238265476576,-1.6088812674802895,-0.6673992325197108,True,ok,,0.3,0.1,0.084
2020-11-10 13:00:00+00:00,-2.208199858721527,-2.208199858721527,-2.435855304128154e-07,-2.208200102307057,6.165238265476576,8.329274127023673,-1.6214704564144695,-2.435855306025241e-07,True,ok,,0.3,0.1,0.084
2020-11-10 14:00:00+00:00,0.8475850771942292,0.8475850771942292,-1.04234826609229,-0.1947631888980609,8.329274127023673,7.464391395192827,-2.3390771016941902e-07,-1.04234826609229,True,ok,,0.3,0.1,0.084
2020-11-10 15:00:00+00:00,1.6350667803265746,1.6350667803265746,-1.044119724014081e-08,1.6350667698853774,7.464391395192827,5.7959559050636695,0.4352178104411973,-1.0441197296202328e-08,True,ok,,0.3,0.1,0.084
2020-11-10 16:00:00+00:00,1.2089295830316127,1.2089295830316127,-1.1276537636994988e-07,1.2089294702662363,5.7959559050636695,4.562354289725289,1.7646741127653764,-1.1276537629517986e-07,True,ok,,0.4,0.18,0.084
2020-11-10 17:00:00+00:00,1.6726139489348968,1.6726139489348968,-1.1276565303752761e-07,1.6726138361692438,4.562354289725289,2.8556053622407003,1.273533712765653,-1.1276565293427724e-07,True,ok,,0.4,0.18,0.084
2020-11-10 18:00:00+00:00,1.1796391105878266,1.1796391105878266,-1.1276548694816313e-07,1.1796389978223396,2.8556053622407003,1.6518919840898567,1.094046712765487,-1.1276548693328543e-07,True,ok,,0.4,0.18,0.084
2020-11-10 19:00:00+00:00,0.264146556924533,0.264146556924533,-1.1276544914506914e-07,0.26414644415908384,1.6518919840898567,1.3823546811056393,0.6666950127654492,-1.1276544914841875e-07,True,ok,,0.4,0.18,0.084
2020-11-10 20:00:00+00:00,0.103096972118487,0.103096972118487,0.19425502763853775,0.29735199975702475,1.3823546811056393,1.2771536891479995,0.07139930236146223,0.19425502763853775,True,ok,,0.2,0.07,0.084
2020-11-10 21:00:00+00:00,0.05726827640981427,0.05726827640981427,0.1298570013531289,0.18712527776294316,1.2771536891479995,1.2187166724032912,0.06518939864687112,0.1298570013531289,True,ok,,0.2,0.07,0.084
2020-11-10 22:00:00+00:00,0.7936850339685695,0.7936850339685695,0.06418529878906254,0.857870332757632,1.2187166724032912,0.4088339846802611,0.04657464121093751,0.06418529878906248,True,ok,,0.2,0.07,0.084
2020-11-10 23:00:00+00:00,-0.01171904133160337,-0.01171904133160337,0.15409084677695675,0.14237180544535338,0.4088339846802611,0.42031864518523243,0.03797257322304326,0.15409084677695675,True,ok,,0.2,0.07,0.084
2020-11-11 00:00:00+00:00,-0.02779403917992848,-0.02779403917992848,0.16670484456689555,0.13891080538696707,0.42031864518523243,0.44755680358156236,0.015865745433104452,0.16670484456689555,True,ok,,0.2,0.07,0.084
2020-11-11 01:00:00+00:00,-0.015506637527400363,-0.015506637527400363,0.1701460817885273,0.15463944426112694,0.44755680358156236,0.4627533083584147,0.010549118211472683,0.1701460817885273,True,ok,,0.2,0.07,0.084
2020-11-11 02:00:00+00:00,0.38476010474331823,0.38476010474331823,0.4450101162463339,0.8297702209896521,0.4627533083584147,0.07014095657951858,0.09875668375366609,0.4450101162463339,True,ok,,0.2,0.07,0.084
2020-11-11 03:00:00+00:00,-0.19513255380002714,-0.19513255380002714,0.3464945816623641,0.15136202786233693,0.07014095657951858,0.2613708593035452,0.01594816833763591,0.3464945816623641,True,ok,,0.2,0.07,0.084
2020-11-11 04:00:00+00:00,0.2400419136013623,0.2400419136013623,2.256745061379739e-07,0.24004213927586843,0.2613708593035452,0.016430131138889803,0.09144353432549385,2.2567450614489321e-07,True,ok,,0.2,0.07,0.084
2020-11-11 05:00:00+00:00,0.016101528516112008,0.016101528516112008,0.10564338820374851,0.12174491671986051,0.016430131138889803,0.0,0.01610153007467624,0.08080460992532375,True,ok,,0.3,0.1,0.084
2020-11-11 06:00:00+00:00,0.0,0.0,0.7770849745220609,0.7770849745220609,0.0,0.0,-0.17191507780954834,-0.07659242219045165,True,ok,,0.3,0.1,0.084
2020-11-11 07:00:00+00:00,0.0,0.0,0.0988811033934925,0.0988811033934925,0.0,0.0,-0.4978072595295907,-0.20536651047040927,True,ok,,0.3,0.1,0.084
2020-11-11 08:00:00+00:00,0.0,0.0,0.05286239672794197,0.05286239672794197,0.0,0.0,-0.984509158732457,-0.26921934126754316,True,ok,,0.3,0.1,0.084
2020-11-11 09:00:00+00:00,0.0,0.0,0.48304081671374965,0.48304081671374965,0.0,0.0,-1.491996356419959,-2.4358004095004354e-07,True,ok,,0.3,0.1,0.084
2020-11-11 10:00:00+00:00,-0.4512171987847287,-0.4512171987847287,0.26492157933377936,-0.18629561945094936,0.0,0.44219285480903414,-1.4093971793337794,0.26492157933377936,True,ok,,0.3,0.1,0.084
2020-11-11 11:00:00+00:00,-0.3372187264454044,-0.3372187264454044,0.5222957131361763,0.18507698669077188,0.44219285480903414,0.7726672067255305,-1.3529982131361764,0.5222957131361763,True,ok,,0.3,0.1,0.084
2020-11-11 12:00:00+00:00,-0.6278278425773194,-0.6278278425773194,1.0787105799006516,0.4508827373233322,0.7726672067255305,1.3879384924513034,-1.3486286399006515,1.0787105799006516,True,ok,,0.3,0.1,0.084
2020-11-11 13:00:00+00:00,-0.8771123590080565,-0.8771123590080565,1.5878242402593183,0.7107118812512618,1.3879384924513034,2.247508604279199,-1.3120804402593182,1.5878242402593183,True,ok,,0.3,0.1,0.084
2020-11-11 14:00:00+00:00,-0.6486236653128379,-0.6486236653128379,1.7221879116018646,1.0735642462890267,2.247508604279199,2.88315979628578,-0.9838584116018645,1.7221879116018646,True,ok,,0.3,0.1,0.084
2020-11-11 15:00:00+00:00,-1.306212659239679,-1.306212659239679,2.614888340086133,1.3086756808464541,2.88315979628578,4.163248202340665,-1.1174131400861331,2.614888340086133,True,ok,,0.3,0.1,0.084
2020-11-11 16:00:00+00:00,1.231267443240747,1.231267443240747,1.6427066373836396e-09,1.2312674448834537,4.163248202340665,2.906852852095005,1.5204856983572934,1.6427066822820496e-09,True,ok,,0.4,0.18,0.084
2020-11-11 17:00:00+00:00,1.3391844775280155,1.3391844775280155,-1.1276412115179824e-07,1.3391843647638944,2.906852852095005,1.540338079107234,1.384441512764121,-1.1276412109331659e-07,True,ok,,0.4,0.18,0.084
2020-11-11 18:00:00+00:00,1.5095313175250893,1.5095313175250893,0.015321631140529313,1.5248529486656186,1.540338079107234,0.0,0.9470828983572963,1.6427036145793884e-09,True,ok,,0.4,0.18,0.084
2020-11-11 19:00:00+00:00,-0.5317755846084167,-0.5317755846084167,0.7476253076084135,0.21584972299999686,0.0,0.5211400729162483,-7.608413421283938e-09,0.7476253076084135,True,ok,,0.4,0.18,0.084
2020-11-11 20:00:00+00:00,-0.08276414403845461,-0.08276414403845461,0.5418249208098948,0.45906077677144014,0.5211400729162483,0.6022489340739339,-0.5626473138098947,0.5418249208098948,True,ok,,0.2,0.07,0.084
2020-11-11 21:00:00+00:00,-0.7025005624845356,-0.7025005624845356,0.8544848400667043,0.15198427758216873,0.6022489340739339,1.2906994853087788,-0.6984676000667044,0.8544848400667043,True,ok,,0.2,0.07,0.084
2020-11-11 22:00:00+00:00,-0.6468350084926149,-0.6468350084926149,0.7942042304157013,0.14736922192308644,1.2906994853087788,1.9245977936315413,-0.7727773224157013,0.7942042304157013,True,ok,,0.2,0.07,0.084
2020-11-11 23:00:00+00:00,0.07517465701735053,0.07517465701735053,0.08084028752542817,0.1560149445427787,1.9245977936315413,1.8478889599403672,-0.05835071452542818,0.08084028752542817,True,ok,,0.2,0.07,0.084
2020-11-12 00:00:00+00:00,0.06116993257995103,0.06116993257995103,0.06742603997128886,0.1285959725512399,1.8478889599403672,1.7854706613893967,0.03859994602871114,0.06742603997128886,True,ok,,0.2,0.07,0.084
2020-11-12 01:00:00+00:00,-0.11417498778496699,-0.11417498778496699,0.4151202377424758,0.3009452499575088,1.7854706613893967,1.8973621494186643,-0.15571215774247577,0.4151202377424758,True,ok,,0.2,0.07,0.084
2020-11-12 02:00:00+00:00,-0.48763366517760265,-0.48763366517760265,1.2994522245645976,0.811818559386995,1.8973621494186643,2.375243141292715,-0.5414302245645977,1.2994522245645976,True,ok,,0.2,0.07,0.084
2020-11-12 03:00:00+00:00,-0.4321906454199667,-0.4321906454199667,0.6497715900799417,0.21758094465997496,2.375243141292715,2.7987899738042823,-0.19771654007994163,0.6497715900799417,True,ok,,0.2,0.07,0.084
2020-11-12 04:00:00+00:00,-0.22382059375847055,-0.22382059375847055,0.39845901058916944,0.1746384168306989,2.7987899738042823,3.0181341556875836,0.024366609410830603,0.39845901058916944,True,ok,,0.2,0.07,0.084
2020-11-12 05:00:00+00:00,0.7033125884139895,0.7033125884139895,0.30420985768063025,1.0075224460946197,3.0181341556875836,2.300468249142696,0.12983991231936967,0.3042098576806303,True,ok,,0.3,0.1,0.084
2020-11-12 06:00:00+00:00,-0.3859905938799515,-0.3859905938799515,0.9543587637087096,0.5683681698287582,2.300468249142696,2.6787390311450485,-0.018407263708709664,0.9543587637087096,True,ok,,0.3,0.1,0.084
2020-11-12 07:00:00+00:00,-0.10037918468892457,-0.10037918468892457,0.13484364459615664,0.03446445990723206,2.6787390311450485,2.777110632140195,0.09351252540384337,0.13484364459615664,True,ok,,0.3,0.1,0.084
2020-11-12 08:00:00+00:00,-0.059761245234552,-0.059761245234552,2.9166727574803097e-09,-0.05976124231787924,2.777110632140195,2.8356766524700556,-0.27754694291667276,2.9166727546021493e-09,True,ok,,0.3,0.1,0.084
2020-11-12 09:00:00+00:00,-1.0370654496059168,-1.0370654496059168,0.04200773091979082,-0.995057718686126,2.8356766524700556,3.852000793083854,-0.43767783091979073,0.04200773091979079,True,ok,,0.3,0.1,0.084
2020-11-12 10:00:00+00:00,-0.28004165813329385,-0.28004165813329385,2.609024107869118e-15,-0.28004165813329124,3.852000793083854,4.126441618054482,-0.6086683300000026,2.611116011232018e-15,True,ok,,0.3,0.1,0.084
2020-11-12 11:00:00+00:00,-0.42059006021891227,-0.42059006021891227,2.9166601356322985e-09,-0.42059005730225213,4.126441618054482,4.538619877069016,-0.41443380291666015,2.916660132837449e-09,True,ok,,0.3,0.1,0.084
2020-11-12 12:00:00+00:00,0.025684821450657345,0.025684821450657345,2.916661547697208e-09,0.025684824367318893,4.538619877069016,4.5124108755887535,-0.48706830291666153,2.916661548897349e-09,True,ok,,0.3,0.1,0.084
2020-11-12 13:00:00+00:00,-1.924484130783554,-1.924484130783554,0.13666181543174538,-1.7878223153518087,4.5124108755887535,6.398405323756636,-0.0436665554317454,0.13666181543174538,True,ok,,0.3,0.1,0.084
2020-11-12 14:00:00+00:00,-0.07140965864658219,-0.07140965864658219,-2.4357993153034663e-07,-0.07140990222651372,6.398405323756636,6.468386789230286,-0.2598172564200685,-2.43579931536705e-07,True,ok,,0.3,0.1,0.084
2020-11-12 15:00:00+00:00,1.835132195726915,1.835132195726915,2.5757174171303632e-14,1.8351321957269409,6.468386789230286,4.595802916039556,0.8371935999999741,2.584204713781841e-14,True,ok,,0.3,0.1,0.084
2020-11-12 16:00:00+00:00,1.2691178008409247,1.2691178008409247,0.11912452945590957,1.3882423302968343,4.595802916039556,3.3007847519161633,1.78560327054409,0.1191245294559096,True,ok,,0.4,0.18,0.084
2020-11-12 17:00:00+00:00,1.2382749748609985,1.2382749748609985,-1.1276230571510837e-07,1.2382748620986928,3.3007847519161633,2.037238859200859,1.5703673127623057,-1.1276230574381994e-07,True,ok,,0.4,0.18,0.084
2020-11-12 18:00:00+00:00,1.0665293884645735,1.0665293884645735,1.6426870974584062e-09,1.0665293901072606,2.037238859200859,0.9489435648492532,0.644083738357313,1.6426870096944308e-09,True,ok,,0.4,0.18,0.084
2020-11-12 19:00:00+00:00,0.43470919245852285,0.43470919245852285,1.6427049720491027e-09,0.4347091941012278,0.9489435648492532,0.5053627562181074,0.519353798357295,1.6427049880380023e-09,True,ok,,0.4,0.18,0.084
2020-11-12 20:00:00+00:00,-0.5226455647379222,-0.5226455647379222,0.8449778149038616,0.3223322501659393,0.5053627562181074,1.0175554096612713,-0.5637424149038616,0.8449778149038616,True,ok,,0.2,0.07,0.084
2020-11-12 21:00:00+00:00,0.29861697682256994,0.29861697682256994,0.4940084657617846,0.7926254425843545,1.0175554096612713,0.7128442088219142,-0.4506897357617846,0.4940084657617846,True,ok,,0.2,0.07,0.084
2020-11-12 22:00:00+00:00,-0.3522496724371237,-0.3522496724371237,0.5303131724229246,0.17806349998580093,0.7128442088219142,1.0580488878102954,-0.45663638242292465,0.5303131724229246,True,ok,,0.2,0.07,0.084
2020-11-12 23:00:00+00:00,-0.4211718197482801,-0.4211718197482801,0.5511954033511854,0.13002358360290533,1.0580488878102954,1.47079727116361,-0.49862165735118547,0.5511954033511854,True,ok,,0.2,0.07,0.084
2020-11-13 00:00:00+00:00,-0.5665682290519856,-0.5665682290519856,0.758195562332761,0.19162733328077539,1.47079727116361,2.0260341356345557,-0.518852762332761,0.758195562332761,True,ok,,0.2,0.07,0.084
2020-11-13 01:00:00+00:00,-0.26457839242260145,-0.26457839242260145,0.547059448254511,0.2824810558319096,2.0260341356345557,2.285320960208705,-0.11059862825451107,0.547059448254511,True,ok,,0.2,0.07,0.084
2020-11-13 02:00:00+00:00,-0.06972488462665649,-0.06972488462665649,0.8598780258364712,0.7901531412098147,2.285320960208705,2.3536513471428284,-0.20899545583647136,0.8598780258364712,True,ok,,0.2,0.07,0.084
2020-11-13 03:00:00+00:00,-0.3637991494347784,-0.3637991494347784,0.5584655935271049,0.19466644409232645,2.3536513471428284,2.7101745135889113,-0.183504493527105,0.5584655935271049,True,ok,,0.2,0.07,0.084
2020-11-13 04:00:00+00:00,0.19271624950033167,0.19271624950033167,0.2709710285266735,0.46368727802700516,2.7101745135889113,2.5135252794048992,0.00022184147332652657,0.2709710285266735,True,ok,,0.2,0.07,0.084
2020-11-13 05:00:00+00:00,0.6540699172744695,0.6540699172744695,0.2507445843395718,0.9048145016140413,2.5135252794048992,1.8461069964717671,0.09386801566042818,0.2507445843395718,True,ok,,0.3,0.1,0.084
2020-11-13 06:00:00+00:00,0.5693767511329328,0.5693767511329328,0.34258058909795386,0.9119573402308867,1.8461069964717671,1.2651103116422437,0.223815650902046,0.3425805890979539,True,ok,,0.3,0.1,0.084
2020-11-13 07:00:00+00:00,-0.7947778098491907,-0.7947778098491907,0.565583103350756,-0.22919470649843468,1.2651103116422437,2.0439925652944506,-0.08142570335075598,0.565583103350756,True,ok,,0.3,0.1,0.084
2020-11-13 08:00:00+00:00,-1.9997725191807003,-1.9997725191807003,2.9166620230114404e-09,-1.9997725162640383,2.0439925652944506,4.003769634091537,-0.32783813291666203,2.9166620100677707e-09,True,ok,,0.3,0.1,0.084
2020-11-13 09:00:00+00:00,-2.739699190502402,-2.739699190502402,-2.435805908085342e-07,-2.739699434082993,4.003769634091537,6.688674840783891,-1.8694310564194092,-2.435805908760701e-07,True,ok,,0.3,0.1,0.084
2020-11-13 10:00:00+00:00,-2.0890582873724495,-2.0890582873724495,-0.03132842325633778,-2.1203867106287873,6.688674840783891,8.735951962408892,-1.9521847767436624,-0.03132842325633774,True,ok,,0.3,0.1,0.084
2020-11-13 11:00:00+00:00,-0.6205355627674207,-0.6205355627674207,-1.6797888004732815,-2.300324363240702,8.735951962408892,9.344076813920964,-0.7340551995267184,-1.6797888004732815,True,ok,,0.3,0.1,0.084
2020-11-13 12:00:00+00:00,-0.36499523393111555,-0.36499523393111555,-1.4097431482578229,-1.7747383821889384,9.344076813920964,9.701772143173457,-0.634059051742177,-1.4097431482578229,True,ok,,0.3,0.1,0.084
2020-11-13 13:00:00+00:00,0.03096755039179816,0.03096755039179816,-0.28269926128533035,-0.2517317108935322,9.701772143173457,9.670172601957336,-0.9495968387146698,-0.28269926128533035,True,ok,,0.3,0.1,0.084
2020-11-13 14:00:00+00:00,0.5390275698630109,0.5390275698630109,-0.09129500609314772,0.4477325637698632,9.670172601957336,9.12014446944406,-2.339068523369162e-07,-0.09129500609314767,True,ok,,0.3,0.1,0.084
2020-11-13 15:00:00+00:00,1.170542977096116,1.170542977096116,-3.774758283725532e-15,1.1705429770961122,9.12014446944406,7.925712860162309,1.1249460000000038,-3.829417683982758e-15,True,ok,,0.3,0.1,0.084
2020-11-13 16:00:00+00:00,0.8419951101557824,0.8419951101557824,-1.1276567124518522e-07,0.8419949973901112,7.925712860162309,7.066534176329878,1.3535483127656711,-1.1276567119870305e-07,True,ok,,0.4,0.18,0.084
2020-11-13 17:00:00+00:00,0.9254914495564465,0.9254914495564465,-1.1276572553509112e-07,0.9254913367907209,7.066534176329878,6.122155146170238,1.2903795127657256,-1.1276572555829175e-07,True,ok,,0.4,0.18,0.084
2020-11-13 18:00:00+00:00,0.6973205597932722,0.6973205597932722,-1.1276691336270517e-07,0.6973204470263589,6.122155146170238,5.4106035545444495,0.7342310727669134,-1.1276691333556118e-07,True,ok,,0.4,0.18,0.084
2020-11-13 19:00:00+00:00,0.4601264870926199,0.4601264870926199,-4.090909694332012e-08,0.46012644618352294,5.4106035545444495,4.941086730980552,0.36407890090909695,-4.0909096928204045e-08,True,ok,,0.4,0.18,0.084
2020-11-13 20:00:00+00:00,0.3318615265775433,0.3318615265775433,0.03877972310297567,0.370641249680519,4.941086730980552,4.60245252018714,0.03812778689702433,0.03877972310297567,True,ok,,0.2,0.07,0.084
2020-11-13 21:00:00+00:00,0.4276182574109149,0.4276182574109149,-3.525640324131274e-08,0.4276182221545117,4.60245252018714,4.166107359563758,-0.16613445474359678,-3.52564032194968e-08,True,ok,,0.2,0.07,0.084
2020-11-13 22:00:00+00:00,-0.004445110441985478,-0.004445110441985478,0.13248919378294818,0.1280440833409627,4.166107359563758,4.1704635677969035,0.12952737621705182,0.13248919378294818,True,ok,,0.2,0.07,0.084
2020-11-13 23:00:00+00:00,0.12763746264197937,0.12763746264197937,0.040601815070524544,0.1682392777125039,4.1704635677969035,4.0402212589785576,0.047945990929475456,0.04060181507052454,True,ok,,0.2,0.07,0.084
2020-11-14 00:00:00+00:00,0.045684152957379834,0.045684152957379834,0.10707170837795092,0.15275586133533076,4.0402212589785576,3.9936047763689864,0.12934472162204907,0.10707170837795092,True,ok,,0.2,0.07,0.084
2020-11-14 01:00:00+00:00,-0.013952222886560173,-0.013952222886560173,0.1615968340597662,0.14764461117320601,3.9936047763689864,4.007277954797815,0.19624984594023379,0.1615968340597662,True,ok,,0.2,0.07,0.084
2020-11-14 02:00:00+00:00,0.19977752427972925,0.19977752427972925,2.2567460031264197e-07,0.19977774995432956,4.007277954797815,3.8034233381858464,0.5969905743253997,2.2567460031716256e-07,True,ok,,0.2,0.07,0.084
2020-11-14 03:00:00+00:00,2.448932278145586,2.448932278145586,2.2567388002769917e-07,2.448932503819466,3.8034233381858464,1.3045128502821872,0.18470193432612014,2.25673879858463e-07,True,ok,,0.2,0.07,0.084
2020-11-14 04:00:00+00:00,1.2784225932765434,1.2784225932765434,2.5413173481323574,3.819739941408901,1.3045128502821872,0.0,0.6094057847232683,0.41489361527673174,True,ok,,0.2,0.07,0.084
2020-11-14 05:00:00+00:00,-1.349078260414143,-1.349078260414143,1.4922388715667918,0.14316061115264891,0.0,1.32209669520586,-7.156679188871887e-08,1.4922388715667918,True,ok,,0.3,0.1,0.084
2020-11-14 06:00:00+00:00,0.15923272700491511,0.15923272700491511,9.46465128492946e-15,0.15923272700492458,1.32209669520586,1.1596143207110485,0.19672582999999053,9.46899074400442e-15,True,ok,,0.3,0.1,0.084
2020-11-14 07:00:00+00:00,0.826646569622546,0.826646569622546,-2.4357858596779636e-07,0.82664632604396,1.1596143207110485,0.31609741293294036,-0.184653106421414,-2.4357858599439954e-07,True,ok,,0.3,0.1,0.084
2020-11-14 08:00:00+00:00,-0.5984893791019824,-0.5984893791019824,0.06709325013363021,-0.5313961289683522,0.31609741293294036,0.9026170044528831,-0.6447321501336303,0.06709325013363021,True,ok,,0.3,0.1,0.084
2020-11-14 09:00:00+00:00,-0.14680356136428802,-0.14680356136428802,2.9166623005671966e-09,-0.14680355844762571,0.9026170044528831,1.0464844945898852,-1.202980502916662,2.916662304355702e-09,True,ok,,0.3,0.1,0.084
2020-11-14 10:00:00+00:00,-0.5114848027850544,-0.5114848027850544,0.37129775102056806,-0.1401870517644863,1.0464844945898852,1.5477396013192384,-1.086189901020568,0.37129775102056806,True,ok,,0.3,0.1,0.084
2020-11-14 11:00:00+00:00,-1.9489415342589504,-1.9489415342589504,0.6890077306880864,-1.259933803570864,1.5477396013192384,3.45770230489301,-1.1087844606880863,0.6890077306880863,True,ok,,0.3,0.1,0.084
2020-11-14 12:00:00+00:00,-0.31579426490110135,-0.31579426490110135,2.916662134033743e-09,-0.3157942619844392,3.45770230489301,3.767180684496089,-1.178157702916662,2.916662130084047e-09,True,ok,,0.3,0.1,0.084
2020-11-14 13:00:00+00:00,-1.2353998874491898,-1.2353998874491898,0.23020680776713554,-1.0051930796820543,3.767180684496089,4.977872574196295,-0.4045503877671356,0.2302068077671356,True,ok,,0.3,0.1,0.084
2020-11-14 14:00:00+00:00,-0.11761922175631259,-0.11761922175631259,0.09310376861500184,-0.02451545314131075,4.977872574196295,5.093139411517481,0.09258465138499818,0.09310376861500184,True,ok,,0.3,0.1,0.084
2020-11-14 15:00:00+00:00,-0.22862399336913936,-0.22862399336913936,0.6799179068414326,0.45129391347229325,5.093139411517481,5.317190925019238,0.2892172931585675,0.6799179068414326,True,ok,,0.3,0.1,0.084
2020-11-14 16:00:00+00:00,0.7400473026697012,0.7400473026697012,1.6426869864361038e-09,0.7400473043123882,5.317190925019238,4.562040616172604,1.299768598357313,1.6426870047676624e-09,True,ok,,0.4,0.18,0.084
2020-11-14 17:00:00+00:00,0.6901566106832714,0.6901566106832714,1.6414428705147088e-09,0.6901566123247143,4.562040616172604,3.8577991766998783,1.3974035983585573,1.6414428594689054e-09,True,ok,,0.4,0.18,0.084
2020-11-14 18:00:00+00:00,0.9138308332591059,0.9138308332591059,-1.1276557765338424e-07,0.9138307204935282,3.8577991766998783,2.9253187345987497,0.9914497127655777,-1.1276557764194924e-07,True,ok,,0.4,0.18,0.084
2020-11-14 19:00:00+00:00,0.49935347436686417,0.49935347436686417,-1.1276556549644212e-07,0.4993533616012987,2.9253187345987497,2.4157743729999086,0.8555204127655655,-1.1276556547341455e-07,True,ok,,0.4,0.18,0.084
2020-11-14 20:00:00+00:00,-0.126062053902606,-0.126062053902606,0.38572666500905456,0.25966461110644856,2.4157743729999086,2.5393151858244627,0.1295169849909455,0.38572666500905456,True,ok,,0.2,0.07,0.084
2020-11-14 21:00:00+00:00,0.29699800717949243,0.29699800717949243,0.16634099229323207,0.4633389994727245,2.5393151858244627,2.2362559948249805,0.11133365770676795,0.16634099229323204,True,ok,,0.2,0.07,0.084
2020-11-14 22:00:00+00:00,0.020782711119338826,0.020782711119338826,0.19441762274084726,0.21520033386018608,2.2362559948249805,2.2150491467440223,0.11038803725915274,0.19441762274084726,True,ok,,0.2,0.07,0.084
2020-11-14 23:00:00+00:00,0.09771306229915264,0.09771306229915264,0.09407257670343544,0.19178563900258808,2.2150491467440223,2.1153419403163154,0.07656379329656456,0.09407257670343544,True,ok,,0.2,0.07,0.084
2020-11-15 00:00:00+00:00,-0.01842331910779095,-0.01842331910779095,0.13608659707026366,0.11766327796247271,2.1153419403163154,2.1333967930419506,0.10310285292973634,0.13608659707026366,True,ok,,0.2,0.07,0.084
2020-11-15 01:00:00+00:00,-0.03407980187673593,-0.03407980187673593,0.21300424591639877,0.17892444403966284,2.1333967930419506,2.166794998881152,0.1451828240836012,0.21300424591639877,True,ok,,0.2,0.07,0.084
2020-11-15 02:00:00+00:00,-0.0548701748494117,-0.0548701748494117,0.24199200801224927,0.18712183316283756,2.166794998881152,2.2205677702335755,0.32767095198775076,0.24199200801224927,True,ok,,0.2,0.07,0.084
2020-11-15 03:00:00+00:00,0.22197944125819152,0.22197944125819152,2.2567688170993527e-07,0.22197966693507323,2.2205677702335755,1.9940581362966454,0.49096675432311826,2.2567688171983923e-07,True,ok,,0.2,0.07,0.084
2020-11-15 04:00:00+00:00,0.39951302463917654,0.39951302463917654,2.256746878259719e-07,0.39951325031386437,1.9940581362966454,1.5863917846240163,0.6604353243253122,2.2567468784214762e-07,True,ok,,0.2,0.07,0.084
2020-11-15 05:00:00+00:00,0.29422117214914145,0.29422117214914145,-5.146358172947174e-09,0.2942211670027833,1.5863917846240163,1.2861660987575454,0.4849106451463582,-5.146358165811181e-09,True,ok,,0.3,0.1,0.084
2020-11-15 06:00:00+00:00,0.484505436501953,0.484505436501953,-5.146399861821749e-09,0.48450543135555313,1.2861660987575454,0.7917727962045321,0.03162623314639985,-5.1463998470076116e-09,True,ok,,0.3,0.1,0.084
2020-11-15 07:00:00+00:00,0.7759373402804415,0.7759373402804415,0.644520360088561,1.4204577003690024,0.7917727962045321,0.0,-0.2290941708076662,-0.05121822919233381,True,ok,,0.3,0.1,0.084
2020-11-15 08:00:00+00:00,0.0,0.0,0.38166885104306997,0.38166885104306997,0.0,0.0,-0.15784195642217413,-2.435778258432657e-07,True,ok,,0.3,0.1,0.084
2020-11-15 09:00:00+00:00,-2.06444655477819,-2.06444655477819,2.9166651316359093e-09,-2.0644465518615247,0.0,2.023157623682626,-0.9201500029166649,2.916664928752036e-09,True,ok,,0.3,0.1,0.084
2020-11-15 10:00:00+00:00,-2.5629026197329856,-2.5629026197329856,-2.435798776012632e-07,-2.562902863312863,2.023157623682626,4.534802191020951,-1.9798963564201226,-2.435798773914544e-07,True,ok,,0.3,0.1,0.084
2020-11-15 11:00:00+00:00,-1.7898616570087347,-1.7898616570087347,-2.43580743797267e-07,-1.7898619005894785,4.534802191020951,6.2888666148895105,-2.039332656419256,-2.4358074386442704e-07,True,ok,,0.3,0.1,0.084
2020-11-15 12:00:00+00:00,-0.8688151180919587,-0.8688151180919587,-0.5985760332569742,-1.4673911513489328,6.2888666148895105,7.14030543061963,-1.4348511667430264,-0.5985760332569742,True,ok,,0.3,0.1,0.084
2020-11-15 13:00:00+00:00,-0.5924119719702623,-0.5924119719702623,-2.4358020322967633e-07,-0.5924122155504655,7.14030543061963,7.720869163150487,-1.3828415564197967,-2.4358020323886605e-07,True,ok,,0.3,0.1,0.084
2020-11-15 14:00:00+00:00,0.044251795090043705,0.044251795090043705,-2.435799533045957e-07,0.0442515515100904,7.720869163150487,7.675714270201463,-0.35329528642004665,-2.435799533013335e-07,True,ok,,0.3,0.1,0.084
2020-11-15 15:00:00+00:00,0.1571329518824263,0.1571329518824263,-2.0261570199409107e-15,0.15713295188242427,7.675714270201463,7.515374523382661,0.621678340000002,-2.0137060426449667e-15,True,ok,,0.3,0.1,0.084
2020-11-15 16:00:00+00:00,1.0196910840528355,1.0196910840528355,-1.1276574318763721e-07,1.0196909712870923,7.515374523382661,6.4748734172062985,0.9811845627657432,-1.1276574321523781e-07,True,ok,,0.4,0.18,0.084
2020-11-15 17:00:00+00:00,0.9712060543156128,0.9712060543156128,-1.1276567668527804e-07,0.9712059415499361,6.4748734172062985,5.483846831169959,1.158431012765677,-1.1276567670925432e-07,True,ok,,0.4,0.18,0.084
2020-11-15 18:00:00+00:00,1.12418528105581,1.12418528105581,-1.1276567102314061e-07,1.124185168290139,5.483846831169959,4.336718993357908,0.8802866127656712,-1.127656711238876e-07,True,ok,,0.4,0.18,0.084
2020-11-15 19:00:00+00:00,0.2293220849715767,0.2293220849715767,-1.1276567313256436e-07,0.22932197220590356,4.336718993357908,4.102716865835891,1.0355555127656733,-1.1276567314285934e-07,True,ok,,0.4,0.18,0.084
2020-11-15 20:00:00+00:00,0.23803013822482302,0.23803013822482302,0.10977538905164022,0.34780552727646324,4.102716865835891,3.8598289696881123,0.35127893094835977,0.10977538905164022,True,ok,,0.2,0.07,0.084
2020-11-15 21:00:00+00:00,0.055590698238681846,0.055590698238681846,0.13053452423764159,0.18612522247632343,3.8598289696881123,3.803103767403743,0.24722499576235843,0.13053452423764159,True,ok,,0.2,0.07,0.084
2020-11-15 22:00:00+00:00,0.16346235768971232,0.16346235768971232,2.2567466814726878e-07,0.16346258336438046,3.803103767403743,3.636305443230567,0.30010261432533186,2.256746681609458e-07,True,ok,,0.2,0.07,0.084
2020-11-15 23:00:00+00:00,1.0687107485661012,1.0687107485661012,2.2567420221442092e-07,1.0687109742403034,3.636305443230567,2.545784271224341,0.16304957432579772,2.256742022584577e-07,True,ok,,0.2,0.07,0.084
2020-11-16 00:00:00+00:00,-0.02086731286951607,-0.02086731286951607,0.13318411831698856,0.1123168054474725,2.545784271224341,2.5662342378364666,0.3374853116830114,0.13318411831698856,True,ok,,0.2,0.07,0.084
2020-11-16 01:00:00+00:00,0.1828694224003554,0.1828694224003554,0.007571633265720079,0.19044105566607547,2.5662342378364666,2.3796327864075324,0.4091267967342799,0.007571633265720074,True,ok,,0.2,0.07,0.084
2020-11-16 02:00:00+00:00,0.5666216924052514,0.5666216924052514,2.256743368844738e-07,0.5666219180795883,2.3796327864075324,1.8014473859940106,0.42143544432566316,2.2567433685801662e-07,True,ok,,0.2,0.07,0.084
2020-11-16 03:00:00+00:00,0.15866713515875,0.15866713515875,2.2567420590591247e-07,0.1586673608329559,1.8014473859940106,1.6395421460361024,0.2593321143257941,2.2567420589377642e-07,True,ok,,0.2,0.07,0.084
2020-11-16 04:00:00+00:00,0.3874608292443425,0.3874608292443425,2.256741584161226e-07,0.3874610549185009,1.6395421460361024,1.2441739529296305,0.23722739432584158,2.256741584161813e-07,True,ok,,0.2,0.07,0.084
2020-11-16 05:00:00+00:00,0.12052581092963864,0.12052581092963864,-5.1463667355422515e-09,0.1205258057832719,1.2441739529296305,1.1211884315728564,0.1889736651463667,-5.146366732395606e-09,True,ok,,0.3,0.1,0.084
2020-11-16 06:00:00+00:00,0.2740709176500056,0.2740709176500056,-0.08434128544713004,0.18972963220287553,1.1211884315728564,0.8415242298891772,-0.10765711455286997,-0.08434128544713004,True,ok,,0.3,0.1,0.084
2020-11-16 07:00:00+00:00,0.0979998645365193,0.0979998645365193,-0.16412618826725467,-0.06612632373073538,0.8415242298891772,0.7415243681172188,-0.3384844717327454,-0.16412618826725467,True,ok,,0.3,0.1,0.084
2020-11-16 08:00:00+00:00,-0.3487502800392999,-0.3487502800392999,-0.05148994976893395,-0.40024022980823387,0.7415243681172188,1.0832996425557326,-1.0678715502310658,-0.05148994976893394,True,ok,,0.3,0.1,0.084
2020-11-16 09:00:00+00:00,-1.456116953663231,-1.456116953663231,-2.43581237846513e-07,-1.4561171972444689,1.0832996425557326,2.510294257145699,-1.559721156418762,-2.4358123783232073e-07,True,ok,,0.3,0.1,0.084
2020-11-16 10:00:00+00:00,-0.43105321589749523,-0.43105321589749523,-0.1382617571128274,-0.5693149730103226,2.510294257145699,2.9327264087252445,-1.9958847428871727,-0.13826175711282737,True,ok,,0.3,0.1,0.084
2020-11-16 11:00:00+00:00,-1.5284750131647964,-1.5284750131647964,-2.4358013273051426e-07,-1.5284752567449291,2.9327264087252445,4.430631921626745,-1.7677016564198673,-2.4358013273557645e-07,True,ok,,0.3,0.1,0.084
2020-11-16 12:00:00+00:00,-0.5889407515369702,-0.5889407515369702,-0.4101292414239456,-0.9990699929609158,4.430631921626745,5.007793858132976,-1.6259974585760544,-0.4101292414239455,True,ok,,0.3,0.1,0.084
2020-11-16 13:00:00+00:00,-0.14529486259074767,-0.14529486259074767,-2.435799873468092e-07,-0.14529510617073502,5.007793858132976,5.1501828234719085,-1.3089272564200127,-2.4357998734442913e-07,True,ok,,0.3,0.1,0.084
2020-11-16 14:00:00+00:00,0.9925950417509481,0.9925950417509481,-5.551115123125783e-16,0.9925950417509476,5.1501828234719085,4.137330740052573,-0.0471132969999994,-6.044838860875136e-16,True,ok,,0.3,0.1,0.084
2020-11-16 15:00:00+00:00,0.44136138902771227,0.44136138902771227,0.7854733497745575,1.2268347388022698,4.137330740052573,3.686961975738581,0.10253959022544236,0.7854733497745575,True,ok,,0.3,0.1,0.084
2020-11-16 16:00:00+00:00,1.4042694919051397,1.4042694919051397,0.0460077326170274,1.4502772245221671,3.686961975738581,2.254033922774153,0.9570075273829726,0.046007732617027466,True,ok,,0.4,0.18,0.084
2020-11-16 17:00:00+00:00,0.8638807484385479,0.8638807484385479,1.6427248450412435e-09,0.8638807500812727,2.254033922774153,1.3725229549797162,1.1856649983572751,1.6427248221022089e-09,True,ok,,0.4,0.18,0.084
2020-11-16 18:00:00+00:00,0.8075063376781055,0.8075063376781055,0.13403052527804715,0.9415368629561527,1.3725229549797162,0.5485368961245065,0.8342463747219528,0.13403052527804715,True,ok,,0.4,0.18,0.084
2020-11-16 19:00:00+00:00,0.19410968948298563,0.19410968948298563,0.06033961609906091,0.25444930558204654,0.5485368961245065,0.35046578440717424,0.537566143900939,0.06033961609906091,True,ok,,0.4,0.18,0.084
2020-11-16 20:00:00+00:00,0.13374722503983727,0.13374722503983727,0.15084274729195107,0.28458997233178834,0.35046578440717424,0.21398902416244234,-0.11504634529195108,0.15084274729195107,True,ok,,0.2,0.07,0.084
2020-11-16 21:00:00+00:00,-0.16014422698565156,-0.16014422698565156,0.35032511574706615,0.1901808887614146,0.21398902416244234,0.37093036660838086,-0.22922636574706615,0.35032511574706615,True,ok,,0.2,0.07,0.084
2020-11-16 22:00:00+00:00,-0.20514497191558365,-0.20514497191558365,0.3604503330037008,0.15530536108811713,0.37093036660838086,0.5719724390856529,-0.1878198130037008,0.3604503330037008,True,ok,,0.2,0.07,0.084
2020-11-16 23:00:00+00:00,-0.34641998734624957,-0.34641998734624957,0.5218737930392403,0.17545380569299074,0.5719724390856529,0.9114640266849774,-0.03930961303924034,0.5218737930392403,True,ok,,0.2,0.07,0.084
2020-11-17 00:00:00+00:00,-0.29965535602182536,-0.29965535602182536,0.4476291337027522,0.14797377768092684,0.9114640266849774,1.2051262755863663,-0.05625883370275223,0.4476291337027522,True,ok,,0.2,0.07,0.084
2020-11-17 01:00:00+00:00,-0.06073419980748512,-0.06073419980748512,0.34961653307554386,0.28888233326805873,1.2051262755863663,1.2646457913977018,-0.009613533075543865,0.34961653307554386,True,ok,,0.2,0.07,0.084
2020-11-17 02:00:00+00:00,0.508855061381535,0.508855061381535,0.26017677390428695,0.769031835285822,1.2646457913977018,0.745405932845115,0.13449252609571294,0.260176773904287,True,ok,,0.2,0.07,0.084
2020-11-17 03:00:00+00:00,-0.5414034768917964,-0.5414034768917964,0.7022382266911011,0.16083474979930473,0.745405932845115,1.2759813401990754,-0.09541327669110126,0.7022382266911011,True,ok,,0.2,0.07,0.084
2020-11-17 04:00:00+00:00,-0.3457629166398398,-0.3457629166398398,0.5637154997912329,0.21795258315139313,1.2759813401990754,1.6148289985061184,0.124304400208767,0.5637154997912329,True,ok,,0.2,0.07,0.084
2020-11-17 05:00:00+00:00,0.1506905833906617,0.1506905833906617,-1.942890293094024e-15,0.15069058339065974,1.6148289985061184,1.461063097087076,0.3826812700000019,-1.9368385378852225e-15,True,ok,,0.3,0.1,0.084
2020-11-17 06:00:00+00:00,0.17580294410122743,0.17580294410122743,3.885780586188048e-16,0.17580294410122782,1.461063097087076,1.2816723378001091,0.26549819999999963,3.9771405241017667e-16,True,ok,,0.3,0.1,0.084
2020-11-17 07:00:00+00:00,0.1069293049707527,0.1069293049707527,-2.4357959095555604e-07,0.10692906139116175,1.2816723378001091,1.1725608021156675,-0.17744425642040904,-2.4357959096105254e-07,True,ok,,0.3,0.1,0.084
2020-11-17 08:00:00+00:00,0.3214343911295056,0.3214343911295056,-8.836576642634597e-08,0.3214343027637392,1.1725608021156675,0.8445665254529067,-0.2147370016342336,-8.836576640188542e-08,True,ok,,0.3,0.1,0.084
2020-11-17 09:00:00+00:00,0.8276751949438486,0.8276751949438486,0.22920816838546543,1.056883363329314,0.8445665254529067,0.0,-0.4171559999999885,-1.155878315652293e-14,True,ok,,0.3,0.1,0.084
2020-11-17 10:00:00+00:00,-0.014005943440086766,-0.014005943440086766,0.8105650090664938,0.796559065626407,0.0,0.01372582457128503,-1.1412046090664938,0.8105650090664938,True,ok,,0.3,0.1,0.084
2020-11-17 11:00:00+00:00,-1.0419488280725535,-1.0419488280725535,1.0563191200925803,0.014370292020026886,0.01372582457128503,1.0348356760823874,-1.3375049400925803,1.0563191200925803,True,ok,,0.3,0.1,0.084
2020-11-17 12:00:00+00:00,-0.057184914273854304,-0.057184914273854304,0.4677733673398843,0.41058845306603,1.0348356760823874,1.0908768920707645,-0.9917743673398842,0.4677733673398843,True,ok,,0.3,0.1,0.084
2020-11-17 13:00:00+00:00,-1.3104195620936139,-1.3104195620936139,1.421637961148134,0.11121839905452008,1.0908768920707645,2.375088062922506,-1.3155190911481338,1.421637961148134,True,ok,,0.3,0.1,0.084
2020-11-17 14:00:00+00:00,-0.048911102093661674,-0.048911102093661674,1.0598163416444821,1.0109052395508205,2.375088062922506,2.423020942974295,-0.7952745616444821,1.0598163416444821,True,ok,,0.3,0.1,0.084
2020-11-17 15:00:00+00:00,-1.2299419352730325,-1.2299419352730325,2.7376670983752747,1.5077251631022421,2.423020942974295,3.6283640395418666,-1.6658485983752747,2.7376670983752747,True,ok,,0.3,0.1,0.084
2020-11-17 16:00:00+00:00,1.1893641117730342,1.1893641117730342,0.15066705538975644,1.3400311671627907,3.6283640395418666,2.4147271907938723,1.1172362446102437,0.15066705538975642,True,ok,,0.4,0.18,0.084
2020-11-17 17:00:00+00:00,0.5869601603206344,0.5869601603206344,0.11549917383561492,0.7024593341562493,2.4147271907938723,1.8157882516911843,1.0469827261643851,0.11549917383561494,True,ok,,0.4,0.18,0.084
2020-11-17 18:00:00+00:00,0.49689271990961253,0.49689271990961253,1.6427058602275224e-09,0.4968927215523184,1.8157882516911843,1.3087548640283142,0.8012298583572942,1.6427058509417279e-09,True,ok,,0.4,0.18,0.084
2020-11-17 19:00:00+00:00,0.2184343873710136,0.2184343873710136,1.6427005866681554e-09,0.21843438901371418,1.3087548640283142,1.085862632017076,0.2577658683572994,1.6427005805401808e-09,True,ok,,0.4,0.18,0.084
2020-11-17 20:00:00+00:00,-0.2979570981896003,-0.2979570981896003,0.6227595147658795,0.32480241657627923,1.085862632017076,1.3778605882428843,-0.1738498147658796,0.6227595147658795,True,ok,,0.2,0.07,0.084
2020-11-17 21:00:00+00:00,-0.6759355040782667,-0.6759355040782667,0.8181128096230137,0.14217730554474695,1.3778605882428843,2.0402773822395854,-0.45447657962301374,0.8181128096230137,True,ok,,0.2,0.07,0.084
2020-11-17 22:00:00+00:00,-0.3790497031497769,-0.3790497031497769,0.5601698695362753,0.18112016638649847,2.0402773822395854,2.411746091326367,-0.10233392953627536,0.5601698695362753,True,ok,,0.2,0.07,0.084
2020-11-17 23:00:00+00:00,-0.4684211002204974,-0.4684211002204974,0.6371452114914019,0.16872411127090453,2.411746091326367,2.8707987695424544,-0.2787234614914019,0.6371452114914019,True,ok,,0.2,0.07,0.084
2020-11-18 00:00:00+00:00,-0.06935793711857158,-0.06935793711857158,0.20978549246506037,0.1404275553464888,2.8707987695424544,2.9387695479186546,-0.07293499246506034,0.20978549246506037,True,ok,,0.2,0.07,0.084
2020-11-18 01:00:00+00:00,0.26616655308282366,0.26616655308282366,0.7132883658474426,0.9794549189302663,2.9387695479186546,2.667171024364753,-0.47297137584744264,0.7132883658474426,True,ok,,0.2,0.07,0.084
2020-11-18 02:00:00+00:00,-1.3042269348885787,-1.3042269348885787,1.7654436290528541,0.4612166941642754,2.667171024364753,3.9453134205555602,-1.068275169052854,1.7654436290528541,True,ok,,0.2,0.07,0.084
2020-11-18 03:00:00+00:00,-0.19129756407233908,-0.19129756407233908,0.3802160640348278,0.18891849996248875,3.9453134205555602,4.132785033346453,0.04026253596517218,0.3802160640348278,True,ok,,0.2,0.07,0.084
2020-11-18 04:00:00+00:00,0.11743952895601445,0.11743952895601445,0.3689672219428776,0.48640675089889207,4.132785033346453,4.012948779309704,0.036356508057122365,0.3689672219428776,True,ok,,0.2,0.07,0.084
2020-11-18 05:00:00+00:00,0.5206994734650834,0.5206994734650834,7.30304705598428e-13,0.5206994734658137,4.012948779309704,3.481622785977986,0.38693126999926974,7.302721479256609e-13,True,ok,,0.3,0.1,0.084
2020-11-18 06:00:00+00:00,0.6560250835418534,0.6560250835418534,1.687538997430238e-14,0.6560250835418703,3.481622785977986,2.8122094354250744,0.4406967499999832,1.6829320637653163e-14,True,ok,,0.3,0.1,0.084
2020-11-18 07:00:00+00:00,0.04002478502982865,0.04002478502982865,0.32460863358126224,0.3646334186110909,2.8122094354250744,2.771367818047698,0.1406581464187377,0.32460863358126224,True,ok,,0.3,0.1,0.084
2020-11-18 08:00:00+00:00,-0.07907552585952021,-0.07907552585952021,2.916684865850172e-09,-0.07907552294283535,2.771367818047698,2.848861833390028,-0.06108859591668487,2.916684862766694e-09,True,ok,,0.3,0.1,0.084
2020-11-18 09:00:00+00:00,0.476606681574079,0.476606681574079,2.9166505322031355e-09,0.4766066844907295,2.848861833390028,2.3625284848450496,-0.6327459029166506,2.9166505487654445e-09,True,ok,,0.3,0.1,0.084
2020-11-18 10:00:00+00:00,-0.06356784445737128,-0.06356784445737128,0.00311548641130123,-0.06045235804607005,2.3625284848450496,2.4248249724132735,-0.5340284864113013,0.003115486411301232,True,ok,,0.3,0.1,0.084
2020-11-18 11:00:00+00:00,-1.9281610260055715,-1.9281610260055715,0.0713923656981843,-1.8567686603073872,2.4248249724132735,4.314422777898733,-0.5933133656981844,0.07139236569818433,True,ok,,0.3,0.1,0.084
2020-11-18 12:00:00+00:00,-2.8565587845445877,-2.8565587845445877,2.916636709926479e-09,-2.856558781627951,4.314422777898733,7.113850386752429,-0.6511919029166368,2.9166366614422336e-09,True,ok,,0.3,0.1,0.084
2020-11-18 13:00:00+00:00,-2.402044232541994,-2.402044232541994,-3.68594044175552e-14,-2.402044232542031,7.113850386752429,9.467853734643583,-0.1272379299999632,-3.680225943339194e-14,True,ok,,0.3,0.1,0.084
2020-11-18 14:00:00+00:00,-0.8117569873450307,-0.8117569873450307,-1.0441232212166085e-08,-0.8117569977862629,9.467853734643583,10.263375582241713,0.18089506044123219,-1.0441232187365248e-08,True,ok,,0.3,0.1,0.084
2020-11-18 15:00:00+00:00,0.9889864773736543,0.9889864773736543,-1.0441267406235966e-08,0.9889864669323869,10.263375582241713,9.254205707370637,0.2493090004412674,-1.0441267373109771e-08,True,ok,,0.3,0.1,0.084
2020-11-18 16:00:00+00:00,0.6538731284691194,0.6538731284691194,-0.005919183990023114,0.6479539444790963,9.254205707370637,8.586988229340923,1.075832783990023,-0.005919183990023129,True,ok,,0.4,0.18,0.084
2020-11-18 17:00:00+00:00,0.8099921324186454,0.8099921324186454,-2.4280411636823374e-07,0.8099918896145291,8.586988229340923,7.760465645240265,0.9926340428041163,-2.428041163210876e-07,True,ok,,0.4,0.18,0.084
2020-11-18 18:00:00+00:00,0.512517015074874,0.512517015074874,-4.090916938537248e-08,0.5125169741657046,7.760465645240265,7.237489099245495,0.7931160109091693,-4.09091693326804e-08,True,ok,,0.4,0.18,0.084
2020-11-18 19:00:00+00:00,0.3794706884657449,0.3794706884657449,-2.4280367005857784e-07,0.37947044566207483,7.237489099245495,6.8502741110151435,0.5311567428036701,-2.428036700676816e-07,True,ok,,0.4,0.18,0.084
2020-11-18 20:00:00+00:00,0.2839021906760134,0.2839021906760134,2.2567774199400148e-07,0.2839024163537554,6.8502741110151435,6.5605779980804355,0.5564760343222581,2.256777419752878e-07,True,ok,,0.2,0.07,0.084
2020-11-18 21:00:00+00:00,0.14470411596505187,0.14470411596505187,0.016049078724698934,0.1607531946897508,6.5605779980804355,6.412920736891607,0.4080665812753011,0.016049078724698934,True,ok,,0.2,0.07,0.084
2020-11-18 22:00:00+00:00,0.1680613345698941,0.1680613345698941,8.187064570730485e-08,0.16806141644053982,6.412920736891607,6.241429579167225,0.13033199812935428,8.187064571129145e-08,True,ok,,0.2,0.07,0.084
2020-11-18 23:00:00+00:00,0.11665768146157106,0.11665768146157106,0.022742512844272908,0.13940019430584397,6.241429579167225,6.1223911286962345,0.1429940271557271,0.022742512844272908,True,ok,,0.2,0.07,0.084
2020-11-19 00:00:00+00:00,0.13125331393056677,0.13125331393056677,0.04872285268068069,0.17997616661124746,6.1223911286962345,5.98845917570586,0.07601969731931932,0.04872285268068068,True,ok,,0.2,0.07,0.084
2020-11-19 01:00:00+00:00,0.12260252413886237,0.12260252413886237,2.2567241625415235e-07,0.12260274981127862,5.98845917570586,5.863354559237633,0.031795764327583756,2.256724162491697e-07,True,ok,,0.2,0.07,0.084
2020-11-19 02:00:00+00:00,0.7361662730313243,0.7361662730313243,2.2567475088663969e-07,0.7361664987060752,5.863354559237633,5.112164484715874,0.36192987432524903,2.2567475091688048e-07,True,ok,,0.2,0.07,0.084
2020-11-19 03:00:00+00:00,0.1622521908779044,0.1622521908779044,2.2567453342170474e-07,0.16225241655243783,5.112164484715874,4.946601024636379,0.32178642432546656,2.2567453341917362e-07,True,ok,,0.2,0.07,0.084
2020-11-19 04:00:00+00:00,0.05989889292766867,0.05989889292766867,0.12671257941672973,0.1866114723443984,4.946601024636379,4.885479705322432,0.20462305058327027,0.12671257941672973,True,ok,,0.2,0.07,0.084
2020-11-19 05:00:00+00:00,0.18332119422753593,0.18332119422753593,6.661338147750939e-16,0.1833211942275366,4.885479705322432,4.698417262233109,0.33667394999999933,6.67196553617315e-16,True,ok,,0.3,0.1,0.084
2020-11-19 06:00:00+00:00,0.6998827006729113,0.6998827006729113,-5.146366000019498e-09,0.6998826955265453,4.698417262233109,3.9842512411383018,0.259529055146366,-5.14636602523895e-09,True,ok,,0.3,0.1,0.084
2020-11-19 07:00:00+00:00,0.38056228566499245,0.38056228566499245,-5.9396931817445875e-15,0.3805622856649865,3.9842512411383018,3.59592237821484,0.11485440000000595,-5.9557272612683605e-15,True,ok,,0.3,0.1,0.084
2020-11-19 08:00:00+00:00,-2.253816803638492,-2.253816803638492,-2.435038513048937e-07,-2.253817047142343,3.59592237821484,5.8046628457805625,-0.14557971649614893,-2.4350385108482577e-07,True,ok,,0.3,0.1,0.084
2020-11-19 09:00:00+00:00,-1.5249904639918128,-1.5249904639918128,-0.3345592366841659,-1.8595497006759787,5.8046628457805625,7.2991535004925385,-0.7250019633158343,-0.33455923668416576,True,ok,,0.3,0.1,0.084
2020-11-19 10:00:00+00:00,0.061669366131604786,0.061669366131604786,-0.9144476220150005,-0.8527782558833957,7.2991535004925385,7.236225575868452,-0.6942188779849995,-0.9144476220150005,True,ok,,0.3,0.1,0.084
2020-11-19 11:00:00+00:00,0.41102315074135515,0.41102315074135515,-0.7236440453451575,-0.3126208946038023,7.236225575868452,6.816814197560946,-0.8054457546548424,-0.7236440453451575,True,ok,,0.3,0.1,0.084
2020-11-19 12:00:00+00:00,0.3592370387963035,0.3592370387963035,-2.4357961869725386e-07,0.3592367952166848,6.816814197560946,6.450245790625942,-0.6583248564203813,-2.4357961872445993e-07,True,ok,,0.3,0.1,0.084
2020-11-19 13:00:00+00:00,-0.0739978275099954,-0.0739978275099954,4.020114530850494e-07,-0.07399742549854231,6.450245790625942,6.522763661585738,0.18517986798854694,4.0201145307875253e-07,True,ok,,0.3,0.1,0.084
2020-11-19 14:00:00+00:00,1.128438012847537,1.128438012847537,5.240252676230739e-14,1.1284380128475895,6.522763661585738,5.37129630153723,0.39800133999994763,5.240195647916773e-14,True,ok,,0.3,0.1,0.084
2020-11-19 15:00:00+00:00,1.4558581131342572,1.4558581131342572,4.02020648104795e-07,1.4558585151549053,5.37129630153723,3.8857267983390082,0.9290100979793519,4.0202064814727713e-07,True,ok,,0.3,0.1,0.084
2020-11-19 16:00:00+00:00,1.2822849462532884,1.2822849462532884,1.6427159632570465e-09,1.2822849478960043,3.8857267983390082,2.5772727715499384,1.118798098357284,1.642715907704512e-09,True,ok,,0.4,0.18,0.084
2020-11-19 17:00:00+00:00,1.1085893773098494,1.1085893773098494,0.08138062338103458,1.189970000690884,2.5772727715499384,1.4460591212337655,1.0844887766189657,0.08138062338103454,True,ok,,0.4,0.18,0.084
2020-11-19 18:00:00+00:00,1.058995521816759,1.058995521816759,0.01907664174389434,1.0780721635606534,1.4460591212337655,0.365451445910542,0.8979804582561055,0.01907664174389436,True,ok,,0.4,0.18,0.084
2020-11-19 19:00:00+00:00,0.1914960145443406,0.1914960145443406,0.24191843181751863,0.4334144463618592,0.365451445910542,0.1700473494367251,0.3581424181824814,0.24191843181751863,True,ok,,0.4,0.18,0.084
2020-11-19 20:00:00+00:00,-0.7481849517383503,-0.7481849517383503,1.056014867304265,0.30782991556591477,0.1700473494367251,0.9032686021403084,-0.8833614673042651,1.056014867304265,True,ok,,0.2,0.07,0.084
2020-11-19 21:00:00+00:00,-0.4372223078789444,-0.4372223078789444,0.6201654743415249,0.18294316646258052,0.9032686021403084,1.3317464638616738,-0.40866047434152486,0.6201654743415249,True,ok,,0.2,0.07,0.084
2020-11-19 22:00:00+00:00,-0.25722457214719807,-0.25722457214719807,0.5818711565228969,0.3246465843756988,1.3317464638616738,1.5838265445659279,-0.34326309652289694,0.5818711565228969,True,ok,,0.2,0.07,0.084
2020-11-19 23:00:00+00:00,0.3413935420334592,0.3413935420334592,0.5225145399245703,0.8639080819580295,1.5838265445659279,1.2354657873889288,-0.4284965599245703,0.5225145399245703,True,ok,,0.2,0.07,0.084
2020-11-20 00:00:00+00:00,-0.32882866692628165,-0.32882866692628165,0.4966780554859412,0.16784938855965953,1.2354657873889288,1.5577178809766847,-0.5552224584859412,0.4966780554859412,True,ok,,0.2,0.07,0.084
2020-11-20 01:00:00+00:00,-0.8833670399759457,-0.8833670399759457,1.1309718172855752,0.24760477730962946,1.5577178809766847,2.4234175801531115,-0.9770336472855751,1.1309718172855752,True,ok,,0.2,0.07,0.084
2020-11-20 02:00:00+00:00,-0.8354328499449469,-0.8354328499449469,1.3879420712179453,0.5525092212729984,2.4234175801531115,3.2421417730991595,-0.9588444112179454,1.3879420712179453,True,ok,,0.2,0.07,0.084
2020-11-20 03:00:00+00:00,-1.299338004206617,-1.299338004206617,1.4612455319606588,0.16190752775404177,3.2421417730991595,4.515493017221644,-1.0876290719606587,1.4612455319606588,True,ok,,0.2,0.07,0.084
2020-11-20 04:00:00+00:00,0.20002655676770348,0.20002655676770348,8.187259431524652e-08,0.2000266386402978,4.515493017221644,4.311384285826028,0.2791242481274057,8.18725943117105e-08,True,ok,,0.2,0.07,0.084
2020-11-20 05:00:00+00:00,0.1609905554161919,0.1609905554161919,2.117750419472486e-14,0.16099055541621307,4.311384285826028,4.14710820887073,0.24381453999997882,2.1184612321221997e-14,True,ok,,0.3,0.1,0.084
2020-11-20 06:00:00+00:00,0.7998781376382337,0.7998781376382337,1.458445336721681e-07,0.7998782834827673,4.14710820887073,3.330906027607226,0.16714734415546628,1.4584453371834754e-07,True,ok,,0.3,0.1,0.084
2020-11-20 07:00:00+00:00,-0.2027772234636933,-0.2027772234636933,0.25243089966196236,0.04965367619826904,3.330906027607226,3.5296277066016453,0.03190998033803764,0.25243089966196236,True,ok,,0.3,0.1,0.084
2020-11-20 08:00:00+00:00,-0.33700825061316625,-0.33700825061316625,0.026135624989174544,-0.3108726256239917,3.5296277066016453,3.8598957922025483,0.026911548010825473,0.02613562498917453,True,ok,,0.3,0.1,0.084
2020-11-20 09:00:00+00:00,-0.9856688572222374,-0.9856688572222374,2.9166665749258414e-09,-0.9856688543055708,3.8598957922025483,4.825851272280341,-0.13343271291666653,2.9166665379659417e-09,True,ok,,0.3,0.1,0.084
2020-11-20 10:00:00+00:00,-0.5019283033549066,-0.5019283033549066,-3.552713678800501e-15,-0.5019283033549101,4.825851272280341,5.317741009568149,-0.8435291999999964,-3.602304717286224e-15,True,ok,,0.3,0.1,0.084
2020-11-20 11:00:00+00:00,-1.0649443810751584,-1.0649443810751584,-2.6645352591003757e-15,-1.064944381075161,5.317741009568149,6.361386503021804,-0.8083934299999972,-2.7572330380248638e-15,True,ok,,0.3,0.1,0.084
2020-11-20 12:00:00+00:00,-1.2440902885371146,-1.2440902885371146,-9.103828801926284e-15,-1.2440902885371237,6.361386503021804,7.580594985788176,-0.7725470999999909,-9.14091142498628e-15,True,ok,,0.3,0.1,0.084
2020-11-20 13:00:00+00:00,0.7266209778108346,0.7266209778108346,-2.435799726363541e-07,0.7266207342308619,7.580594985788176,6.839145008430181,-0.6886038564200275,-2.4357997260765426e-07,True,ok,,0.3,0.1,0.084
2020-11-20 14:00:00+00:00,0.6396741389273441,0.6396741389273441,4.020225282674872e-07,0.6396745409498724,6.839145008430181,6.186416295239014,0.4432826179774718,4.020225282267232e-07,True,ok,,0.3,0.1,0.084
2020-11-20 15:00:00+00:00,2.223547129857172,2.223547129857172,1.4584581053966872e-07,2.2235472757029826,6.186416295239014,3.917490652527614,0.8427505841541895,1.4584581055749537e-07,True,ok,,0.3,0.1,0.084
2020-11-20 16:00:00+00:00,1.2078212196347387,1.2078212196347387,1.6427099680527135e-09,1.2078212212774486,3.917490652527614,2.6850200202472685,1.2923844983572899,1.6427099461778999e-09,True,ok,,0.4,0.18,0.084
2020-11-20 17:00:00+00:00,1.165964862285451,1.165964862285451,1.6427090798742938e-09,1.1659648639281601,2.6850200202472685,1.4952599566906857,1.159317898357291,1.6427091712294138e-09,True,ok,,0.4,0.18,0.084
2020-11-20 18:00:00+00:00,0.8748386088050657,0.8748386088050657,1.6427099680527135e-09,0.8748386104477757,1.4952599566906857,0.6025674987263329,0.71193065835729,1.6427099897391107e-09,True,ok,,0.4,0.18,0.084
2020-11-20 19:00:00+00:00,0.5905161487518062,0.5905161487518062,0.2587731275142917,0.849289276266098,0.6025674987263329,0.0,0.37472739835728924,1.6427107228912565e-09,True,ok,,0.4,0.18,0.084
2020-11-20 20:00:00+00:00,-1.2999987617719742,-1.2999987617719742,1.8362094828514814,0.5362107210795073,0.0,1.2739987865365348,-1.5265028528514815,1.8362094828514814,True,ok,,0.2,0.07,0.084
2020-11-20 21:00:00+00:00,-1.0904353071590398,-1.0904353071590398,1.2849847511483696,0.1945494439893299,1.2739987865365348,2.3426253875523937,-1.1781327711483698,1.2849847511483696,True,ok,,0.2,0.07,0.084
2020-11-20 22:00:00+00:00,-0.9401979185797937,-0.9401979185797937,1.079235474112779,0.1390375555329853,2.3426253875523937,3.2640193477605917,-1.150031708112779,1.079235474112779,True,ok,,0.2,0.07,0.084
2020-11-20 23:00:00+00:00,-0.8461489735419562,-0.8461489735419562,1.0463092234030378,0.20016024986108163,3.2640193477605917,4.093245341831709,-1.2416900534030377,1.0463092234030378,True,ok,,0.2,0.07,0.084
2020-11-21 00:00:00+00:00,-0.8855873502964229,-0.8855873502964229,1.20619215651298,0.3206048062165572,4.093245341831709,4.961120945122204,-1.1577348205129803,1.20619215651298,True,ok,,0.2,0.07,0.084
2020-11-21 01:00:00+00:00,-1.095377146247749,-1.095377146247749,1.2786489521143085,0.18327180586655942,4.961120945122204,6.0345905484449975,-1.0714119221143086,1.2786489521143085,True,ok,,0.2,0.07,0.084
2020-11-21 02:00:00+00:00,-0.47696118159264267,-0.47696118159264267,0.6542143759539055,0.17725319436126288,6.0345905484449975,6.502012506405787,-0.4529713659539055,0.6542143759539055,True,ok,,0.2,0.07,0.084
2020-11-21 03:00:00+00:00,0.4901941723383327,0.4901941723383327,0.29299924350743184,0.7831934158457645,6.502012506405787,6.001814371366672,-0.12228617350743183,0.29299924350743184,True,ok,,0.2,0.07,0.084
2020-11-21 04:00:00+00:00,-1.464336489371566,-1.464336489371566,2.0984070723177064,0.6340705829461404,6.001814371366672,7.436864130950807,-1.4008821723177063,2.0984070723177064,True,ok,,0.2,0.07,0.084
2020-11-21 05:00:00+00:00,1.3995738115805763,1.3995738115805763,-5.146368664554757e-09,1.3995738064342076,7.436864130950807,6.008727588521647,0.45584723514636866,-5.146368616491985e-09,True,ok,,0.3,0.1,0.084
2020-11-21 06:00:00+00:00,4.550083393630496,4.550083393630496,8.171241461241152e-14,4.550083393630578,6.008727588521647,1.3657853501231818,0.9201321399999184,8.16746665047215e-14,True,ok,,0.3,0.1,0.084
2020-11-21 07:00:00+00:00,-0.9375785603923674,-0.9375785603923674,2.189338485557214,1.2517599251648468,1.3657853501231818,2.284612339307702,-0.21919958555721403,2.189338485557214,True,ok,,0.3,0.1,0.084
2020-11-21 08:00:00+00:00,0.35607603956488987,0.35607603956488987,1.0676942952476163,1.4237703348125061,2.284612339307702,1.9212694417925082,-0.22322023524761614,1.0676942952476163,True,ok,,0.3,0.1,0.084
2020-11-21 09:00:00+00:00,-0.20253074338138166,-0.20253074338138166,1.1721772599596967,0.969646516578315,1.9212694417925082,2.1197495703062623,-0.5231200099596968,1.1721772599596967,True,ok,,0.3,0.1,0.084
2020-11-21 10:00:00+00:00,0.49958045716039823,0.49958045716039823,0.8942475162529789,1.3938279734133772,2.1197495703062623,1.6099735936119783,-0.509077286252979,0.8942475162529789,True,ok,,0.3,0.1,0.084
2020-11-21 11:00:00+00:00,-0.5034533796082927,-0.5034533796082927,1.3951800235429421,0.8917266439346494,1.6099735936119783,2.1033579056281053,-0.806417523542942,1.3951800235429421,True,ok,,0.3,0.1,0.084
2020-11-21 12:00:00+00:00,-0.4212726331689841,-0.4212726331689841,1.0079793702477282,0.5867067370787441,2.1033579056281053,2.5162050861337097,-0.8003050202477282,1.0079793702477282,True,ok,,0.3,0.1,0.084
2020-11-21 13:00:00+00:00,-0.5914038803692625,-0.5914038803692625,1.4573083870366257,0.8659045066673632,2.5162050861337097,3.095780888895587,-0.8086715470366257,1.4573083870366257,True,ok,,0.3,0.1,0.084
2020-11-21 14:00:00+00:00,-1.1111908870974494,-1.1111908870974494,1.8672996159780773,0.7561087288806279,3.095780888895587,4.184747958251087,-0.9483033159780773,1.8672996159780773,True,ok,,0.3,0.1,0.084
2020-11-21 15:00:00+00:00,-0.8090998372822268,-0.8090998372822268,1.5080218130167258,0.698921975734499,4.184747958251087,4.977665798787669,-0.09113691301672569,1.5080218130167258,True,ok,,0.3,0.1,0.084
2020-11-21 16:00:00+00:00,2.015381885912413,2.015381885912413,1.6427081916958741e-09,2.015381887555121,4.977665798787669,2.921153670305615,1.4304513983572917,1.6427082767381605e-09,True,ok,,0.4,0.18,0.084
2020-11-21 17:00:00+00:00,2.043393808809016,2.043393808809016,0.23399164096074232,2.2773854497697585,2.921153670305615,0.8360579470311085,1.5095003590392577,0.2339916409607423,True,ok,,0.4,0.18,0.084
2020-11-21 18:00:00+00:00,-0.47880405181909,-0.47880405181909,1.0390386327677081,0.5602345809486181,0.8360579470311085,1.3052859178138168,0.36869796723229176,1.0390386327677081,True,ok,,0.4,0.18,0.084
2020-11-21 19:00:00+00:00,0.7570678884159149,0.7570678884159149,1.642708635785084e-09,0.7570678900586235,1.3052859178138168,0.5327676643281893,0.6835247983572914,1.6427086090507416e-09,True,ok,,0.4,0.18,0.084
2020-11-21 20:00:00+00:00,-1.2168740318420934,-1.2168740318420934,1.4831665596289842,0.26629252778689083,0.5327676643281893,1.7253042155334408,-1.0182495096289843,1.4831665596289842,True,ok,,0.2,0.07,0.084
2020-11-21 21:00:00+00:00,-0.5821547394708237,-0.5821547394708237,0.7932910452268629,0.2111363057560392,1.7253042155334408,2.295815860214848,-0.42228994522686286,0.7932910452268629,True,ok,,0.2,0.07,0.084
2020-11-21 22:00:00+00:00,0.26733065263970046,0.26733065263970046,0.5973766793223558,0.8647073319620563,2.295815860214848,2.0230294799702557,-0.5007693793223558,0.5973766793223558,True,ok,,0.2,0.07,0.084
2020-11-21 23:00:00+00:00,-1.2143477616446126,-1.2143477616446126,1.3805352615545432,0.16618749990993056,2.0230294799702557,3.213090286381976,-1.0940243315545433,1.3805352615545432,True,ok,,0.2,0.07,0.084
2020-11-22 00:00:00+00:00,-0.8887387719597649,-0.8887387719597649,1.0782724662455816,0.18953369428581668,3.213090286381976,4.084054282902546,-0.9504387722455816,1.0782724662455816,True,ok,,0.2,0.07,0.084
2020-11-22 01:00:00+00:00,-0.6561686602971747,-0.6561686602971747,0.82274093829345,0.16657227799627525,4.084054282902546,4.7270995699937775,-0.54734255829345,0.82274093829345,True,ok,,0.2,0.07,0.084
2020-11-22 02:00:00+00:00,0.012417683470915764,0.012417683470915764,0.18243773340449973,0.1948554168754155,4.7270995699937775,4.714428464411211,-0.0032009134044997294,0.18243773340449973,True,ok,,0.2,0.07,0.084
2020-11-22 03:00:00+00:00,0.07490929162107085,0.07490929162107085,0.1590575409928738,0.23396683261394466,4.714428464411211,4.637990411736649,-0.1112905409928738,0.1590575409928738,True,ok,,0.2,0.07,0.084
2020-11-22 04:00:00+00:00,0.5314566624581966,0.5314566624581966,0.21315597581133383,0.7446126382695304,4.637990411736649,4.095687694942571,0.01209216418866614,0.21315597581133386,True,ok,,0.2,0.07,0.084
2020-11-22 05:00:00+00:00,-0.07669481805043157,-0.07669481805043157,0.2550587625570769,0.1783639445066453,4.095687694942571,4.170848616631994,0.25543133744292307,0.2550587625570769,True,ok,,0.3,0.1,0.084
2020-11-22 06:00:00+00:00,0.6001351378440701,0.6001351378440701,1.5654144647214707e-14,0.6001351378440858,4.170848616631994,3.558465822913555,0.2685541399999843,1.5709443736835547e-14,True,ok,,0.3,0.1,0.084
2020-11-22 07:00:00+00:00,2.1788934369842683,2.1788934369842683,0.12836011560931349,2.307253552593582,3.558465822913555,1.335105172929608,0.17594378439068642,0.1283601156093136,True,ok,,0.3,0.1,0.084
2020-11-22 08:00:00+00:00,0.9124277881178576,0.9124277881178576,0.779267963678605,1.6916957517964626,1.335105172929608,0.4040564095440389,-0.3763290036786049,0.779267963678605,True,ok,,0.3,0.1,0.084
2020-11-22 09:00:00+00:00,0.15512343376272386,0.15512343376272386,1.3061338296981122,1.461257263460836,0.4040564095440389,0.24576719141881045,-1.1843935346981123,1.3061338296981122,True,ok,,0.3,0.1,0.084
2020-11-22 10:00:00+00:00,-1.1284901902083089,-1.1284901902083089,1.8303539417797872,0.7018637515714784,0.24576719141881045,1.3516875778229531,-1.4722073417797872,1.8303539417797872,True,ok,,0.3,0.1,0.084
2020-11-22 11:00:00+00:00,0.3752232466905736,0.3752232466905736,1.2579784990013103,1.633201745691884,1.3516875778229531,0.9688067138529801,-1.0994581990013104,1.2579784990013103,True,ok,,0.3,0.1,0.084
2020-11-22 12:00:00+00:00,-2.3351390289165916,-2.3351390289165916,2.300550230300833,-0.034588798615758476,0.9688067138529801,3.2572429621912398,-1.4596757803008333,2.3005502303008334,True,ok,,0.3,0.1,0.084
2020-11-22 13:00:00+00:00,0.048825795768049574,0.048825795768049574,1.2610704712079364,1.309896266975986,3.2572429621912398,3.2074207216115975,-0.7048360712079362,1.2610704712079364,True,ok,,0.3,0.1,0.084
2020-11-22 14:00:00+00:00,-0.7729384689808942,-0.7729384689808942,1.9934035235621597,1.2204650545812654,3.2074207216115975,3.964900421212874,-0.7918611235621597,1.9934035235621597,True,ok,,0.3,0.1,0.084
2020-11-22 15:00:00+00:00,-1.166284265972955,-1.166284265972955,2.0102791488401164,0.8439948828671613,3.964900421212874,5.10785900186637,-0.7686851488401163,2.0102791488401164,True,ok,,0.3,0.1,0.084
2020-11-22 16:00:00+00:00,1.9655913357868164,1.9655913357868164,5.959415183554029e-10,1.965591336382758,5.10785900186637,3.102153557185945,1.5175153994040584,5.959415952334935e-10,True,ok,,0.4,0.18,0.084
2020-11-22 17:00:00+00:00,0.6702679834291368,0.6702679834291368,0.011365207502078034,0.6816331909312149,3.102153557185945,2.4182066353194784,1.512945592497922,0.011365207502077984,True,ok,,0.4,0.18,0.084
2020-11-22 18:00:00+00:00,1.1884357718359058,1.1884357718359058,1.6427081916958741e-09,1.188435773478614,2.4182066353194784,1.2055170722216153,0.8600457983572918,1.6427082258937786e-09,True,ok,,0.4,0.18,0.084
2020-11-22 19:00:00+00:00,0.49400002721918423,0.49400002721918423,1.6427088023185377e-09,0.49400002886189304,1.2055170722216153,0.7014354117938763,0.6090503483572912,1.6427087946556847e-09,True,ok,,0.4,0.18,0.084
2020-11-22 20:00:00+00:00,-1.7008155110238508,-1.7008155110238508,1.9917177889173407,0.2909022778934901,0.7014354117938763,2.36823461259725,-1.586993148917341,1.991717788917341,True,ok,,0.2,0.07,0.084
2020-11-22 21:00:00+00:00,-1.3367355394529001,-1.3367355394529001,1.5228684004472388,0.18613286099433862,2.36823461259725,3.678235441261092,-1.0944276304472387,1.5228684004472388,True,ok,,0.2,0.07,0.084
2020-11-22 22:00:00+00:00,-1.0428544007765501,-1.0428544007765501,1.2193207062920515,0.17646630551550138,3.678235441261092,4.700232754022111,-0.8267347362920516,1.2193207062920515,True,ok,,0.2,0.07,0.084
2020-11-22 23:00:00+00:00,-0.8012552706313701,-0.8012552706313701,0.9971951593603597,0.1959398887289896,4.700232754022111,5.485462919240854,-0.7466122393603597,0.9971951593603597,True,ok,,0.2,0.07,0.084
2020-11-23 00:00:00+00:00,-1.0685107827989901,-1.0685107827989901,1.2261814769832935,0.15767069418430335,5.485462919240854,6.532603486383865,-1.1725746349832935,1.2261814769832935,True,ok,,0.2,0.07,0.084
2020-11-23 01:00:00+00:00,-0.7782593848680844,-0.7782593848680844,1.1203697728741895,0.34211038800610505,6.532603486383865,7.295297683554588,-1.1099351108741895,1.1203697728741895,True,ok,,0.2,0.07,0.084
2020-11-23 02:00:00+00:00,-0.13995542556415153,-0.13995542556415153,0.9246260397484246,0.7846706141842731,7.295297683554588,7.432454000607456,-0.8330805097484245,0.9246260397484246,True,ok,,0.2,0.07,0.084
2020-11-23 03:00:00+00:00,-0.5779561737417471,-0.5779561737417471,1.1170071478405887,0.5390509740988416,7.432454000607456,7.998851050874368,-0.9585712378405888,1.1170071478405887,True,ok,,0.2,0.07,0.084
2020-11-23 04:00:00+00:00,-1.446575022868756,-1.446575022868756,2.172412610802826,0.7258375879340703,7.998851050874368,9.41649457328575,-1.6591746108028258,2.172412610802826,True,ok,,0.2,0.07,0.084
2020-11-23 05:00:00+00:00,-0.010079098690016774,-0.010079098690016774,0.16691482107817815,0.15683572238816137,9.41649457328575,9.426372090001966,0.49136337892182175,0.16691482107817815,True,ok,,0.3,0.1,0.084
2020-11-23 06:00:00+00:00,0.8548055772617373,0.8548055772617373,2.319255898441952e-13,0.8548055772619693,9.426372090001966,8.554121500959376,0.5467143599997681,2.31890137844778e-13,True,ok,,0.3,0.1,0.084
2020-11-23 07:00:00+00:00,-0.20979711826715455,-0.20979711826715455,4.02021682305298e-07,-0.20979671624547225,8.554121500959376,8.759722676861188,0.5447813979783177,4.0202168231278053e-07,True,ok,,0.3,0.1,0.084
2020-11-23 08:00:00+00:00,-1.963145886263687,-1.963145886263687,-1.234568003383174e-13,-1.9631458862638105,8.759722676861188,10.6836056453996,-0.12571926999987654,-1.2344650908819835e-13,True,ok,,0.3,0.1,0.084
2020-11-23 09:00:00+00:00,-3.1799942393881637,-3.1799942393881637,-0.13518366386949499,-3.3151779032576587,10.6836056453996,13.8,-1.0922203564141197,-2.4358588055689257e-07,True,ok,,0.3,0.1,0.084
2020-11-23 10:00:00+00:00,-0.0,-0.0,-3.8798669144994,-3.8798669144994,13.8,13.8,3.616978586337319e-08,-0.7024983361697859,True,ok,,0.3,0.1,0.084
2020-11-23 11:00:00+00:00,-0.0,-0.0,-3.597965088517639,-3.597965088517639,13.8,13.8,9.217396427129845e-09,-0.8595967092173965,True,ok,,0.3,0.1,0.084
2020-11-23 12:00:00+00:00,-0.0,-0.0,-2.6237066884601723,-2.6237066884601723,13.8,13.8,-3.2832032773272236e-08,-0.42674608716796725,True,ok,,0.3,0.1,0.084
2020-11-23 13:00:00+00:00,-0.0,-0.0,-1.3669161431569254,-1.3669161431569254,13.8,13.8,-3.283199486698843e-08,-0.07642348716800512,True,ok,,0.3,0.1,0.084
2020-11-23 14:00:00+00:00,0.1885880334598004,0.1885880334598004,-1.0441329717503223e-08,0.1885880230184707,13.8,13.60756323116347,0.04436353544132973,-1.0441329730732099e-08,True,ok,,0.3,0.1,0.084
2020-11-23 15:00:00+00:00,1.4661990270790395,1.4661990270790395,-3.787878677385947e-09,1.4661990232911608,13.60756323116347,12.111441774960369,1.1853167037878787,-3.787878755705513e-09,True,ok,,0.3,0.1,0.084
2020-11-23 16:00:00+00:00,1.46636891962345,1.46636891962345,-1.1276591682651826e-07,1.4663688068575331,12.111441774960369,10.615146959018073,1.5613354127659167,-1.1276591675695232e-07,True,ok,,0.4,0.18,0.084
2020-11-23 17:00:00+00:00,0.8786465846895484,0.8786465846895484,-1.127652964338921e-07,0.8786464719242519,10.615146959018073,9.718568811375677,1.5479085127652965,-1.127652963978416e-07,True,ok,,0.4,0.18,0.084
2020-11-23 18:00:00+00:00,1.1539124474553044,1.1539124474553044,5.959377435971192e-10,1.1539124480512422,9.718568811375677,8.541107130298837,0.7163876994040623,5.95937665009243e-10,True,ok,,0.4,0.18,0.084
2020-11-23 19:00:00+00:00,0.7531724977861513,0.7531724977861513,1.6427046389821953e-09,0.7531724994288559,8.541107130298837,7.772563765210927,0.8566591983572954,1.6427045871305017e-09,True,ok,,0.4,0.18,0.084
2020-11-23 20:00:00+00:00,-0.3291620450349645,-0.3291620450349645,1.0098111004046602,0.6806490553696957,7.772563765210927,8.095142569345192,-0.43111390040466024,1.0098111004046602,True,ok,,0.2,0.07,0.084
2020-11-23 21:00:00+00:00,-0.6921445020161158,-0.6921445020161158,0.8740256683285453,0.18188116631242954,8.095142569345192,8.773444181320986,-0.4522905683285453,0.8740256683285453,True,ok,,0.2,0.07,0.084
2020-11-23 22:00:00+00:00,-0.17856673953969168,-0.17856673953969168,0.35106626704175153,0.17249952750205985,8.773444181320986,8.948439586069885,-0.3179934830417515,0.35106626704175153,True,ok,,0.2,0.07,0.084
2020-11-23 23:00:00+00:00,-0.2551422400241712,-0.2551422400241712,0.5526455188438906,0.2975032788197194,8.948439586069885,9.198478981293572,-0.5359788928438906,0.5526455188438906,True,ok,,0.2,0.07,0.084
2020-11-24 00:00:00+00:00,-0.3738195232200155,-0.3738195232200155,0.5526494397581482,0.17882991653813268,9.198478981293572,9.564822114049187,-0.7245591097581482,0.5526494397581482,True,ok,,0.2,0.07,0.084
2020-11-24 01:00:00+00:00,-0.5457357941324218,-0.5457357941324218,0.653149127410654,0.1074133332782322,9.564822114049187,10.099643192298961,-0.3636139074106541,0.653149127410654,True,ok,,0.2,0.07,0.084
2020-11-24 02:00:00+00:00,0.16523321832678683,0.16523321832678683,0.6394419464416432,0.80467516476843,10.099643192298961,9.931037867475709,-0.28771831644164325,0.6394419464416432,True,ok,,0.2,0.07,0.084
2020-11-24 03:00:00+00:00,-0.9016383873445056,-0.9016383873445056,1.1828308327206898,0.28119244537618415,9.931037867475709,10.814643487073324,-0.6223108327206898,1.1828308327206898,True,ok,,0.2,0.07,0.084
2020-11-24 04:00:00+00:00,-0.3041244895057461,-0.3041244895057461,0.6382519903206079,0.33412750081486176,10.814643487073324,11.112685486788955,-0.2976021203206079,0.6382519903206079,True,ok,,0.2,0.07,0.084
2020-11-24 05:00:00+00:00,0.17443091674116568,0.17443091674116568,-6.494804694057166e-15,0.17443091674115918,11.112685486788955,10.934694755420418,0.6621966600000065,-6.5070492529958295e-15,True,ok,,0.3,0.1,0.084
2020-11-24 06:00:00+00:00,0.7600927784575261,0.7600927784575261,9.658940314238862e-15,0.7600927784575358,10.934694755420418,10.15908987944335,0.6630438999999904,9.710382522769152e-15,True,ok,,0.3,0.1,0.084
2020-11-24 07:00:00+00:00,0.16981791958495962,0.16981791958495962,4.02022801659907e-07,0.16981832160776128,10.15908987944335,9.985806288030126,0.9071804479771982,4.020228016613792e-07,True,ok,,0.3,0.1,0.084
2020-11-24 08:00:00+00:00,0.008055636255860952,0.008055636255860952,4.020218637452305e-07,0.008056038277724697,9.985806288030126,9.97758625103435,0.4635952679781362,4.020218637458916e-07,True,ok,,0.3,0.1,0.084
2020-11-24 09:00:00+00:00,-0.13277143202939556,-0.13277143202939556,-2.917110997202599e-14,-0.13277143202942474,9.97758625103435,10.107702254423158,-0.05569064299997083,-2.9168322583069104e-14,True,ok,,0.3,0.1,0.084
2020-11-24 10:00:00+00:00,0.08119247131045929,0.08119247131045929,2.1094237467877974e-15,0.0811924713104614,10.107702254423158,10.024852793902282,-0.17179156000000212,2.1131495434802876e-15,True,ok,,0.3,0.1,0.084
2020-11-24 11:00:00+00:00,-0.8770697874904037,-0.8770697874904037,-9.547918011776346e-15,-0.8770697874904132,10.024852793902282,10.884381185642876,-0.18893129999999048,-9.516306383336007e-15,True,ok,,0.3,0.1,0.084
2020-11-24 12:00:00+00:00,-0.7494739006764652,-0.7494739006764652,-2.4341024362772856e-07,-0.7494741440867089,10.884381185642876,11.618865608305812,-0.1558614765897564,-2.434102435949796e-07,True,ok,,0.3,0.1,0.084
2020-11-24 13:00:00+00:00,-1.6303108950477692,-1.6303108950477692,-2.1760371282653068e-14,-1.630310895047791,11.618865608305812,13.216570285452626,0.11721150000002171,-2.1713330224512966e-14,True,ok,,0.3,0.1,0.084
2020-11-24 14:00:00+00:00,0.008802911293554875,0.008802911293554875,-1.0441276183936754e-08,0.008802900852278691,13.216570285452626,13.207587722908182,0.13611360044127616,-1.04412761842136e-08,True,ok,,0.3,0.1,0.084
2020-11-24 15:00:00+00:00,1.8065829868388732,1.8065829868388732,-1.0441264741700707e-08,1.8065829763976085,13.207587722908182,11.364135695521576,1.0111076804412646,-1.0441264692630827e-08,True,ok,,0.3,0.1,0.084
2020-11-24 16:00:00+00:00,1.4558711289102906,1.4558711289102906,-2.428043306412775e-07,1.45587088610596,11.364135695521576,9.878552910919238,1.7595091428043306,-2.428043305752426e-07,True,ok,,0.4,0.18,0.084
2020-11-24 17:00:00+00:00,1.0944392124897508,1.0944392124897508,-2.4280345378713264e-07,1.094438969686297,9.878552910919238,8.761778204297043,1.6570175428034537,-2.4280345385737375e-07,True,ok,,0.4,0.18,0.084
2020-11-24 18:00:00+00:00,1.345401903315825,1.345401903315825,-4.0909093890206805e-08,1.3454018624067312,8.761778204297043,7.388919119280895,1.071448540909094,-4.090909397226823e-08,True,ok,,0.4,0.18,0.084
2020-11-24 19:00:00+00:00,0.7409107542873893,0.7409107542873893,-1.1276551137306967e-07,0.7409106415218779,7.388919119280895,6.632887737354988,0.9317160527655114,-1.1276551139454178e-07,True,ok,,0.4,0.18,0.084
2020-11-24 20:00:00+00:00,-0.17003427098513935,-0.17003427098513935,0.8632026594922404,0.693168388507101,6.632887737354988,6.799521322920424,-0.08058655949224046,0.8632026594922404,True,ok,,0.2,0.07,0.084
2020-11-24 21:00:00+00:00,0.3839744784231128,0.3839744784231128,0.2360754666531925,0.6200499450763053,6.799521322920424,6.407710630651942,0.07619168334680748,0.2360754666531925,True,ok,,0.2,0.07,0.084
2020-11-24 22:00:00+00:00,-0.24564192873493118,-0.24564192873493118,0.3826125120413497,0.13697058330641854,6.407710630651942,6.648439720812174,0.01723388795865025,0.3826125120413497,True,ok,,0.2,0.07,0.084
2020-11-24 23:00:00+00:00,-0.023197400522384615,-0.023197400522384615,0.2418774004752306,0.21867999995284598,6.648439720812174,6.671173173324111,0.009999799524769355,0.2418774004752306,True,ok,,0.2,0.07,0.084
2020-11-25 00:00:00+00:00,-0.3289832529253144,-0.3289832529253144,0.438892947741321,0.10990969481600658,6.671173173324111,6.993576761190919,-0.056080947741321004,0.438892947741321,True,ok,,0.2,0.07,0.084
2020-11-25 01:00:00+00:00,0.013764562140554715,0.013764562140554715,0.16774096545379968,0.1815055275943544,6.993576761190919,6.979531289618925,-0.03889213545379969,0.16774096545379968,True,ok,,0.2,0.07,0.084
2020-11-25 02:00:00+00:00,0.46886327268698214,0.46886327268698214,0.32358703451535675,0.7924503072023389,6.979531289618925,6.501099378713842,0.10846136548464325,0.32358703451535675,True,ok,,0.2,0.07,0.084
2020-11-25 03:00:00+00:00,0.3982423406354254,0.3982423406354254,0.21463741054087826,0.6128797511763037,6.501099378713842,6.09472964337157,0.14043168945912174,0.21463741054087826,True,ok,,0.2,0.07,0.084
2020-11-25 04:00:00+00:00,-0.5522694672235161,-0.5522694672235161,1.3321905216688885,0.7799210544453724,6.09472964337157,6.635953721250616,-0.6490684216688886,1.3321905216688885,True,ok,,0.2,0.07,0.084
2020-11-25 05:00:00+00:00,0.22569829039328024,0.22569829039328024,0.056990235500673087,0.2826885258939533,6.635953721250616,6.40564934329829,0.6424553644993269,0.05699023550067308,True,ok,,0.3,0.1,0.084
2020-11-25 06:00:00+00:00,1.561609116595076,1.561609116595076,1.709743457922741e-14,1.5616091165950932,6.40564934329829,4.812170652895151,1.0555646999999828,1.7133595040271016e-14,True,ok,,0.3,0.1,0.084
2020-11-25 07:00:00+00:00,-0.8384619204546316,-0.8384619204546316,0.9766128727093074,0.1381509522546758,4.812170652895151,5.63386333494069,0.1841203272906925,0.9766128727093074,True,ok,,0.3,0.1,0.084
2020-11-25 08:00:00+00:00,-1.597829711968508,-1.597829711968508,0.06269952902054188,-1.5351301829479662,5.63386333494069,7.199736452669828,0.0653481109794581,0.06269952902054189,True,ok,,0.3,0.1,0.084
2020-11-25 09:00:00+00:00,-2.504595639037663,-2.504595639037663,-0.07244312832790589,-2.577038767365569,7.199736452669828,9.654240178926738,-0.9728739716720939,-0.07244312832790592,True,ok,,0.3,0.1,0.084
2020-11-25 10:00:00+00:00,-2.363697027197531,-2.363697027197531,-1.1560717244668317,-3.5197687516643628,9.654240178926738,11.970663265580319,-0.6310215755331682,-1.1560717244668317,True,ok,,0.3,0.1,0.084
2020-11-25 11:00:00+00:00,-1.8666701371629408,-1.8666701371629408,-1.7887445007996712,-3.655414637962612,11.970663265580319,13.8,-2.3390811832049695e-07,-1.3929091660918818,True,ok,,0.3,0.1,0.084
2020-11-25 12:00:00+00:00,-0.0,-0.0,-2.2956053349747956,-2.2956053349747956,13.8,13.8,9.217458253179921e-09,-1.3637139092174584,True,ok,,0.3,0.1,0.084
2020-11-25 13:00:00+00:00,-0.0,-0.0,-1.7113589021098112,-1.7113589021098112,13.8,13.8,9.21738626406768e-09,-0.9875688092173863,True,ok,,0.3,0.1,0.084
2020-11-25 14:00:00+00:00,0.7837204934038853,0.7837204934038853,-0.46873772716795997,0.3149827662359253,13.8,13.000285210812363,-3.283203997230102e-08,-0.46873772716796,True,ok,,0.3,0.1,0.084
2020-11-25 15:00:00+00:00,1.7923022858029478,1.7923022858029478,-1.0441263187388472e-08,1.7923022753616846,13.000285210812363,11.171405327339967,1.2430210104412631,-1.0441263257356507e-08,True,ok,,0.3,0.1,0.084
2020-11-25 16:00:00+00:00,1.3197147984912523,1.3197147984912523,-2.4284096533655486e-07,1.319714555650287,11.171405327339967,9.824757573777465,1.9518336428409655,-2.4284096539482993e-07,True,ok,,0.4,0.18,0.084
2020-11-25 17:00:00+00:00,1.2764931041866336,1.2764931041866336,-2.428124148412536e-07,1.2764928613742188,9.824757573777465,8.522213589913553,1.5364825428124147,-2.428124147812357e-07,True,ok,,0.4,0.18,0.084
2020-11-25 18:00:00+00:00,1.3798432713328699,1.3798432713328699,-0.08868193924747159,1.2911613320853983,8.522213589913553,7.114210251818788,1.0017095392474715,-0.08868193924747149,True,ok,,0.4,0.18,0.084
2020-11-25 19:00:00+00:00,0.39223360508380345,0.39223360508380345,-2.428038056723203e-07,0.3922333622799978,7.114210251818788,6.713971879284294,0.9256136428038056,-2.428038056880478e-07,True,ok,,0.4,0.18,0.084
2020-11-25 20:00:00+00:00,0.6608955528016935,0.6608955528016935,2.2567417379271149e-07,0.6608957784758673,6.713971879284294,6.039588662139709,0.3944514343258262,2.2567417381788388e-07,True,ok,,0.2,0.07,0.084
2020-11-25 21:00:00+00:00,0.11978060773697972,0.11978060773697972,2.256742368395015e-07,0.11978083341121656,6.039588662139709,5.917363552204015,0.49546919432576314,2.2567423684467155e-07,True,ok,,0.2,0.07,0.084
2020-11-25 22:00:00+00:00,0.1844979409190088,0.1844979409190088,2.2567390703387424e-07,0.18449816659291585,5.917363552204015,5.729100347184618,0.19594194432609296,2.2567390703274994e-07,True,ok,,0.2,0.07,0.084
2020-11-25 23:00:00+00:00,0.12676913533185377,0.12676913533185377,2.2567403518136686e-07,0.12676936100588895,5.729100347184618,5.59974408664191,0.2786415743259648,2.2567403517713768e-07,True,ok,,0.2,0.07,0.084
2020-11-26 00:00:00+00:00,0.1587462808025934,0.1587462808025934,-5.847080483678546e-08,0.15874622233178856,5.59974408664191,5.437758085822937,-0.026648775529195163,-5.847080483813792e-08,True,ok,,0.2,0.07,0.084
2020-11-26 01:00:00+00:00,0.1578192468800061,0.1578192468800061,2.2567398882955558e-07,0.15781947255399492,5.437758085822937,5.276718037986196,0.2623395543260112,2.2567398882230255e-07,True,ok,,0.2,0.07,0.084
2020-11-26 02:00:00+00:00,0.8429855527502808,0.8429855527502808,2.2567419388774823e-07,0.8429857784244746,5.276718037986196,4.416528698445093,0.42315721432580616,2.256741938512536e-07,True,ok,,0.2,0.07,0.084
2020-11-26 03:00:00+00:00,0.16126094102806526,0.16126094102806526,2.256743111550552e-07,0.16126116670237642,4.416528698445093,4.251976717804211,0.4699117043256888,2.2567431115466523e-07,True,ok,,0.2,0.07,0.084
2020-11-26 04:00:00+00:00,0.5287729121920752,0.5287729121920752,2.2567405089102266e-07,0.5287731378661261,4.251976717804211,3.7124125216898483,0.3017980243259491,2.2567405092447122e-07,True,ok,,0.2,0.07,0.084
2020-11-26 05:00:00+00:00,0.7951597849837585,0.7951597849837585,-5.1463608929935845e-09,0.7951597798373976,3.7124125216898483,2.9010249859921355,0.5665476051463609,-5.146360884108639e-09,True,ok,,0.3,0.1,0.084
2020-11-26 06:00:00+00:00,1.8867114755789618,1.8867114755789618,-1.709743457922741e-14,1.8867114755789447,2.9010249859921355,0.9758091945850316,0.9579044000000172,-1.7187488512908842e-14,True,ok,,0.3,0.1,0.084
2020-11-26 07:00:00+00:00,-0.4277113285416362,-0.4277113285416362,0.7861781600130905,0.3584668314714543,0.9758091945850316,1.3949662965558352,0.14999003998690946,0.7861781600130905,True,ok,,0.3,0.1,0.084
2020-11-26 08:00:00+00:00,-0.23877560827256303,-0.23877560827256303,0.11872487287593708,-0.12005073539662595,1.3949662965558352,1.628966392662947,0.06181426712406291,0.11872487287593708,True,ok,,0.3,0.1,0.084
2020-11-26 09:00:00+00:00,0.12396164517465126,0.12396164517465126,2.9166688786386175e-09,0.12396164809132014,1.628966392662947,1.5024749179949355,-0.6572145029166689,2.9166688786661597e-09,True,ok,,0.3,0.1,0.084
2020-11-26 10:00:00+00:00,-0.28407984538880804,-0.28407984538880804,0.18054347907719098,-0.10353636631161706,1.5024749179949355,1.7808731664759674,-0.925077049077191,0.18054347907719095,True,ok,,0.3,0.1,0.084
2020-11-26 11:00:00+00:00,-0.22419014872538212,-0.22419014872538212,0.13687864499797356,-0.08731150372740856,1.7808731664759674,2.000579512226842,-0.9315749949979736,0.13687864499797356,True,ok,,0.3,0.1,0.084
2020-11-26 12:00:00+00:00,0.3743612688233416,0.3743612688233416,0.4832901516745532,0.8576514204978948,2.000579512226842,1.6185782175091465,-0.9345237916745532,0.4832901516745532,True,ok,,0.3,0.1,0.084
2020-11-26 13:00:00+00:00,-1.149737444591863,-1.149737444591863,1.87662512596875,0.7268876813768872,1.6185782175091465,2.7453209132091723,-1.33556682596875,1.87662512596875,True,ok,,0.3,0.1,0.084
2020-11-26 14:00:00+00:00,-1.1541385709679313,-1.1541385709679313,2.4083663397820847,1.2542277688141534,2.7453209132091723,3.876376712757745,-1.1085631397820848,2.4083663397820847,True,ok,,0.3,0.1,0.084
2020-11-26 15:00:00+00:00,-0.7620370236880358,-0.7620370236880358,1.9855807846816906,1.2235437609936548,3.876376712757745,4.62317299597202,-0.2951563846816906,1.9855807846816906,True,ok,,0.3,0.1,0.084
2020-11-26 16:00:00+00:00,1.5385924152821955,1.5385924152821955,1.642702862625356e-09,1.5385924169248983,4.62317299597202,3.053180735479984,1.675705598357297,1.6427029217046725e-09,True,ok,,0.4,0.18,0.084
2020-11-26 17:00:00+00:00,1.611780415865816,1.611780415865816,1.64273505909307e-09,1.611780417508551,3.053180735479984,1.4085068417393551,1.6623427983572647,1.6427350849050663e-09,True,ok,,0.4,0.18,0.084
2020-11-26 18:00:00+00:00,0.628235994954689,0.628235994954689,0.21562503383578502,0.843861028790474,1.4085068417393551,0.7674497040304888,0.8476825661642152,0.21562503383578502,True,ok,,0.4,0.18,0.084
2020-11-26 19:00:00+00:00,0.2546581646095252,0.2546581646095252,1.6427167404131637e-09,0.2546581662522419,0.7674497040304888,0.5075944340207692,0.6431580983572832,1.6427167499803167e-09,True,ok,,0.4,0.18,0.084
2020-11-26 20:00:00+00:00,0.004516114041861363,0.004516114041861363,0.6559590818878799,0.6604751959297412,0.5075944340207692,0.5029861543862167,-0.1883482118878799,0.6559590818878799,True,ok,,0.2,0.07,0.084
2020-11-26 21:00:00+00:00,-0.9823674610921261,-0.9823674610921261,1.5951943206404822,0.612826859548356,0.5029861543862167,1.4657062662565004,-1.312433620640482,1.5951943206404822,True,ok,,0.2,0.07,0.084
2020-11-26 22:00:00+00:00,-1.3487828008457756,-1.3487828008457756,1.5062076064127754,0.15742480556699975,1.4657062662565004,2.7875134110853605,-1.1465296264127753,1.5062076064127754,True,ok,,0.2,0.07,0.084
2020-11-26 23:00:00+00:00,-0.8471662980886461,-0.8471662980886461,1.0210790204484093,0.17391272235976316,2.7875134110853605,3.617736383212234,-1.075273570448409,1.0210790204484093,True,ok,,0.2,0.07,0.084
2020-11-27 00:00:00+00:00,-1.2516766917499589,-1.2516766917499589,1.396727108124165,0.14505041637420624,3.617736383212234,4.844379541127194,-1.0632484381241654,1.3967271081241652,True,ok,,0.2,0.07,0.084
2020-11-27 01:00:00+00:00,-0.9646276913261247,-0.9646276913261247,1.241426968033033,0.27679927670690835,4.844379541127194,5.789714678626796,-0.913702268033033,1.241426968033033,True,ok,,0.2,0.07,0.084
2020-11-27 02:00:00+00:00,-0.3955768167613777,-0.3955768167613777,1.0213440958247062,0.6257672790633285,5.789714678626796,6.177379959052946,-0.6462761358247062,1.0213440958247062,True,ok,,0.2,0.07,0.084
2020-11-27 03:00:00+00:00,-0.5774503413055678,-0.5774503413055678,1.4988717845056774,0.9214214432001095,6.177379959052946,6.7432812935324025,-1.2485766145056774,1.4988717845056774,True,ok,,0.2,0.07,0.084
2020-11-27 04:00:00+00:00,-2.4953232597759505,-2.4953232597759505,2.818048760145023,0.32272550036907255,6.7432812935324025,9.188698088112833,-2.050597360145023,2.818048760145023,True,ok,,0.2,0.07,0.084
2020-11-27 05:00:00+00:00,0.2263094459818937,0.2263094459818937,-1.8669965018425216e-09,0.2263094441148972,9.188698088112833,8.95777008200886,0.5612998018669966,-1.866996502710764e-09,True,ok,,0.3,0.1,0.084
2020-11-27 06:00:00+00:00,1.0427227829315546,1.0427227829315546,-5.14635845050293e-09,1.0427227777851962,8.95777008200886,7.8937672422827845,0.7668665051463586,-5.1463585132328065e-09,True,ok,,0.3,0.1,0.084
2020-11-27 07:00:00+00:00,-0.06623216005154264,-0.06623216005154264,0.2849273277391122,0.21869516768756958,7.8937672422827845,7.958674759133296,0.40452877226088774,0.2849273277391122,True,ok,,0.3,0.1,0.084
2020-11-27 08:00:00+00:00,0.00022631330444189413,0.00022631330444189413,0.07764886932245424,0.07787518262689613,7.958674759133296,7.9584438271899876,0.14558622067754579,0.07764886932245424,True,ok,,0.3,0.1,0.084
2020-11-27 09:00:00+00:00,-0.1336221787549662,-0.1336221787549662,1.3128387266192476e-14,-0.13362217875495308,7.9584438271899876,8.089393562369855,-0.1917946500000131,1.3117237114319314e-14,True,ok,,0.3,0.1,0.084
2020-11-27 10:00:00+00:00,-0.6431247017512888,-0.6431247017512888,0.007672159822284752,-0.635452541929004,8.089393562369855,8.719655770086117,0.007878347177715276,0.007672159822284725,True,ok,,0.3,0.1,0.084
2020-11-27 11:00:00+00:00,-3.404061110160473,-3.404061110160473,1.0581069354032024e-09,-3.4040611091023663,8.719655770086117,12.05563565804338,-0.053700685058106934,1.0581069295967883e-09,True,ok,,0.3,0.1,0.084
2020-11-27 12:00:00+00:00,-1.4076716813285346,-1.4076716813285346,-3.397282455352979e-14,-1.4076716813285686,12.05563565804338,13.435153905745345,-0.16516933999996594,-3.4065423438344443e-14,True,ok,,0.3,0.1,0.084
2020-11-27 13:00:00+00:00,-0.3722919329129139,-0.3722919329129139,-0.981988229284231,-1.354280162197145,13.435153905745345,13.8,-2.3390705714701972e-07,-0.3454123360929429,True,ok,,0.3,0.1,0.084
2020-11-27 14:00:00+00:00,0.5660009147073857,0.5660009147073857,-0.24971038716796895,0.3162905275394167,13.8,13.222448046216954,-3.283203109915278e-08,-0.2497103871679689,True,ok,,0.3,0.1,0.084
2020-11-27 15:00:00+00:00,1.5131575314999421,1.5131575314999421,-1.0441261855120842e-08,1.5131575210586803,13.222448046216954,11.678409748768033,0.8085968704412618,-1.0441261896668371e-08,True,ok,,0.3,0.1,0.084
2020-11-27 16:00:00+00:00,1.3006607780039536,1.3006607780039536,-1.1273028821534581e-07,1.3006606652736654,11.678409748768033,10.351204873253794,1.4186938127302884,-1.1273028826420039e-07,True,ok,,0.4,0.18,0.084
2020-11-27 17:00:00+00:00,1.7049417516974361,1.7049417516974361,5.959404081323783e-10,1.7049417522933765,10.351204873253794,8.61146839192988,1.4665699994040595,5.959403341386603e-10,True,ok,,0.4,0.18,0.084
2020-11-27 18:00:00+00:00,1.20114432719522,1.20114432719522,1.6427035287591707e-09,1.2011443288379235,8.61146839192988,7.385810915200063,0.7374009383572965,1.6427035641586177e-09,True,ok,,0.4,0.18,0.084
2020-11-27 19:00:00+00:00,0.9763180524641668,0.9763180524641668,5.95941074266193e-10,0.9763180530601079,7.385810915200063,6.389568004522341,0.765303159404059,5.95941039294326e-10,True,ok,,0.4,0.18,0.084
2020-11-27 20:00:00+00:00,-0.6833266467453458,-0.6833266467453458,0.9010078134233506,0.21768116667800472,6.389568004522341,7.05922811833278,-0.5612061434233506,0.9010078134233506,True,ok,,0.2,0.07,0.084
2020-11-27 21:00:00+00:00,-0.16903014117474036,-0.16903014117474036,0.6743411409364275,0.5053109997616871,7.05922811833278,7.224877656684026,-0.6364660509364275,0.6743411409364275,True,ok,,0.2,0.07,0.084
2020-11-27 22:00:00+00:00,-0.2467151983235215,-0.2467151983235215,0.7910630575710476,0.544347859247526,7.224877656684026,7.466658551041077,-0.7297570275710475,0.7910630575710476,True,ok,,0.2,0.07,0.084
2020-11-27 23:00:00+00:00,-0.607904907520392,-0.607904907520392,0.7786665185502285,0.17076161102983659,7.466658551041077,8.062405360411061,-0.8715047485502285,0.7786665185502285,True,ok,,0.2,0.07,0.084
2020-11-28 00:00:00+00:00,-0.7208893839034377,-0.7208893839034377,0.8674036614622942,0.14651427755885646,8.062405360411061,8.76887695663643,-1.0593556314622943,0.8674036614622942,True,ok,,0.2,0.07,0.084
2020-11-28 01:00:00+00:00,-1.1168485813425681,-1.1168485813425681,1.2512943867464894,0.13444580540392123,8.76887695663643,9.863388566352146,-1.0834276767464894,1.2512943867464894,True,ok,,0.2,0.07,0.084
2020-11-28 02:00:00+00:00,-1.0508336545033805,-1.0508336545033805,1.2503197378069377,0.19948608330355716,9.863388566352146,10.89320554776546,-0.7801188078069377,1.2503197378069377,True,ok,,0.2,0.07,0.084
2020-11-28 03:00:00+00:00,-0.2042142825383444,-0.2042142825383444,0.9413101165657403,0.7370958340273959,10.89320554776546,11.093335544653037,-0.6330360365657403,0.9413101165657403,True,ok,,0.2,0.07,0.084
2020-11-28 04:00:00+00:00,0.03464045775505531,0.03464045775505531,0.3840887624100913,0.41872922016514663,11.093335544653037,11.057988138780532,0.23145078758990864,0.3840887624100913,True,ok,,0.2,0.07,0.084
2020-11-28 05:00:00+00:00,0.37288537086758217,0.37288537086758217,-1.044120812032645e-08,0.37288536042637405,11.057988138780532,10.67749286238504,0.46999411044120815,-1.0441208136730293e-08,True,ok,,0.3,0.1,0.084
2020-11-28 06:00:00+00:00,0.14588305558628326,0.14588305558628326,1.7763568394002505e-15,0.14588305558628503,10.67749286238504,10.52863260158271,1.072752199999998,1.7701100171718957e-15,True,ok,,0.3,0.1,0.084
2020-11-28 07:00:00+00:00,1.0914360416112205,1.0914360416112205,-3.787878899430552e-09,1.0914360378233416,10.52863260158271,9.414922355040648,0.31590320378787895,-3.787878924646523e-09,True,ok,,0.3,0.1,0.084
2020-11-28 08:00:00+00:00,5.0,5.0,0.6774211811433837,5.677421181143384,9.414922355040648,4.312881538714118,0.4614214980049991,4.019950008783919e-07,True,ok,,0.3,0.1,0.084
2020-11-28 09:00:00+00:00,-0.752009742454496,-0.752009742454496,2.603213483376469,1.8512037409219728,4.312881538714118,5.049851086319524,-0.22327248337646924,2.603213483376469,True,ok,,0.3,0.1,0.084
2020-11-28 10:00:00+00:00,-0.5802786481234039,-0.5802786481234039,1.7357318494285858,1.155453201305182,5.049851086319524,5.61852416148046,-0.31694794942858584,1.7357318494285858,True,ok,,0.3,0.1,0.084
2020-11-28 11:00:00+00:00,-0.33666837432443575,-0.33666837432443575,1.177741494536534,0.8410731202120983,5.61852416148046,5.948459168318407,-0.23772259453653405,1.177741494536534,True,ok,,0.3,0.1,0.084
2020-11-28 12:00:00+00:00,0.6437715110001966,0.6437715110001966,0.6194476074362559,1.2632191184364525,5.948459168318407,5.291549463216166,-0.15796237743625588,0.6194476074362559,True,ok,,0.3,0.1,0.084
2020-11-28 13:00:00+00:00,-0.7500486710919668,-0.7500486710919668,1.613600263821434,0.8635515927294671,5.291549463216166,6.026597160886293,-0.444270163821434,1.613600263821434,True,ok,,0.3,0.1,0.084
2020-11-28 14:00:00+00:00,-0.4875583996877799,-0.4875583996877799,1.1977074280688589,0.710149028381079,6.026597160886293,6.504404392580318,-0.355261998068859,1.1977074280688589,True,ok,,0.3,0.1,0.084
2020-11-28 15:00:00+00:00,-0.19532885659777233,-0.19532885659777233,1.0840906851145904,0.8887618285168181,6.504404392580318,6.695826672046135,0.3083493148854098,1.0840906851145904,True,ok,,0.3,0.1,0.084
2020-11-28 16:00:00+00:00,0.8261117505649395,0.8261117505649395,0.06250455517573572,0.8886163057406752,6.695826672046135,5.852855498000278,1.6770928448242644,0.06250455517573575,True,ok,,0.4,0.18,0.084
2020-11-28 17:00:00+00:00,1.4898921429313514,1.4898921429313514,1.6427093019188987e-09,1.4898921445740607,5.852855498000278,4.332557392968287,1.6585932983572906,1.6427092661173636e-09,True,ok,,0.4,0.18,0.084
2020-11-28 18:00:00+00:00,1.264650748901628,1.264650748901628,1.642708413740479e-09,1.2646507505443365,4.332557392968287,3.0420974451094827,1.3772416983572917,1.6427084747686003e-09,True,ok,,0.4,0.18,0.084
2020-11-28 19:00:00+00:00,0.22938633155795787,0.22938633155795787,1.642708413740479e-09,0.2293863332006663,3.0420974451094827,2.8080297598462605,1.3393296983572915,1.6427084144874957e-09,True,ok,,0.4,0.18,0.084
2020-11-28 20:00:00+00:00,-0.7693285260956927,-0.7693285260956927,1.4583094137948205,0.6889808876991278,2.8080297598462605,3.5619717154200394,-0.8963047137948206,1.4583094137948205,True,ok,,0.2,0.07,0.084
2020-11-28 21:00:00+00:00,-1.0242838391971334,-1.0242838391971334,1.2721747830819832,0.24789094388484975,3.5619717154200394,4.56576987783323,-1.092959483081983,1.2721747830819832,True,ok,,0.2,0.07,0.084
2020-11-28 22:00:00+00:00,-0.4998558045783771,-0.4998558045783771,1.1703394998787973,0.6704836953004202,4.56576987783323,5.055628566320039,-1.1376960668787974,1.1703394998787973,True,ok,,0.2,0.07,0.084
2020-11-28 23:00:00+00:00,-0.934690276875343,-0.934690276875343,1.1423963881607646,0.2077061112854216,5.055628566320039,5.9716250376578754,-1.2485239181607648,1.1423963881607646,True,ok,,0.2,0.07,0.084
2020-11-29 00:00:00+00:00,-1.144263294910273,-1.144263294910273,1.2533348503816932,0.10907155547142039,5.9716250376578754,7.093003066669943,-1.3374390403816934,1.2533348503816932,True,ok,,0.2,0.07,0.084
2020-11-29 01:00:00+00:00,-1.1662402799966114,-1.1662402799966114,1.3187547243160185,0.15251444431940717,7.093003066669943,8.235918541066622,-1.4466361943160184,1.3187547243160185,True,ok,,0.2,0.07,0.084
2020-11-29 02:00:00+00:00,-1.2876219474688755,-1.2876219474688755,1.4833168364527078,0.19569488898383247,8.235918541066622,9.49778804958612,-1.616523566452708,1.483316836452708,True,ok,,0.2,0.07,0.084
2020-11-29 03:00:00+00:00,-1.0093026784380732,-1.0093026784380732,1.4484253168808547,0.4391226384427816,9.49778804958612,10.486904674455431,-1.3577067168808548,1.4484253168808547,True,ok,,0.2,0.07,0.084
2020-11-29 04:00:00+00:00,0.2824130460457718,0.2824130460457718,0.7291585943768376,1.0115716404226094,10.486904674455431,10.198728096857705,-0.2698445943768376,0.7291585943768376,True,ok,,0.2,0.07,0.084
2020-11-29 05:00:00+00:00,0.24640537419751218,0.24640537419751218,0.16083018016118178,0.40723555435869396,10.198728096857705,9.947294041554121,0.43133991983881825,0.16083018016118178,True,ok,,0.3,0.1,0.084
2020-11-29 06:00:00+00:00,1.4136396421592516,1.4136396421592516,0.013824556083041895,1.4274641982422935,9.947294041554121,8.504804610779374,0.3885176039169581,0.013824556083041901,True,ok,,0.3,0.1,0.084
2020-11-29 07:00:00+00:00,1.0244718699152942,1.0244718699152942,0.3782853450283652,1.4027572149436593,8.504804610779374,7.459425151682135,0.6786865549716349,0.37828534502836514,True,ok,,0.3,0.1,0.084
2020-11-29 08:00:00+00:00,0.5539555875175867,0.5539555875175867,0.29126938849823625,0.8452249760158229,7.459425151682135,6.894164348092761,0.29483126150176375,0.29126938849823625,True,ok,,0.3,0.1,0.084
2020-11-29 09:00:00+00:00,0.10200457053513722,0.10200457053513722,0.10275613203733407,0.20476070257247128,6.894164348092761,6.790078051628335,0.08582536796266595,0.10275613203733407,True,ok,,0.3,0.1,0.084
2020-11-29 10:00:00+00:00,0.05466880752243415,0.05466880752243415,1.058105381090968e-09,0.05466880858053953,6.790078051628335,6.734293554156463,-0.4872871410581054,1.0581053832471292e-09,True,ok,,0.3,0.1,0.084
2020-11-29 11:00:00+00:00,-0.341202806187869,-0.341202806187869,2.916658359275459e-09,-0.34120280327121066,6.734293554156463,7.068672304220574,-0.7230653029166584,2.9166583595114136e-09,True,ok,,0.3,0.1,0.084
2020-11-29 12:00:00+00:00,-1.452311281955194,-1.452311281955194,2.9163780279617413e-09,-1.452311279038816,7.068672304220574,8.491937360536664,-0.7095431029163779,2.9163779570476748e-09,True,ok,,0.3,0.1,0.084
2020-11-29 13:00:00+00:00,-0.0491311637178245,-0.0491311637178245,-4.433953204596719e-14,-0.04913116371786884,8.491937360536664,8.54008590098013,-0.6137803999999557,-4.434175579645607e-14,True,ok,,0.3,0.1,0.084
2020-11-29 14:00:00+00:00,0.2466363394535972,0.2466363394535972,4.020219875611186e-07,0.24663674147558476,8.54008590098013,8.288416166843808,0.3893063279780124,4.0202198754765715e-07,True,ok,,0.3,0.1,0.084
2020-11-29 15:00:00+00:00,0.9245032925227171,0.9245032925227171,4.020198961507404e-07,0.9245036945426133,8.288416166843808,7.345045460187974,0.9434662979801038,4.0201989620222773e-07,True,ok,,0.3,0.1,0.084
2020-11-29 16:00:00+00:00,1.808381141641144,1.808381141641144,1.6426986437778623e-09,1.8083811432838426,7.345045460187974,5.499758580962316,1.7595131983573014,1.6426986316829325e-09,True,ok,,0.4,0.18,0.084
2020-11-29 17:00:00+00:00,1.1886249178051829,1.1886249178051829,-1.1276535327731096e-07,1.1886248050398296,5.499758580962316,4.286876011773354,1.6375987127653533,-1.1276535329593283e-07,True,ok,,0.4,0.18,0.084
2020-11-29 18:00:00+00:00,1.052365362557822,1.052365362557822,-1.127650890442311e-07,1.052365249792733,4.286876011773354,3.2130338050816993,1.3827423127650889,-1.1276508907119764e-07,True,ok,,0.4,0.18,0.084
2020-11-29 19:00:00+00:00,0.6904277772397497,0.6904277772397497,1.6427005311570042e-09,0.6904277788824502,3.2130338050816993,2.5085156650411387,1.2534445983572997,1.642700504642993e-09,True,ok,,0.4,0.18,0.084
2020-11-29 20:00:00+00:00,-0.38671620555190034,-0.38671620555190034,0.8970856199529542,0.5103694144010539,2.5085156650411387,2.8874975464820007,-0.20397135995295412,0.8970856199529542,True,ok,,0.2,0.07,0.084
2020-11-29 21:00:00+00:00,0.009931159950602786,0.009931159950602786,0.5719668946120715,0.5818980545626743,2.8874975464820007,2.877363709797712,-0.11549936461207144,0.5719668946120715,True,ok,,0.2,0.07,0.084
2020-11-29 22:00:00+00:00,-0.21400383435744544,-0.21400383435744544,0.3794620842946088,0.16545824993716338,2.877363709797712,3.0870874674680087,0.03003151570539117,0.3794620842946088,True,ok,,0.2,0.07,0.084
2020-11-29 23:00:00+00:00,-0.14734811058850072,-0.14734811058850072,0.32875711080244163,0.1814090002139409,3.0870874674680087,3.2314886158447393,-0.14168343080244164,0.32875711080244163,True,ok,,0.2,0.07,0.084
2020-11-30 00:00:00+00:00,-0.5085450076086747,-0.5085450076086747,0.6535978410810326,0.14505283347235784,3.2314886158447393,3.7298627233012405,-0.24899909108103255,0.6535978410810326,True,ok,,0.2,0.07,0.084
2020-11-30 01:00:00+00:00,-0.5127696184269084,-0.5127696184269084,0.6985973405233514,0.1858277220964431,3.7298627233012405,4.232376949359611,-0.3699231805233514,0.6985973405233514,True,ok,,0.2,0.07,0.084
2020-11-30 02:00:00+00:00,0.1787085963185755,0.1787085963185755,0.5947997926484085,0.773508388966984,4.232376949359611,4.050021238830452,-0.19341849264840855,0.5947997926484085,True,ok,,0.2,0.07,0.084
2020-11-30 03:00:00+00:00,0.8468098582691278,0.8468098582691278,0.2294430347442954,1.0762528930134232,4.050021238830452,3.1859295467190973,-0.10651902474429537,0.22944303474429537,True,ok,,0.2,0.07,0.084
2020-11-30 04:00:00+00:00,0.16529307984513109,0.16529307984513109,0.5003051706048979,0.665598250450029,3.1859295467190973,3.0172631387138615,-0.17912933060489783,0.5003051706048979,True,ok,,0.2,0.07,0.084
2020-11-30 05:00:00+00:00,0.0021320616873118925,0.0021320616873118925,0.11376391036059993,0.11589597204791183,3.0172631387138615,3.0150875655635434,0.27781732963940003,0.11376391036059993,True,ok,,0.3,0.1,0.084
2020-11-30 06:00:00+00:00,0.7240914167775109,0.7240914167775109,-6.772360450213455e-15,0.7240914167775041,3.0150875655635434,2.2762187729334302,0.36527840000000683,-6.808473675364725e-15,True,ok,,0.3,0.1,0.084
2020-11-30 07:00:00+00:00,-0.24571919958136856,-0.24571919958136856,0.1244545503186303,-0.12126464926273826,2.2762187729334302,2.5170235885231715,0.10307620968136968,0.12445455031863031,True,ok,,0.3,0.1,0.084
2020-11-30 08:00:00+00:00,-1.6574354854608526,-1.6574354854608526,1.2212453270876722e-14,-1.6574354854608404,2.5170235885231715,4.141310364274807,-0.12333597000001212,1.211147193253235e-14,True,ok,,0.3,0.1,0.084
2020-11-30 09:00:00+00:00,-1.477997274870914,-1.477997274870914,-2.435811845558078e-07,-1.4779975184520986,4.141310364274807,5.589747693648302,-1.6612409564188153,-2.4358118457059387e-07,True,ok,,0.3,0.1,0.084
2020-11-30 10:00:00+00:00,-0.47305145575187274,-0.47305145575187274,-2.4358102596044873e-07,-0.4730516993328987,5.589747693648302,6.0533381202851375,-2.061838656418974,-2.435810259618391e-07,True,ok,,0.3,0.1,0.084
2020-11-30 11:00:00+00:00,-0.6402256253929337,-0.6402256253929337,-8.881784197001252e-15,-0.6402256253929426,6.0533381202851375,6.680759233170212,-1.827028899999991,-8.856798541283333e-15,True,ok,,0.3,0.1,0.084
2020-11-30 12:00:00+00:00,-0.7314333715584972,-0.7314333715584972,-2.6645352591003757e-15,-0.7314333715584999,6.680759233170212,7.397563937297539,-1.3147682999999972,-2.7150764452752763e-15,True,ok,,0.3,0.1,0.084
2020-11-30 13:00:00+00:00,0.047462498960363066,0.047462498960363066,2.9166584147866104e-09,0.04746250187702148,7.397563937297539,7.349132815909414,-0.6074311529166584,2.9166584116149943e-09,True,ok,,0.3,0.1,0.084
2020-11-30 14:00:00+00:00,0.8216883050314703,0.8216883050314703,0.08658886861207926,0.9082771736435495,7.349132815909414,6.510675361795669,0.2290520913879208,0.08658886861207922,True,ok,,0.3,0.1,0.084
2020-11-30 15:00:00+00:00,0.8804441190987282,0.8804441190987282,0.8061339351877834,1.6865780542865116,6.510675361795669,5.612262995368395,0.5236402648122167,0.8061339351877834,True,ok,,0.3,0.1,0.084
2020-11-30 16:00:00+00:00,1.4741872992003124,1.4741872992003124,0.00751964186918519,1.4817069410694976,5.612262995368395,4.107990241082362,1.772135258130815,0.007519641869185101,True,ok,,0.4,0.18,0.084
2020-11-30 17:00:00+00:00,4.025830436260715,4.025830436260715,2.162169558398711,6.1879999946594255,4.107990241082362,0.0,1.7620353983573718,1.6426281922041745e-09,True,ok,,0.4,0.18,0.084
2020-11-30 18:00:00+00:00,0.0,0.0,2.9377724381102457,2.9377724381102457,0.0,0.0,-5.437815475374894e-08,2.784908454378155,True,ok,,0.4,0.18,0.084
2020-11-30 19:00:00+00:00,-0.3650733070833412,-0.3650733070833412,1.8705730076084135,1.5054997005250723,0.0,0.35777184094167436,-7.608413533194646e-09,1.8705730076084135,True,ok,,0.4,0.18,0.084
2020-11-30 20:00:00+00:00,-2.0717990021574515,-2.0717990021574515,2.267897724631232,0.1960987224737803,0.35777184094167436,2.388134863055977,-1.5222933246312318,2.267897724631232,True,ok,,0.2,0.07,0.084
2020-11-30 21:00:00+00:00,-0.1039867079853316,-0.1039867079853316,1.4045733388886816,1.30058663090335,2.388134863055977,2.490041836881602,-1.1533345588886816,1.4045733388886816,True,ok,,0.2,0.07,0.084
2020-11-30 22:00:00+00:00,-1.3821960333788335,-1.3821960333788335,1.550977255481211,0.16878122210237756,2.490041836881602,3.8445939495928587,-0.9718791554812107,1.550977255481211,True,ok,,0.2,0.07,0.084
2020-11-30 23:00:00+00:00,-0.9891943600851941,-0.9891943600851941,1.1171463043569176,0.12795194427172354,3.8445939495928587,4.814004422476349,-0.9228211243569177,1.1171463043569176,True,ok,,0.2,0.07,0.084
2020-12-01 00:00:00+00:00,-0.5401771754392003,-0.5401771754392003,1.0213583159706345,0.48118114053143424,4.814004422476349,5.343378054406765,-0.8737511059706345,1.0213583159706345,True,ok,,0.2,0.07,0.084
2020-12-01 01:00:00+00:00,-1.5957249676799872,-1.5957249676799872,1.7182578845596412,0.12253291687965412,5.343378054406765,6.907188522733152,-1.3369848145596412,1.7182578845596412,True,ok,,0.2,0.07,0.084
2020-12-01 02:00:00+00:00,0.5198891365344394,0.5198891365344394,1.5592418082103081,2.0791309447447475,6.907188522733152,6.37668940382046,-1.4262050082103082,1.5592418082103081,True,ok,,0.2,0.07,0.084
2020-12-01 03:00:00+00:00,-1.6032580032987718,-1.6032580032987718,2.456797918966412,0.8535399156676405,6.37668940382046,7.947882247053256,-1.594729558966412,2.456797918966412,True,ok,,0.2,0.07,0.084
2020-12-01 04:00:00+00:00,1.1556036162870864,1.1556036162870864,0.9737369741766595,2.129340590463746,7.947882247053256,6.768694883495004,-0.27980863417665935,0.9737369741766594,True,ok,,0.2,0.07,0.084
2020-12-01 05:00:00+00:00,0.18985982790507827,0.18985982790507827,1.0859948728456974,1.2758547007507757,6.768694883495004,6.574960365224516,0.17888432715430247,1.0859948728456974,True,ok,,0.3,0.1,0.084
2020-12-01 06:00:00+00:00,0.41460159030780985,0.41460159030780985,0.9602008209199454,1.3748024112277553,6.574960365224516,6.1518975179716495,-0.026160520919945293,0.9602008209199454,True,ok,,0.3,0.1,0.084
2020-12-01 07:00:00+00:00,1.2922941704967694,1.2922941704967694,0.7743390741502434,2.066633244647013,6.1518975179716495,4.833229997056579,0.06594122584975663,0.7743390741502434,True,ok,,0.3,0.1,0.084
2020-12-01 08:00:00+00:00,-0.9684206002753892,-0.9684206002753892,1.5059437145285757,0.5375231142531864,4.833229997056579,5.78228218532646,-0.3405230145285759,1.5059437145285757,True,ok,,0.3,0.1,0.084
2020-12-01 09:00:00+00:00,0.07187491297521931,0.07187491297521931,0.4396182776036299,0.5114931905788492,5.78228218532646,5.708940437392563,-0.4179322726036299,0.4396182776036299,True,ok,,0.3,0.1,0.084
2020-12-01 10:00:00+00:00,-0.21302255822582497,-0.21302255822582497,0.4549563774049768,0.24193381917915183,5.708940437392563,5.917702544453872,-0.8856725374049768,0.4549563774049768,True,ok,,0.3,0.1,0.084
2020-12-01 11:00:00+00:00,-0.009771650199951853,-0.009771650199951853,0.43034816578054635,0.4205765155805945,5.917702544453872,5.927278761649824,-1.3219309257805465,0.43034816578054635,True,ok,,0.3,0.1,0.084
2020-12-01 12:00:00+00:00,-0.007544112989148477,-0.007544112989148477,1.083388924270356,1.0758448112812076,5.927278761649824,5.93467199237919,-1.1294982992703562,1.083388924270356,True,ok,,0.3,0.1,0.084
2020-12-01 13:00:00+00:00,-1.0569619507985986,-1.0569619507985986,2.0554666106606794,0.9985046598620808,5.93467199237919,6.970494704161817,-0.9587825106606795,2.0554666106606794,True,ok,,0.3,0.1,0.084
2020-12-01 14:00:00+00:00,-0.3050080009554308,-0.3050080009554308,2.8754074534774987,2.570399452522068,6.970494704161817,7.269402545098139,-1.1848764534774987,2.8754074534774987,True,ok,,0.3,0.1,0.084
2020-12-01 15:00:00+00:00,0.837037111200015,0.837037111200015,4.179129502068015,5.01616661326803,7.269402545098139,6.415283043873634,-1.4975724020680152,4.179129502068015,True,ok,,0.3,0.1,0.084
2020-12-01 16:00:00+00:00,4.370442320600265,4.370442320600265,1.3029245696977299,5.673366890297995,6.415283043873634,1.9556480228529551,2.0979138303022697,1.30292456969773,True,ok,,0.4,0.18,0.084
2020-12-01 17:00:00+00:00,1.7939585320949116,1.7939585320949116,2.966026433393733,4.759984965488645,1.9556480228529551,0.12507809214386167,0.5994369666062668,2.966026433393733,True,ok,,0.4,0.18,0.084
2020-12-01 18:00:00+00:00,0.12257653030098443,0.12257653030098443,2.7841524941622446,2.906729024463229,0.12507809214386167,0.0,0.041433770928663315,2.4822044290713365,True,ok,,0.4,0.18,0.084
2020-12-01 19:00:00+00:00,-0.8098689337372881,-0.8098689337372881,1.6348059076084138,0.8249369738711257,0.0,0.7936715550625423,-7.608413632334338e-09,1.6348059076084138,True,ok,,0.4,0.18,0.084
2020-12-01 20:00:00+00:00,-1.6400317878570698,-1.6400317878570698,2.4315395670976794,0.7915077792406097,0.7936715550625423,2.4009027071624707,-1.9162650270976793,2.4315395670976794,True,ok,,0.2,0.07,0.084
2020-12-01 21:00:00+00:00,0.3684868668383141,0.3684868668383141,1.9600662091560703,2.3285530759943844,2.4009027071624707,2.024895700184599,-1.5074660491560703,1.9600662091560703,True,ok,,0.2,0.07,0.084
2020-12-01 22:00:00+00:00,-2.725413996177248,-2.725413996177248,2.9475481631755813,0.22213416699833347,2.024895700184599,4.695801416438302,-1.7892914631755812,2.9475481631755813,True,ok,,0.2,0.07,0.084
2020-12-01 23:00:00+00:00,-1.5317168875702132,-1.5317168875702132,1.6640474431284178,0.13233055555820453,4.695801416438302,6.196883966257111,-1.429992543128418,1.6640474431284178,True,ok,,0.2,0.07,0.084
2020-12-02 00:00:00+00:00,-1.3013064750589578,-1.3013064750589578,1.453207447351116,0.15190097229215824,6.196883966257111,7.47216431181489,-1.426582569351116,1.453207447351116,True,ok,,0.2,0.07,0.084
2020-12-02 01:00:00+00:00,-0.9089877581809902,-0.9089877581809902,1.40086420381615,0.4918764456351599,7.47216431181489,8.36297231483226,-1.4217393258161501,1.40086420381615,True,ok,,0.2,0.07,0.084
2020-12-02 02:00:00+00:00,-0.12495068899210282,-0.12495068899210282,2.0013646845997983,1.8764139956076955,8.36297231483226,8.485423990044522,-1.4557532845997982,2.0013646845997983,True,ok,,0.2,0.07,0.084
2020-12-02 03:00:00+00:00,-2.4265406389371336,-2.4265406389371336,3.4670424688315165,1.040501829894383,8.485423990044522,10.863433816202914,-2.4033588688315164,3.4670424688315165,True,ok,,0.2,0.07,0.084
2020-12-02 04:00:00+00:00,-2.9964961059153947,-2.9964961059153947,3.3054186317477834,0.30892252583238844,10.863433816202914,13.8,-2.996495814770027,3.828146014770027,True,ok,,0.2,0.07,0.084
2020-12-02 05:00:00+00:00,0.3819387675725997,0.3819387675725997,0.10862973337800191,0.4905685009506016,13.8,13.41026656370143,0.38263158662199803,0.10862973337800194,True,ok,,0.3,0.1,0.084
2020-12-02 06:00:00+00:00,1.8379745925828328,1.8379745925828328,0.16213662488945713,2.00011121747229,13.41026656370143,11.534782285555682,0.6540838351105428,0.16213662488945718,True,ok,,0.3,0.1,0.084
2020-12-02 07:00:00+00:00,-0.08877466052065053,-0.08877466052065053,0.7439238087497236,0.6551491482290731,11.534782285555682,11.62178145286592,0.46608409125027644,0.7439238087497236,True,ok,,0.3,0.1,0.084
2020-12-02 08:00:00+00:00,1.1448315697672826,1.1448315697672826,0.33824655728969266,1.4830781270569753,11.62178145286592,10.453585973511549,0.27791944271030755,0.33824655728969255,True,ok,,0.3,0.1,0.084
2020-12-02 09:00:00+00:00,0.3990752435910857,0.3990752435910857,0.1217559178091906,0.5208311614002763,10.453585973511549,10.046366337194115,0.09266266219080943,0.12175591780919057,True,ok,,0.3,0.1,0.084
2020-12-02 10:00:00+00:00,0.2736025152589996,0.2736025152589996,2.916662855678709e-09,0.27360251817566245,10.046366337194115,9.767180097133911,-0.44632495291666285,2.9166628456313724e-09,True,ok,,0.3,0.1,0.084
2020-12-02 11:00:00+00:00,0.18632546983600015,0.18632546983600015,0.21648406309730875,0.4028095329333089,9.767180097133911,9.577052066689014,0.04377963690269122,0.21648406309730875,True,ok,,0.3,0.1,0.084
2020-12-02 12:00:00+00:00,1.82939205664646,1.82939205664646,0.4985013037090702,2.3278933603555303,9.577052066689014,7.7103254782742585,0.14527805629092982,0.4985013037090702,True,ok,,0.3,0.1,0.084
2020-12-02 13:00:00+00:00,-0.49785750056533273,-0.49785750056533273,2.328718505982838,1.8308610054175054,7.7103254782742585,8.198225828828285,-0.575758505982838,2.328718505982838,True,ok,,0.3,0.1,0.084
2020-12-02 14:00:00+00:00,0.47281573413368605,0.47281573413368605,2.1501218782594793,2.6229376123931654,8.198225828828285,7.715760793997993,-0.1096394782594793,2.1501218782594793,True,ok,,0.3,0.1,0.084
2020-12-02 15:00:00+00:00,1.0204528406629407,1.0204528406629407,4.472707007698421,5.493159848361362,7.715760793997993,6.6744823851582575,-1.6113840076984212,4.472707007698421,True,ok,,0.3,0.1,0.084
2020-12-02 16:00:00+00:00,3.792975077060822,3.792975077060822,0.8764629794876138,4.669438056548436,6.6744823851582575,2.8040996534635414,2.4198710205123857,0.8764629794876139,True,ok,,0.4,0.18,0.084
2020-12-02 17:00:00+00:00,2.7480176603942703,2.7480176603942703,3.188315696227258,5.936333356621528,2.8040996534635414,0.0,1.062895238568108,1.690324261431892,True,ok,,0.4,0.18,0.084
2020-12-02 18:00:00+00:00,0.0,0.0,3.509238900523717,3.509238900523717,0.0,0.0,-5.437815465708924e-08,2.4525334543781545,True,ok,,0.4,0.18,0.084
2020-12-02 19:00:00+00:00,-0.7104106797204893,-0.7104106797204893,1.4565280964731977,0.7461174167527084,0.0,0.6962024661260795,3.526802471754476e-09,1.4565280964731977,True,ok,,0.4,0.18,0.084
2020-12-02 20:00:00+00:00,-0.9981073434646248,-0.9981073434646248,2.0726489209389003,1.0745415774742755,0.6962024661260795,1.6743476627214118,-1.9517629959389,2.0726489209389003,True,ok,,0.2,0.07,0.084
2020-12-02 21:00:00+00:00,-1.9965675324183176,-1.9965675324183176,2.1614575046626863,0.1648899722443686,1.6743476627214118,3.630983844491363,-1.8031698446626865,2.1614575046626863,True,ok,,0.2,0.07,0.084
2020-12-02 22:00:00+00:00,-1.459040662318192,-1.459040662318192,1.6038424675097618,0.14480180519156985,3.630983844491363,5.060843693563191,-1.4934608175097617,1.6038424675097618,True,ok,,0.2,0.07,0.084
2020-12-02 23:00:00+00:00,-0.8819182309380638,-0.8819182309380638,1.3669662293478642,0.48504799840980034,5.060843693563191,5.925123559882493,-1.4682198893478642,1.3669662293478642,True,ok,,0.2,0.07,0.084
2020-12-03 00:00:00+00:00,-1.209978521804944,-1.209978521804944,1.6170343546121666,0.40705583280722263,5.925123559882493,7.110902511251338,-1.4917825246121668,1.6170343546121666,True,ok,,0.2,0.07,0.084
2020-12-03 01:00:00+00:00,-1.6320414803700625,-1.6320414803700625,1.806535174670184,0.17449369430012157,7.110902511251338,8.710303162014,-1.471837974670184,1.806535174670184,True,ok,,0.2,0.07,0.084
2020-12-03 02:00:00+00:00,-0.062437583055383605,-0.062437583055383605,2.062856561645819,2.0004189785904356,8.710303162014,8.771491993408276,-1.325210011645819,2.062856561645819,True,ok,,0.2,0.07,0.084
2020-12-03 03:00:00+00:00,-0.7672546465333676,-0.7672546465333676,3.6661644722769378,2.89890982574357,8.771491993408276,9.523401547010977,-2.2475680722769376,3.6661644722769378,True,ok,,0.2,0.07,0.084
2020-12-03 04:00:00+00:00,-4.363875972437779,-4.363875972437779,5.481268001958981,1.117392029521201,9.523401547010977,13.8,-4.3638756812607875,6.440709181260788,True,ok,,0.2,0.07,0.084
2020-12-03 05:00:00+00:00,-0.0,-0.0,0.11113802782164682,0.11113802782164682,13.8,13.8,0.5728789652651337,0.34249096473486623,True,ok,,0.3,0.1,0.084
2020-12-03 06:00:00+00:00,1.2945822506181708,1.2945822506181708,0.37781614601423485,1.6723983966324056,13.8,12.478997703450847,0.6405086539857652,0.3778161460142348,True,ok,,0.3,0.1,0.084
2020-12-03 07:00:00+00:00,-0.8927686670216924,-0.8927686670216924,1.0425481458788535,0.149779478857161,12.478997703450847,13.353910997132106,0.3484347541211465,1.0425481458788535,True,ok,,0.3,0.1,0.084
2020-12-03 08:00:00+00:00,0.538501596887939,0.538501596887939,0.27478903406055977,0.8132906309484987,13.353910997132106,12.804419571736249,0.4842751659394403,0.27478903406055977,True,ok,,0.3,0.1,0.084
2020-12-03 09:00:00+00:00,0.41548557331969777,0.41548557331969777,0.009494775800354904,0.42498034912005267,12.804419571736249,12.380454701001863,0.009708532199645084,0.009494775800354915,True,ok,,0.3,0.1,0.084
2020-12-03 10:00:00+00:00,0.3043775810843079,0.3043775810843079,0.20803583733054953,0.5124134184148574,12.380454701001863,12.069865332548488,0.14228539266945048,0.20803583733054956,True,ok,,0.3,0.1,0.084
2020-12-03 11:00:00+00:00,0.44135909606098467,0.44135909606098467,0.028228710923306588,0.46958780698429126,12.069865332548488,11.619498907996464,0.02690458907669344,0.02822871092330656,True,ok,,0.3,0.1,0.084
2020-12-03 12:00:00+00:00,0.798047027724977,0.798047027724977,0.32186148231799583,1.1199085100429729,11.619498907996464,10.805165206236284,0.7980235176820041,0.32186148231799583,True,ok,,0.3,0.1,0.084
2020-12-03 13:00:00+00:00,-1.0606611231429328,-1.0606611231429328,1.6582363093703147,0.597575186227382,10.805165206236284,11.844613106916357,0.23742869062968536,1.6582363093703147,True,ok,,0.3,0.1,0.084
2020-12-03 14:00:00+00:00,0.5602474620566276,0.5602474620566276,1.404653431121761,1.9649008931783887,11.844613106916357,11.272932023185104,0.6342484688782386,1.404653431121761,True,ok,,0.3,0.1,0.084
2020-12-03 15:00:00+00:00,5.0,5.0,0.978048478632962,5.978048478632962,11.272932023185104,6.170891206858574,1.8667223935811976,0.47493140641880244,True,ok,,0.3,0.1,0.084
2020-12-03 16:00:00+00:00,1.28512541256815,1.28512541256815,1.721738141280382,3.006863553848532,6.170891206858574,4.859538745054339,1.9269108587196178,1.721738141280382,True,ok,,0.4,0.18,0.084
2020-12-03 17:00:00+00:00,4.762347970153252,4.762347970153252,1.560527900318279,6.322875870471531,4.859538745054339,0.0,2.455711216343233,0.48131538365676724,True,ok,,0.4,0.18,0.084
2020-12-03 18:00:00+00:00,0.0,0.0,4.858999528890186,4.858999528890186,0.0,0.0,-5.437815400919833e-08,2.319295254378154,True,ok,,0.4,0.18,0.084
2020-12-03 19:00:00+00:00,0.0,0.0,2.840253724625377,2.840253724625377,0.0,0.0,-7.608413634959887e-09,1.6065693076084138,True,ok,,0.4,0.18,0.084
2020-12-03 20:00:00+00:00,-2.3470941624985135,-2.3470941624985135,3.266053189163671,0.918959026665157,0.0,2.300152279248543,-2.30813168916367,3.2660531891636704,True,ok,,0.2,0.07,0.084
2020-12-03 21:00:00+00:00,-1.1674391401439135,-1.1674391401439135,2.06498480649947,0.8975456663555563,2.300152279248543,3.4442426365895784,-1.63138177649947,2.06498480649947,True,ok,,0.2,0.07,0.084
2020-12-03 22:00:00+00:00,-2.298058889134014,-2.298058889134014,2.473857944781864,0.17579905564785,3.4442426365895784,5.696340347940913,-1.436985744781864,2.473857944781864,True,ok,,0.2,0.07,0.084
2020-12-03 23:00:00+00:00,-1.3519696889754087,-1.3519696889754087,1.7989609135742926,0.44699122459888385,5.696340347940913,7.0212706431368135,-1.2001928135742925,1.7989609135742926,True,ok,,0.2,0.07,0.084
2020-12-04 00:00:00+00:00,-1.0967565900575105,-1.0967565900575105,1.5809695355240816,0.484212945466571,7.0212706431368135,8.096092101393173,-1.1962731855240816,1.5809695355240816,True,ok,,0.2,0.07,0.084
2020-12-04 01:00:00+00:00,-0.7311924732880896,-0.7311924732880896,1.5283221141719594,0.7971296408838698,8.096092101393173,8.812660725215501,-1.2024285641719594,1.5283221141719594,True,ok,,0.2,0.07,0.084
2020-12-04 02:00:00+00:00,-0.8600505222117154,-0.8600505222117154,2.044546358334547,1.1844958361228315,8.812660725215501,9.655510236982982,-1.279690658334547,2.044546358334547,True,ok,,0.2,0.07,0.084
2020-12-04 03:00:00+00:00,-1.6473364972514937,-1.6473364972514937,2.717615641782321,1.0702791445308273,9.655510236982982,11.269900004289447,-1.7054888117823208,2.717615641782321,True,ok,,0.2,0.07,0.084
2020-12-04 04:00:00+00:00,-1.2136939141478944,-1.2136939141478944,3.4975836383733605,2.283889724225466,11.269900004289447,12.459320040154383,-2.5817343983733605,3.4975836383733605,True,ok,,0.2,0.07,0.084
2020-12-04 05:00:00+00:00,0.8199293805684654,0.8199293805684654,0.8358996466100878,1.6558290271785532,12.459320040154383,11.622657406921254,-0.033911046610087606,0.8358996466100878,True,ok,,0.3,0.1,0.084
2020-12-04 06:00:00+00:00,1.1714604080661826,1.1714604080661826,1.7412826213878365,2.912743029454019,11.622657406921254,10.427289643588415,-0.09252922138783626,1.7412826213878365,True,ok,,0.3,0.1,0.084
2020-12-04 07:00:00+00:00,0.31279731992407367,0.31279731992407367,2.782140070489522,3.0949373904135955,10.427289643588415,10.10810870489038,-0.2292318704895214,2.782140070489522,True,ok,,0.3,0.1,0.084
2020-12-04 08:00:00+00:00,-2.2144767965132637,-2.2144767965132637,2.501617133653797,0.2871403371405333,10.10810870489038,12.27829596547338,-0.29239153365379633,2.501617133653797,True,ok,,0.3,0.1,0.084
2020-12-04 09:00:00+00:00,-0.21951197163066305,-0.21951197163066305,0.5605308284547009,0.3410188568240379,12.27829596547338,12.493417697671429,-0.1463227584547008,0.5605308284547009,True,ok,,0.3,0.1,0.084
2020-12-04 10:00:00+00:00,-0.6214597463658624,-0.6214597463658624,0.6352120015292927,0.013752255163430292,12.493417697671429,13.102448249109974,-0.14881698152929276,0.6352120015292927,True,ok,,0.3,0.1,0.084
2020-12-04 11:00:00+00:00,-0.7117875009081902,-0.7117875009081902,0.14037337361570312,-0.5714141272924871,13.102448249109974,13.8,0.1621934190205994,0.7851362809794007,True,ok,,0.3,0.1,0.084
2020-12-04 12:00:00+00:00,0.7116585303683174,0.7116585303683174,0.27455609751841514,0.9862146278867325,13.8,13.073817826154778,0.368947802481585,0.2745560975184151,True,ok,,0.3,0.1,0.084
2020-12-04 13:00:00+00:00,1.90414602470192,1.90414602470192,1.0334946697189014,2.9376406944208213,13.073817826154778,11.130811678499757,0.6215922302810983,1.0334946697189014,True,ok,,0.3,0.1,0.084
2020-12-04 14:00:00+00:00,-0.3247327697352467,-0.3247327697352467,2.7625297967754143,2.4377970270401677,11.130811678499757,11.449049792840299,0.015686803224585863,2.7625297967754143,True,ok,,0.3,0.1,0.084
2020-12-04 15:00:00+00:00,2.1187901247774494,2.1187901247774494,2.5037431924183284,4.622533317195778,11.449049792840299,9.287019053271473,0.5046138075816714,2.5037431924183284,True,ok,,0.3,0.1,0.084
2020-12-04 16:00:00+00:00,3.14014683150194,3.14014683150194,1.1788433091401211,4.318990140642061,9.287019053271473,6.082787592555208,2.812027490859879,1.1788433091401211,True,ok,,0.4,0.18,0.084
2020-12-04 17:00:00+00:00,3.864692657740477,3.864692657740477,0.7264808474439102,4.591173505184387,6.082787592555208,2.1392236560853335,2.785013252556089,0.7264808474439104,True,ok,,0.4,0.18,0.084
2020-12-04 18:00:00+00:00,0.858815169816294,0.858815169816294,1.4756826362930273,2.3344978061093213,2.1392236560853335,1.262881646068707,1.104390863706973,1.4756826362930273,True,ok,,0.4,0.18,0.084
2020-12-04 19:00:00+00:00,0.8793639371948644,0.8793639371948644,1.642717517569281e-09,0.8793639388375819,1.262881646068707,0.3655715060739473,1.1253407983572825,1.6427174765200028e-09,True,ok,,0.4,0.18,0.084
2020-12-04 20:00:00+00:00,-1.1081430505681822,-1.1081430505681822,2.246650485150893,1.1385074345827109,0.3655715060739473,1.451551695630766,-2.108932105150893,2.246650485150893,True,ok,,0.2,0.07,0.084
2020-12-04 21:00:00+00:00,-1.5023115920153134,-1.5023115920153134,2.4396117613269412,0.937300169311628,1.451551695630766,2.923817055805773,-1.8514405613269413,2.4396117613269412,True,ok,,0.2,0.07,0.084
2020-12-04 22:00:00+00:00,-0.6693861130929666,-0.6693861130929666,2.340332526005971,1.6709464129130043,2.923817055805773,3.5798154466368803,-1.609521976005971,2.340332526005971,True,ok,,0.2,0.07,0.084
2020-12-04 23:00:00+00:00,-1.2345433767114624,-1.2345433767114624,2.339442653953485,1.1048992772420227,3.5798154466368803,4.789667955814114,-1.7338220539534852,2.339442653953485,True,ok,,0.2,0.07,0.084
2020-12-05 00:00:00+00:00,-1.9965683610024918,-1.9965683610024918,2.1245348886578816,0.12796652765538993,4.789667955814114,6.7463049495965555,-1.7639400886578815,2.1245348886578816,True,ok,,0.2,0.07,0.084
2020-12-05 01:00:00+00:00,-1.6652114016193396,-1.6652114016193396,1.8033372905153278,0.13812588889598823,6.7463049495965555,8.37821212318351,-1.6089021105153276,1.8033372905153278,True,ok,,0.2,0.07,0.084
2020-12-05 02:00:00+00:00,-1.7884805266882506,-1.7884805266882506,2.0102419428850737,0.22176141619682305,8.37821212318351,10.130923039337995,-1.5000607928850735,2.0102419428850737,True,ok,,0.2,0.07,0.084
2020-12-05 03:00:00+00:00,-0.4946489298398806,-0.4946489298398806,1.9963985922948042,1.5017496624549236,10.130923039337995,10.615678990581078,-1.5736184422948043,1.9963985922948042,True,ok,,0.2,0.07,0.084
2020-12-05 04:00:00+00:00,-2.9644428953135087,-2.9644428953135087,4.464387261315591,1.4999443660020821,10.615678990581078,13.520833027988317,-3.2493068613155907,4.464387261315591,True,ok,,0.2,0.07,0.084
2020-12-05 05:00:00+00:00,0.34699822096056426,0.34699822096056426,0.406941836258835,0.7539400572193993,13.520833027988317,13.16675321068162,0.32674646374116506,0.406941836258835,True,ok,,0.3,0.1,0.084
2020-12-05 06:00:00+00:00,0.08030491357130232,0.08030491357130232,1.034677448818262,1.1149823623895643,13.16675321068162,13.084809421323149,0.39002825118173795,1.034677448818262,True,ok,,0.3,0.1,0.084
2020-12-05 07:00:00+00:00,2.855431496079298,2.855431496079298,1.082721693569681,3.938153189648979,13.084809421323149,10.171103813078968,0.4049201064303191,1.0827216935696808,True,ok,,0.3,0.1,0.084
2020-12-05 08:00:00+00:00,-1.9778786965028157,-1.9778786965028157,3.6047340043656737,1.626855307862858,10.171103813078968,12.109424935651727,-0.16229870436567345,3.6047340043656737,True,ok,,0.3,0.1,0.084
2020-12-05 09:00:00+00:00,-0.8083039838414037,-0.8083039838414037,1.7450670127442471,0.9367630289028435,12.109424935651727,12.901562839816304,-0.05668141274424694,1.7450670127442471,True,ok,,0.3,0.1,0.084
2020-12-05 10:00:00+00:00,-0.004886901499698171,-0.004886901499698171,1.680115436742618,1.67522853524292,12.901562839816304,12.906352003286008,0.14506276325738202,1.680115436742618,True,ok,,0.3,0.1,0.084
2020-12-05 11:00:00+00:00,0.6544274764514233,0.6544274764514233,1.91676426732776,2.5711917437791834,12.906352003286008,12.238568864049862,0.16230173267223943,1.91676426732776,True,ok,,0.3,0.1,0.084
2020-12-05 12:00:00+00:00,2.8995581703151787,2.8995581703151787,1.8855976524918932,4.785155822807072,12.238568864049862,9.279836037197638,0.46447114750810664,1.8855976524918934,True,ok,,0.3,0.1,0.084
2020-12-05 13:00:00+00:00,0.013741058959114039,0.013741058959114039,3.485202045442928,3.4989431044020423,9.279836037197638,9.26581454846385,-0.5403521454429279,3.485202045442928,True,ok,,0.3,0.1,0.084
2020-12-05 14:00:00+00:00,-1.8847319880285642,-1.8847319880285642,3.748756080942244,1.86402409291368,9.26581454846385,11.112851896731842,-0.5370841809422443,3.748756080942244,True,ok,,0.3,0.1,0.084
2020-12-05 15:00:00+00:00,-0.016709952230629543,-0.016709952230629543,3.1644841285317997,3.14777417630117,11.112851896731842,11.129227649917858,-0.0277391285318001,3.1644841285317997,True,ok,,0.3,0.1,0.084
2020-12-05 16:00:00+00:00,1.6356090236131282,1.6356090236131282,1.6427108562311332e-09,1.635609025255839,11.129227649917858,9.460238850312626,3.2552309983572894,1.6427109034298185e-09,True,ok,,0.4,0.18,0.084
2020-12-05 17:00:00+00:00,4.250238777827948,4.250238777827948,1.6427090798742938e-09,4.250238779470657,9.460238850312626,5.123260505590229,3.141596198357291,1.642709086641257e-09,True,ok,,0.4,0.18,0.084
2020-12-05 18:00:00+00:00,2.646048160234815,2.646048160234815,1.6427104121419234e-09,2.6460481618775256,5.123260505590229,2.423211362493479,2.6862379983572895,1.6427102479062136e-09,True,ok,,0.4,0.18,0.084
2020-12-05 19:00:00+00:00,1.6813106919921712,1.6813106919921712,1.6427099680527135e-09,1.6813106936348812,2.423211362493479,0.7075882073994266,1.65420969835729,1.6427099099470342e-09,True,ok,,0.4,0.18,0.084
2020-12-05 20:00:00+00:00,-1.9646004870995863,-1.9646004870995863,2.8934623728856437,0.9288618857860572,0.7075882073994266,2.6328966847570214,-1.942053922885644,2.8934623728856437,True,ok,,0.2,0.07,0.084
2020-12-05 21:00:00+00:00,-1.260112828277031,-1.260112828277031,2.1378096658877,0.8776968376106689,2.6328966847570214,3.867807256468512,-1.4786288158877,2.1378096658877,True,ok,,0.2,0.07,0.084
2020-12-05 22:00:00+00:00,-2.4396043714668236,-2.4396043714668236,2.5970469270533205,0.15744255558649706,3.867807256468512,6.2586195405059994,-1.2870939270533208,2.5970469270533205,True,ok,,0.2,0.07,0.084
2020-12-05 23:00:00+00:00,-1.262881895953131,-1.262881895953131,1.4315028403259438,0.16862094437281291,6.2586195405059994,7.496243798540068,-1.1003038703259438,1.4315028403259438,True,ok,,0.2,0.07,0.084
2020-12-06 00:00:00+00:00,-0.6075255391002856,-0.6075255391002856,1.0902012368349066,0.482675697734621,7.496243798540068,8.091618826858348,-1.1976703568349065,1.0902012368349066,True,ok,,0.2,0.07,0.084
2020-12-06 01:00:00+00:00,-1.33384905066603,-1.33384905066603,1.4797243283839383,0.14587527771790817,8.091618826858348,9.398790896511057,-1.2433900983839383,1.4797243283839383,True,ok,,0.2,0.07,0.084
2020-12-06 02:00:00+00:00,-1.537376142162359,-1.537376142162359,2.087457255069028,0.5500811129066687,9.398790896511057,10.90541951583017,-1.0974466550690276,2.087457255069028,True,ok,,0.2,0.07,0.084
2020-12-06 03:00:00+00:00,-0.9136849037606484,-0.9136849037606484,1.7893407950228095,0.8756558912621611,10.90541951583017,11.800830721515606,-1.1604597550228095,1.7893407950228095,True,ok,,0.2,0.07,0.084
2020-12-06 04:00:00+00:00,-1.815497344213639,-1.815497344213639,3.033983260420211,1.2184859162065718,11.800830721515606,13.580018118844972,-2.0399683604202106,3.033983260420211,True,ok,,0.2,0.07,0.084
2020-12-06 05:00:00+00:00,0.8628411571270419,0.8628411571270419,0.40354823471908563,1.2663893918461275,13.580018118844972,12.699567958511256,0.33458170528091435,0.40354823471908563,True,ok,,0.3,0.1,0.084
2020-12-06 06:00:00+00:00,0.5626650627193561,0.5626650627193561,1.0873669676776343,1.6500320303969904,12.699567958511256,12.125419935328239,0.33082483232236565,1.0873669676776343,True,ok,,0.3,0.1,0.084
2020-12-06 07:00:00+00:00,2.7997077544840083,2.7997077544840083,1.669364583741368,4.469072338225376,12.125419935328239,9.268575287895578,0.2947575162586322,1.6693645837413678,True,ok,,0.3,0.1,0.084
2020-12-06 08:00:00+00:00,-0.1359825235597314,-0.1359825235597314,3.45854000515694,3.3225574815972085,9.268575287895578,9.401838160984115,-0.2598980051569396,3.45854000515694,True,ok,,0.3,0.1,0.084
2020-12-06 09:00:00+00:00,0.2635960094613732,0.2635960094613732,2.2408329707607773,2.5044289802221504,9.401838160984115,9.13286264112557,-0.2838214707607772,2.2408329707607773,True,ok,,0.3,0.1,0.084
2020-12-06 10:00:00+00:00,-1.1354939565761633,-1.1354939565761633,2.7520550461284796,1.6165610895523164,9.13286264112557,10.24564671857021,-0.30315754612847956,2.7520550461284796,True,ok,,0.3,0.1,0.084
2020-12-06 11:00:00+00:00,2.1193220274582876,2.1193220274582876,1.8071048903062223,3.92642691776451,10.24564671857021,8.083073221163794,-0.3058214903062224,1.8071048903062223,True,ok,,0.3,0.1,0.084
2020-12-06 12:00:00+00:00,-2.3861518242269737,-2.3861518242269737,3.7052934591227666,1.3191416348957927,8.083073221163794,10.421502008906227,-0.6027719591227664,3.705293459122766,True,ok,,0.3,0.1,0.084
2020-12-06 13:00:00+00:00,0.0012274375854053332,0.0012274375854053332,2.1746295131324613,2.1758569507178667,10.421502008906227,10.420249521574181,-0.23371201313246107,2.1746295131324613,True,ok,,0.3,0.1,0.084
2020-12-06 14:00:00+00:00,0.2551251275144528,0.2551251275144528,2.2198983111803816,2.4750234386948344,10.420249521574181,10.159917758804331,0.15457768881961845,2.2198983111803816,True,ok,,0.3,0.1,0.084
2020-12-06 15:00:00+00:00,-1.1401053610855425,-1.1401053610855425,2.8445262313323743,1.7044208702468318,10.159917758804331,11.277221012668162,0.1323809686676264,2.8445262313323743,True,ok,,0.3,0.1,0.084
2020-12-06 16:00:00+00:00,2.5900338404970613,2.5900338404970613,1.642711300320343e-09,2.5900338421397726,11.277221012668162,8.634329338691568,3.3612113983572893,1.6427111070912268e-09,True,ok,,0.4,0.18,0.084
2020-12-06 17:00:00+00:00,3.473708284372479,3.473708284372479,1.6427126325879726e-09,3.4737082860151918,8.634329338691568,5.089729048515569,3.9020014983572873,1.6427127506373959e-09,True,ok,,0.4,0.18,0.084
2020-12-06 18:00:00+00:00,2.7717848884341363,2.7717848884341363,1.6427121884987628e-09,2.7717848900768485,5.089729048515569,2.26137712154196,2.7183661983572875,1.6427123293959117e-09,True,ok,,0.4,0.18,0.084
2020-12-06 19:00:00+00:00,1.788512612056458,1.788512612056458,1.6427130766771825e-09,1.7885126136991711,2.26137712154196,0.4363642520965947,1.978303998357287,1.6427131071467211e-09,True,ok,,0.4,0.18,0.084
2020-12-06 20:00:00+00:00,-2.897323787849321,-2.897323787849321,3.1285664820815198,0.23124269423219868,0.4363642520965947,3.2757415641889294,-2.0344963820815196,3.1285664820815198,True,ok,,0.2,0.07,0.084
2020-12-06 21:00:00+00:00,-1.2990727889851381,-1.2990727889851381,2.0120839277104188,0.7130111387252807,3.2757415641889294,4.548832897394365,-1.2766906277104189,2.0120839277104188,True,ok,,0.2,0.07,0.084
2020-12-06 22:00:00+00:00,-1.73203286242155,-1.73203286242155,1.890371973219856,0.158339110798306,4.548832897394365,6.246225102567484,-1.075402673219856,1.890371973219856,True,ok,,0.2,0.07,0.084
2020-12-06 23:00:00+00:00,-0.9384142193688205,-0.9384142193688205,1.104711136513278,0.16629691714445755,6.246225102567484,7.1658710375489285,-1.102766556413278,1.104711136513278,True,ok,,0.2,0.07,0.084
2020-12-07 00:00:00+00:00,-0.9142842972358014,-0.9142842972358014,1.087052436211369,0.17276813897556748,7.1658710375489285,8.061869648840014,-1.1979093662113691,1.087052436211369,True,ok,,0.2,0.07,0.084
2020-12-07 01:00:00+00:00,-0.9463661740302979,-0.9463661740302979,1.4170747855769206,0.4707086115466227,8.061869648840014,8.989308499389706,-1.2172328655769205,1.4170747855769206,True,ok,,0.2,0.07,0.084
2020-12-07 02:00:00+00:00,-0.29528460134848955,-0.29528460134848955,2.1761624387865433,1.8808778374380537,8.989308499389706,9.278687408711226,-1.1958003787865432,2.1761624387865433,True,ok,,0.2,0.07,0.084
2020-12-07 03:00:00+00:00,-1.8155610107097047,-1.8155610107097047,2.7450724522053878,0.9295114414956831,9.278687408711226,11.057937199206737,-1.9591377522053877,2.7450724522053878,True,ok,,0.2,0.07,0.084
2020-12-07 04:00:00+00:00,-2.798023266115575,-2.798023266115575,3.5729385174633297,0.7749152513477549,11.057937199206737,13.8,-2.7980229749791414,3.8625844749791414,True,ok,,0.2,0.07,0.084
2020-12-07 05:00:00+00:00,-0.0,-0.0,0.14647911078400078,0.14647911078400078,13.8,13.8,0.341893276973585,0.5322292230264148,True,ok,,0.3,0.1,0.084
2020-12-07 06:00:00+00:00,2.266418984627357,2.266418984627357,0.33604793170329783,2.6024669163306546,13.8,11.48732756670678,0.5182785682967022,0.3360479317032978,True,ok,,0.3,0.1,0.084
2020-12-07 07:00:00+00:00,-1.0679510087423505,-1.0679510087423505,1.7443218046259708,0.6763707958836203,11.48732756670678,12.533919555274283,-0.07536940462597062,1.7443218046259708,True,ok,,0.3,0.1,0.084
2020-12-07 08:00:00+00:00,0.40540421803350274,0.40540421803350274,0.03665980095373672,0.44206401898723946,12.533919555274283,12.120241781770709,0.6684977990462634,0.0366598009537367,True,ok,,0.3,0.1,0.084
2020-12-07 09:00:00+00:00,0.5995505740302275,0.5995505740302275,-0.2559446667208523,0.3436059073093752,12.120241781770709,11.508455481739864,-0.3383395332791478,-0.2559446667208523,True,ok,,0.3,0.1,0.084
2020-12-07 10:00:00+00:00,-0.054939647858967364,-0.054939647858967364,0.033539115131653675,-0.02140053272731369,11.508455481739864,11.562296336641651,-0.48117511513165373,0.033539115131653675,True,ok,,0.3,0.1,0.084
2020-12-07 11:00:00+00:00,-0.5917276229656203,-0.5917276229656203,0.5563149558186664,-0.03541266714695388,11.562296336641651,12.14218940714796,-0.20375172581866643,0.5563149558186664,True,ok,,0.3,0.1,0.084
2020-12-07 12:00:00+00:00,0.572494681095222,0.572494681095222,0.5664490666145888,1.1389437477098108,12.14218940714796,11.558011161132427,-0.05744589661458871,0.5664490666145888,True,ok,,0.3,0.1,0.084
2020-12-07 13:00:00+00:00,-1.0711054456560332,-1.0711054456560332,2.074059374613896,1.0029539289578628,11.558011161132427,12.60769449787534,-0.38989467461389626,2.074059374613896,True,ok,,0.3,0.1,0.084
2020-12-07 14:00:00+00:00,1.014461069038614,1.014461069038614,1.6460168541823534,2.6604779232209674,12.60769449787534,11.57253014171349,0.41357254581764624,1.6460168541823534,True,ok,,0.3,0.1,0.084
2020-12-07 15:00:00+00:00,1.2774103367628826,1.2774103367628826,3.7204479940481456,4.997858330811028,11.57253014171349,10.269050206241161,-0.17857079404814566,3.7204479940481456,True,ok,,0.3,0.1,0.084
2020-12-07 16:00:00+00:00,2.2768912672684225,2.2768912672684225,1.0904386954858265,3.367329962754249,10.269050206241161,7.945691770252974,3.1635223045141743,1.0904386954858263,True,ok,,0.4,0.18,0.084
2020-12-07 17:00:00+00:00,3.935619536055141,3.935619536055141,0.40324509425989463,4.338864630315036,7.945691770252974,3.9297534681558917,3.3469817057401055,0.40324509425989474,True,ok,,0.4,0.18,0.084
2020-12-07 18:00:00+00:00,2.4634811039120033,2.4634811039120033,0.19456700008279082,2.658048103994794,3.9297534681558917,1.4159972396742555,2.5472923999172083,0.19456700008279101,True,ok,,0.4,0.18,0.084
2020-12-07 19:00:00+00:00,1.3175072008882442,1.3175072008882442,0.01937651915472527,1.3368837200429695,1.4159972396742555,0.07160213672706739,1.3876772808452744,0.019376519154725318,True,ok,,0.4,0.18,0.084
2020-12-07 20:00:00+00:00,-0.3547879917544199,-0.3547879917544199,3.1315447883184166,2.7767567965639968,0.07160213672706739,0.41929436864639885,-2.146665188318417,3.1315447883184166,True,ok,,0.2,0.07,0.084
2020-12-07 21:00:00+00:00,-2.5186969443497835,-2.5186969443497835,3.553637776294461,1.0349408319446771,0.41929436864639885,2.887617374109187,-2.1759761762944607,3.5536377762944604,True,ok,,0.2,0.07,0.084
2020-12-07 22:00:00+00:00,-1.6287401797855656,-1.6287401797855656,2.7009272635914976,1.072187083805932,2.887617374109187,4.483782750299041,-1.5439895635914977,2.7009272635914976,True,ok,,0.2,0.07,0.084
2020-12-07 23:00:00+00:00,-1.9954508857862174,-1.9954508857862174,2.4782489957732645,0.48279810998704714,4.483782750299041,6.439324618369534,-1.3859982957732642,2.4782489957732645,True,ok,,0.2,0.07,0.084
2020-12-08 00:00:00+00:00,-2.036003230193528,-2.036003230193528,2.4152830632692637,0.3792798330757359,6.439324618369534,8.43460778395919,-1.1387710632692636,2.4152830632692637,True,ok,,0.2,0.07,0.084
2020-12-08 01:00:00+00:00,-1.0359686317000971,-1.0359686317000971,1.998544414947515,0.9625757832474177,8.43460778395919,9.449857043025286,-1.0717740149475148,1.9985444149475147,True,ok,,0.2,0.07,0.084
2020-12-08 02:00:00+00:00,-1.1317867509030888,-1.1317867509030888,3.022933059359615,1.8911463084565263,9.449857043025286,10.559008058910313,-1.008799059359615,3.022933059359615,True,ok,,0.2,0.07,0.084
2020-12-08 03:00:00+00:00,-1.6236958522007123,-1.6236958522007123,2.6536748793077387,1.0299790271070264,10.559008058910313,12.150229994067011,-1.2723527793077387,2.6536748793077387,True,ok,,0.2,0.07,0.084
2020-12-08 04:00:00+00:00,-1.6834387815642748,-1.6834387815642748,2.1812744466683993,0.4978356651041245,12.150229994067011,13.8,-1.6834384905038533,3.2503478905038534,True,ok,,0.2,0.07,0.084
2020-12-08 05:00:00+00:00,-0.0,-0.0,0.1588424167500605,0.1588424167500605,13.8,13.8,0.6178225902471044,0.33041230975289565,True,ok,,0.3,0.1,0.084
2020-12-08 06:00:00+00:00,1.2563200771882053,1.2563200771882053,0.18186370059179846,1.4381837777800037,13.8,12.518040737563057,1.1625029994082015,0.18186370059179852,True,ok,,0.3,0.1,0.084
2020-12-08 07:00:00+00:00,-0.8363780358046591,-0.8363780358046591,1.5924683638218893,0.7560903280172302,12.518040737563057,13.337691212651622,-0.06813926382188934,1.5924683638218893,True,ok,,0.3,0.1,0.084
2020-12-08 08:00:00+00:00,-0.47174366055957007,-0.47174366055957007,0.9002245716234444,0.4284809110638743,13.337691212651622,13.8,0.1318254111636803,0.9248476888363196,True,ok,,0.3,0.1,0.084
2020-12-08 09:00:00+00:00,1.2586582884156083,1.2586582884156083,-0.2513191071541985,1.0073391812614099,13.8,12.515654807739176,1.7154198363014197e-08,-0.25131910715419836,True,ok,,0.3,0.1,0.084
2020-12-08 10:00:00+00:00,0.7683027530114876,0.7683027530114876,0.4109073629907163,1.179210116002204,12.515654807739176,11.731672406707046,-0.15990272299071626,0.4109073629907163,True,ok,,0.3,0.1,0.084
2020-12-08 11:00:00+00:00,-0.8067396335557231,-0.8067396335557231,0.7684944697228608,-0.03824516383286229,11.731672406707046,12.522277247591655,-0.31819343972286085,0.7684944697228608,True,ok,,0.3,0.1,0.084
2020-12-08 12:00:00+00:00,-1.303798726947292,-1.303798726947292,-0.06683165119506107,-1.370630378142353,12.522277247591655,13.8,-0.21654542684439398,1.223946926844394,True,ok,,0.3,0.1,0.084
2020-12-08 13:00:00+00:00,-0.0,-0.0,-1.121608385434279,-1.121608385434279,13.8,13.8,2.147999290541254e-08,1.206403278520007,True,ok,,0.3,0.1,0.084
2020-12-08 14:00:00+00:00,0.4254260869898461,0.4254260869898461,1.6048958047001853,2.0303218916900314,13.8,13.365891747969545,-4.700185331149727e-09,1.6048958047001853,True,ok,,0.3,0.1,0.084
2020-12-08 15:00:00+00:00,1.341458318480416,1.341458318480416,3.5977013835757057,4.939159702056122,13.365891747969545,11.997056729111979,-0.44296638357570584,3.5977013835757057,True,ok,,0.3,0.1,0.084
2020-12-08 16:00:00+00:00,3.073179391775357,3.073179391775357,0.8662096622289934,3.9393890540043506,11.997056729111979,8.861159390565696,3.551156337771007,0.8662096622289934,True,ok,,0.4,0.18,0.084
2020-12-08 17:00:00+00:00,3.88662438104693,3.88662438104693,5.959419624446127e-10,3.886624381642872,8.861159390565696,4.895216144599441,3.867168699404058,5.959421577485974e-10,True,ok,,0.4,0.18,0.084
2020-12-08 18:00:00+00:00,2.968634560650976,2.968634560650976,1.6427121884987628e-09,2.9686345622936883,4.895216144599441,1.8659972051596698,2.7504081983572877,1.6427123494202898e-09,True,ok,,0.4,0.18,0.084
2020-12-08 19:00:00+00:00,1.43889452114078,1.43889452114078,1.6427124105433677e-09,1.4388945227834924,1.8659972051596698,0.3977374897098942,1.5546746983572877,1.6427123594963791e-09,True,ok,,0.4,0.18,0.084
2020-12-08 20:00:00+00:00,-1.5433446509537665,-1.5433446509537665,2.944582093786288,1.4012374428325216,0.3977374897098942,1.9102152476445853,-1.9586811537862883,2.944582093786288,True,ok,,0.2,0.07,0.084
2020-12-08 21:00:00+00:00,-2.441632603426137,-2.441632603426137,2.6381685196883393,0.1965359162622026,1.9102152476445853,4.3030151990022,-1.4234460196883392,2.6381685196883393,True,ok,,0.2,0.07,0.084
2020-12-08 22:00:00+00:00,-1.3582691889013727,-1.3582691889013727,1.8469167426366822,0.48864755373530955,4.3030151990022,5.634119004125545,-1.0060062826366822,1.8469167426366822,True,ok,,0.2,0.07,0.084
2020-12-08 23:00:00+00:00,-1.3976610854456817,-1.3976610854456817,1.5509764463865088,0.15331536094082718,5.634119004125545,7.003826867862314,-1.098339606386509,1.5509764463865088,True,ok,,0.2,0.07,0.084
2020-12-09 00:00:00+00:00,-1.271715771572976,-1.271715771572976,1.7951946077570538,0.5234788361840776,7.003826867862314,8.25010832400383,-0.8507004077570538,1.7951946077570538,True,ok,,0.2,0.07,0.084
2020-12-09 01:00:00+00:00,-1.6374380705849902,-1.6374380705849902,1.7497383762508543,0.11230030566586392,8.25010832400383,9.854797633177121,-1.0907005762508544,1.7497383762508543,True,ok,,0.2,0.07,0.084
2020-12-09 02:00:00+00:00,1.1126995945249911,1.1126995945249911,2.143720933362351,3.256420527887342,9.854797633177121,8.719389883661824,-0.5242930333623513,2.143720933362351,True,ok,,0.2,0.07,0.084
2020-12-09 03:00:00+00:00,-2.3802078603498504,-2.3802078603498504,3.754139583568345,1.3739317232184944,8.719389883661824,11.051993586804677,-2.2307696835683446,3.7541395835683447,True,ok,,0.2,0.07,0.084
2020-12-09 04:00:00+00:00,-2.804088176729922,-2.804088176729922,2.9504433157205363,0.14635513899061425,11.051993586804677,13.8,-2.8040878855918367,4.081913185591836,True,ok,,0.2,0.07,0.084
2020-12-09 05:00:00+00:00,0.5797051090900979,0.5797051090900979,0.029977166207808992,0.6096822752979069,13.8,13.20846417439786,0.32272243379219095,0.029977166207809044,True,ok,,0.3,0.1,0.084
2020-12-09 06:00:00+00:00,1.2793638636209899,1.2793638636209899,-5.146364667751868e-09,1.2793638584746252,13.20846417439786,11.902990844172361,1.2305662051463646,-5.146364593034421e-09,True,ok,,0.3,0.1,0.084
2020-12-09 07:00:00+00:00,-0.45644864853668465,-0.45644864853668465,0.9755233702412731,0.5190747217045885,11.902990844172361,12.350310519738311,0.3722160297587271,0.9755233702412731,True,ok,,0.3,0.1,0.084
2020-12-09 08:00:00+00:00,0.7265936098628505,0.7265936098628505,-5.146362225261214e-09,0.7265936047164883,12.350310519738311,11.608888468857852,0.6043736651463621,-5.1463621700779555e-09,True,ok,,0.3,0.1,0.084
2020-12-09 09:00:00+00:00,0.6003134548190066,0.6003134548190066,0.03175634229803603,0.6320697971170426,11.608888468857852,10.99632371904254,-0.32013171229803605,0.03175634229803608,True,ok,,0.3,0.1,0.084
2020-12-09 10:00:00+00:00,3.0380430887385605,3.0380430887385605,0.05802887102326437,3.096071959761825,10.99632371904254,7.896279750941968,-1.1674015710232644,0.05802887102326427,True,ok,,0.3,0.1,0.084
2020-12-09 11:00:00+00:00,1.3520320669868793,1.3520320669868793,1.5400213306298756,2.892053397616755,7.896279750941968,6.516655192792091,-1.0480862706298757,1.5400213306298756,True,ok,,0.3,0.1,0.084
2020-12-09 12:00:00+00:00,-0.15597176105551336,-0.15597176105551336,3.5824088301856416,3.4264370691301282,6.516655192792091,6.669507518626494,-1.5192992301856416,3.5824088301856416,True,ok,,0.3,0.1,0.084
2020-12-09 13:00:00+00:00,-2.06497250758863,-2.06497250758863,4.6930072243349,2.62803471674627,6.669507518626494,8.693180576063352,-2.0969572243348997,4.6930072243349,True,ok,,0.3,0.1,0.084
2020-12-09 14:00:00+00:00,-2.509681044735405,-2.509681044735405,5.1892343821227875,2.6795533373873823,8.693180576063352,11.152667999904049,-2.279020982122787,5.1892343821227875,True,ok,,0.3,0.1,0.084
2020-12-09 15:00:00+00:00,-1.9398215080406018,-1.9398215080406018,6.420235962778444,4.480414454737843,11.152667999904049,13.053693077783839,-2.701357962778444,6.420235962778444,True,ok,,0.3,0.1,0.084
2020-12-09 16:00:00+00:00,4.555723471403615,4.555723471403615,0.3197384436311035,4.875461915034719,13.053693077783839,8.40499565798423,4.122898256368897,0.31973844363110304,True,ok,,0.4,0.18,0.084
2020-12-09 17:00:00+00:00,3.893992618187075,3.893992618187075,0.406957970645887,4.300950588832962,8.40499565798423,4.4315338026912965,3.8395596293541128,0.4069579706458872,True,ok,,0.4,0.18,0.084
2020-12-09 18:00:00+00:00,2.665809061911058,2.665809061911058,1.6427526006168591e-09,2.6658090635538105,4.4315338026912965,1.7113204742106252,2.6656913983572474,1.6427525829673178e-09,True,ok,,0.4,0.18,0.084
2020-12-09 19:00:00+00:00,1.3326288307107692,1.3326288307107692,1.6427168514354662e-09,1.332628832353486,1.7113204742106252,0.35149513675065647,1.5501662983572833,1.6427168127638742e-09,True,ok,,0.4,0.18,0.084
2020-12-09 20:00:00+00:00,-2.1407373654073596,-2.1407373654073596,3.2945088880352964,1.1537715226279368,0.35149513675065647,2.449417754849869,-2.1514020880352964,3.2945088880352964,True,ok,,0.2,0.07,0.084
2020-12-09 21:00:00+00:00,-0.8834941085747113,-0.8834941085747113,1.0333781640487807,0.14988405547406936,2.449417754849869,3.315241981253086,-0.11468291404878074,1.0333781640487807,True,ok,,0.2,0.07,0.084
2020-12-09 22:00:00+00:00,-2.0873722693119996,-2.0873722693119996,2.236991102424716,0.14961883311271654,3.315241981253086,5.360866805178846,-1.4282239024247159,2.236991102424716,True,ok,,0.2,0.07,0.084
2020-12-09 23:00:00+00:00,-1.2671280705622896,-1.2671280705622896,1.7460425689205923,0.47891449835830263,5.360866805178846,6.602652314329889,-1.2346402289205922,1.7460425689205923,True,ok,,0.2,0.07,0.084
2020-12-10 00:00:00+00:00,-1.9960619161034923,-1.9960619161034923,2.1264880275923645,0.13042611148887218,6.602652314329889,8.55879299211131,-0.9446992275923645,2.1264880275923645,True,ok,,0.2,0.07,0.084
2020-12-10 01:00:00+00:00,-1.2813034725034353,-1.2813034725034353,1.796214501540276,0.5149110290368405,8.55879299211131,9.814470395164678,-0.8734743015402759,1.796214501540276,True,ok,,0.2,0.07,0.084
2020-12-10 02:00:00+00:00,-0.4490171105065144,-0.4490171105065144,2.1902204117905626,1.7412033012840482,9.814470395164678,10.254507163461062,-0.4871920117905624,2.1902204117905626,True,ok,,0.2,0.07,0.084
2020-12-10 03:00:00+00:00,-1.9566998534235716,-1.9566998534235716,2.8036949063069314,0.8469950528833599,10.254507163461062,12.172073019816162,-1.3739758063069312,2.8036949063069314,True,ok,,0.2,0.07,0.084
2020-12-10 04:00:00+00:00,-1.6611499797794271,-1.6611499797794271,2.4368505332522647,0.7757005534728377,12.172073019816162,13.8,-1.6611496887201658,3.096993888720166,True,ok,,0.2,0.07,0.084
2020-12-10 05:00:00+00:00,-0.0,-0.0,0.15163922206295857,0.15163922206295857,13.8,13.8,0.5522008061118381,0.2740544438881618,True,ok,,0.3,0.1,0.084
2020-12-10 06:00:00+00:00,2.544317315023971,2.544317315023971,-5.146361115038189e-09,2.5443173098776097,13.8,11.203757841812276,1.4988625051463613,-5.146361236591131e-09,True,ok,,0.3,0.1,0.084
2020-12-10 07:00:00+00:00,-0.918144949777992,-0.918144949777992,1.8660595833938023,0.9479146336158103,11.203757841812276,12.103539892594709,-0.10044028339380229,1.8660595833938023,True,ok,,0.3,0.1,0.084
2020-12-10 08:00:00+00:00,2.325930745532727,2.325930745532727,0.3377106177436473,2.6636413632763745,12.103539892594709,9.730141172663355,0.32025348225635275,0.33771061774364736,True,ok,,0.3,0.1,0.084
2020-12-10 09:00:00+00:00,1.279673962537944,1.279673962537944,0.638465717747617,1.918139680285561,9.730141172663355,8.424351414971575,-0.4029945277476169,0.638465717747617,True,ok,,0.3,0.1,0.084
2020-12-10 10:00:00+00:00,-0.10526688958880293,-0.10526688958880293,1.3133302097746575,1.2080633201858546,8.424351414971575,8.527512966768603,-0.7204631397746575,1.3133302097746575,True,ok,,0.3,0.1,0.084
2020-12-10 11:00:00+00:00,0.4231211712434024,0.4231211712434024,1.5648729142553859,1.9879940854987883,8.527512966768603,8.095756669581457,-0.866959274255386,1.5648729142553859,True,ok,,0.3,0.1,0.084
2020-12-10 12:00:00+00:00,-1.263331569306376,-1.263331569306376,2.95493939834285,1.6916078290364738,8.095756669581457,9.333821607501704,-1.0949769983428501,2.95493939834285,True,ok,,0.3,0.1,0.084
2020-12-10 13:00:00+00:00,-1.3900821956099652,-1.3900821956099652,3.393025809305698,2.002943613695733,9.333821607501704,10.69610215919947,-1.1159706093056985,3.393025809305698,True,ok,,0.3,0.1,0.084
2020-12-10 14:00:00+00:00,-0.008045737181185508,-0.008045737181185508,3.945822273852414,3.9377765366712283,10.69610215919947,10.703986981637032,-1.2535595738524132,3.945822273852414,True,ok,,0.3,0.1,0.084
2020-12-10 15:00:00+00:00,-3.1591969575132337,-3.1591969575132337,6.747834660867106,3.5886377033538728,10.703986981637032,13.8,-3.141512053092686,7.045775253092685,True,ok,,0.3,0.1,0.084
2020-12-10 16:00:00+00:00,4.672692870351733,4.672692870351733,1.6427099680527135e-09,4.672692871994443,13.8,9.031946050661496,3.56681979835729,1.6427103784060608e-09,True,ok,,0.4,0.18,0.084
2020-12-10 17:00:00+00:00,3.3566659812978035,3.3566659812978035,0.10832444108349071,3.464990422381294,9.031946050661496,5.606776681990268,3.7551775589165093,0.10832444108349064,True,ok,,0.4,0.18,0.084
2020-12-10 18:00:00+00:00,2.8253068884105077,2.8253068884105077,1.6427095239635037e-09,2.8253068900532172,5.606776681990268,2.723810469326484,2.4625363983572903,1.6427097262495447e-09,True,ok,,0.4,0.18,0.084
2020-12-10 19:00:00+00:00,1.008486608465242,1.008486608465242,1.6427093019188987e-09,1.0084866101079513,2.723810469326484,1.6947425015048088,1.5273244983572907,1.642709311895389e-09,True,ok,,0.4,0.18,0.084
2020-12-10 20:00:00+00:00,-1.852824759767771,-1.852824759767771,2.7726359276357493,0.9198111678679783,1.6947425015048088,3.5105107660772243,-1.551950227635749,2.7726359276357493,True,ok,,0.2,0.07,0.084
2020-12-10 21:00:00+00:00,0.37089130948068894,0.37089130948068894,2.3595976287025633,2.7304889381832522,3.5105107660772243,3.13205024619897,-1.2155834287025633,2.3595976287025633,True,ok,,0.2,0.07,0.084
2020-12-10 22:00:00+00:00,-3.13576721302846,-3.13576721302846,3.2585282407407523,0.12276102771229196,3.13205024619897,6.205102114966861,-1.4628989407407524,3.2585282407407523,True,ok,,0.2,0.07,0.084
2020-12-10 23:00:00+00:00,-1.5218927964862334,-1.5218927964862334,1.6698152686691432,0.14792247218290974,6.205102114966861,7.696557055523369,-1.0853689686691432,1.6698152686691432,True,ok,,0.2,0.07,0.084
2020-12-11 00:00:00+00:00,-1.6363184386285587,-1.6363184386285587,1.8349506053215046,0.19863216669294573,7.696557055523369,9.300149125379356,-0.9206531053215045,1.8349506053215046,True,ok,,0.2,0.07,0.084
2020-12-11 01:00:00+00:00,-0.6958583642616945,-0.6958583642616945,1.5473636977303418,0.8515053334686473,9.300149125379356,9.982090322355816,-0.9008085977303418,1.5473636977303418,True,ok,,0.2,0.07,0.084
2020-12-11 02:00:00+00:00,-1.1927976702601504,-1.1927976702601504,2.439638111730827,1.2468404414706764,9.982090322355816,11.151032039210763,-0.871824311730827,2.439638111730827,True,ok,,0.2,0.07,0.084
2020-12-11 03:00:00+00:00,-1.1383677971429704,-1.1383677971429704,2.3914174071564025,1.253049610013432,11.151032039210763,12.266632480410875,-0.9980622071564024,2.3914174071564025,True,ok,,0.2,0.07,0.084
2020-12-11 04:00:00+00:00,0.07725901587999084,0.07725901587999084,3.1908276432282747,3.2680866591082656,12.266632480410875,12.18779674992109,-1.564660443228275,3.1908276432282747,True,ok,,0.2,0.07,0.084
2020-12-11 05:00:00+00:00,-0.7928940505866781,-0.7928940505866781,1.6842606346783944,0.8913665840917163,12.18779674992109,12.964832919496034,-0.07962173467839452,1.6842606346783944,True,ok,,0.3,0.1,0.084
2020-12-11 06:00:00+00:00,0.28257937211012996,0.28257937211012996,1.860336712060211,2.142916084170341,12.964832919496034,12.676486621424473,-0.03202381206021124,1.860336712060211,True,ok,,0.3,0.1,0.084
2020-12-11 07:00:00+00:00,-0.8371789828196823,-0.8371789828196823,2.3484660753550224,1.51128709253534,12.676486621424473,13.496922024587763,-0.0200650753550222,2.3484660753550224,True,ok,,0.3,0.1,0.084
2020-12-11 08:00:00+00:00,-0.30926324021656953,-0.30926324021656953,1.0442693070023046,0.7350060667857351,13.496922024587763,13.8,-0.01960715058364985,1.6198916505836496,True,ok,,0.3,0.1,0.084
2020-12-11 09:00:00+00:00,0.8823606971845426,0.8823606971845426,0.3273696978974978,1.2097303950820404,13.8,12.899631941648426,0.36999980210250216,0.3273696978974978,True,ok,,0.3,0.1,0.084
2020-12-11 10:00:00+00:00,-0.6895766099095284,-0.6895766099095284,1.4621591158069818,0.7725825058974534,12.899631941648426,13.575417019359763,-0.08958991580698208,1.4621591158069818,True,ok,,0.3,0.1,0.084
2020-12-11 11:00:00+00:00,-0.22916630677575234,-0.22916630677575234,1.3859370130552764,1.156770706279524,13.575417019359763,13.8,-0.025707383360857625,1.5935323833608577,True,ok,,0.3,0.1,0.084
2020-12-11 12:00:00+00:00,-0.0,-0.0,1.053131977642175,1.053131977642175,13.8,13.8,0.41456679759886206,1.9804081024011382,True,ok,,0.3,0.1,0.084
2020-12-11 13:00:00+00:00,1.9242050117826492,1.9242050117826492,2.2420488211952954,4.166253832977945,13.8,11.83652549818097,0.08421167880470497,2.2420488211952954,True,ok,,0.3,0.1,0.084
2020-12-11 14:00:00+00:00,-0.4076122887787341,-0.4076122887787341,3.768080528803494,3.36046824002476,11.83652549818097,12.23598554118413,-0.5361279288034941,3.768080528803494,True,ok,,0.3,0.1,0.084
2020-12-11 15:00:00+00:00,-0.06750112326439783,-0.06750112326439783,5.243299968046544,5.175798844782146,12.23598554118413,12.302136641983239,-1.5959327680465432,5.243299968046544,True,ok,,0.3,0.1,0.084
2020-12-11 16:00:00+00:00,3.0879167159041097,3.0879167159041097,0.14011473123096607,3.2280314471350757,12.302136641983239,9.15120121759129,3.6007106687690342,0.14011473123096604,True,ok,,0.4,0.18,0.084
2020-12-11 17:00:00+00:00,2.5803224228326442,2.5803224228326442,1.6427090798742938e-09,2.5803224244753533,9.15120121759129,6.5182191534763465,2.844512198357291,1.64270912400845e-09,True,ok,,0.4,0.18,0.084
2020-12-11 18:00:00+00:00,1.8085258587914006,1.8085258587914006,1.642708413740479e-09,1.808525860434109,6.5182191534763465,4.672784603689203,1.8245856983572917,1.6427083360822936e-09,True,ok,,0.4,0.18,0.084
2020-12-11 19:00:00+00:00,1.4118285239587849,1.4118285239587849,1.6427081916958741e-09,1.411828525601493,4.672784603689203,3.2321432527108507,1.320812398357292,1.6427081199012676e-09,True,ok,,0.4,0.18,0.084
2020-12-11 20:00:00+00:00,-1.3189689509915599,-1.3189689509915599,2.168906922954383,0.8499379719628231,3.2321432527108507,4.524732824682579,-1.139950222954383,2.168906922954383,True,ok,,0.2,0.07,0.084
2020-12-11 21:00:00+00:00,-1.2317992255454966,-1.2317992255454966,1.9675310283004284,0.7357318027549317,4.524732824682579,5.731896065717166,-0.9622474283004282,1.9675310283004281,True,ok,,0.2,0.07,0.084
2020-12-11 22:00:00+00:00,-1.1667475379778054,-1.1667475379778054,1.7874162925792838,0.6206687546014785,5.731896065717166,6.875308652935415,-0.929401192579284,1.787416292579284,True,ok,,0.2,0.07,0.084
2020-12-11 23:00:00+00:00,-1.555744155880507,-1.555744155880507,1.6670500445333085,0.11130588865280146,6.875308652935415,8.39993792569831,-0.9182745445333085,1.6670500445333085,True,ok,,0.2,0.07,0.084
2020-12-12 00:00:00+00:00,-0.6080061541825965,-0.6080061541825965,1.1177684864445303,0.5097623322619338,8.39993792569831,8.995783956797254,-0.8993583264445304,1.1177684864445303,True,ok,,0.2,0.07,0.084
2020-12-12 01:00:00+00:00,-1.5371405235149338,-1.5371405235149338,1.658724079223925,0.12158355570899118,8.995783956797254,10.502181669841889,-0.8760243792239252,1.658724079223925,True,ok,,0.2,0.07,0.084
2020-12-12 02:00:00+00:00,-1.0014428661343038,-1.0014428661343038,1.487499364100222,0.48605649796591843,10.502181669841889,11.483595678653506,-0.7889985641002221,1.487499364100222,True,ok,,0.2,0.07,0.084
2020-12-12 03:00:00+00:00,0.8327060946422942,0.8327060946422942,1.5952166545326707,2.427922749174965,11.483595678653506,10.633895582079736,-0.9080539545326708,1.5952166545326707,True,ok,,0.2,0.07,0.084
2020-12-12 04:00:00+00:00,-3.2307187937961883,-3.2307187937961883,4.523169179157437,1.2924503853612481,10.633895582079736,13.8,-3.2307185026440886,4.806459302644089,True,ok,,0.2,0.07,0.084
2020-12-12 05:00:00+00:00,1.263083167934067,1.263083167934067,0.6666188027650297,1.9297019706990968,13.8,12.511139624557075,0.5758986972349704,0.6666188027650296,True,ok,,0.3,0.1,0.084
2020-12-12 06:00:00+00:00,-1.2058690435031079,-1.2058690435031079,1.890139294096399,0.6842702505932912,12.511139624557075,13.69289128719012,0.17662340590360132,1.890139294096399,True,ok,,0.3,0.1,0.084
2020-12-12 07:00:00+00:00,0.5184308977144736,0.5184308977144736,1.4549081920877425,1.973339089802216,13.69289128719012,13.16388016707331,0.5921082079122575,1.4549081920877425,True,ok,,0.3,0.1,0.084
2020-12-12 08:00:00+00:00,-0.5629254042771257,-0.5629254042771257,1.711374213048202,1.1484488087710762,13.16388016707331,13.715547063264893,0.41837508695179776,1.711374213048202,True,ok,,0.3,0.1,0.084
2020-12-12 09:00:00+00:00,-0.08617646605623255,-0.08617646605623255,0.6864171881622022,0.6002407221059697,13.715547063264893,13.8,0.8441782874625915,0.7350498125374086,True,ok,,0.3,0.1,0.084
2020-12-12 10:00:00+00:00,1.4723077465057415,1.4723077465057415,0.7701974305219559,2.2425051770276974,13.8,12.297645156626794,0.8040426694780441,0.7701974305219558,True,ok,,0.3,0.1,0.084
2020-12-12 11:00:00+00:00,-0.1596489142741293,-0.1596489142741293,2.005913901431719,1.8462649871575898,12.297645156626794,12.45410109261544,0.4168506985682805,2.005913901431719,True,ok,,0.3,0.1,0.084
2020-12-12 12:00:00+00:00,0.5917320997211459,0.5917320997211459,2.195159618494722,2.786891718215868,12.45410109261544,11.850292827593863,0.5866533815052782,2.195159618494722,True,ok,,0.3,0.1,0.084
2020-12-12 13:00:00+00:00,-0.5370689667000108,-0.5370689667000108,2.6499722011764333,2.1129032344764225,11.850292827593863,12.376620414959874,0.33811319882356666,2.6499722011764333,True,ok,,0.3,0.1,0.084
2020-12-12 14:00:00+00:00,1.7706577703319955,1.7706577703319955,1.8985272247460414,3.669184995078037,12.376620414959874,10.56982677176396,0.8485459752539585,1.8985272247460414,True,ok,,0.3,0.1,0.084
2020-12-12 15:00:00+00:00,0.6254297596453018,0.6254297596453018,4.394758357732757,5.0201881173780585,10.56982677176396,9.931633139472837,-0.8124233577327568,4.394758357732757,True,ok,,0.3,0.1,0.084
2020-12-12 16:00:00+00:00,4.374782311295886,4.374782311295886,0.223715183454666,4.598497494750552,9.931633139472837,5.4675695565178515,3.2355158165453344,0.22371518345466582,True,ok,,0.4,0.18,0.084
2020-12-12 17:00:00+00:00,3.391804811494027,3.391804811494027,0.8252780478313833,4.21708285932541,5.4675695565178515,2.0065442386668035,2.355136552168617,0.8252780478313833,True,ok,,0.4,0.18,0.084
2020-12-12 18:00:00+00:00,1.2143307549261695,1.2143307549261695,1.7173294151918443,2.931660170118014,2.0065442386668035,0.7674312234360183,0.9087079848081556,1.7173294151918443,True,ok,,0.4,0.18,0.084
2020-12-12 19:00:00+00:00,0.7520825989672979,0.7520825989672979,1.2422382857876262,1.994320884754924,0.7674312234360183,0.0,0.7520825847717587,1.0335092152282412,True,ok,,0.4,0.18,0.084
2020-12-12 20:00:00+00:00,-3.050558098104483,-3.050558098104483,3.78465815342554,0.7341000553210574,0.0,2.989546936142393,-2.32932215342554,3.78465815342554,True,ok,,0.2,0.07,0.084
2020-12-12 21:00:00+00:00,-1.7390265286967308,-1.7390265286967308,2.6833333618844692,0.9443068331877386,2.989546936142393,4.69379293426519,-1.3286087618844693,2.6833333618844692,True,ok,,0.2,0.07,0.084
2020-12-12 22:00:00+00:00,-2.01668805085923,-2.01668805085923,2.1980716065973613,0.18138355573813145,4.69379293426519,6.670147224107235,-1.1323256065973613,2.1980716065973613,True,ok,,0.2,0.07,0.084
2020-12-12 23:00:00+00:00,-1.1340759402628828,-1.1340759402628828,1.2962607180790195,0.16218477781613672,6.670147224107235,7.78154164556486,-1.0264400380790197,1.2962607180790195,True,ok,,0.2,0.07,0.084
2020-12-13 00:00:00+00:00,-1.1149871134110116,-1.1149871134110116,1.2300538635586191,0.11506675014760752,7.78154164556486,8.874229016707652,-1.051555693558619,1.2300538635586191,True,ok,,0.2,0.07,0.084
2020-12-13 01:00:00+00:00,-1.3541842716585277,-1.3541842716585277,1.5700869384233167,0.21590266676478906,8.874229016707652,10.20132960293301,-0.9535274884233167,1.5700869384233167,True,ok,,0.2,0.07,0.084
2020-12-13 02:00:00+00:00,-1.1386035636605663,-1.1386035636605663,1.6167882018561337,0.4781846381955674,10.20132960293301,11.317161095320365,-0.8762746018561337,1.6167882018561337,True,ok,,0.2,0.07,0.084
2020-12-13 03:00:00+00:00,-0.7503832669737269,-0.7503832669737269,1.7602843238700427,1.0099010568963158,11.317161095320365,12.052536696954618,-0.9744614238700428,1.7602843238700427,True,ok,,0.2,0.07,0.084
2020-12-13 04:00:00+00:00,-1.3852323660416401,-1.3852323660416401,2.665534588362409,1.280302222320769,12.052536696954618,13.410064415675425,-1.783125528362409,2.665534588362409,True,ok,,0.2,0.07,0.084
2020-12-13 05:00:00+00:00,0.108303428197705,0.108303428197705,0.8767381024034788,0.9850415306011838,13.410064415675425,13.299550713432868,0.5330070975965213,0.8767381024034788,True,ok,,0.3,0.1,0.084
2020-12-13 06:00:00+00:00,0.3226084788240655,0.3226084788240655,1.053996493694749,1.3766049725188145,13.299550713432868,12.97035838810219,0.7295775063052511,1.053996493694749,True,ok,,0.3,0.1,0.084
2020-12-13 07:00:00+00:00,3.2456154941001105,3.2456154941001105,1.501098650209252,4.746714144309363,12.97035838810219,9.658505843102077,0.6096013497907479,1.501098650209252,True,ok,,0.3,0.1,0.084
2020-12-13 08:00:00+00:00,0.12705620329002443,0.12705620329002443,2.8073328780057634,2.934389081295788,9.658505843102077,9.52885665607144,-0.03883437800576339,2.8073328780057634,True,ok,,0.3,0.1,0.084
2020-12-13 09:00:00+00:00,0.20363694050486147,0.20363694050486147,2.4729645291431592,2.6766014696480207,9.52885665607144,9.321063859637908,-0.060658529143159265,2.4729645291431592,True,ok,,0.3,0.1,0.084
2020-12-13 10:00:00+00:00,-0.7146627848510534,-0.7146627848510534,2.358638554349029,1.6439757694979755,9.321063859637908,10.021433388791941,-0.09238355434902881,2.358638554349029,True,ok,,0.3,0.1,0.084
2020-12-13 11:00:00+00:00,0.8492890689729946,0.8492890689729946,2.299843528571923,3.149132597544918,10.021433388791941,9.154811889839905,0.034374971428077036,2.299843528571923,True,ok,,0.3,0.1,0.084
2020-12-13 12:00:00+00:00,0.06377557869026207,0.06377557869026207,3.163472476875596,3.227248055565858,9.154811889839905,9.089734768727393,-0.3266460768755961,3.163472476875596,True,ok,,0.3,0.1,0.084
2020-12-13 13:00:00+00:00,-1.4909344417942085,-1.4909344417942085,3.716422193433236,2.2254877516390277,9.089734768727393,10.550850521685717,-0.4961865934332359,3.716422193433236,True,ok,,0.3,0.1,0.084
2020-12-13 14:00:00+00:00,-1.2042426847348786,-1.2042426847348786,2.7981000167892867,1.593857332054408,10.550850521685717,11.731008352725897,0.26637168321071314,2.7981000167892867,True,ok,,0.3,0.1,0.084
2020-12-13 15:00:00+00:00,0.7471430007384849,0.7471430007384849,1.8982721034271763,2.6454151041656613,11.731008352725897,10.96861753564581,1.518922196572824,1.8982721034271763,True,ok,,0.3,0.1,0.084
2020-12-13 16:00:00+00:00,3.7597338859422944,3.7597338859422944,1.6427104121419234e-09,3.759733887585005,10.96861753564581,7.132154386725102,3.1237348983572897,1.6427103786261655e-09,True,ok,,0.4,0.18,0.084
2020-12-13 17:00:00+00:00,2.215332191732813,2.215332191732813,0.15245758761767814,2.367789779350491,7.132154386725102,4.871611333936517,3.116546112382322,0.15245758761767822,True,ok,,0.4,0.18,0.084
2020-12-13 18:00:00+00:00,2.8423509360920005,2.8423509360920005,1.6427095239635037e-09,2.84235093773471,4.871611333936517,1.9712532358834554,1.8478451983572906,1.6427095097813388e-09,True,ok,,0.4,0.18,0.084
2020-12-13 19:00:00+00:00,1.1740031634937278,1.1740031634937278,1.6427161853016514e-09,1.174003165136444,1.9712532358834554,0.7732908241551617,1.7937920983572837,1.6427162186232216e-09,True,ok,,0.4,0.18,0.084
2020-12-13 20:00:00+00:00,-2.811804613065601,-2.811804613065601,3.039424557452613,0.22761994438701189,0.7732908241551617,3.5288593449594505,-1.858258757452613,3.039424557452613,True,ok,,0.2,0.07,0.084
2020-12-13 21:00:00+00:00,-0.4781703780692548,-0.4781703780692548,1.8816420720221332,1.4034716939528784,3.5288593449594505,3.99746631546732,-1.2220664720221333,1.8816420720221332,True,ok,,0.2,0.07,0.084
2020-12-13 22:00:00+00:00,-1.381810505617299,-1.381810505617299,2.0807495323916,0.6989390267743013,3.99746631546732,5.351640610972273,-1.2782586923916,2.0807495323916,True,ok,,0.2,0.07,0.084
2020-12-13 23:00:00+00:00,-0.9556640767334882,-0.9556640767334882,1.4842434079699034,0.5285793312364152,5.351640610972273,6.288191406171092,-1.2724606979699034,1.4842434079699034,True,ok,,0.2,0.07,0.084
2020-12-14 00:00:00+00:00,-1.1397433007579147,-1.1397433007579147,1.6342514945819402,0.4945081938240254,6.288191406171092,7.405139840913848,-1.29823721458194,1.6342514945819402,True,ok,,0.2,0.07,0.084
2020-12-14 01:00:00+00:00,-1.2933052041959474,-1.2933052041959474,1.8766664317533426,0.5833612275573951,7.405139840913848,8.672578941025876,-1.2988983617533427,1.8766664317533426,True,ok,,0.2,0.07,0.084
2020-12-14 02:00:00+00:00,-0.47039011160227373,-0.47039011160227373,2.585786113582312,2.1153960019800384,8.672578941025876,9.133561250396104,-1.258304813582312,2.585786113582312,True,ok,,0.2,0.07,0.084
2020-12-14 03:00:00+00:00,-2.217510801225533,-2.217510801225533,3.1575307770175707,0.940019975792038,9.133561250396104,11.306721835597127,-2.0345960770175706,3.1575307770175707,True,ok,,0.2,0.07,0.084
2020-12-14 04:00:00+00:00,-2.54416139224783,-2.54416139224783,3.163502945991511,0.6193415537436809,11.306721835597127,13.8,-2.5441611011224987,3.472840601122499,True,ok,,0.2,0.07,0.084
2020-12-14 05:00:00+00:00,0.8446761977756294,0.8446761977756294,0.3198716349332593,1.1645478327088887,13.8,12.938085512473847,0.3443706150667407,0.3198716349332593,True,ok,,0.3,0.1,0.084
2020-12-14 06:00:00+00:00,-0.16587421409362846,-0.16587421409362846,1.3848691550288699,1.2189949409352414,12.938085512473847,13.100642242285604,0.20149884497113024,1.3848691550288699,True,ok,,0.3,0.1,0.084
2020-12-14 07:00:00+00:00,1.8464436771169113,1.8464436771169113,0.964232270155363,2.810675947272274,13.100642242285604,11.216516041145898,0.20628972984463692,0.964232270155363,True,ok,,0.3,0.1,0.084
2020-12-14 08:00:00+00:00,-0.31123289674192867,-0.31123289674192867,2.0502292845218713,1.7389963877799426,11.216516041145898,11.521524279952988,-0.03327078452187109,2.0502292845218713,True,ok,,0.3,0.1,0.084
2020-12-14 09:00:00+00:00,-2.000420195102096,-2.000420195102096,1.6183678113828193,-0.38205238371927663,11.521524279952988,13.481936071153042,-0.05960901138281911,1.6183678113828193,True,ok,,0.3,0.1,0.084
2020-12-14 10:00:00+00:00,0.6701199309424462,0.6701199309424462,0.3062143625492746,0.9763342934917207,13.481936071153042,12.798140223252586,0.1508986774507254,0.3062143625492746,True,ok,,0.3,0.1,0.084
2020-12-14 11:00:00+00:00,-0.2354045723907059,-0.2354045723907059,0.9819274102331759,0.74652283784247,12.798140223252586,13.028836704195479,0.08931278976682402,0.9819274102331759,True,ok,,0.3,0.1,0.084
2020-12-14 12:00:00+00:00,-0.09370108542224431,-0.09370108542224431,1.0580971721547912,0.9643960867325468,13.028836704195479,13.120663767909278,0.26720072784520904,1.0580971721547912,True,ok,,0.3,0.1,0.084
2020-12-14 13:00:00+00:00,-0.6932002368272682,-0.6932002368272682,1.7048594101909216,1.0116591733636533,13.120663767909278,13.8,0.244465189872328,1.8105853101276717,True,ok,,0.3,0.1,0.084
2020-12-14 14:00:00+00:00,1.7270436953693933,1.7270436953693933,1.2415464939608456,2.968590189330239,13.8,12.037710514929191,1.1408945060391538,1.2415464939608456,True,ok,,0.3,0.1,0.084
2020-12-14 15:00:00+00:00,-0.16147968970534254,-0.16147968970534254,3.3101008849485765,3.148621195243234,12.037710514929191,12.195960610840427,0.23427611505142365,3.3101008849485765,True,ok,,0.3,0.1,0.084
2020-12-14 16:00:00+00:00,2.5343483865394583,2.5343483865394583,5.959419624446127e-10,2.5343483871354002,12.195960610840427,9.609890828657306,3.560005599404058,5.959419237634823e-10,True,ok,,0.4,0.18,0.084
2020-12-14 17:00:00+00:00,3.241333360115418,3.241333360115418,1.6427095239635037e-09,3.2413333617581275,9.609890828657306,6.3024078081313695,3.1472226983572904,1.6427094223761176e-09,True,ok,,0.4,0.18,0.084
2020-12-14 18:00:00+00:00,1.826418086782822,1.826418086782822,1.6427090798742938e-09,1.826418088425531,6.3024078081313695,4.438715882842776,2.225338598357291,1.6427089762712059e-09,True,ok,,0.4,0.18,0.084
2020-12-14 19:00:00+00:00,0.6759619687316112,0.6759619687316112,1.6427083027181766e-09,0.6759619703743195,4.438715882842776,3.7489587718921524,1.4838769983572915,1.6427083352366482e-09,True,ok,,0.4,0.18,0.084
2020-12-14 20:00:00+00:00,-1.6337439198161228,-1.6337439198161228,2.0735136695767507,0.4397697497606278,3.7489587718921524,5.350027813311953,-0.9932353695767507,2.0735136695767507,True,ok,,0.2,0.07,0.084
2020-12-14 21:00:00+00:00,-1.4792348443457233,-1.4792348443457233,1.6774866216052322,0.19825177725950885,5.350027813311953,6.799677960770762,-0.8627789816052323,1.6774866216052322,True,ok,,0.2,0.07,0.084
2020-12-14 22:00:00+00:00,1.6052882101764345,1.6052882101764345,1.175830598983164,2.7811188091595986,6.799677960770762,5.161628766713175,-0.7929102989831641,1.175830598983164,True,ok,,0.2,0.07,0.084
2020-12-14 23:00:00+00:00,-2.372178295574768,-2.372178295574768,2.485993823450986,0.11381552787621829,5.161628766713175,7.486363496376448,-1.2059468234509865,2.4859938234509866,True,ok,,0.2,0.07,0.084
2020-12-15 00:00:00+00:00,-1.7471007415846829,-1.7471007415846829,1.899170324714566,0.152069583129883,7.486363496376448,9.198522223129437,-0.9401955947145659,1.899170324714566,True,ok,,0.2,0.07,0.084
2020-12-15 01:00:00+00:00,-1.4955853366547858,-1.4955853366547858,1.6611282537209362,0.16554291706615043,9.198522223129437,10.664195853051128,-0.8253235537209362,1.6611282537209362,True,ok,,0.2,0.07,0.084
2020-12-15 02:00:00+00:00,-0.14957587668463468,-0.14957587668463468,1.9602518892244982,1.8106760125398635,10.664195853051128,10.81078021220207,-0.7051661892244981,1.9602518892244982,True,ok,,0.2,0.07,0.084
2020-12-15 03:00:00+00:00,-1.9460658884916615,-1.9460658884916615,2.1475049438549987,0.2014390553633372,10.81078021220207,12.717924782923898,-1.1543887938549988,2.1475049438549987,True,ok,,0.2,0.07,0.084
2020-12-15 04:00:00+00:00,-1.1041583847715333,-1.1041583847715333,1.2422741351346713,0.13811575036313797,12.717924782923898,13.8,-1.104158093806375,1.655895033806375,True,ok,,0.2,0.07,0.084
2020-12-15 05:00:00+00:00,0.4562306840158462,0.4562306840158462,0.07955440080394782,0.535785084819794,13.8,13.334458485698116,0.4492768991960522,0.07955440080394781,True,ok,,0.3,0.1,0.084
2020-12-15 06:00:00+00:00,3.447797204848512,3.447797204848512,-5.146250092735727e-09,3.447797199702262,13.334458485698116,9.81629807258739,0.7231628451462501,-5.146250075405214e-09,True,ok,,0.3,0.1,0.084
2020-12-15 07:00:00+00:00,-0.47411705863011533,-0.47411705863011533,2.2036043233740994,1.729487264743984,9.81629807258739,10.280932790044902,-0.09035732337409931,2.2036043233740994,True,ok,,0.3,0.1,0.084
2020-12-15 08:00:00+00:00,-0.9252978916039153,-0.9252978916039153,1.506184939884839,0.5808870482809237,10.280932790044902,11.18772472381674,-0.021430739884839203,1.506184939884839,True,ok,,0.3,0.1,0.084
2020-12-15 09:00:00+00:00,-0.8985314464588703,-0.8985314464588703,0.7693498265097858,-0.12918161994908456,11.18772472381674,12.068285541346432,-0.06604947650978564,0.7693498265097857,True,ok,,0.3,0.1,0.084
2020-12-15 10:00:00+00:00,1.242938078942775,1.242938078942775,0.13201324724166197,1.374951326184437,12.068285541346432,10.799981379159927,-0.012921817241661977,0.13201324724166197,True,ok,,0.3,0.1,0.084
2020-12-15 11:00:00+00:00,-0.35192444449600346,-0.35192444449600346,1.1457432271119394,0.793818782615936,10.799981379159927,11.14486733476601,-0.25165417711193944,1.1457432271119394,True,ok,,0.3,0.1,0.084
2020-12-15 12:00:00+00:00,1.1276395363323262,1.1276395363323262,1.1449312778509693,2.2725708141832954,11.14486733476601,9.9942147466718,-0.15163372785096935,1.1449312778509693,True,ok,,0.3,0.1,0.084
2020-12-15 13:00:00+00:00,-0.47419083173708554,-0.47419083173708554,2.8005682161538057,2.32637738441672,9.9942147466718,10.458921761774143,-0.6714902161538059,2.8005682161538057,True,ok,,0.3,0.1,0.084
2020-12-15 14:00:00+00:00,-0.43727214859883645,-0.43727214859883645,2.811094387444316,2.3738222388454795,10.458921761774143,10.887448467401002,-0.38076638744431635,2.811094387444316,True,ok,,0.3,0.1,0.084
2020-12-15 15:00:00+00:00,0.6741555078357795,0.6741555078357795,3.3705721488523075,4.044727656688087,10.887448467401002,10.199534683895106,-0.3100711488523075,3.3705721488523075,True,ok,,0.3,0.1,0.084
2020-12-15 16:00:00+00:00,3.506044159928326,3.506044159928326,0.3361264564838371,3.842170616412163,10.199534683895106,6.6219386023355895,3.3649005435161627,0.3361264564838372,True,ok,,0.4,0.18,0.084
2020-12-15 17:00:00+00:00,2.835020927818869,2.835020927818869,0.16333251038896712,2.998353438207836,6.6219386023355895,3.7290601045612335,3.0950927896110327,0.16333251038896693,True,ok,,0.4,0.18,0.084
2020-12-15 18:00:00+00:00,1.6655087119653262,1.6655087119653262,0.059506125106306484,1.7250148370716327,3.7290601045612335,2.029561418882329,2.2504435748936937,0.059506125106306526,True,ok,,0.4,0.18,0.084
2020-12-15 19:00:00+00:00,0.7868752470835008,0.7868752470835008,1.6427093019188987e-09,0.7868752487262101,2.029561418882329,1.22662749328692,1.1108166983572907,1.642709301053401e-09,True,ok,,0.4,0.18,0.084
2020-12-15 20:00:00+00:00,-2.1153150869277018,-2.1153150869277018,2.7513404233945966,0.6360253364668949,1.22662749328692,3.2996362784760676,-1.6582972233945965,2.7513404233945966,True,ok,,0.2,0.07,0.084
2020-12-15 21:00:00+00:00,-1.886139161752607,-1.886139161752607,2.129770884104847,0.2436317223522397,3.2996362784760676,5.148052656993622,-1.202653784104847,2.129770884104847,True,ok,,0.2,0.07,0.084
2020-12-15 22:00:00+00:00,-1.5932873338761016,-1.5932873338761016,1.812999723363792,0.21971238948769045,5.148052656993622,6.709474244192202,-0.9296346733637919,1.812999723363792,True,ok,,0.2,0.07,0.084
2020-12-15 23:00:00+00:00,-1.4983990395761664,-1.4983990395761664,1.6889397618668411,0.19054072229067484,6.709474244192202,8.177905302976844,-0.915080201866841,1.6889397618668411,True,ok,,0.2,0.07,0.084
2020-12-16 00:00:00+00:00,-1.3030854296029593,-1.3030854296029593,1.457087290568582,0.1540018609656229,8.177905302976844,9.454929023987745,-0.815515760568582,1.457087290568582,True,ok,,0.2,0.07,0.084
2020-12-16 01:00:00+00:00,-0.5868872832373146,-0.5868872832373146,1.0340234498257797,0.44713616658846495,9.454929023987745,10.030078561560313,-0.8935114898257797,1.0340234498257797,True,ok,,0.2,0.07,0.084
2020-12-16 02:00:00+00:00,0.05183994084883348,0.05183994084883348,1.9969512485170837,2.048791189365917,10.030078561560313,9.977180662734972,-0.8512957485170836,1.9969512485170837,True,ok,,0.2,0.07,0.084
2020-12-16 03:00:00+00:00,-2.2837189171013756,-2.2837189171013756,2.4374310560058414,0.15371213890446564,9.977180662734972,12.21522520149432,-1.5786277560058415,2.4374310560058414,True,ok,,0.2,0.07,0.084
2020-12-16 04:00:00+00:00,0.09144682595635123,0.09144682595635123,2.293364950279018,2.3848117762353693,12.21522520149432,12.121912113783758,-1.617116850279018,2.293364950279018,True,ok,,0.2,0.07,0.084
2020-12-16 05:00:00+00:00,-1.3155769947955411,-1.3155769947955411,1.503580605655518,0.18800361085997686,12.121912113783758,13.411177568683389,0.08012689434448235,1.5035806056555179,True,ok,,0.3,0.1,0.084
2020-12-16 06:00:00+00:00,0.3781379910499427,0.3781379910499427,0.5129459244618249,0.8910839155117676,13.411177568683389,13.025322475775283,0.958540875538175,0.5129459244618249,True,ok,,0.3,0.1,0.084
2020-12-16 07:00:00+00:00,0.6820202245138104,0.6820202245138104,0.5463028807393951,1.2283231052532055,13.025322475775283,12.329383471169354,0.8345988192606048,0.5463028807393951,True,ok,,0.3,0.1,0.084
2020-12-16 08:00:00+00:00,1.1768023263479108,1.1768023263479108,0.3681515452473554,1.5449538715952662,12.329383471169354,11.128564770814343,0.4531346547526447,0.36815154524735527,True,ok,,0.3,0.1,0.084
2020-12-16 09:00:00+00:00,1.9678843900317489,1.9678843900317489,0.7879813151096879,2.755865705141437,11.128564770814343,9.12051947486358,-0.0011709551096878497,0.7879813151096878,True,ok,,0.3,0.1,0.084
2020-12-16 10:00:00+00:00,0.04722084238567659,0.04722084238567659,1.4018935536557038,1.4491143960413804,9.12051947486358,9.07233494181697,-0.4484402536557037,1.4018935536557038,True,ok,,0.3,0.1,0.084
2020-12-16 11:00:00+00:00,0.34233995424399644,0.34233995424399644,1.8986423214452446,2.240982275689241,9.07233494181697,8.723008457894526,-0.4836489214452446,1.8986423214452446,True,ok,,0.3,0.1,0.084
2020-12-16 12:00:00+00:00,-0.641594748957337,-0.641594748957337,2.72406256927533,2.082467820317993,8.723008457894526,9.351771311872715,-0.52973836927533,2.72406256927533,True,ok,,0.3,0.1,0.084
2020-12-16 13:00:00+00:00,-2.0460781568048514,-2.0460781568048514,3.2289940458900572,1.1829158890852056,9.351771311872715,11.35692790554147,-0.7628822458900568,3.228994045890057,True,ok,,0.3,0.1,0.084
2020-12-16 14:00:00+00:00,-0.13600093220491338,-0.13600093220491338,3.0444055736598004,2.908404641454887,11.35692790554147,11.490208819102286,-0.20343257365980036,3.0444055736598004,True,ok,,0.3,0.1,0.084
2020-12-16 15:00:00+00:00,-0.09300181126835172,-0.09300181126835172,3.480494501504986,3.3874926902366345,11.490208819102286,11.58135059414527,-0.17879330150498615,3.480494501504986,True,ok,,0.3,0.1,0.084
2020-12-16 16:00:00+00:00,3.6788404042786294,3.6788404042786294,0.013142157246079922,3.6919825615247093,11.58135059414527,7.827431814269118,3.6290761427539207,0.013142157246079839,True,ok,,0.4,0.18,0.084
2020-12-16 17:00:00+00:00,3.721185998566672,3.721185998566672,1.642711300320343e-09,3.7211860002093835,7.827431814269118,4.030303244303125,2.8768195983572884,1.6427112271712155e-09,True,ok,,0.4,0.18,0.084
2020-12-16 18:00:00+00:00,0.7857237100837482,0.7857237100837482,0.05884201273144751,0.8445657228151957,4.030303244303125,3.228544356462566,2.3673789872685527,0.05884201273144746,True,ok,,0.4,0.18,0.084
2020-12-16 19:00:00+00:00,0.4738006081975787,0.4738006081975787,1.642708413740479e-09,0.4738006098402871,3.228544356462566,2.7450743480976896,1.1395584983572917,1.6427084046239677e-09,True,ok,,0.4,0.18,0.084
2020-12-16 20:00:00+00:00,-1.4106172094491274,-1.4106172094491274,2.110709595861747,0.7000923864126196,2.7450743480976896,4.127479213357835,-1.2350188658617467,2.110709595861747,True,ok,,0.2,0.07,0.084
2020-12-16 21:00:00+00:00,-1.583071729437967,-1.583071729437967,1.8337883402749495,0.25071661083698243,4.127479213357835,5.6788895082070425,-1.0330733702749495,1.8337883402749495,True,ok,,0.2,0.07,0.084
2020-12-16 22:00:00+00:00,-1.0766470779420292,-1.0766470779420292,1.2761411056546392,0.19949402771261,5.6788895082070425,6.734003644590231,-0.9415721356546394,1.2761411056546392,True,ok,,0.2,0.07,0.084
2020-12-16 23:00:00+00:00,-1.1887130221832511,-1.1887130221832511,1.302900049905186,0.11418702772193488,6.734003644590231,7.898942406329818,-0.9920899899051859,1.302900049905186,True,ok,,0.2,0.07,0.084
2020-12-17 00:00:00+00:00,-0.9332721048655538,-0.9332721048655538,1.4358757411515477,0.5026036362859939,7.898942406329818,8.81354906909806,-0.9569105411515477,1.4358757411515477,True,ok,,0.2,0.07,0.084
2020-12-17 01:00:00+00:00,-1.5150301566474356,-1.5150301566474356,1.6474458789381103,0.13241572229067486,8.81354906909806,10.298278622612548,-0.9188112389381103,1.6474458789381103,True,ok,,0.2,0.07,0.084
2020-12-17 02:00:00+00:00,0.3287718996840061,0.3287718996840061,1.71028537816498,2.039057277848986,10.298278622612548,9.962797092322745,-0.84265007816498,1.71028537816498,True,ok,,0.2,0.07,0.084
2020-12-17 03:00:00+00:00,-3.117587523142865,-3.117587523142865,3.309851828752992,0.19226430561012722,9.962797092322745,13.018032865002752,-1.554643928752992,3.309851828752992,True,ok,,0.2,0.07,0.084
2020-12-17 04:00:00+00:00,-0.7979256479563763,-0.7979256479563763,0.9205965366663983,0.12267088871002192,13.018032865002752,13.8,-0.7979253570885165,2.0158922570885167,True,ok,,0.2,0.07,0.084
2020-12-17 05:00:00+00:00,0.20621683724955264,0.20621683724955264,0.5334505515340074,0.7396673887835601,13.8,13.589574655867803,0.7125029484659927,0.5334505515340074,True,ok,,0.3,0.1,0.084
2020-12-17 06:00:00+00:00,2.170992430303644,2.170992430303644,0.6765663809847671,2.847558811288411,13.589574655867803,11.37427625759878,0.929781519015233,0.6765663809847672,True,ok,,0.3,0.1,0.084
2020-12-17 07:00:00+00:00,0.36928044490604983,0.36928044490604983,1.834866982204239,2.2041474271102888,11.37427625759878,10.997459477082403,0.10771011779576097,1.834866982204239,True,ok,,0.3,0.1,0.084
2020-12-17 08:00:00+00:00,-0.5099824558122863,-0.5099824558122863,2.0301636601674597,1.5201812043551735,10.997459477082403,11.497242283778444,0.060844839832540104,2.0301636601674597,True,ok,,0.3,0.1,0.084
2020-12-17 09:00:00+00:00,-0.11716982547769972,-0.11716982547769972,0.840968460314566,0.7237986348368662,11.497242283778444,11.61206871274659,0.004006139685434043,0.840968460314566,True,ok,,0.3,0.1,0.084
2020-12-17 10:00:00+00:00,0.0306962757202055,0.0306962757202055,0.7051455073802286,0.7358417831004341,11.61206871274659,11.580745982419849,0.07432715261977138,0.7051455073802286,True,ok,,0.3,0.1,0.084
2020-12-17 11:00:00+00:00,-0.6765061814470668,-0.6765061814470668,0.8223458117637497,0.14583963031668296,11.580745982419849,12.243722040237975,0.06891528823625034,0.8223458117637497,True,ok,,0.3,0.1,0.084
2020-12-17 12:00:00+00:00,-0.5900912364460779,-0.5900912364460779,1.0459363903747945,0.4558451539287166,12.243722040237975,12.822011451955131,0.25564590962520556,1.0459363903747945,True,ok,,0.3,0.1,0.084
2020-12-17 13:00:00+00:00,-0.5981921749588813,-0.5981921749588813,1.3407820935832773,0.7425899186243959,12.822011451955131,13.408239783414835,0.5614702064167226,1.3407820935832773,True,ok,,0.3,0.1,0.084
2020-12-17 14:00:00+00:00,1.4094073882233051,1.4094073882233051,1.024686065553211,2.434093453776516,13.408239783414835,11.97006897910534,1.093475534446789,1.024686065553211,True,ok,,0.3,0.1,0.084
2020-12-17 15:00:00+00:00,2.829245226266676,2.829245226266676,1.348892689553871,4.178137915820547,11.97006897910534,9.083084054343427,1.6389088104461291,1.348892689553871,True,ok,,0.3,0.1,0.084
2020-12-17 16:00:00+00:00,1.7723583865444223,1.7723583865444223,0.5054629748489772,2.2778213613933995,9.083084054343427,7.274555088481772,2.8240287251510234,0.5054629748489771,True,ok,,0.4,0.18,0.084
2020-12-17 17:00:00+00:00,1.5817898593317072,1.5817898593317072,1.6427099680527135e-09,1.5817898609744172,7.274555088481772,5.660483803449417,2.55532799835729,1.6427098904195683e-09,True,ok,,0.4,0.18,0.084
2020-12-17 18:00:00+00:00,1.5800981122570512,1.5800981122570512,1.6427081916958741e-09,1.5800981138997594,5.660483803449417,4.048138790942222,1.316456198357292,1.6427081732625254e-09,True,ok,,0.4,0.18,0.084
2020-12-17 19:00:00+00:00,1.434610855841368,1.434610855841368,1.6427081916958741e-09,1.4346108574840761,4.048138790942222,2.584250162532663,1.2158065983572917,1.6427081208219256e-09,True,ok,,0.4,0.18,0.084
2020-12-17 20:00:00+00:00,0.3616404838455036,0.3616404838455036,2.33533698937903,2.6969774732245337,2.584250162532663,2.2152292606494957,-1.3115157893790304,2.33533698937903,True,ok,,0.2,0.07,0.084
2020-12-17 21:00:00+00:00,-2.8990615965690605,-2.8990615965690605,3.231006207013765,0.3319446104447046,2.2152292606494957,5.0563096252871755,-1.565136707013765,3.231006207013765,True,ok,,0.2,0.07,0.084
2020-12-17 22:00:00+00:00,-1.5167520071392566,-1.5167520071392566,1.7734771736931783,0.2567251665539216,5.0563096252871755,6.542726592283647,-1.0264423236931781,1.7734771736931783,True,ok,,0.2,0.07,0.084
2020-12-17 23:00:00+00:00,-1.007940810368234,-1.007940810368234,1.282602671048814,0.2746618606805801,6.542726592283647,7.530508586444516,-1.098562871048814,1.282602671048814,True,ok,,0.2,0.07,0.084
2020-12-18 00:00:00+00:00,-1.819325551410366,-1.819325551410366,1.9669733012555528,0.14764774984518694,7.530508586444516,9.313447626826674,-0.9367029012555528,1.9669733012555528,True,ok,,0.2,0.07,0.084
2020-12-18 01:00:00+00:00,-1.1031032519233528,-1.1031032519233528,1.9763431129481037,0.8732398610247508,9.313447626826674,10.39448881371156,-0.7775433129481036,1.9763431129481037,True,ok,,0.2,0.07,0.084
2020-12-18 02:00:00+00:00,-1.2204033899005666,-1.2204033899005666,2.4165306167751295,1.1961272268745629,10.39448881371156,11.590484135814116,-0.7535902167751294,2.4165306167751295,True,ok,,0.2,0.07,0.084
2020-12-18 03:00:00+00:00,-1.4039437223701645,-1.4039437223701645,1.882299027027253,0.4783553046570886,11.590484135814116,12.966348983736877,-0.8247851270272532,1.882299027027253,True,ok,,0.2,0.07,0.084
2020-12-18 04:00:00+00:00,-0.8506643023093101,-0.8506643023093101,1.0420826909197263,0.19141838861041618,12.966348983736877,13.8,-0.8506640114205672,1.998175211420567,True,ok,,0.2,0.07,0.084
2020-12-18 05:00:00+00:00,0.08357524535159938,0.08357524535159938,0.05336114346152512,0.1369363888131245,13.8,13.714719137396328,0.7534940565384749,0.053361143461525117,True,ok,,0.3,0.1,0.084
2020-12-18 06:00:00+00:00,2.0720010867799306,2.0720010867799306,-5.146361115038189e-09,2.0720010816335694,13.714719137396328,11.600432314151501,0.8539630051463608,-5.146360902984098e-09,True,ok,,0.3,0.1,0.084
2020-12-18 07:00:00+00:00,1.0747999861183617,1.0747999861183617,0.8894202308011823,1.964220216919544,11.600432314151501,10.503697634438886,0.4250575691988178,0.8894202308011822,True,ok,,0.3,0.1,0.084
2020-12-18 08:00:00+00:00,-1.0768897562239745,-1.0768897562239745,0.763495885057186,-0.31339387116678846,10.503697634438886,11.559049595538381,0.07309461494281391,0.7634958850571861,True,ok,,0.3,0.1,0.084
2020-12-18 09:00:00+00:00,-2.1070843545400506,-2.1070843545400506,2.916672237063267e-09,-2.1070843516233784,11.559049595538381,13.623992262987631,-0.10729407291667244,2.916672424889108e-09,True,ok,,0.3,0.1,0.084
2020-12-18 10:00:00+00:00,-0.1795997316452751,-0.1795997316452751,-2.0321560752061116,-2.2117558068513867,13.623992262987631,13.8,-0.13568787291663634,2.916636332248878e-09,True,ok,,0.3,0.1,0.084
2020-12-18 11:00:00+00:00,-0.0,-0.0,-2.122504042999132,-2.122504042999132,13.8,13.8,0.09063054856600174,0.03970527143399827,True,ok,,0.3,0.1,0.084
2020-12-18 12:00:00+00:00,1.69842454432998,1.69842454432998,0.20905190980749566,1.9074764541374756,13.8,12.066913730275532,0.4660468901925044,0.20905190980749566,True,ok,,0.3,0.1,0.084
2020-12-18 13:00:00+00:00,-1.6445624818326334,-1.6445624818326334,1.4087554842192906,-0.23580699761334278,12.066913730275532,13.678584962471513,0.5438729157807095,1.4087554842192906,True,ok,,0.3,0.1,0.084
2020-12-18 14:00:00+00:00,0.61631130699407,0.61631130699407,0.4711090346534679,1.0874203416475379,13.678584962471513,13.049695873702055,1.5610796653465322,0.4711090346534678,True,ok,,0.3,0.1,0.084
2020-12-18 15:00:00+00:00,2.8244778750491415,2.8244778750491415,4.020236379354003e-07,2.8244782770727794,13.049695873702055,10.167575593039665,2.891768197976362,4.0202363776808604e-07,True,ok,,0.3,0.1,0.084
2020-12-18 16:00:00+00:00,2.2803441102978854,2.2803441102978854,1.6427090798742938e-09,2.2803441119405945,10.167575593039665,7.840693847837741,3.2364677983572907,1.6427091001094322e-09,True,ok,,0.4,0.18,0.084
2020-12-18 17:00:00+00:00,2.9108666338652993,2.9108666338652993,1.6427081916958741e-09,2.9108666355080075,7.840693847837741,4.8704217724649865,2.3466054983572917,1.6427079736879697e-09,True,ok,,0.4,0.18,0.084
2020-12-18 18:00:00+00:00,2.2036674779518393,2.2036674779518393,1.6427090798742938e-09,2.2036674795945483,4.8704217724649865,2.6217814888406608,1.8404064983572908,1.6427092182603369e-09,True,ok,,0.4,0.18,0.084
2020-12-18 19:00:00+00:00,0.5829348841293596,0.5829348841293596,1.6427093019188987e-09,0.5829348857720689,2.6217814888406608,2.026949974422947,1.4452265983572907,1.6427092578335873e-09,True,ok,,0.4,0.18,0.084
2020-12-18 20:00:00+00:00,-1.1351365631795385,-1.1351365631795385,2.174416040823504,1.0392794776439656,2.026949974422947,3.139383806338895,-1.421153640823504,2.174416040823504,True,ok,,0.2,0.07,0.084
2020-12-18 21:00:00+00:00,-1.6518708750517477,-1.6518708750517477,1.9256121248938616,0.27374124984211384,3.139383806338895,4.758217263889607,-1.2178632848938618,1.9256121248938616,True,ok,,0.2,0.07,0.084
2020-12-18 22:00:00+00:00,-1.2110834926958058,-1.2110834926958058,1.4896797699327449,0.2785962772369389,4.758217263889607,5.945079086731496,-1.1350294999327446,1.4896797699327446,True,ok,,0.2,0.07,0.084
2020-12-18 23:00:00+00:00,-1.6421854367908413,-1.6421854367908413,1.8853200757546464,0.24313463896380524,5.945079086731496,7.554420814786521,-1.0727043757546464,1.8853200757546464,True,ok,,0.2,0.07,0.084
2020-12-19 00:00:00+00:00,-1.3520620058892179,-1.3520620058892179,1.5386279503833595,0.1865659444941417,7.554420814786521,8.879441580557955,-0.9564631503833595,1.5386279503833595,True,ok,,0.2,0.07,0.084
2020-12-19 01:00:00+00:00,-1.8708186123093753,-1.8708186123093753,2.0174942512976584,0.14667563898828304,8.879441580557955,10.712843820621144,-0.8568008512976585,2.0174942512976584,True,ok,,0.2,0.07,0.084
2020-12-19 02:00:00+00:00,-1.479753720338951,-1.479753720338951,1.6641147758296566,0.18436105549070567,10.712843820621144,12.163002466553316,-0.5279272758296566,1.6641147758296566,True,ok,,0.2,0.07,0.084
2020-12-19 03:00:00+00:00,0.7741453407964292,0.7741453407964292,0.9853234692903512,1.7594688100867804,12.163002466553316,11.373058241250837,-0.4164253392903512,0.9853234692903512,True,ok,,0.2,0.07,0.084
2020-12-19 04:00:00+00:00,-0.4246009252998464,-0.4246009252998464,3.282925166543311,2.8583242412434644,11.373058241250837,11.789167148044687,-2.476471166543311,3.282925166543311,True,ok,,0.2,0.07,0.084
2020-12-19 05:00:00+00:00,-0.9597673428189701,-0.9597673428189701,1.121264898429839,0.16149755561086881,11.789167148044687,12.729739144007278,0.4098378015701609,1.121264898429839,True,ok,,0.3,0.1,0.084
2020-12-19 06:00:00+00:00,-0.033204834503216596,-0.033204834503216596,0.16658463995948403,0.13337980545626743,12.729739144007278,12.76227988182043,1.2921883600405157,0.16658463995948403,True,ok,,0.3,0.1,0.084
2020-12-19 07:00:00+00:00,2.3020650639177678,2.3020650639177678,-5.146364223662658e-09,2.3020650587714035,12.76227988182043,10.413233898230871,0.8714725351463644,-5.146364294054497e-09,True,ok,,0.3,0.1,0.084
2020-12-19 08:00:00+00:00,1.4925727903259471,1.4925727903259471,0.26965546725697975,1.762228257582927,10.413233898230871,8.890200438714599,0.30865630274302025,0.26965546725697975,True,ok,,0.3,0.1,0.084
2020-12-19 09:00:00+00:00,-1.4736693077487817,-1.4736693077487817,0.8067306645362641,-0.6669386432125176,8.890200438714599,10.334396360308405,-0.348646314536264,0.806730664536264,True,ok,,0.3,0.1,0.084
2020-12-19 10:00:00+00:00,-1.341648863681158,-1.341648863681158,0.18357232089407982,-1.1580765427870783,10.334396360308405,11.64921224671594,-0.8911231208940799,0.18357232089407977,True,ok,,0.3,0.1,0.084
2020-12-19 11:00:00+00:00,-2.1946813809021024,-2.1946813809021024,-0.16413229838378607,-2.3588136792858885,11.64921224671594,13.8,-0.491186523309503,0.06220032330950301,True,ok,,0.3,0.1,0.084
2020-12-19 12:00:00+00:00,-0.0,-0.0,-2.7800072499570256,-2.7800072499570256,13.8,13.8,-1.2126239602295012e-07,-0.001758667837603977,True,ok,,0.3,0.1,0.084
2020-12-19 13:00:00+00:00,-0.0,-0.0,-2.252848204590261,-2.252848204590261,13.8,13.8,0.42057112656316015,0.1908912134368399,True,ok,,0.3,0.1,0.084
2020-12-19 14:00:00+00:00,0.16536040830729604,0.16536040830729604,0.3530674361715035,0.5184278444787995,13.8,13.631264889482352,0.5736542638284967,0.3530674361715035,True,ok,,0.3,0.1,0.084
2020-12-19 15:00:00+00:00,0.071551291496601,0.071551291496601,0.7549413433073459,0.8264926348039469,13.631264889482352,13.558253367547046,1.5483026566926545,0.7549413433073459,True,ok,,0.3,0.1,0.084
2020-12-19 16:00:00+00:00,0.29444760994089564,0.29444760994089564,1.6427083027181766e-09,0.29444761158360394,13.558253367547046,13.257796622709398,2.763828098357292,1.6427083143508808e-09,True,ok,,0.4,0.18,0.084
2020-12-19 17:00:00+00:00,5.0,5.0,1.849255177900523,6.849255177900523,13.257796622709398,8.155755806382867,1.9517739983572955,1.6427044516818942e-09,True,ok,,0.4,0.18,0.084
2020-12-19 18:00:00+00:00,1.230873613532113,1.230873613532113,1.6427088578296889e-09,1.2308736151748219,8.155755806382867,6.899762323186834,3.0678842983572916,1.642708853339197e-09,True,ok,,0.4,0.18,0.084
2020-12-19 19:00:00+00:00,0.5940017211888624,0.5940017211888624,5.95941296310798e-10,0.5940017217848037,6.899762323186834,6.293638117892076,1.4479693994040586,5.959413118396406e-10,True,ok,,0.4,0.18,0.084
2020-12-19 20:00:00+00:00,-1.1639482946035968,-1.1639482946035968,1.4977686845181093,0.33382038991451246,6.293638117892076,7.434307446603601,-0.5944717845181091,1.4977686845181093,True,ok,,0.2,0.07,0.084
2020-12-19 21:00:00+00:00,-0.6715552742546627,-0.6715552742546627,0.9448335517206952,0.27327827746603256,7.434307446603601,8.09243161537317,-0.5226514217206952,0.9448335517206952,True,ok,,0.2,0.07,0.084
2020-12-19 22:00:00+00:00,-0.9743323409486897,-0.9743323409486897,1.2588960905931814,0.2845637496444917,8.09243161537317,9.047277309502887,-0.5653847405931816,1.2588960905931814,True,ok,,0.2,0.07,0.084
2020-12-19 23:00:00+00:00,-0.7994086879636584,-0.7994086879636584,1.046670687136293,0.24726199917263453,9.047277309502887,9.830697823707272,-0.5878954871362929,1.046670687136293,True,ok,,0.2,0.07,0.084
2020-12-20 00:00:00+00:00,-0.9757223047421234,-0.9757223047421234,1.1073020823087156,0.13157977756659223,9.830697823707272,10.786905682354552,-0.5907780823087158,1.1073020823087156,True,ok,,0.2,0.07,0.084
2020-12-20 01:00:00+00:00,-0.6557315185694531,-0.6557315185694531,0.8685203795554209,0.21278886098596786,10.786905682354552,11.429522570552617,-0.5294061195554209,0.8685203795554209,True,ok,,0.2,0.07,0.084
2020-12-20 02:00:00+00:00,-0.8516319559798213,-0.8516319559798213,1.1463757610253733,0.2947438050455519,11.429522570552617,12.264121887412841,-0.5666165610253734,1.1463757610253733,True,ok,,0.2,0.07,0.084
2020-12-20 03:00:00+00:00,-1.0255280820738717,-1.0255280820738717,1.2887579989140012,0.26322991684012964,12.264121887412841,13.269139407845236,-0.5537618489140013,1.2887579989140012,True,ok,,0.2,0.07,0.084
