timestamp,action,pb,pg,gt,soe_now,soe_new,solver_ok,solver_status,solver_error,import_price,export_price,c_bat_deg
2020-07-20 04:00:00+00:00,-8.485676560964385e-08,-8.485676560964385e-08,-0.09498245428482359,-0.0949825391415892,4.0,4.00000008315963,True,ok,,0.3,0.1,0.084
2020-07-20 05:00:00+00:00,-2.3390731095316873e-07,-2.3390731095316873e-07,-0.21317524758531264,-0.2131754814926236,4.00000008315963,4.000000312388795,True,ok,,0.3,0.1,0.084
2020-07-20 06:00:00+00:00,-8.485684204618188e-08,-8.485684204618188e-08,-0.4628923413011605,-0.4628924261580026,4.000000312388795,4.0000003955485,True,ok,,0.3,0.1,0.084
2020-07-20 07:00:00+00:00,-2.33907461145455e-07,-2.33907461145455e-07,-0.42994685894454676,-0.4299470928520079,4.0000003955485,4.000000624777812,True,ok,,0.3,0.1,0.084
2020-07-20 08:00:00+00:00,-2.3390749329421816e-07,-2.3390749329421816e-07,-0.568133417263749,-0.5681336511712423,4.000000624777812,4.000000854007155,True,ok,,0.3,0.1,0.084
2020-07-20 09:00:00+00:00,-2.3390755668260872e-07,-2.3390755668260872e-07,-1.2376169108382373,-1.237617144745794,4.000000854007155,4.00000108323656,True,ok,,0.3,0.1,0.084
2020-07-20 10:00:00+00:00,-2.3390755487411786e-07,-2.3390755487411786e-07,-1.435809010201102,-1.435809244108657,4.00000108323656,4.0000013124659635,True,ok,,0.3,0.1,0.084
2020-07-20 11:00:00+00:00,-2.3390754570151456e-07,-2.3390754570151456e-07,-1.468435198180053,-1.4684354320875987,4.0000013124659635,4.000001541695358,True,ok,,0.3,0.1,0.084
2020-07-20 12:00:00+00:00,-2.3390756363281446e-07,-2.3390756363281446e-07,-3.3738684057844726,-3.373868639692036,4.000001541695358,4.00000177092477,True,ok,,0.3,0.1,0.084
2020-07-20 13:00:00+00:00,-2.339075531207118e-07,-2.339075531207118e-07,-3.3478879455186217,-3.347888179426175,4.00000177092477,4.000002000154172,True,ok,,0.3,0.1,0.084
2020-07-20 14:00:00+00:00,-2.3390754378930325e-07,-2.3390754378930325e-07,-3.51641991339816,-3.516420147305704,4.000002000154172,4.000002229383565,True,ok,,0.3,0.1,0.084
2020-07-20 15:00:00+00:00,0.4649947050848423,0.4649947050848423,-3.3692583738584823,-2.90426366877364,4.000002229383565,3.5255178364398483,True,ok,,0.4,0.18,0.084
2020-07-20 16:00:00+00:00,0.1293574800871872,0.1293574800871872,-0.7665905619597141,-0.6372330818725269,3.5255178364398483,3.3935204077794534,True,ok,,0.4,0.18,0.084
2020-07-20 17:00:00+00:00,0.12978307521911175,0.12978307521911175,-0.4725980168308951,-0.34281494161178333,3.3935204077794534,3.2610886983721965,True,ok,,0.4,0.18,0.084
2020-07-20 18:00:00+00:00,0.21879004135977984,0.21879004135977984,-0.15272714506544177,0.06606289629433805,3.2610886983721965,3.0378335541275234,True,ok,,0.4,0.18,0.084
2020-07-20 19:00:00+00:00,0.13983156504704092,0.13983156504704092,1.0251432566721341e-07,0.13983166756136658,3.0378335541275234,2.895148283671359,True,ok,,0.2,0.07,0.084
2020-07-20 20:00:00+00:00,0.09829375862587283,0.09829375862587283,1.0251427251528611e-07,0.09829386114014535,2.895148283671359,2.794848529971489,True,ok,,0.2,0.07,0.084
2020-07-20 21:00:00+00:00,0.18799443495593704,0.18799443495593704,3.719009714076016e-08,0.18799447214603418,2.794848529971489,2.603017473894002,True,ok,,0.2,0.07,0.084
2020-07-20 22:00:00+00:00,0.06942748066368307,0.06942748066368307,1.0251420136386802e-07,0.06942758317788443,2.603017473894002,2.532173105869836,True,ok,,0.2,0.07,0.084
2020-07-20 23:00:00+00:00,0.1315506199019269,0.1315506199019269,1.0251431512009468e-07,0.13155072241624202,2.532173105869836,2.397937779439298,True,ok,,0.2,0.07,0.084
2020-07-21 00:00:00+00:00,0.10602775861197827,0.10602775861197827,1.0251428562979559e-07,0.1060278611262639,2.397937779439298,2.289746189018912,True,ok,,0.2,0.07,0.084
2020-07-21 01:00:00+00:00,0.10071203646171599,0.10071203646171599,1.025142752630881e-07,0.10071213897599125,2.289746189018912,2.186978804874304,True,ok,,0.2,0.07,0.084
2020-07-21 02:00:00+00:00,0.198162230902569,0.198162230902569,1.025143699651121e-07,0.19816233341693895,2.186978804874304,1.984772446810458,True,ok,,0.2,0.07,0.084
2020-07-21 03:00:00+00:00,0.07396095882522245,0.07396095882522245,1.0251422900842133e-07,0.07396106133945146,1.984772446810458,1.9093020806622718,True,ok,,0.2,0.07,0.084
2020-07-21 04:00:00+00:00,-2.3390564136985823e-07,-2.3390564136985823e-07,-0.0265987939479004,-0.02659902785354177,1.9093020806622718,1.9093023098898003,True,ok,,0.3,0.1,0.084
2020-07-21 05:00:00+00:00,-2.339081291394493e-07,-2.339081291394493e-07,-0.43610737437466546,-0.4361076082827946,1.9093023098898003,1.9093025391197669,True,ok,,0.3,0.1,0.084
2020-07-21 06:00:00+00:00,-2.3390822893273806e-07,-2.3390822893273806e-07,-1.7013995034318685,-1.7013997373400975,1.9093025391197669,1.9093027683498311,True,ok,,0.3,0.1,0.084
2020-07-21 07:00:00+00:00,-2.3390821583370064e-07,-2.3390821583370064e-07,-2.8834437949412215,-2.8834440288494374,1.9093027683498311,1.9093029975798828,True,ok,,0.3,0.1,0.084
2020-07-21 08:00:00+00:00,-2.3390818760873907e-07,-2.3390818760873907e-07,-3.210590698043036,-3.2105909319512236,1.9093029975798828,1.9093032268099066,True,ok,,0.3,0.1,0.084
2020-07-21 09:00:00+00:00,-2.339081613246944e-07,-2.339081613246944e-07,-4.023867240214087,-4.023867474122248,1.9093032268099066,1.9093034560399047,True,ok,,0.3,0.1,0.084
2020-07-21 10:00:00+00:00,-2.339081310562391e-07,-2.339081310562391e-07,-4.137407806228082,-4.137408040136213,1.9093034560399047,1.909303685269873,True,ok,,0.3,0.1,0.084
2020-07-21 11:00:00+00:00,-2.3390809554454007e-07,-2.3390809554454007e-07,-3.237793418570576,-3.2377936524786715,1.909303685269873,1.9093039144998067,True,ok,,0.3,0.1,0.084
2020-07-21 12:00:00+00:00,-2.3390806076843532e-07,-2.3390806076843532e-07,-2.7388531291721647,-2.7388533630802256,1.9093039144998067,1.9093041437297062,True,ok,,0.3,0.1,0.084
2020-07-21 13:00:00+00:00,-2.339080415580169e-07,-2.339080415580169e-07,-4.9346000408788715,-4.934600274786913,1.9093041437297062,1.9093043729595869,True,ok,,0.3,0.1,0.084
2020-07-21 14:00:00+00:00,-8.485690093541326e-08,-8.485690093541326e-08,-3.5681282503495435,-3.5681283352064446,1.9093043729595869,1.9093044561193497,True,ok,,0.3,0.1,0.084
2020-07-21 15:00:00+00:00,0.12339918846059747,0.12339918846059747,-2.610286686409467,-2.4868874979488695,1.9093044561193497,1.783386916873842,True,ok,,0.4,0.18,0.084
2020-07-21 16:00:00+00:00,0.03014022870904616,0.03014022870904616,-0.7928138531758897,-0.7626736244668435,1.783386916873842,1.7526315814564482,True,ok,,0.4,0.18,0.084
2020-07-21 17:00:00+00:00,0.029171996236290593,0.029171996236290593,-0.2748926131327811,-0.24572061689649052,1.7526315814564482,1.7228642383581925,True,ok,,0.4,0.18,0.084
2020-07-21 18:00:00+00:00,0.06850453191454862,0.06850453191454862,-0.03604936948921512,0.03245516242533351,1.7228642383581925,1.6529616547719184,True,ok,,0.4,0.18,0.084
2020-07-21 19:00:00+00:00,0.12863854974868513,0.12863854974868513,1.025148794464581e-07,0.12863865226356458,1.6529616547719184,1.5216978284977498,True,ok,,0.2,0.07,0.084
2020-07-21 20:00:00+00:00,0.1698107863873508,0.1698107863873508,1.0251499549251974e-07,0.1698108889023463,1.5216978284977498,1.3484215158575958,True,ok,,0.2,0.07,0.084
2020-07-21 21:00:00+00:00,0.10456625852548217,0.10456625852548217,1.0251505697111973e-07,0.10456636104053914,1.3484215158575958,1.2417212520560834,True,ok,,0.2,0.07,0.084
2020-07-21 22:00:00+00:00,0.10231342539306638,0.10231342539306638,1.025194970999399e-07,0.10231352791256348,1.2417212520560834,1.1373197975733627,True,ok,,0.2,0.07,0.084
2020-07-21 23:00:00+00:00,0.1383247186879984,0.1383247186879984,2.256677543721608e-07,0.13832494435575277,1.1373197975733627,0.996172125442752,True,ok,,0.2,0.07,0.084
2020-07-22 00:00:00+00:00,0.06124630214921621,0.06124630214921621,2.256709471723517e-07,0.061246527820163384,0.996172125442752,0.9336758987598783,True,ok,,0.2,0.07,0.084
2020-07-22 01:00:00+00:00,0.19328485797089368,0.19328485797089368,2.2567270152595853e-07,0.1932850836435952,0.9336758987598783,0.7364464518508032,True,ok,,0.2,0.07,0.084
2020-07-22 02:00:00+00:00,0.10309352434038345,0.10309352434038345,2.2567286207808568e-07,0.10309375001324553,0.7364464518508032,0.6312489780340853,True,ok,,0.2,0.07,0.084
2020-07-22 03:00:00+00:00,0.11901822745856101,0.11901822745856101,2.256738601963404e-07,0.11901845313242121,0.6312489780340853,0.5098018071580026,True,ok,,0.2,0.07,0.084
2020-07-22 04:00:00+00:00,-0.032576924166335536,-0.032576924166335536,-0.02881778000701564,-0.061394704173351175,0.5098018071580026,0.5417271928410115,True,ok,,0.3,0.1,0.084
2020-07-22 05:00:00+00:00,-0.36071942983126626,-0.36071942983126626,-0.2237554638438216,-0.5844748936750879,0.5417271928410115,0.8952322340756524,True,ok,,0.3,0.1,0.084
2020-07-22 06:00:00+00:00,-0.8591535687602009,-0.8591535687602009,-0.679941006928099,-1.5390945756882999,0.8952322340756524,1.7372027314606493,True,ok,,0.3,0.1,0.084
2020-07-22 07:00:00+00:00,-1.2772709031935703,-1.2772709031935703,-1.4454397549560403,-2.7227106581496106,1.7372027314606493,2.988928216590348,True,ok,,0.3,0.1,0.084
2020-07-22 08:00:00+00:00,-1.075048770076648,-1.075048770076648,-1.663450005974354,-2.738498776051002,2.988928216590348,4.042476011265463,True,ok,,0.3,0.1,0.084
2020-07-22 09:00:00+00:00,-0.5991383251675152,-0.5991383251675152,-0.8751424856695728,-1.474280810837088,4.042476011265463,4.629631569929628,True,ok,,0.3,0.1,0.084
2020-07-22 10:00:00+00:00,-0.6883502607600109,-0.6883502607600109,-1.1846815774515091,-1.87303183821152,4.629631569929628,5.304214825474438,True,ok,,0.3,0.1,0.084
2020-07-22 11:00:00+00:00,-1.2421770915120305,-1.2421770915120305,-1.8550136323688327,-3.097190723880863,5.304214825474438,6.521548375156228,True,ok,,0.3,0.1,0.084
2020-07-22 12:00:00+00:00,-0.7668914988389078,-0.7668914988389078,-2.3755002936679164,-3.142391792506824,6.521548375156228,7.273102044018358,True,ok,,0.3,0.1,0.084
2020-07-22 13:00:00+00:00,-0.6897186750097761,-0.6897186750097761,-1.7360317598567598,-2.425750434866536,7.273102044018358,7.949026345527939,True,ok,,0.3,0.1,0.084
2020-07-22 14:00:00+00:00,-0.8059223125994227,-0.8059223125994227,-2.386984108475682,-3.192906421075105,7.949026345527939,8.738830211875372,True,ok,,0.3,0.1,0.084
2020-07-22 15:00:00+00:00,2.2275964211911829e-07,2.2275964211911829e-07,-2.590983062810142,-2.5909828400504997,8.738830211875372,8.738829984569616,True,ok,,0.4,0.18,0.084
2020-07-22 16:00:00+00:00,1.8764243229725987e-07,1.8764243229725987e-07,-0.8058123061544356,-0.8058121185120033,8.738829984569616,8.738829793097747,True,ok,,0.4,0.18,0.084
2020-07-22 17:00:00+00:00,1.8624044404040882e-07,1.8624044404040882e-07,-0.39642156890616986,-0.3964213826657258,8.738829793097747,8.738829603056477,True,ok,,0.4,0.18,0.084
2020-07-22 18:00:00+00:00,1.850104344973756e-07,1.850104344973756e-07,-0.03323646808711189,-0.03323628307667739,8.738829603056477,8.738829414270318,True,ok,,0.4,0.18,0.084
2020-07-22 19:00:00+00:00,0.20561714630684155,0.20561714630684155,3.0671262199466476e-07,0.20561745301946355,8.738829414270318,8.5290159996715,True,ok,,0.2,0.07,0.084
2020-07-22 20:00:00+00:00,0.10703008217858791,0.10703008217858791,3.066693989722813e-07,0.10703038884798688,8.5290159996715,8.419801630101512,True,ok,,0.2,0.07,0.084
2020-07-22 21:00:00+00:00,0.17331852685416302,0.17331852685416302,3.066214797620148e-07,0.17331883347564278,8.419801630101512,8.242945990454407,True,ok,,0.2,0.07,0.084
2020-07-22 22:00:00+00:00,0.10951424906706103,0.10951424906706103,3.0656998059597207e-07,0.10951455563704163,8.242945990454407,8.131196756712509,True,ok,,0.2,0.07,0.084
2020-07-22 23:00:00+00:00,0.1172814159411177,0.1172814159411177,3.065144369013284e-07,0.1172817224555546,8.131196756712509,8.011521842486879,True,ok,,0.2,0.07,0.084
2020-07-23 00:00:00+00:00,0.12007430484358675,0.12007430484358675,3.064546564429671e-07,0.12007461129824319,8.011521842486879,7.888997041626076,True,ok,,0.2,0.07,0.084
2020-07-23 01:00:00+00:00,0.13225780474767831,0.13225780474767831,3.063901356237242e-07,0.13225811113781394,7.888997041626076,7.754040098005996,True,ok,,0.2,0.07,0.084
2020-07-23 02:00:00+00:00,1.969500979318702,1.969500979318702,9.833857395058487e-08,1.969501077657276,7.754040098005996,5.744345221150178,True,ok,,0.2,0.07,0.084
2020-07-23 03:00:00+00:00,4.999999697813261,4.999999697813261,1.1440324222183351,6.144032120031596,5.744345221150178,0.6423047131774622,True,ok,,0.2,0.07,0.084
2020-07-23 04:00:00+00:00,0.6294578058493607,0.6294578058493607,-3.584277319390594e-09,0.6294578022650834,0.6423047131774622,8.296577063138244e-07,True,ok,,0.3,0.1,0.084
2020-07-23 05:00:00+00:00,-0.2142149770716724,-0.2142149770716724,-0.15894366433399973,-0.3731586414056721,8.296577063138244e-07,0.20993150718794526,True,ok,,0.3,0.1,0.084
2020-07-23 06:00:00+00:00,-0.2712192587897651,-0.2712192587897651,-1.3842531827764537,-1.6554724415662188,0.20993150718794526,0.4757263808019151,True,ok,,0.3,0.1,0.084
2020-07-23 07:00:00+00:00,-0.1956650076645109,-0.1956650076645109,-2.7080283174543984,-2.903693325118909,0.4757263808019151,0.6674780883131357,True,ok,,0.3,0.1,0.084
2020-07-23 08:00:00+00:00,-0.15951130177093756,-0.15951130177093756,-3.8776302298701535,-4.037141531641091,0.6674780883131357,0.8237991640486545,True,ok,,0.3,0.1,0.084
2020-07-23 09:00:00+00:00,-0.13779394433143885,-0.13779394433143885,-4.668130091210052,-4.805924035541491,0.8237991640486545,0.9588372294934646,True,ok,,0.3,0.1,0.084
2020-07-23 10:00:00+00:00,-0.12300310344260204,-0.12300310344260204,-4.998424743945272,-5.121427847387873,0.9588372294934646,1.0793802708672147,True,ok,,0.3,0.1,0.084
2020-07-23 11:00:00+00:00,-0.11223618627175537,-0.11223618627175537,-5.182739307000481,-5.294975493272236,1.0793802708672147,1.189371733413535,True,ok,,0.3,0.1,0.084
2020-07-23 12:00:00+00:00,-0.10385303170304896,-0.10385303170304896,-4.986537277923615,-5.090390309626664,1.189371733413535,1.291147704482523,True,ok,,0.3,0.1,0.084
2020-07-23 13:00:00+00:00,-0.09698903753952895,-0.09698903753952895,-4.129394724175447,-4.226383761714976,1.291147704482523,1.3861969612712615,True,ok,,0.3,0.1,0.084
2020-07-23 14:00:00+00:00,-0.09079425339749901,-0.09079425339749901,-3.146398658599105,-3.237192911996604,1.3861969612712615,1.4751753296008105,True,ok,,0.3,0.1,0.084
2020-07-23 15:00:00+00:00,2.2281876877143667e-07,2.2281876877143667e-07,-3.065087430671056,-3.065087207852287,1.4751753296008105,1.47517510223472,True,ok,,0.4,0.18,0.084
2020-07-23 16:00:00+00:00,1.8723806763682081e-07,1.8723806763682081e-07,-1.4162764388701115,-1.4162762516320437,1.47517510223472,1.4751749111754673,True,ok,,0.4,0.18,0.084
2020-07-23 17:00:00+00:00,1.714722342530735e-07,1.714722342530735e-07,-0.18328436838259946,-0.1832841969103652,1.4751749111754673,1.4751747362037997,True,ok,,0.4,0.18,0.084
2020-07-23 18:00:00+00:00,0.07521134719061444,0.07521134719061444,-1.9170322847206211e-07,0.07521115548738597,1.4751747362037997,1.3984284635603155,True,ok,,0.4,0.18,0.084
2020-07-23 19:00:00+00:00,0.10316281421799751,0.10316281421799751,2.0784497288539594e-07,0.1031630220629704,1.3984284635603155,1.2931602857868487,True,ok,,0.2,0.07,0.084
2020-07-23 20:00:00+00:00,0.18673460614551204,0.18673460614551204,3.10432886979628e-07,0.18673491657839902,1.2931602857868487,1.1026147693118364,True,ok,,0.2,0.07,0.084
2020-07-23 21:00:00+00:00,0.09451752306275536,0.09451752306275536,3.1038205186573187e-07,0.09451783344480723,1.1026147693118364,1.006168317206984,True,ok,,0.2,0.07,0.084
2020-07-23 22:00:00+00:00,0.11986327310227055,0.11986327310227055,3.103273839705212e-07,0.11986358342965452,1.006168317206984,0.8838588548577283,True,ok,,0.2,0.07,0.084
2020-07-23 23:00:00+00:00,0.11612374543272393,0.11612374543272393,3.1026810810852457e-07,0.11612405570083204,0.8838588548577283,0.7653652370692345,True,ok,,0.2,0.07,0.084
2020-07-24 00:00:00+00:00,0.08252603631442065,0.08252603631442065,1.3060677121756736e-07,0.08252616692119187,0.7653652370692345,0.6811549959320706,True,ok,,0.2,0.07,0.084
2020-07-24 01:00:00+00:00,0.16211567183730735,0.16211567183730735,3.2793550622245426e-07,0.16211599977281357,0.6811549959320706,0.5157308409960427,True,ok,,0.2,0.07,0.084
2020-07-24 02:00:00+00:00,0.3487550331551027,0.3487550331551027,3.27834997204679e-07,0.3487553609900999,0.5157308409960427,0.15985835818471344,True,ok,,0.2,0.07,0.084
2020-07-24 03:00:00+00:00,0.15666058511383663,0.15666058511383663,9.717286847399365e-08,0.1566606822867051,0.15985835818471344,6.182726352554901e-07,True,ok,,0.2,0.07,0.084
2020-07-24 04:00:00+00:00,-0.003696452307865655,-0.003696452307865655,-0.001839768978754609,-0.005536221286620264,6.182726352554901e-07,0.0036231415343435974,True,ok,,0.3,0.1,0.084
2020-07-24 05:00:00+00:00,-0.2781278209048373,-0.2781278209048373,-0.1770864991350945,-0.4552143200399318,0.0036231415343435974,0.27618840602108413,True,ok,,0.3,0.1,0.084
2020-07-24 06:00:00+00:00,-0.2857270726262633,-0.2857270726262633,-0.47588381343515673,-0.76161088606142,0.27618840602108413,0.5562009371948222,True,ok,,0.3,0.1,0.084
2020-07-24 07:00:00+00:00,-0.3014485616897202,-0.3014485616897202,-1.8216008986507393,-2.1230494603404595,0.5562009371948222,0.851620527650748,True,ok,,0.3,0.1,0.084
2020-07-24 08:00:00+00:00,-0.22757659023353538,-0.22757659023353538,-2.770910298606928,-2.998486888840463,0.851620527650748,1.0746455860796127,True,ok,,0.3,0.1,0.084
2020-07-24 09:00:00+00:00,-0.19296628968927024,-0.19296628968927024,-2.410264080088519,-2.603230369777789,1.0746455860796127,1.2637525499750975,True,ok,,0.3,0.1,0.084
2020-07-24 10:00:00+00:00,-0.17725519449925395,-0.17725519449925395,-4.36083464349344,-4.538089837992694,1.2637525499750975,1.4374626405843662,True,ok,,0.3,0.1,0.084
2020-07-24 11:00:00+00:00,-0.15912225487019072,-0.15912225487019072,-2.9864270451465633,-3.145549300016754,1.4374626405843662,1.593402450357153,True,ok,,0.3,0.1,0.084
2020-07-24 12:00:00+00:00,-0.14646035503503263,-0.14646035503503263,-2.386536656148746,-2.5329970111837787,1.593402450357153,1.736933598291485,True,ok,,0.3,0.1,0.084
2020-07-24 13:00:00+00:00,-0.1346830301919326,-0.1346830301919326,-1.8877975829133005,-2.022480613105233,1.736933598291485,1.8689229678795791,True,ok,,0.3,0.1,0.084
2020-07-24 14:00:00+00:00,-0.13085009415603116,-0.13085009415603116,-3.0840385707431697,-3.2148886648992008,1.8689229678795791,1.9971560601524896,True,ok,,0.3,0.1,0.084
2020-07-24 15:00:00+00:00,2.2300494137695574e-07,2.2300494137695574e-07,-1.3231182711612999,-1.3231180481563585,1.9971560601524896,1.997155832596427,True,ok,,0.4,0.18,0.084
2020-07-24 16:00:00+00:00,0.4943430295255541,0.4943430295255541,-1.918324208372013e-07,0.49434283769313325,1.997155832596427,1.4927241698152494,True,ok,,0.4,0.18,0.084
2020-07-24 17:00:00+00:00,1.716337587482536e-07,1.716337587482536e-07,-0.2719759332292072,-0.27197576159544845,1.4927241698152494,1.492723994678761,True,ok,,0.4,0.18,0.084
2020-07-24 18:00:00+00:00,0.08935163119215704,0.08935163119215704,-1.9186138740245884e-07,0.08935143933076964,1.492723994678761,1.4015488608092128,True,ok,,0.4,0.18,0.084
2020-07-24 19:00:00+00:00,0.12749112919014266,0.12749112919014266,3.0441569445760486e-07,0.12749143360583712,1.4015488608092128,1.2714558718396796,True,ok,,0.2,0.07,0.084
2020-07-24 20:00:00+00:00,0.22936708457892557,0.22936708457892557,3.0437152834239534e-07,0.22936738895045392,1.2714558718396796,1.03740782635098,True,ok,,0.2,0.07,0.084
2020-07-24 21:00:00+00:00,0.12995119562006194,0.12995119562006194,3.0432684999803783e-07,0.12995149994691194,1.03740782635098,0.9048045655141821,True,ok,,0.2,0.07,0.084
2020-07-24 22:00:00+00:00,0.08860639007787875,0.08860639007787875,3.0427607253247224e-07,0.08860669435395128,0.9048045655141821,0.8143898817612446,True,ok,,0.2,0.07,0.084
2020-07-24 23:00:00+00:00,0.1479218020406289,0.1479218020406289,1.4228354666689924e-07,0.14792194432417557,0.8143898817612446,0.6634492674340723,True,ok,,0.2,0.07,0.084
2020-07-25 00:00:00+00:00,0.0701420163927514,0.0701420163927514,3.17075050049187e-07,0.07014233346780145,0.6634492674340723,0.5918757813190199,True,ok,,0.2,0.07,0.084
2020-07-25 01:00:00+00:00,0.16363446070764584,0.16363446070764584,3.169998778196348e-07,0.16363477770752366,0.5918757813190199,0.42490184182142204,True,ok,,0.2,0.07,0.084
2020-07-25 02:00:00+00:00,0.11453373825733118,0.11453373825733118,3.169147414078255e-07,0.11453405517207259,0.42490184182142204,0.30803068033434944,True,ok,,0.2,0.07,0.084
2020-07-25 03:00:00+00:00,0.09118410953001511,0.09118410953001511,3.168184044971545e-07,0.09118442634841961,0.30803068033434944,0.21498567060984422,True,ok,,0.2,0.07,0.084
2020-07-25 04:00:00+00:00,0.21068504830052984,0.21068504830052984,-3.745706633750956e-09,0.2106850445548232,0.21498567060984422,9.274460382735494e-07,True,ok,,0.3,0.1,0.084
2020-07-25 05:00:00+00:00,-0.09368185904341692,-0.09368185904341692,-0.04673624545426608,-0.140418104497683,9.274460382735494e-07,0.09180914930858684,True,ok,,0.3,0.1,0.084
2020-07-25 06:00:00+00:00,-0.48617904991941313,-0.48617904991941313,-0.542120979305408,-1.0283000292248212,0.09180914930858684,0.5682646182296117,True,ok,,0.3,0.1,0.084
2020-07-25 07:00:00+00:00,-0.2039741435350967,-0.2039741435350967,-0.2515897525634404,-0.4555638960985371,0.5682646182296117,0.7681592788940065,True,ok,,0.3,0.1,0.084
2020-07-25 08:00:00+00:00,-0.32285611547225224,-0.32285611547225224,-2.0215490764435406,-2.344405191915793,0.7681592788940065,1.0845582720568137,True,ok,,0.3,0.1,0.084
2020-07-25 09:00:00+00:00,-0.2679139961137678,-0.2679139961137678,-2.4935984107138958,-2.7615124068276637,1.0845582720568137,1.347113988248306,True,ok,,0.3,0.1,0.084
2020-07-25 10:00:00+00:00,-0.23837687825446502,-0.23837687825446502,-3.536060891139347,-3.774437769393812,1.347113988248306,1.5807233289376819,True,ok,,0.3,0.1,0.084
2020-07-25 11:00:00+00:00,-0.21363208778449294,-0.21363208778449294,-3.3838080386695606,-3.5974401264540536,1.5807233289376819,1.790082774966485,True,ok,,0.3,0.1,0.084
2020-07-25 12:00:00+00:00,-0.1972528980825059,-0.1972528980825059,-3.7392232407635735,-3.9364761388460794,1.790082774966485,1.9833906150873406,True,ok,,0.3,0.1,0.084
2020-07-25 13:00:00+00:00,-0.18118451122799092,-0.18118451122799092,-2.64684631171528,-2.828030822943271,1.9833906150873406,2.160951436090772,True,ok,,0.3,0.1,0.084
2020-07-25 14:00:00+00:00,-0.17039143744085314,-0.17039143744085314,-2.827018872598905,-2.997410310039758,2.160951436090772,2.3279350447828078,True,ok,,0.3,0.1,0.084
2020-07-25 15:00:00+00:00,0.18719352158615118,0.18719352158615118,-6.505320476746235e-08,0.18719345653294642,2.3279350447828078,2.136921247245919,True,ok,,0.4,0.18,0.084
2020-07-25 16:00:00+00:00,1.9577331951908769e-07,1.9577331951908769e-07,-0.0029196986632010393,-0.00291950288988152,2.136921247245919,2.1369210474772253,True,ok,,0.4,0.18,0.084
2020-07-25 17:00:00+00:00,0.033684308658134515,0.033684308658134515,-5.754006299901748e-08,0.033684251118071516,2.1369210474772253,2.102549303948517,True,ok,,0.4,0.18,0.084
2020-07-25 18:00:00+00:00,0.10192209427323554,0.10192209427323554,-2.1749779341440068e-07,0.10192187677544212,2.102549303948517,1.9985471669350112,True,ok,,0.4,0.18,0.084
2020-07-25 19:00:00+00:00,0.16424371769462015,0.16424371769462015,2.9267043491487676e-07,0.16424401036505507,1.9985471669350112,1.8309515366343785,True,ok,,0.2,0.07,0.084
2020-07-25 20:00:00+00:00,0.21096245761811863,0.21096245761811863,2.9264191633848746e-07,0.21096275026003497,1.8309515366343785,1.6156837227383392,True,ok,,0.2,0.07,0.084
2020-07-25 21:00:00+00:00,0.130397485031415,0.130397485031415,2.9260543105147363e-07,0.13039777763684604,1.6156837227383392,1.4826250645430177,True,ok,,0.2,0.07,0.084
2020-07-25 22:00:00+00:00,0.12050504096742114,0.12050504096742114,2.925648063673014e-07,0.1205053335322275,1.4826250645430177,1.359660737025241,True,ok,,0.2,0.07,0.084
2020-07-25 23:00:00+00:00,0.16368645762212067,0.16368645762212067,2.9252230807075286e-07,0.16368675014442874,1.359660737025241,1.1926337394516484,True,ok,,0.2,0.07,0.084
2020-07-26 00:00:00+00:00,0.06112631873226199,0.06112631873226199,2.9247665378484555e-07,0.06112661120891578,1.1926337394516484,1.1302599448268913,True,ok,,0.2,0.07,0.084
2020-07-26 01:00:00+00:00,0.19018920741054643,0.19018920741054643,2.924312495211634e-07,0.19018949984179595,1.1302599448268913,0.9361893250202112,True,ok,,0.2,0.07,0.084
2020-07-26 02:00:00+00:00,0.10912059640795173,0.10912059640795173,2.9238154296284957e-07,0.10912088878949469,0.9361893250202112,0.8248417776651584,True,ok,,0.2,0.07,0.084
2020-07-26 03:00:00+00:00,0.0874697908194941,0.0874697908194941,2.9232713100180163e-07,0.0874700831466251,0.8248417776651584,0.735586889073838,True,ok,,0.2,0.07,0.084
2020-07-26 04:00:00+00:00,0.3316984407704011,0.3316984407704011,-4.040831114160426e-09,0.33169843672957,0.735586889073838,0.397119092369347,True,ok,,0.3,0.1,0.084
2020-07-26 05:00:00+00:00,0.28483599970846546,0.28483599970846546,-4.041457224435163e-09,0.28483599566700823,0.397119092369347,0.10647011307499449,True,ok,,0.3,0.1,0.084
2020-07-26 06:00:00+00:00,0.10433955374301589,0.10433955374301589,-4.042139845061854e-09,0.10433954970087604,0.10647011307499449,1.1806841619527164e-06,True,ok,,0.3,0.1,0.084
2020-07-26 07:00:00+00:00,-0.32729869243210363,-0.32729869243210363,-0.4361014378652939,-0.7634001302973975,1.1806841619527164e-06,0.3207538992676235,True,ok,,0.3,0.1,0.084
2020-07-26 08:00:00+00:00,-0.25642611490098277,-0.25642611490098277,-2.426237589129741,-2.6826637040307237,0.3207538992676235,0.5720514918705866,True,ok,,0.3,0.1,0.084
2020-07-26 09:00:00+00:00,-0.18731535467282004,-0.18731535467282004,-2.4844252731126577,-2.6717406277854776,0.5720514918705866,0.7556205394499502,True,ok,,0.3,0.1,0.084
2020-07-26 10:00:00+00:00,-0.15650040110600436,-0.15650040110600436,-2.936450836634001,-3.0929512377400052,0.7556205394499502,0.9089909325338345,True,ok,,0.3,0.1,0.084
2020-07-26 11:00:00+00:00,-0.13720603303963058,-0.13720603303963058,-3.2152480167917927,-3.3524540498314233,0.9089909325338345,1.0434528449126725,True,ok,,0.3,0.1,0.084
2020-07-26 12:00:00+00:00,-0.1251524351562492,-0.1251524351562492,-5.056183302194187,-5.181335737350436,1.0434528449126725,1.1661022313657967,True,ok,,0.3,0.1,0.084
2020-07-26 13:00:00+00:00,-0.11459358021989606,-0.11459358021989606,-4.664572614062742,-4.779166194282638,1.1661022313657967,1.2784039399812948,True,ok,,0.3,0.1,0.084
2020-07-26 14:00:00+00:00,-0.10575902879790246,-0.10575902879790246,-3.424215860207653,-3.5299748890055556,1.2784039399812948,1.3820477882032391,True,ok,,0.3,0.1,0.084
2020-07-26 15:00:00+00:00,2.2303830659515143e-07,2.2303830659515143e-07,-1.3581939834241308,-1.3581937603858243,1.3820477882032391,1.3820475606131304,True,ok,,0.4,0.18,0.084
2020-07-26 16:00:00+00:00,1.8721647918315043e-07,1.8721647918315043e-07,-0.8346772182452524,-0.8346770310287732,1.3820475606131304,1.3820473695759068,True,ok,,0.4,0.18,0.084
2020-07-26 17:00:00+00:00,4.7250891476935234e-08,4.7250891476935234e-08,-0.263823920998063,-0.26382387374717153,1.3820473695759068,1.3820473213607114,True,ok,,0.4,0.18,0.084
2020-07-26 18:00:00+00:00,0.021196300157270545,0.021196300157270545,-2.09835291215682e-07,0.02119609032197933,1.3820473213607114,1.3604184436492108,True,ok,,0.4,0.18,0.084
2020-07-26 19:00:00+00:00,0.126655103344102,0.126655103344102,2.692560698291935e-07,0.12665537260017182,1.3604184436492108,1.2311785422776782,True,ok,,0.2,0.07,0.084
2020-07-26 20:00:00+00:00,0.1939340883276861,0.1939340883276861,3.0099332334887485e-07,0.19393438932100945,1.2311785422776782,1.0332866154126923,True,ok,,0.2,0.07,0.084
2020-07-26 21:00:00+00:00,0.09259156010209026,0.09259156010209026,3.009498929507082e-07,0.0925918610519832,1.0332866154126923,0.9388054316350491,True,ok,,0.2,0.07,0.084
2020-07-26 22:00:00+00:00,0.1448315605002124,0.1448315605002124,3.0090304090069075e-07,0.1448318614032533,0.9388054316350491,0.7910181250021794,True,ok,,0.2,0.07,0.084
2020-07-26 23:00:00+00:00,0.12573950467356038,0.12573950467356038,3.0085264327017747e-07,0.12573980552620365,0.7910181250021794,0.6627125079883422,True,ok,,0.2,0.07,0.084
2020-07-27 00:00:00+00:00,0.07385939365643747,0.07385939365643747,3.0079796745074994e-07,0.07385969445440492,0.6627125079883422,0.5873457797674877,True,ok,,0.2,0.07,0.084
2020-07-27 01:00:00+00:00,0.19033269928226026,0.19033269928226026,3.0074189952267183e-07,0.1903330000241598,0.5873457797674877,0.39312873968354867,True,ok,,0.2,0.07,0.084
2020-07-27 02:00:00+00:00,0.0989285046598452,0.0989285046598452,3.00680815704113e-07,0.09892880534066091,0.39312873968354867,0.2921812859490127,True,ok,,0.2,0.07,0.084
2020-07-27 03:00:00+00:00,0.286336606954879,0.286336606954879,3.0061404893144683e-07,0.28633690756892793,0.2921812859490127,1.0747705647684569e-06,True,ok,,0.2,0.07,0.084
2020-07-27 04:00:00+00:00,-0.05608712827036299,-0.05608712827036299,-0.024278739431711917,-0.0803658677020749,1.0747705647684569e-06,0.0549664604755205,True,ok,,0.3,0.1,0.084
2020-07-27 05:00:00+00:00,-0.1166631532284242,-0.1166631532284242,-0.0718572572011399,-0.1885204104295641,0.0549664604755205,0.1692963506393762,True,ok,,0.3,0.1,0.084
2020-07-27 06:00:00+00:00,-0.1757996590842015,-0.1757996590842015,-0.19701041101776665,-0.37281007010196815,0.1692963506393762,0.3415800165418937,True,ok,,0.3,0.1,0.084
2020-07-27 07:00:00+00:00,-0.2198234008183493,-0.2198234008183493,-0.8946089531997985,-1.1144323540181478,0.3415800165418937,0.5570069493438761,True,ok,,0.3,0.1,0.084
2020-07-27 08:00:00+00:00,-0.17935673759195656,-0.17935673759195656,-1.6017366390450969,-1.7810933766370534,0.5570069493438761,0.7327765521839935,True,ok,,0.3,0.1,0.084
2020-07-27 09:00:00+00:00,-0.14747678996336952,-0.14747678996336952,-1.4717422791385228,-1.6192190691018924,0.7327765521839935,0.8773038063480956,True,ok,,0.3,0.1,0.084
2020-07-27 10:00:00+00:00,-0.1249679752355185,-0.1249679752355185,-1.0766764026119486,-1.2016443778474672,0.8773038063480956,0.9997724220789037,True,ok,,0.3,0.1,0.084
2020-07-27 11:00:00+00:00,-0.11111999683048032,-0.11111999683048032,-0.9378635378737425,-1.048983534704223,0.9997724220789037,1.1086700189727745,True,ok,,0.3,0.1,0.084
2020-07-27 12:00:00+00:00,-0.09423149366159643,-0.09423149366159643,-0.5074366606607281,-0.6016681543223246,1.1086700189727745,1.201016882761139,True,ok,,0.3,0.1,0.084
2020-07-27 13:00:00+00:00,-0.08914131748341575,-0.08914131748341575,-0.5812461701458571,-0.6703874876292729,1.201016882761139,1.2883753738948864,True,ok,,0.3,0.1,0.084
2020-07-27 14:00:00+00:00,-0.09018254995786543,-0.09018254995786543,-1.0316638341417512,-1.1218463840996167,1.2883753738948864,1.3767542728535946,True,ok,,0.3,0.1,0.084
2020-07-27 15:00:00+00:00,2.228180593213169e-07,2.228180593213169e-07,-0.8364191861596626,-0.8364189633416033,1.3767542728535946,1.3767540454882279,True,ok,,0.4,0.18,0.084
2020-07-27 16:00:00+00:00,1.8732703318655864e-07,1.8732703318655864e-07,-0.5286406997531783,-0.5286405124261451,1.3767540454882279,1.376753854338194,True,ok,,0.4,0.18,0.084
2020-07-27 17:00:00+00:00,1.8581203310532093e-07,1.8581203310532093e-07,-0.1446433742330559,-0.1446431884210228,1.376753854338194,1.3767536647340786,True,ok,,0.4,0.18,0.084
2020-07-27 18:00:00+00:00,1.8493917915720047e-07,1.8493917915720047e-07,-0.021331340015060075,-0.021331155075880917,1.3767536647340786,1.3767534760206304,True,ok,,0.4,0.18,0.084
2020-07-27 19:00:00+00:00,0.17862835137722027,0.17862835137722027,3.0621709135036923e-07,0.17862865759431162,1.3767534760206304,1.1944796480846913,True,ok,,0.2,0.07,0.084
2020-07-27 20:00:00+00:00,0.14925263852281806,0.14925263852281806,3.061744561771995e-07,0.14925294469727424,1.1944796480846913,1.0421810373471219,True,ok,,0.2,0.07,0.084
2020-07-27 21:00:00+00:00,0.08835077729343122,0.08835077729343122,3.0612562691711975e-07,0.08835108341905813,1.0421810373471219,0.9520271829660696,True,ok,,0.2,0.07,0.084
2020-07-27 22:00:00+00:00,0.1706630269675329,0.1706630269675329,3.060749297623122e-07,0.17066333304246267,0.9520271829660696,0.7778812370808319,True,ok,,0.2,0.07,0.084
2020-07-27 23:00:00+00:00,0.07630583278462404,0.07630583278462404,3.0601959984111193e-07,0.07630613880422388,0.7778812370808319,0.7000181424026442,True,ok,,0.2,0.07,0.084
2020-07-28 00:00:00+00:00,0.10336049964812778,0.10336049964812778,3.059613634531777e-07,0.10336080560949124,0.7000181424026442,0.5945482448025138,True,ok,,0.2,0.07,0.084
2020-07-28 01:00:00+00:00,0.18392322196021926,0.18392322196021926,3.0589777311185173e-07,0.18392352785799237,0.5945482448025138,0.4068714877002492,True,ok,,0.2,0.07,0.084
2020-07-28 02:00:00+00:00,0.06910313854887074,0.06910313854887074,3.0582871050899296e-07,0.06910344437758124,0.4068714877002492,0.33635808101772807,True,ok,,0.2,0.07,0.084
2020-07-28 03:00:00+00:00,0.3296299185260071,0.3296299185260071,3.057552452334633e-07,0.3296302242812523,0.33635808101772807,1.0212973126644265e-06,True,ok,,0.2,0.07,0.084
2020-07-28 04:00:00+00:00,-0.010615345304989497,-0.010615345304989497,-0.0052750791110849175,-0.015890424416074415,1.0212973126644265e-06,0.010404059696202372,True,ok,,0.3,0.1,0.084
2020-07-28 05:00:00+00:00,-0.24799999282816704,-0.24799999282816704,-0.1983161156120895,-0.44631610844025654,0.010404059696202372,0.25344405266780606,True,ok,,0.3,0.1,0.084
2020-07-28 06:00:00+00:00,-0.23503368571433514,-0.23503368571433514,-0.6342517884940617,-0.8692854742083969,0.25344405266780606,0.48377706466785453,True,ok,,0.3,0.1,0.084
2020-07-28 07:00:00+00:00,-0.19639132660477182,-0.19639132660477182,-1.536227350575617,-1.7326186771803889,0.48377706466785453,0.676240564740531,True,ok,,0.3,0.1,0.084
2020-07-28 08:00:00+00:00,-0.1644856899793244,-0.1644856899793244,-2.619001604921048,-2.783487294900372,0.676240564740531,0.8374365409202689,True,ok,,0.3,0.1,0.084
2020-07-28 09:00:00+00:00,-0.14025894758046883,-0.14025894758046883,-2.336989608270148,-2.477248555850617,0.8374365409202689,0.9748903095491284,True,ok,,0.3,0.1,0.084
2020-07-28 10:00:00+00:00,-0.12720713798917732,-0.12720713798917732,-3.529201548587498,-3.6564086865766754,0.9748903095491284,1.0995533047785222,True,ok,,0.3,0.1,0.084
2020-07-28 11:00:00+00:00,-0.11166716741280643,-0.11166716741280643,-1.6169729609118746,-1.728640128324681,1.0995533047785222,1.2089871288430725,True,ok,,0.3,0.1,0.084
2020-07-28 12:00:00+00:00,-0.10661612340733966,-0.10661612340733966,-2.951124857584028,-3.0577409809913676,1.2089871288430725,1.3134709297822653,True,ok,,0.3,0.1,0.084
2020-07-28 13:00:00+00:00,-0.09480381031880235,-0.09480381031880235,-1.1587247633866078,-1.25352857370541,1.3134709297822653,1.4063786638946916,True,ok,,0.3,0.1,0.084
2020-07-28 14:00:00+00:00,-0.0940145739056541,-0.0940145739056541,-2.7583257174485545,-2.8523402913542086,1.4063786638946916,1.4985129463222326,True,ok,,0.3,0.1,0.084
2020-07-28 15:00:00+00:00,2.2282943340321968e-07,2.2282943340321968e-07,-1.8956774431255623,-1.895677220296129,1.4985129463222326,1.4985127189452598,True,ok,,0.4,0.18,0.084
2020-07-28 16:00:00+00:00,1.8725303111495052e-07,1.8725303111495052e-07,-1.185797018981977,-1.185796831728946,1.4985127189452598,1.4985125278707383,True,ok,,0.4,0.18,0.084
2020-07-28 17:00:00+00:00,1.8615962225345425e-07,1.8615962225345425e-07,-0.4456422847671278,-0.44564209860750553,1.4985125278707383,1.49851233791194,True,ok,,0.4,0.18,0.084
2020-07-28 18:00:00+00:00,0.06989973441818301,0.06989973441818301,-2.048252560754582e-07,0.06989952959292693,1.49851233791194,1.4271860783015493,True,ok,,0.4,0.18,0.084
2020-07-28 19:00:00+00:00,0.1878104779296187,0.1878104779296187,2.1128702790140785e-07,0.1878106892166466,1.4271860783015493,1.2355427334754077,True,ok,,0.2,0.07,0.084
2020-07-28 20:00:00+00:00,0.0926006048037835,0.0926006048037835,3.1192360033793776e-07,0.09260091672738384,1.2355427334754077,1.1410523204103225,True,ok,,0.2,0.07,0.084
2020-07-28 21:00:00+00:00,0.17965507721955154,0.17965507721955154,3.1187215213113184e-07,0.17965538909170367,1.1410523204103225,0.9577308130434331,True,ok,,0.2,0.07,0.084
2020-07-28 22:00:00+00:00,0.1021709657593638,0.1021709657593638,3.1181665889612464e-07,0.10217127757602269,0.9577308130434331,0.8534747255338782,True,ok,,0.2,0.07,0.084
2020-07-28 23:00:00+00:00,0.11290899394849845,0.11290899394849845,3.117564660731764e-07,0.11290930570496452,0.8534747255338782,0.7382614664027572,True,ok,,0.2,0.07,0.084
2020-07-29 00:00:00+00:00,0.14132721606222778,0.14132721606222778,3.116912842826558e-07,0.14132752775351207,0.7382614664027572,0.5940500214413003,True,ok,,0.2,0.07,0.084
2020-07-29 01:00:00+00:00,0.09684257719092831,0.09684257719092831,3.116199711467038e-07,0.09684288881089946,0.5940500214413003,0.4952310651240265,True,ok,,0.2,0.07,0.084
2020-07-29 02:00:00+00:00,0.17511391060754297,0.17511391060754297,3.11542836112233e-07,0.17511422215037908,0.4952310651240265,0.31654340123877855,True,ok,,0.2,0.07,0.084
2020-07-29 03:00:00+00:00,0.3102115831452945,0.3102115831452945,3.1145841300483923e-07,0.3102118946037075,0.31654340123877855,9.694578657626352e-07,True,ok,,0.2,0.07,0.084
2020-07-29 04:00:00+00:00,-0.0099333218605538,-0.0099333218605538,-0.004921712599316518,-0.014855034459870319,9.694578657626352e-07,0.009735624881208486,True,ok,,0.3,0.1,0.084
2020-07-29 05:00:00+00:00,-0.20670695144794338,-0.20670695144794338,-0.1664026139965244,-0.3731095654444678,0.009735624881208486,0.212308437300193,True,ok,,0.3,0.1,0.084
2020-07-29 06:00:00+00:00,-0.6390832309211559,-0.6390832309211559,-0.5711533170307982,-1.2102365479519541,0.212308437300193,0.8386100036029258,True,ok,,0.3,0.1,0.084
2020-07-29 07:00:00+00:00,-1.1156268249218777,-1.1156268249218777,-0.8347891089877577,-1.9504159339096354,0.8386100036029258,1.931924292026366,True,ok,,0.3,0.1,0.084
2020-07-29 08:00:00+00:00,-1.0176900302595624,-1.0176900302595624,-1.6262657602278145,-2.643955790487377,1.931924292026366,2.929260521680737,True,ok,,0.3,0.1,0.084
2020-07-29 09:00:00+00:00,-0.9961314561251765,-0.9961314561251765,-2.5116611382636242,-3.5077925943888006,2.929260521680737,3.9054693486834102,True,ok,,0.3,0.1,0.084
2020-07-29 10:00:00+00:00,-0.9937443837254732,-0.9937443837254732,-4.020061874725781,-5.013806258451254,3.9054693486834102,4.879338844734374,True,ok,,0.3,0.1,0.084
2020-07-29 11:00:00+00:00,-1.1336155957356007,-1.1336155957356007,-2.295864842831064,-3.4294804385666646,4.879338844734374,5.990282128555262,True,ok,,0.3,0.1,0.084
2020-07-29 12:00:00+00:00,-0.7321938116577477,-0.7321938116577477,-3.7803443046375618,-4.5125381162953095,5.990282128555262,6.707832063979855,True,ok,,0.3,0.1,0.084
2020-07-29 13:00:00+00:00,-0.7321556524933638,-0.7321556524933638,-3.895569776590654,-4.627725429084018,6.707832063979855,7.425344603423351,True,ok,,0.3,0.1,0.084
2020-07-29 14:00:00+00:00,-0.729702225100671,-0.729702225100671,-3.5266452478746837,-4.256347472975355,7.425344603423351,8.140452784022008,True,ok,,0.3,0.1,0.084
2020-07-29 15:00:00+00:00,2.234043129825105e-07,2.234043129825105e-07,-1.9355598600490636,-1.9355596366447505,8.140452784022008,8.140452556058424,True,ok,,0.4,0.18,0.084
2020-07-29 16:00:00+00:00,2.2340435599934908e-07,2.2340435599934908e-07,-1.0635226529571105,-1.0635224295527546,8.140452556058424,8.140452328094796,True,ok,,0.4,0.18,0.084
2020-07-29 17:00:00+00:00,8.104652788169832e-08,8.104652788169832e-08,-0.241619560469536,-0.24161947942300813,8.140452328094796,8.140452245394258,True,ok,,0.4,0.18,0.084
2020-07-29 18:00:00+00:00,0.037686538306044175,0.037686538306044175,-8.808469741800051e-08,0.03768645022134676,8.140452245394258,8.101996594061559,True,ok,,0.4,0.18,0.084
2020-07-29 19:00:00+00:00,0.18063295428733991,0.18063295428733991,2.2568438454162454e-07,0.18063317997172446,8.101996594061559,7.9176772529520285,True,ok,,0.2,0.07,0.084
2020-07-29 20:00:00+00:00,0.11423707994859526,0.11423707994859526,2.2568463177441433e-07,0.11423730563322704,7.9176772529520285,7.80110880402489,True,ok,,0.2,0.07,0.084
2020-07-29 21:00:00+00:00,0.08442732964863146,0.08442732964863146,2.256846120124445e-07,0.08442755533324348,7.80110880402489,7.714958467648736,True,ok,,0.2,0.07,0.084
2020-07-29 22:00:00+00:00,0.13418441332912207,0.13418441332912207,2.2568501570341404e-07,0.13418463901413777,7.714958467648736,7.5780355969047335,True,ok,,0.2,0.07,0.084
2020-07-29 23:00:00+00:00,0.08278935771479957,0.08278935771479957,2.2568476114315228e-07,0.08278958339956072,7.5780355969047335,7.493556660461061,True,ok,,0.2,0.07,0.084
2020-07-30 00:00:00+00:00,0.11357102416821253,0.11357102416821253,2.2568502762443376e-07,0.11357124985324016,7.493556660461061,7.3776678602894155,True,ok,,0.2,0.07,0.084
2020-07-30 01:00:00+00:00,0.15197760774477997,0.15197760774477997,2.256851923954084e-07,0.15197783342997237,7.3776678602894155,7.22258866871311,True,ok,,0.2,0.07,0.084
2020-07-30 02:00:00+00:00,0.10945771860743897,0.10945771860743897,2.256850532011967e-07,0.10945794429249217,7.22258866871311,7.110897119113682,True,ok,,0.2,0.07,0.084
2020-07-30 03:00:00+00:00,0.29132157225207067,0.29132157225207067,2.256854727544777e-07,0.2913217979375434,7.110897119113682,6.813630208652386,True,ok,,0.2,0.07,0.084
2020-07-30 04:00:00+00:00,-0.01508546008620526,-0.01508546008620526,-0.004047872319579246,-0.019133332405784506,6.813630208652386,6.828413959536867,True,ok,,0.3,0.1,0.084
2020-07-30 05:00:00+00:00,2.9054485146495366,2.9054485146495366,-5.1461208627756605e-09,2.9054485095034157,6.828413959536867,3.8636705772414217,True,ok,,0.3,0.1,0.084
2020-07-30 06:00:00+00:00,3.7811136537035988,3.7811136537035988,-5.14612175095408e-09,3.781113648557477,3.8636705772414217,0.005391338768361731,True,ok,,0.3,0.1,0.084
2020-07-30 07:00:00+00:00,-0.4217265967516757,-0.4217265967516757,-2.5484715660701163,-2.970198162821792,0.005391338768361731,0.4186834035850039,True,ok,,0.3,0.1,0.084
2020-07-30 08:00:00+00:00,-0.2355491440527056,-0.2355491440527056,-3.720502804284192,-3.9560519483368974,0.4186834035850039,0.6495215647566553,True,ok,,0.3,0.1,0.084
2020-07-30 09:00:00+00:00,-0.18263069951829286,-0.18263069951829286,-4.540623066844494,-4.723253766362786,0.6495215647566553,0.8284996502845823,True,ok,,0.3,0.1,0.084
2020-07-30 10:00:00+00:00,-0.15464950117207488,-0.15464950117207488,-4.928832588906293,-5.083482090078368,0.8284996502845823,0.9800561614332157,True,ok,,0.3,0.1,0.084
2020-07-30 11:00:00+00:00,-0.13670967126099232,-0.13670967126099232,-5.079326923563415,-5.216036594824407,0.9800561614332157,1.1140316392689882,True,ok,,0.3,0.1,0.084
2020-07-30 12:00:00+00:00,-0.12446997027436009,-0.12446997027436009,-4.967276796095102,-5.091746766369462,1.1140316392689882,1.236012210137861,True,ok,,0.3,0.1,0.084
2020-07-30 13:00:00+00:00,-0.11367597420267414,-0.11367597420267414,-4.345229086312967,-4.458905060515641,1.236012210137861,1.3474146648564818,True,ok,,0.3,0.1,0.084
2020-07-30 14:00:00+00:00,-0.1051586352601035,-0.1051586352601035,-3.0339854281202006,-3.139144063380304,1.3474146648564818,1.4504701274113831,True,ok,,0.3,0.1,0.084
2020-07-30 15:00:00+00:00,2.231530644206809e-07,2.231530644206809e-07,-2.2623515018320046,-2.26235127867894,1.4504701274113831,1.4504698997041745,True,ok,,0.4,0.18,0.084
2020-07-30 16:00:00+00:00,1.8745883290916116e-07,1.8745883290916116e-07,-1.039041714467478,-1.039041527008645,1.4504698997041745,1.4504697084196512,True,ok,,0.4,0.18,0.084
2020-07-30 17:00:00+00:00,1.862195010911629e-07,1.862195010911629e-07,-0.27974812066853977,-0.27974793444903867,1.4504697084196512,1.450469518399752,True,ok,,0.4,0.18,0.084
2020-07-30 18:00:00+00:00,0.1358295542963139,0.1358295542963139,-2.0497361125082492e-07,0.13582934932270266,1.450469518399752,1.3118679323831053,True,ok,,0.4,0.18,0.084
2020-07-30 19:00:00+00:00,0.10806438984796667,0.10806438984796667,3.067031333348069e-07,0.1080646965511,1.3118679323831053,1.2015981468239556,True,ok,,0.2,0.07,0.084
2020-07-30 20:00:00+00:00,0.10793936027251443,0.10793936027251443,3.0665832018161865e-07,0.10793966693083461,1.2015981468239556,1.091455942464247,True,ok,,0.2,0.07,0.084
2020-07-30 21:00:00+00:00,0.15054663769031168,0.15054663769031168,3.066100219273338e-07,0.1505469443003336,1.091455942464247,0.9378369244129084,True,ok,,0.2,0.07,0.084
2020-07-30 22:00:00+00:00,0.08146413796056254,0.08146413796056254,3.0655752664143776e-07,0.08146444451808918,0.9378369244129084,0.8547102530245794,True,ok,,0.2,0.07,0.084
2020-07-30 23:00:00+00:00,0.1705220269016241,0.1705220269016241,3.065031289328779e-07,0.17052233340475303,0.8547102530245794,0.680708184757616,True,ok,,0.2,0.07,0.084
2020-07-31 00:00:00+00:00,0.07516461021773438,0.07516461021773438,3.064433162780489e-07,0.07516491666105066,0.680708184757616,0.6040096029027849,True,ok,,0.2,0.07,0.084
2020-07-31 01:00:00+00:00,0.1439375546092875,0.1439375546092875,3.0638028286622543e-07,0.14393786098957037,0.6040096029027849,0.45713454717902213,True,ok,,0.2,0.07,0.084
2020-07-31 02:00:00+00:00,0.2887963593631642,0.2887963593631642,3.063106208123223e-07,0.28879666567378504,0.45713454717902213,0.16244438456354843,True,ok,,0.2,0.07,0.084
2020-07-31 03:00:00+00:00,0.13237143689866054,0.13237143689866054,9.32670476960773e-08,0.13237153016570824,0.16244438456354843,0.027371489768996837,True,ok,,0.2,0.07,0.084
2020-07-31 04:00:00+00:00,0.026823275544560553,0.026823275544560553,-3.527790330692948e-09,0.026823272016770223,0.027371489768996837,8.004378125973932e-07,True,ok,,0.3,0.1,0.084
2020-07-31 05:00:00+00:00,-0.2119639671297002,-0.2119639671297002,-0.15979874455813683,-0.37176271168783703,8.004378125973932e-07,0.20772548822491876,True,ok,,0.3,0.1,0.084
2020-07-31 06:00:00+00:00,-0.4027357648031073,-0.4027357648031073,-1.1039063866871919,-1.5066421514902992,0.20772548822491876,0.6024065377319638,True,ok,,0.3,0.1,0.084
2020-07-31 07:00:00+00:00,-0.2958464412733351,-0.2958464412733351,-2.4563507639722055,-2.752197205245541,0.6024065377319638,0.8923360501798323,True,ok,,0.3,0.1,0.084
2020-07-31 08:00:00+00:00,-0.24070838661996452,-0.24070838661996452,-3.643908368133598,-3.8846167547535626,0.8923360501798323,1.1282302690673975,True,ok,,0.3,0.1,0.084
2020-07-31 09:00:00+00:00,-0.20747677165220244,-0.20747677165220244,-4.191129081971337,-4.39860585362354,1.1282302690673975,1.3315575052865558,True,ok,,0.3,0.1,0.084
2020-07-31 10:00:00+00:00,-0.18863954641885042,-0.18863954641885042,-4.716283818592766,-4.904923365011617,1.3315575052865558,1.5164242607770293,True,ok,,0.3,0.1,0.084
2020-07-31 11:00:00+00:00,-0.16897958885530484,-0.16897958885530484,-4.92123405792509,-5.090213646780395,1.5164242607770293,1.682024257855228,True,ok,,0.3,0.1,0.084
2020-07-31 12:00:00+00:00,-0.15659722155316683,-0.15659722155316683,-4.660607478918997,-4.817204700472163,1.682024257855228,1.8354895349773315,True,ok,,0.3,0.1,0.084
2020-07-31 13:00:00+00:00,-0.14665923187882582,-0.14665923187882582,-4.290767066967405,-4.437426298846231,1.8354895349773315,1.9792155822185808,True,ok,,0.3,0.1,0.084
2020-07-31 14:00:00+00:00,-0.1379740756749093,-0.1379740756749093,-3.5187490288233034,-3.6567231044982127,1.9792155822185808,2.114430176379992,True,ok,,0.3,0.1,0.084
2020-07-31 15:00:00+00:00,2.234048023622828e-07,2.234048023622828e-07,-1.4092181186434123,-1.4092178952386099,2.114430176379992,2.114429948415908,True,ok,,0.4,0.18,0.084
2020-07-31 16:00:00+00:00,2.23339955494384e-07,2.23339955494384e-07,-1.281751905674979,-1.2817516823350237,2.114429948415908,2.114429720517994,True,ok,,0.4,0.18,0.084
2020-07-31 17:00:00+00:00,2.233403389835202e-07,2.233403389835202e-07,-0.16319383472112814,-0.16319361138078917,2.114429720517994,2.114429492619689,True,ok,,0.4,0.18,0.084
2020-07-31 18:00:00+00:00,0.09019734904551661,0.09019734904551661,-2.427415853323289e-07,0.09019710630393128,2.114429492619689,2.0223913813487537,True,ok,,0.4,0.18,0.084
2020-07-31 19:00:00+00:00,0.15562227152189292,0.15562227152189292,2.257336079725114e-07,0.1556224972555009,2.0223913813487537,1.8635931451019243,True,ok,,0.2,0.07,0.084
2020-07-31 20:00:00+00:00,0.234248913251979,0.234248913251979,2.2573376060042172e-07,0.2342491389857396,1.8635931451019243,1.6245636417835785,True,ok,,0.2,0.07,0.084
2020-07-31 21:00:00+00:00,0.09859611244245386,0.09859611244245386,8.187780095592068e-08,0.09859619432025482,1.6245636417835785,1.5239553637810745,True,ok,,0.2,0.07,0.084
2020-07-31 22:00:00+00:00,0.1661911631860169,0.1661911631860169,2.2573360156097344e-07,0.16619138891961846,1.5239553637810745,1.3543725442035064,True,ok,,0.2,0.07,0.084
2020-07-31 23:00:00+00:00,0.13731794105758252,0.13731794105758252,2.2573348590348985e-07,0.13731816679106842,1.3543725442035064,1.214252196185565,True,ok,,0.2,0.07,0.084
2020-08-01 00:00:00+00:00,0.10348469085835595,0.10348469085835595,2.2573328842256934e-07,0.10348491659164437,1.214252196185565,1.108655572860712,True,ok,,0.2,0.07,0.084
2020-08-01 01:00:00+00:00,0.19990735760115888,0.19990735760115888,2.257335517397152e-07,0.19990758333471062,1.108655572860712,0.9046684732676926,True,ok,,0.2,0.07,0.084
2020-08-01 02:00:00+00:00,0.07760174654762728,0.07760174654762728,2.2573298107120277e-07,0.07760197228060835,0.9046684732676926,0.8254830176068485,True,ok,,0.2,0.07,0.084
2020-08-01 03:00:00+00:00,0.12927282403502713,0.12927282403502713,2.2573324184871346e-07,0.12927304976826898,0.8254830176068485,0.6935719726731473,True,ok,,0.2,0.07,0.084
2020-08-01 04:00:00+00:00,-0.0029195196754755472,-0.0029195196754755472,-0.0007840725593518264,-0.0037035922348273736,0.6935719726731473,0.6964331019551133,True,ok,,0.3,0.1,0.084
2020-08-01 05:00:00+00:00,0.6814531617395003,0.6814531617395003,-5.145109671644832e-09,0.6814531565943907,0.6964331019551133,0.001072732833174217,True,ok,,0.3,0.1,0.084
2020-08-01 06:00:00+00:00,-0.05506463303055994,-0.05506463303055994,-0.027567055007675402,-0.08263168803823534,0.001072732833174217,0.055036073203122954,True,ok,,0.3,0.1,0.084
2020-08-01 07:00:00+00:00,-0.878956014196239,-0.878956014196239,-1.5020786342599148,-2.3810346484561538,0.055036073203122954,0.9164129671154372,True,ok,,0.3,0.1,0.084
2020-08-01 08:00:00+00:00,-0.5547692000075654,-0.5547692000075654,-2.834864164748149,-3.3896333647557144,0.9164129671154372,1.4600867831228512,True,ok,,0.3,0.1,0.084
2020-08-01 09:00:00+00:00,-0.3501749387630902,-0.3501749387630902,-1.1106651643463135,-1.4608401031094036,1.4600867831228512,1.8032582231106797,True,ok,,0.3,0.1,0.084
2020-08-01 10:00:00+00:00,-0.24715181559196853,-0.24715181559196853,-0.5767437591969692,-0.8238955747889377,1.8032582231106797,2.045467002390809,True,ok,,0.3,0.1,0.084
2020-08-01 11:00:00+00:00,-0.24984237778569168,-0.24984237778569168,-0.7567217909623052,-1.006564168747997,2.045467002390809,2.2903125326207867,True,ok,,0.3,0.1,0.084
2020-08-01 12:00:00+00:00,-0.2045034198366887,-0.2045034198366887,-0.5152492915200938,-0.7197527113567825,2.2903125326207867,2.490725884060742,True,ok,,0.3,0.1,0.084
2020-08-01 13:00:00+00:00,-0.12795380865505124,-0.12795380865505124,-0.20906807921653747,-0.3370218878715887,2.490725884060742,2.616120616542692,True,ok,,0.3,0.1,0.084
2020-08-01 14:00:00+00:00,-0.1399050744207048,-0.1399050744207048,-0.2642666829676843,-0.4041717573883891,2.616120616542692,2.7532275894749825,True,ok,,0.3,0.1,0.084
2020-08-01 15:00:00+00:00,0.8822260587129339,0.8822260587129339,-2.419308016143873e-07,0.8822258167821323,2.7532275894749825,1.8529969173189276,True,ok,,0.4,0.18,0.084
2020-08-01 16:00:00+00:00,1.87379187442821e-07,1.87379187442821e-07,-0.10449877626959543,-0.10449858889040799,1.8529969173189276,1.852996726115675,True,ok,,0.4,0.18,0.084
2020-08-01 17:00:00+00:00,1.8626231919380156e-07,1.8626231919380156e-07,-0.3087340777213968,-0.30873389145907765,1.852996726115675,1.852996536052084,True,ok,,0.4,0.18,0.084
2020-08-01 18:00:00+00:00,0.08485112449177487,0.08485112449177487,-2.0504002483379136e-07,0.08485091945175004,1.852996536052084,1.766413755958436,True,ok,,0.4,0.18,0.084
2020-08-01 19:00:00+00:00,0.25071340740057196,0.25071340740057196,3.072596926889659e-07,0.25071371466026465,1.766413755958436,1.510583748406832,True,ok,,0.2,0.07,0.084
2020-08-01 20:00:00+00:00,0.14931733169082997,0.14931733169082997,3.0721766197672196e-07,0.14931763890849195,1.510583748406832,1.3582191242325157,True,ok,,0.2,0.07,0.084
2020-08-01 21:00:00+00:00,0.14575508152563932,0.14575508152563932,3.0716870005886854e-07,0.14575538869433938,1.3582191242325157,1.209489449206353,True,ok,,0.2,0.07,0.084
2020-08-01 22:00:00+00:00,0.1616575538354612,0.1616575538354612,3.0711649237624705e-07,0.16165786095195359,1.209489449206353,1.0445327616191478,True,ok,,0.2,0.07,0.084
2020-08-01 23:00:00+00:00,0.06609077614616007,0.06609077614616007,3.070599107063421e-07,0.06609108320607078,1.0445327616191478,0.9770931941230661,True,ok,,0.2,0.07,0.084
2020-08-02 00:00:00+00:00,0.15857733183354855,0.15857733183354855,3.070018286255305e-07,0.15857763883537718,0.9770931941230661,0.8152795902112818,True,ok,,0.2,0.07,0.084
2020-08-02 01:00:00+00:00,0.1295374429203652,0.1295374429203652,3.069370077546374e-07,0.12953774985737296,0.8152795902112818,0.6830985260068275,True,ok,,0.2,0.07,0.084
2020-08-02 02:00:00+00:00,0.09317930448077737,0.09317930448077737,3.0686567940862997e-07,0.09317961134645678,0.6830985260068275,0.5880176030672588,True,ok,,0.2,0.07,0.084
2020-08-02 03:00:00+00:00,0.16904452649248106,0.16904452649248106,3.067888242058725e-07,0.16904483328130526,0.5880176030672588,0.4155231882790128,True,ok,,0.2,0.07,0.084
2020-08-02 04:00:00+00:00,0.20450451393142033,0.20450451393142033,-3.86115756034755e-09,0.20450451007026277,0.4155231882790128,0.20684511283878798,True,ok,,0.3,0.1,0.084
2020-08-02 05:00:00+00:00,0.20270721784874648,0.20270721784874648,-3.8621414677475485e-09,0.20270721398660502,0.20684511283878798,1.0129931282965021e-06,True,ok,,0.3,0.1,0.084
2020-08-02 06:00:00+00:00,-0.03331173631813384,-0.03331173631813384,-0.014962327473309132,-0.04827406379144297,1.0129931282965021e-06,0.03264651458489946,True,ok,,0.3,0.1,0.084
2020-08-02 07:00:00+00:00,-0.11622121954705085,-0.11622121954705085,-0.06606618661304241,-0.18228740616009326,0.03264651458489946,0.1465433097410093,True,ok,,0.3,0.1,0.084
2020-08-02 08:00:00+00:00,-0.49921896662387244,-0.49921896662387244,-0.7757925918187736,-1.275011558442646,0.1465433097410093,0.6357778970324043,True,ok,,0.3,0.1,0.084
2020-08-02 09:00:00+00:00,-0.35319568861682465,-0.35319568861682465,-1.2617791656697785,-1.6149748542866031,0.6357778970324043,0.9819096718768925,True,ok,,0.3,0.1,0.084
2020-08-02 10:00:00+00:00,-0.30328732476969833,-0.30328732476969833,-2.35596110788602,-2.659248432655718,0.9819096718768925,1.2791312501511969,True,ok,,0.3,0.1,0.084
2020-08-02 11:00:00+00:00,-0.2611660120619278,-0.2611660120619278,-2.863930297124562,-3.12509630918649,1.2791312501511969,1.5350739419718862,True,ok,,0.3,0.1,0.084
2020-08-02 12:00:00+00:00,-0.2328991984526335,-0.2328991984526335,-3.0997201571866455,-3.332619355639279,1.5350739419718862,1.763315156455467,True,ok,,0.3,0.1,0.084
2020-08-02 13:00:00+00:00,-0.21379023871324299,-0.21379023871324299,-3.5198540357376586,-3.7336442744509015,1.763315156455467,1.972829590394445,True,ok,,0.3,0.1,0.084
2020-08-02 14:00:00+00:00,-0.19510304507650097,-0.19510304507650097,-2.6701983897413983,-2.865301434817899,1.972829590394445,2.164030574569416,True,ok,,0.3,0.1,0.084
2020-08-02 15:00:00+00:00,2.2293404100761874e-07,2.2293404100761874e-07,-1.9018688643805093,-1.9018686414464683,2.164030574569416,2.1640303470857005,True,ok,,0.4,0.18,0.084
2020-08-02 16:00:00+00:00,1.877584042649987e-07,1.877584042649987e-07,-0.34247997340501085,-0.3424797856466066,2.1640303470857005,2.164030155495492,True,ok,,0.4,0.18,0.084
2020-08-02 17:00:00+00:00,1.8638984217537423e-07,1.8638984217537423e-07,-0.23151660470720198,-0.2315164183173598,2.164030155495492,2.1640299653017756,True,ok,,0.4,0.18,0.084
2020-08-02 18:00:00+00:00,0.15761936407718882,0.15761936407718882,-2.0514456530729142e-07,0.15761915893262352,2.1640299653017756,2.003193879508726,True,ok,,0.4,0.18,0.084
2020-08-02 19:00:00+00:00,0.17912755360659116,0.17912755360659116,3.07156746509607e-07,0.17912786076333767,2.003193879508726,1.8204106615428164,True,ok,,0.2,0.07,0.084
2020-08-02 20:00:00+00:00,0.12017124838877516,0.12017124838877516,3.0711178501674485e-07,0.12017155550056018,1.8204106615428164,1.6977869386971274,True,ok,,0.2,0.07,0.084
2020-08-02 21:00:00+00:00,0.11789061906750825,0.11789061906750825,1.8651867107755127e-07,0.11789080558617933,1.6977869386971274,1.5774903886282414,True,ok,,0.2,0.07,0.084
2020-08-02 22:00:00+00:00,0.12706200767657894,0.12706200767657894,1.8651450603424102e-07,0.12706219419108497,1.5774903886282414,1.4478352787541813,True,ok,,0.2,0.07,0.084
2020-08-02 23:00:00+00:00,0.07431667377612934,0.07431667377612934,3.2621825449274944e-07,0.07431699999438383,1.4478352787541813,1.3720019381662942,True,ok,,0.2,0.07,0.084
2020-08-03 00:00:00+00:00,0.14997997949899566,0.14997997949899566,3.261409072807808e-07,0.14998030563990294,1.3720019381662942,1.2189611427591558,True,ok,,0.2,0.07,0.084
2020-08-03 01:00:00+00:00,0.12072706321373376,0.12072706321373376,3.26053022123296e-07,0.12072738926675589,1.2189611427591558,1.0957702619288152,True,ok,,0.2,0.07,0.084
2020-08-03 02:00:00+00:00,0.11587575772201734,0.11587575772201734,3.259540031497199e-07,0.1158760836760205,1.0957702619288152,0.9775296928247159,True,ok,,0.2,0.07,0.084
2020-08-03 03:00:00+00:00,0.371167978402579,0.371167978402579,3.258420989138422e-07,0.3711683042446779,0.9775296928247159,0.5987868577200435,True,ok,,0.2,0.07,0.084
2020-08-03 04:00:00+00:00,0.31131590943981613,0.31131590943981613,-3.6473131737047026e-09,0.31131590579250296,0.5987868577200435,0.28111756237329233,True,ok,,0.3,0.1,0.084
2020-08-03 05:00:00+00:00,0.27549436227056356,0.27549436227056356,-3.6484945620252063e-09,0.275494358622069,0.28111756237329233,8.661788397090753e-07,True,ok,,0.3,0.1,0.084
2020-08-03 06:00:00+00:00,-0.3868913169844069,-0.3868913169844069,-1.2664411599644627,-1.6533324769488695,8.661788397090753e-07,0.3791543568235584,True,ok,,0.3,0.1,0.084
2020-08-03 07:00:00+00:00,-0.22703439811708098,-0.22703439811708098,-2.6170147426124943,-2.844049140729575,0.3791543568235584,0.6016480669782978,True,ok,,0.3,0.1,0.084
2020-08-03 08:00:00+00:00,-0.17403076257703606,-0.17403076257703606,-3.0066897635691223,-3.180720526146158,0.6016480669782978,0.7721982143037931,True,ok,,0.3,0.1,0.084
2020-08-03 09:00:00+00:00,-0.1487248960445255,-0.1487248960445255,-4.804910542861753,-4.953635438906279,0.7721982143037931,0.9179486124274281,True,ok,,0.3,0.1,0.084
2020-08-03 10:00:00+00:00,-0.1300340772709987,-0.1300340772709987,-3.894848530656817,-4.0248826079278155,0.9179486124274281,1.0453820081530067,True,ok,,0.3,0.1,0.084
2020-08-03 11:00:00+00:00,-0.11841119944115262,-0.11841119944115262,-5.068009505987647,-5.1864207054288,1.0453820081530067,1.1614249836053363,True,ok,,0.3,0.1,0.084
2020-08-03 12:00:00+00:00,-0.10831972015624312,-0.10831972015624312,-3.846992365250473,-3.955312085406716,1.1614249836053363,1.2675783093584545,True,ok,,0.3,0.1,0.084
2020-08-03 13:00:00+00:00,-0.10061054081477201,-0.10061054081477201,-3.2848093680343515,-3.3854199088491237,1.2675783093584545,1.366176639356931,True,ok,,0.3,0.1,0.084
2020-08-03 14:00:00+00:00,-0.09362929494431523,-0.09362929494431523,-2.300686830350765,-2.39431612529508,1.366176639356931,1.45793334840236,True,ok,,0.3,0.1,0.084
2020-08-03 15:00:00+00:00,2.2320095490743553e-07,2.2320095490743553e-07,-1.8126803907862694,-1.8126801675853146,1.45793334840236,1.4579331206462836,True,ok,,0.4,0.18,0.084
2020-08-03 16:00:00+00:00,1.873744481689487e-07,1.873744481689487e-07,-0.5296571169879783,-0.5296569296135302,1.4579331206462836,1.4579329294478671,True,ok,,0.4,0.18,0.084
2020-08-03 17:00:00+00:00,1.8623825647673445e-07,1.8623825647673445e-07,-0.500221611443703,-0.5002214252054465,1.4579329294478671,1.45793273940883,True,ok,,0.4,0.18,0.084
2020-08-03 18:00:00+00:00,0.12445921157866068,0.12445921157866068,-2.0497519295781252e-07,0.12445900660346772,1.45793273940883,1.3309335439204006,True,ok,,0.4,0.18,0.084
2020-08-03 19:00:00+00:00,0.15733788722269704,0.15733788722269704,2.1113431000752136e-07,0.15733809835700704,1.3309335439204006,1.1703846794074444,True,ok,,0.2,0.07,0.084
2020-08-03 20:00:00+00:00,0.10724090998949637,0.10724090998949637,3.123682535688399e-07,0.10724122235774994,1.1703846794074444,1.0609551794181624,True,ok,,0.2,0.07,0.084
2020-08-03 21:00:00+00:00,0.1558855489615527,0.1558855489615527,3.1231602784509427e-07,0.15588586127758056,1.0609551794181624,0.9018882927227004,True,ok,,0.2,0.07,0.084
2020-08-03 22:00:00+00:00,0.06306118769173391,0.06306118769173391,3.1225888688646286e-07,0.0630614999506208,0.9018882927227004,0.8375401420168496,True,ok,,0.2,0.07,0.084
2020-08-03 23:00:00+00:00,0.15468110452538816,0.15468110452538816,3.1220072432835977e-07,0.1546814167261125,0.8375401420168496,0.6797022802562493,True,ok,,0.2,0.07,0.084
2020-08-04 00:00:00+00:00,0.09923818763356611,0.09923818763356611,3.121350088813868e-07,0.09923849976857499,0.6797022802562493,0.5784388234873044,True,ok,,0.2,0.07,0.084
2020-08-04 01:00:00+00:00,0.13598177142095338,0.13598177142095338,3.1206390810334383e-07,0.1359820834848615,0.5784388234873044,0.4396819138740866,True,ok,,0.2,0.07,0.084
2020-08-04 02:00:00+00:00,0.1847251328026996,0.1847251328026996,3.1198570327184427e-07,0.18472544478840286,0.4396819138740866,0.25118688040194415,True,ok,,0.2,0.07,0.084
2020-08-04 03:00:00+00:00,0.20733497605827358,0.20733497605827358,3.119008177010496e-07,0.20733528795909129,0.25118688040194415,0.03962057830166496,True,ok,,0.2,0.07,0.084
2020-08-04 04:00:00+00:00,0.03882721955822276,0.03882721955822276,-3.801455671081921e-09,0.03882721575676709,0.03962057830166496,9.66507560096197e-07,True,ok,,0.3,0.1,0.084
2020-08-04 05:00:00+00:00,-0.21239085646473946,-0.21239085646473946,-0.1637990400051806,-0.37618989646992007,9.66507560096197e-07,0.20814400584300477,True,ok,,0.3,0.1,0.084
2020-08-04 06:00:00+00:00,-0.2547379854268755,-0.2547379854268755,-1.380058413176721,-1.6347963986035965,0.20814400584300477,0.4577872315613427,True,ok,,0.3,0.1,0.084
2020-08-04 07:00:00+00:00,-0.18494158418171006,-0.18494158418171006,-2.873126283865489,-3.058067868047199,0.4577872315613427,0.6390299840594186,True,ok,,0.3,0.1,0.084
2020-08-04 08:00:00+00:00,-0.14879866579605705,-0.14879866579605705,-3.0149177758844967,-3.163716441680554,0.6390299840594186,0.7848526765395545,True,ok,,0.3,0.1,0.084
2020-08-04 09:00:00+00:00,-0.1280899585769803,-0.1280899585769803,-3.0664911357241778,-3.194581094301158,0.7848526765395545,0.9103808359449952,True,ok,,0.3,0.1,0.084
2020-08-04 10:00:00+00:00,-0.11478100127049926,-0.11478100127049926,-3.5103609843656054,-3.6251419856361045,0.9103808359449952,1.0228662171900844,True,ok,,0.3,0.1,0.084
2020-08-04 11:00:00+00:00,-0.10441244937079541,-0.10441244937079541,-3.2115255267022356,-3.315937976073031,1.0228662171900844,1.125190417573464,True,ok,,0.3,0.1,0.084
2020-08-04 12:00:00+00:00,-0.09701798033129617,-0.09701798033129617,-3.5957740966141,-3.692792076945396,1.125190417573464,1.2202680382981341,True,ok,,0.3,0.1,0.084
2020-08-04 13:00:00+00:00,-0.09112509425228514,-0.09112509425228514,-4.107385656788857,-4.198510751041142,1.2202680382981341,1.3095706306653736,True,ok,,0.3,0.1,0.084
2020-08-04 14:00:00+00:00,-0.0849265702213856,-0.0849265702213856,-2.5014819223514424,-2.586408492572828,1.3095706306653736,1.3927986694823316,True,ok,,0.3,0.1,0.084
2020-08-04 15:00:00+00:00,2.2311772069299756e-07,2.2311772069299756e-07,-1.5609723941460851,-1.5609721710283644,1.3927986694823316,1.392798441811188,True,ok,,0.4,0.18,0.084
2020-08-04 16:00:00+00:00,1.872584832033352e-07,1.872584832033352e-07,-0.30818820745347536,-0.30818802019499214,1.392798441811188,1.3927982507311032,True,ok,,0.4,0.18,0.084
2020-08-04 17:00:00+00:00,1.8497678901518545e-07,1.8497678901518545e-07,-0.15783534622079054,-0.15783516124400152,1.3927982507311032,1.3927980619792777,True,ok,,0.4,0.18,0.084
2020-08-04 18:00:00+00:00,0.0660272522859231,0.0660272522859231,-2.0489350521790684e-07,0.06602704739241788,1.3927980619792777,1.325423314748744,True,ok,,0.4,0.18,0.084
2020-08-04 19:00:00+00:00,0.17659551436112994,0.17659551436112994,3.062120591812434e-07,0.17659582057318912,1.325423314748744,1.1452238102986114,True,ok,,0.2,0.07,0.084
2020-08-04 20:00:00+00:00,0.13831602684220534,0.13831602684220534,3.061682561367185e-07,0.13831633301046148,1.1452238102986114,1.0040850073984018,True,ok,,0.2,0.07,0.084
2020-08-04 21:00:00+00:00,0.1057725827975423,0.1057725827975423,3.0611985085693405e-07,0.10577288891739316,1.0040850073984018,0.8961538004621341,True,ok,,0.2,0.07,0.084
2020-08-04 22:00:00+00:00,0.12846319351213864,0.12846319351213864,3.060683504418904e-07,0.12846349958048908,0.8961538004621341,0.7650689091232171,True,ok,,0.2,0.07,0.084
2020-08-04 23:00:00+00:00,0.10112980507486184,0.10112980507486184,3.060128312692978e-07,0.10113011108769311,0.7650689091232171,0.6618752304753989,True,ok,,0.2,0.07,0.084
2020-08-05 00:00:00+00:00,0.10101727747495358,0.10101727747495358,3.0595353528450886e-07,0.10101758342848886,0.6618752304753989,0.5587963759091197,True,ok,,0.2,0.07,0.084
2020-08-05 01:00:00+00:00,0.17140074970829308,0.17140074970829308,3.0588996605129815e-07,0.17140105559825913,0.5587963759091197,0.38389765171698387,True,ok,,0.2,0.07,0.084
2020-08-05 02:00:00+00:00,0.0802051665533262,0.0802051665533262,3.058206361483684e-07,0.08020547237396235,0.38389765171698387,0.30205564502991633,True,ok,,0.2,0.07,0.084
2020-08-05 03:00:00+00:00,0.2960135312297683,0.2960135312297683,3.0574626086465884e-07,0.2960138369760292,0.30205564502991633,1.0213260711045002e-06,True,ok,,0.2,0.07,0.084
2020-08-05 04:00:00+00:00,-0.07502786723559042,-0.07502786723559042,-0.037494645984272185,-0.1125225132198626,1.0213260711045002e-06,0.07352833121694971,True,ok,,0.3,0.1,0.084
2020-08-05 05:00:00+00:00,-0.21620542993710454,-0.21620542993710454,-0.22348033914602086,-0.4396857690831254,0.07352833121694971,0.28540965255531214,True,ok,,0.3,0.1,0.084
2020-08-05 06:00:00+00:00,-0.2258512630288115,-0.2258512630288115,-0.9866808681447902,-1.2125321311736017,0.28540965255531214,0.5067438903235474,True,ok,,0.3,0.1,0.084
2020-08-05 07:00:00+00:00,-0.1802580014783435,-0.1802580014783435,-2.224947241876121,-2.4052052433544646,0.5067438903235474,0.683396731772324,True,ok,,0.3,0.1,0.084
2020-08-05 08:00:00+00:00,-0.1502659628473082,-0.1502659628473082,-3.258218466651982,-3.40848442949929,0.683396731772324,0.830657375362686,True,ok,,0.3,0.1,0.084
2020-08-05 09:00:00+00:00,-0.25115735344865114,-0.25115735344865114,-4.168195332235338,-4.419352685683989,0.830657375362686,1.0767915817423641,True,ok,,0.3,0.1,0.084
2020-08-05 10:00:00+00:00,-0.21868050034735198,-0.21868050034735198,-4.792145592612102,-5.010826092959454,1.0767915817423641,1.291098472082769,True,ok,,0.3,0.1,0.084
2020-08-05 11:00:00+00:00,-0.1875889233861706,-0.1875889233861706,-5.037700699293262,-5.2252896226794325,1.291098472082769,1.4749356170012162,True,ok,,0.3,0.1,0.084
2020-08-05 12:00:00+00:00,-0.17032955483659296,-0.17032955483659296,-4.699931947490996,-4.8702615023275895,1.4749356170012162,1.6418585807410773,True,ok,,0.3,0.1,0.084
2020-08-05 13:00:00+00:00,-0.15833208595262338,-0.15833208595262338,-4.27698881248853,-4.435320898441153,1.6418585807410773,1.797024024974648,True,ok,,0.3,0.1,0.084
2020-08-05 14:00:00+00:00,-0.14559682923643183,-0.14559682923643183,-3.5867775253619167,-3.7323743545983485,1.797024024974648,1.9397089176263513,True,ok,,0.3,0.1,0.084
2020-08-05 15:00:00+00:00,2.234047561779615e-07,2.234047561779615e-07,-2.5241613454924394,-2.5241611220876834,1.9397089176263513,1.9397086896623144,True,ok,,0.4,0.18,0.084
2020-08-05 16:00:00+00:00,2.2340481146686895e-07,2.2340481146686895e-07,-1.2961337477152635,-1.296133524310452,1.9397086896623144,1.939708461698221,True,ok,,0.4,0.18,0.084
2020-08-05 17:00:00+00:00,2.2340524461717454e-07,2.2340524461717454e-07,-0.14645171421743688,-0.14645149081219228,1.939708461698221,1.9397082337336857,True,ok,,0.4,0.18,0.084
2020-08-05 18:00:00+00:00,0.09112351923758573,0.09112351923758573,-8.808463553000578e-08,0.0911234311529502,1.9397082337336857,1.84672505083819,True,ok,,0.4,0.18,0.084
2020-08-05 19:00:00+00:00,0.12208435121949211,0.12208435121949211,2.2567345187018972e-07,0.12208457689294398,1.84672505083819,1.7221491822468715,True,ok,,0.2,0.07,0.084
2020-08-05 20:00:00+00:00,0.13629899630559547,0.13629899630559547,2.2567365168257858e-07,0.13629922197924715,1.7221491822468715,1.583068573771774,True,ok,,0.2,0.07,0.084
2020-08-05 21:00:00+00:00,0.08086091314454642,0.08086091314454642,2.256734525779569e-07,0.080861138817999,1.583068573771774,1.500557437909992,True,ok,,0.2,0.07,0.084
2020-08-05 22:00:00+00:00,0.12739835794233054,0.12739835794233054,2.2567382032545602e-07,0.12739858361615086,1.500557437909992,1.3705591134790425,True,ok,,0.2,0.07,0.084
2020-08-05 23:00:00+00:00,0.12155719109638458,0.12155719109638458,2.2567380870974763e-07,0.12155741677019329,1.3705591134790425,1.2465211633806907,True,ok,,0.2,0.07,0.084
2020-08-06 00:00:00+00:00,0.10805246875020404,0.10805246875020404,2.2567378947513372e-07,0.10805269442399351,1.2465211633806907,1.136263542207013,True,ok,,0.2,0.07,0.084
2020-08-06 01:00:00+00:00,0.1605484685048289,0.1605484685048289,2.256739640993377e-07,0.160548694178793,1.136263542207013,0.9724385743449427,True,ok,,0.2,0.07,0.084
2020-08-06 02:00:00+00:00,0.14264444107996205,0.14264444107996205,2.2567391286254512e-07,0.1426446667538749,0.9724385743449427,0.8268830222225325,True,ok,,0.2,0.07,0.084
2020-08-06 03:00:00+00:00,0.248297983349582,0.248297983349582,2.2567407606532974e-07,0.24829820902365807,0.8268830222225325,0.573517733090306,True,ok,,0.2,0.07,0.084
2020-08-06 04:00:00+00:00,0.0892056683040752,0.0892056683040752,-5.146378115328254e-09,0.08920566315769708,0.573517733090306,0.48249154094329044,True,ok,,0.3,0.1,0.084
2020-08-06 05:00:00+00:00,-0.1692739569773731,-0.1692739569773731,-0.19374754108477169,-0.3630214980621448,0.48249154094329044,0.6483800187811161,True,ok,,0.3,0.1,0.084
2020-08-06 06:00:00+00:00,-0.3047134793991896,-0.3047134793991896,-1.124285236547311,-1.4289987159465007,0.6483800187811161,0.9469992285923219,True,ok,,0.3,0.1,0.084
2020-08-06 07:00:00+00:00,-0.2729506825471247,-0.2729506825471247,-2.5145387110889685,-2.7874893936360934,0.9469992285923219,1.214490897488504,True,ok,,0.3,0.1,0.084
2020-08-06 08:00:00+00:00,0.610752033838368,0.610752033838368,-5.146370440911596e-09,0.6107520286919975,1.214490897488504,0.5912745364289449,True,ok,,0.3,0.1,0.084
2020-08-06 09:00:00+00:00,-0.16026412846867646,-0.16026412846867646,-1.0542028894715942,-1.2144670179402708,0.5912745364289449,0.7483333823282479,True,ok,,0.3,0.1,0.084
2020-08-06 10:00:00+00:00,-0.1500651461100944,-0.1500651461100944,-4.793712933525336,-4.943778079635431,0.7483333823282479,0.8953972255161404,True,ok,,0.3,0.1,0.084
2020-08-06 11:00:00+00:00,-0.13251764143340217,-0.13251764143340217,-4.87439042453076,-5.006908065964162,0.8953972255161404,1.0252645141208745,True,ok,,0.3,0.1,0.084
2020-08-06 12:00:00+00:00,-0.11809638473981007,-0.11809638473981007,-4.778076507805656,-4.896172892545466,1.0252645141208745,1.1409989711658883,True,ok,,0.3,0.1,0.084
2020-08-06 13:00:00+00:00,-0.10826528864381149,-0.10826528864381149,-4.212534187136124,-4.3207994757799355,1.1409989711658883,1.2470989540368236,True,ok,,0.3,0.1,0.084
2020-08-06 14:00:00+00:00,-0.10003567780377581,-0.10003567780377581,-3.087411860372117,-3.187447538175893,1.2470989540368236,1.3451339182845239,True,ok,,0.3,0.1,0.084
2020-08-06 15:00:00+00:00,2.2315887583462634e-07,2.2315887583462634e-07,-2.2519082555306826,-2.251908032371807,1.3451339182845239,1.3451336905713853,True,ok,,0.4,0.18,0.084
2020-08-06 16:00:00+00:00,1.8737712813744522e-07,1.8737712813744522e-07,-1.1924745427228869,-1.1924743553457589,1.3451336905713853,1.3451334993702342,True,ok,,0.4,0.18,0.084
2020-08-06 17:00:00+00:00,1.8615229346422727e-07,1.8615229346422727e-07,-0.23393588049183353,-0.23393569433954006,1.3451334993702342,1.3451333094189144,True,ok,,0.4,0.18,0.084
2020-08-06 18:00:00+00:00,0.14781541916016577,0.14781541916016577,-5.263815158751406e-08,0.14781536652201419,1.3451333094189144,1.1943012490513982,True,ok,,0.4,0.18,0.084
2020-08-06 19:00:00+00:00,0.09167818285292287,0.09167818285292287,2.988169780088201e-07,0.09167848166990088,1.1943012490513982,1.1007520828749464,True,ok,,0.2,0.07,0.084
2020-08-06 20:00:00+00:00,0.1134008678951927,0.1134008678951927,2.987769842782706e-07,0.11340116667217698,1.1007520828749464,0.9850369115533212,True,ok,,0.2,0.07,0.084
2020-08-06 21:00:00+00:00,0.11882236786093595,0.11882236786093595,2.9873378115663485e-07,0.1188226665947171,0.9850369115533212,0.863789597409509,True,ok,,0.2,0.07,0.084
2020-08-06 22:00:00+00:00,0.07097650685655366,0.07097650685655366,2.986873460508743e-07,0.07097680554389971,0.863789597409509,0.7913645904130256,True,ok,,0.2,0.07,0.084
2020-08-06 23:00:00+00:00,0.16092533963254219,0.16092533963254219,2.986404849247837e-07,0.1609256382730271,0.7913645904130256,0.6271550601757376,True,ok,,0.2,0.07,0.084
2020-08-07 00:00:00+00:00,0.059004756934745044,0.059004756934745044,2.985881736791707e-07,0.05900505552291872,0.6271550601757376,0.5669461245280386,True,ok,,0.2,0.07,0.084
2020-08-07 01:00:00+00:00,0.16499095154222185,0.16499095154222185,2.985356613860457e-07,0.16499125007788323,0.5669461245280386,0.3985880107094449,True,ok,,0.2,0.07,0.084
2020-08-07 02:00:00+00:00,0.10826578495449964,0.10826578495449964,2.984767442787417e-07,0.10826608343124391,0.3985880107094449,0.2881127199395473,True,ok,,0.2,0.07,0.084
2020-08-07 03:00:00+00:00,0.24186188962668145,0.24186188962668145,2.984132958239183e-07,0.24186218803997728,0.2881127199395473,0.041314873381709055,True,ok,,0.2,0.07,0.084
2020-08-07 04:00:00+00:00,0.040487497120693244,0.040487497120693244,-3.963215158830913e-09,0.040487493157478086,0.041314873381709055,1.1008095730929979e-06,True,ok,,0.3,0.1,0.084
2020-08-07 05:00:00+00:00,-0.22054372761330773,-0.22054372761330773,-0.14044368894548773,-0.36098741655879546,1.1008095730929979e-06,0.21613395387061468,True,ok,,0.3,0.1,0.084
2020-08-07 06:00:00+00:00,-0.3388513757444495,-0.3388513757444495,-1.032082274335,-1.3709336500794496,0.21613395387061468,0.5482083021001751,True,ok,,0.3,0.1,0.084
2020-08-07 07:00:00+00:00,-0.2553331174640521,-0.2553331174640521,-2.504916084686991,-2.760249202151043,0.5482083021001751,0.7984347572149462,True,ok,,0.3,0.1,0.084
2020-08-07 08:00:00+00:00,-0.20710781383911464,-0.20710781383911464,-3.5018000865198675,-3.708907900358982,0.7984347572149462,1.0014004147772786,True,ok,,0.3,0.1,0.084
2020-08-07 09:00:00+00:00,-0.1780556959942702,-0.1780556959942702,-3.7841473118928803,-3.9622030078871506,1.0014004147772786,1.1758949968516634,True,ok,,0.3,0.1,0.084
2020-08-07 10:00:00+00:00,-0.15969674858923008,-0.15969674858923008,-4.567882352304328,-4.727579100893558,1.1758949968516634,1.332397810469109,True,ok,,0.3,0.1,0.084
2020-08-07 11:00:00+00:00,-0.145796562014527,-0.145796562014527,-4.733369956916753,-4.87916651893128,1.332397810469109,1.4752784412433455,True,ok,,0.3,0.1,0.084
2020-08-07 12:00:00+00:00,-0.13503458040872085,-0.13503458040872085,-4.646468759854025,-4.781503340262746,1.4752784412433455,1.6076123300438918,True,ok,,0.3,0.1,0.084
2020-08-07 13:00:00+00:00,-0.12611021112237497,-0.12611021112237497,-4.06391873823818,-4.190028949360555,1.6076123300438918,1.7312003369438194,True,ok,,0.3,0.1,0.084
2020-08-07 14:00:00+00:00,-0.11860869470022599,-0.11860869470022599,-3.4076821395415826,-3.5262908342418084,1.7312003369438194,1.8474368577500409,True,ok,,0.3,0.1,0.084
2020-08-07 15:00:00+00:00,2.229940254545748e-07,2.229940254545748e-07,-2.418822700010712,-2.4188224770166866,1.8474368577500409,1.8474366302051168,True,ok,,0.4,0.18,0.084
2020-08-07 16:00:00+00:00,1.8742282862481413e-07,1.8742282862481413e-07,-1.1851729181156956,-1.185172730692867,1.8474366302051168,1.8474364389573326,True,ok,,0.4,0.18,0.084
2020-08-07 17:00:00+00:00,1.861569762776294e-07,1.861569762776294e-07,-0.20896396703804673,-0.20896378088107045,1.8474364389573326,1.8474362490012344,True,ok,,0.4,0.18,0.084
2020-08-07 18:00:00+00:00,0.1569082156683094,0.1569082156683094,-2.0498281971814691e-07,0.15690801068548968,1.8474362490012344,1.6873258248498983,True,ok,,0.4,0.18,0.084
2020-08-07 19:00:00+00:00,0.21371330579707024,0.21371330579707024,3.0669087613954815e-07,0.21371361248794637,1.6873258248498983,1.4692510230161533,True,ok,,0.2,0.07,0.084
2020-08-07 20:00:00+00:00,0.18574563804071673,0.18574563804071673,3.0664733854934845e-07,0.18574594468805528,1.4692510230161533,1.2797146576684832,True,ok,,0.2,0.07,0.084
2020-08-07 21:00:00+00:00,0.1580300266463784,0.1580300266463784,3.0659974670221857e-07,0.15803033324612512,1.2797146576684832,1.118459528437485,True,ok,,0.2,0.07,0.084
2020-08-07 22:00:00+00:00,0.15215102653761514,0.15215102653761514,3.065480807806775e-07,0.15215133308569592,1.118459528437485,0.9632033789093062,True,ok,,0.2,0.07,0.084
2020-08-07 23:00:00+00:00,0.182308908219792,0.182308908219792,1.470158585148429e-07,0.18230905523565052,0.9632033789093062,0.7771738807258449,True,ok,,0.2,0.07,0.084
2020-08-08 00:00:00+00:00,0.08307570816590361,0.08307570816590361,3.196380473219351e-07,0.08307602780395093,0.7771738807258449,0.6924027499443106,True,ok,,0.2,0.07,0.084
2020-08-08 01:00:00+00:00,0.1879900974075117,0.1879900974075117,3.195590327909059e-07,0.1879904169665445,0.6924027499443106,0.5005761199366456,True,ok,,0.2,0.07,0.084
2020-08-08 02:00:00+00:00,0.159732097253343,0.159732097253343,3.1947181583502626e-07,0.15973241672515884,0.5005761199366456,0.33758418396384665,True,ok,,0.2,0.07,0.084
2020-08-08 03:00:00+00:00,0.07059939815137488,0.07059939815137488,3.1937111474866775e-07,0.07059971752248963,0.33758418396384665,0.2655439817685662,True,ok,,0.2,0.07,0.084
2020-08-08 04:00:00+00:00,0.2602322115876984,0.2602322115876984,-3.717397778491005e-09,0.2602322078703006,0.2655439817685662,9.087198943880104e-07,True,ok,,0.3,0.1,0.084
2020-08-08 05:00:00+00:00,-0.11706760784023965,-0.11706760784023965,-0.06428410537410159,-0.18135171321434124,9.087198943880104e-07,0.11472716440332924,True,ok,,0.3,0.1,0.084
2020-08-08 06:00:00+00:00,-0.34144652170573686,-0.34144652170573686,-1.0156827285080983,-1.357129250213835,0.11472716440332924,0.44934475567495136,True,ok,,0.3,0.1,0.084
2020-08-08 07:00:00+00:00,-0.23551869541339232,-0.23551869541339232,-2.354584848541946,-2.5901035439553386,0.44934475567495136,0.6801530771800759,True,ok,,0.3,0.1,0.084
2020-08-08 08:00:00+00:00,-0.1874643529715901,-0.1874643529715901,-3.4745256670277462,-3.6619900199993363,0.6801530771800759,0.8638681430922341,True,ok,,0.3,0.1,0.084
2020-08-08 09:00:00+00:00,-0.15993328385591218,-0.15993328385591218,-4.115498844471466,-4.2754321283273775,0.8638681430922341,1.020602761271028,True,ok,,0.3,0.1,0.084
2020-08-08 10:00:00+00:00,-0.14193944291953045,-0.14193944291953045,-4.5454908224493735,-4.687430265368904,1.020602761271028,1.159703415332168,True,ok,,0.3,0.1,0.084
2020-08-08 11:00:00+00:00,-0.12872854643296258,-0.12872854643296258,-4.388969808187532,-4.517698354620495,1.159703415332168,1.2858573908364712,True,ok,,0.3,0.1,0.084
2020-08-08 12:00:00+00:00,-0.11896501813394239,-0.11896501813394239,-4.524925319690057,-4.643890337824,1.2858573908364712,1.4024431086077347,True,ok,,0.3,0.1,0.084
2020-08-08 13:00:00+00:00,-0.11088189353731229,-0.11088189353731229,-4.041411350628988,-4.152293244166301,1.4024431086077347,1.5111073642743007,True,ok,,0.3,0.1,0.084
2020-08-08 14:00:00+00:00,-0.10397175178638371,-0.10397175178638371,-3.2588555808264537,-3.3628273326128375,1.5111073642743007,1.6129996810249567,True,ok,,0.3,0.1,0.084
2020-08-08 15:00:00+00:00,2.230184294197037e-07,2.230184294197037e-07,-2.287012235669113,-2.2870120126506834,1.6129996810249567,1.6129994534551308,True,ok,,0.4,0.18,0.084
2020-08-08 16:00:00+00:00,1.71637328818074e-07,1.71637328818074e-07,-1.1706038957601068,-1.170603724122778,1.6129994534551308,1.6129992783149993,True,ok,,0.4,0.18,0.084
2020-08-08 17:00:00+00:00,4.7921290062723666e-08,4.7921290062723666e-08,-0.1926072564701246,-0.19260720854883454,1.6129992783149993,1.6129992294157238,True,ok,,0.4,0.18,0.084
2020-08-08 18:00:00+00:00,0.18464240599234838,0.18464240599234838,-1.9437936940591705e-07,0.18464221161297897,1.6129992294157238,1.4245886110561847,True,ok,,0.4,0.18,0.084
2020-08-08 19:00:00+00:00,0.14122023318716115,0.14122023318716115,2.9821964345200236e-07,0.1412205314068046,1.4245886110561847,1.2804863322937754,True,ok,,0.2,0.07,0.084
2020-08-08 20:00:00+00:00,0.1890365907964114,0.1890365907964114,2.981791557554736e-07,0.18903688897556717,1.2804863322937754,1.087591851889274,True,ok,,0.2,0.07,0.084
2020-08-08 21:00:00+00:00,0.1307543605874698,0.1307543605874698,1.6732837893052022e-07,0.13075452791584874,1.087591851889274,0.9541690349632844,True,ok,,0.2,0.07,0.084
2020-08-08 22:00:00+00:00,0.0660586383852547,0.0660586383852547,3.0600165137895097e-07,0.06605894438690608,0.9541690349632844,0.8867622611007796,True,ok,,0.2,0.07,0.084
2020-08-08 23:00:00+00:00,0.17759105553696175,0.17759105553696175,3.0594862557298264e-07,0.17759136148558732,0.8867622611007796,0.7055468983079615,True,ok,,0.2,0.07,0.084
2020-08-09 00:00:00+00:00,0.0802291663713505,0.0802291663713505,3.0588965437006177e-07,0.08022947226100487,0.7055468983079615,0.623680402010665,True,ok,,0.2,0.07,0.084
2020-08-09 01:00:00+00:00,0.14618033823007534,0.14618033823007534,1.0647143736108866e-07,0.1461804447015127,0.623680402010665,0.4745167915718126,True,ok,,0.2,0.07,0.084
2020-08-09 02:00:00+00:00,0.15297200704532624,0.15297200704532624,3.265501614113653e-07,0.15297233359548765,0.4745167915718126,0.3184229068316838,True,ok,,0.2,0.07,0.084
2020-08-09 03:00:00+00:00,0.06078609022499927,0.06078609022499927,3.2643541546945043e-07,0.06078641666041474,0.3184229068316838,0.2563962841531131,True,ok,,0.2,0.07,0.084
2020-08-09 04:00:00+00:00,0.2512675137199911,0.2512675137199911,-3.641297152690015e-09,0.25126751007869397,0.2563962841531131,8.619898568817952e-07,True,ok,,0.3,0.1,0.084
2020-08-09 05:00:00+00:00,-0.14446630429197319,-0.14446630429197319,-0.07115434281854494,-0.21562064711051812,8.619898568817952e-07,0.1415778401959906,True,ok,,0.3,0.1,0.084
2020-08-09 06:00:00+00:00,-0.3868704745789787,-0.3868704745789787,-0.38780360609304765,-0.7746740806720264,0.1415778401959906,0.5207109052833897,True,ok,,0.3,0.1,0.084
2020-08-09 07:00:00+00:00,-0.382473121101156,-0.382473121101156,-1.0924105899725256,-1.4748837110736817,0.5207109052833897,0.8955345639625225,True,ok,,0.3,0.1,0.084
2020-08-09 08:00:00+00:00,-0.33666471019952837,-0.33666471019952837,-3.004805977120329,-3.341470687319857,0.8955345639625225,1.2254659799580603,True,ok,,0.3,0.1,0.084
2020-08-09 09:00:00+00:00,-0.2794145837677086,-0.2794145837677086,-3.2171880809909847,-3.496602664758693,1.2254659799580603,1.4992922720504147,True,ok,,0.3,0.1,0.084
2020-08-09 10:00:00+00:00,-0.2485026898959363,-0.2485026898959363,-4.036331642606911,-4.2848343325028475,1.4992922720504147,1.7428249081484322,True,ok,,0.3,0.1,0.084
2020-08-09 11:00:00+00:00,-0.22432998330672896,-0.22432998330672896,-3.8218652613216215,-4.0461952446283505,1.7428249081484322,1.9626682917890266,True,ok,,0.3,0.1,0.084
2020-08-09 12:00:00+00:00,-0.20710346809030317,-0.20710346809030317,-3.7740500935202514,-3.9811535616105544,1.9626682917890266,2.1656296905175236,True,ok,,0.3,0.1,0.084
2020-08-09 13:00:00+00:00,-0.18964442856587377,-0.18964442856587377,-2.5298371416092675,-2.7194815701751414,2.1656296905175236,2.35148123051208,True,ok,,0.3,0.1,0.084
2020-08-09 14:00:00+00:00,-0.13929886784413628,-0.13929886784413628,-0.4919677644453119,-0.6312666322894481,2.35148123051208,2.4879941209993333,True,ok,,0.3,0.1,0.084
2020-08-09 15:00:00+00:00,0.32266861727708934,0.32266861727708934,-2.421890268333726e-07,0.3226683750880625,2.4879941209993333,2.1587404299002624,True,ok,,0.4,0.18,0.084
2020-08-09 16:00:00+00:00,0.3086942599935505,0.3086942599935505,-2.07399449336787e-07,0.30869405259410115,2.1587404299002624,1.8437462870497008,True,ok,,0.4,0.18,0.084
2020-08-09 17:00:00+00:00,0.2540667333132645,0.2540667333132645,-2.0613736129160287e-07,0.2540665271759032,1.8437462870497008,1.5844945183626962,True,ok,,0.4,0.18,0.084
2020-08-09 18:00:00+00:00,0.16370092911792905,0.16370092911792905,-2.0492871136146285e-07,0.1637007241892177,1.5844945183626962,1.4174527539566462,True,ok,,0.4,0.18,0.084
2020-08-09 19:00:00+00:00,0.22789777688974278,0.22789777688974278,3.0677324397432315e-07,0.22789808366298675,1.4174527539566462,1.1849040020283372,True,ok,,0.2,0.07,0.084
2020-08-09 20:00:00+00:00,0.15391866516739713,0.15391866516739713,3.067314232885199e-07,0.15391897189882042,1.1849040020283372,1.0278441396126259,True,ok,,0.2,0.07,0.084
2020-08-09 21:00:00+00:00,0.10148808214189856,0.10148808214189856,3.0668256438548536e-07,0.10148838882446294,1.0278441396126259,0.9242848721208927,True,ok,,0.2,0.07,0.084
2020-08-09 22:00:00+00:00,0.14754708211888412,0.14754708211888412,3.0663076830417246e-07,0.14754738874965243,0.9242848721208927,0.7737266250608069,True,ok,,0.2,0.07,0.084
2020-08-09 23:00:00+00:00,0.1127985545551047,0.1127985545551047,3.0657497379626975e-07,0.11279886113007849,0.7737266250608069,0.6586260591882511,True,ok,,0.2,0.07,0.084
2020-08-10 00:00:00+00:00,0.10953530443110059,0.10953530443110059,3.065149189462879e-07,0.10953561094601953,0.6586260591882511,0.5468553403810056,True,ok,,0.2,0.07,0.084
2020-08-10 01:00:00+00:00,0.16445830438886658,0.16445830438886658,3.06450447046247e-07,0.16445861083931362,0.5468553403810056,0.3790407440658356,True,ok,,0.2,0.07,0.084
2020-08-10 02:00:00+00:00,0.12390555472954948,0.12390555472954948,3.0638060780074916e-07,0.12390586111015728,0.3790407440658356,0.2526065045458872,True,ok,,0.2,0.07,0.084
2020-08-10 03:00:00+00:00,0.1437098605005797,0.1437098605005797,3.0630341604775957e-07,0.14371016680399576,0.2526065045458872,0.10596378974937726,True,ok,,0.2,0.07,0.084
2020-08-10 04:00:00+00:00,0.10384351739527865,0.10384351739527865,-3.866955283760021e-09,0.10384351352832337,0.10596378974937726,1.0168970520918474e-06,True,ok,,0.3,0.1,0.084
2020-08-10 05:00:00+00:00,-0.02269388862873005,-0.02269388862873005,-0.011429291598896711,-0.03412318022762676,1.0168970520918474e-06,0.02224102775320754,True,ok,,0.3,0.1,0.084
2020-08-10 06:00:00+00:00,-0.3500147155362196,-0.3500147155362196,-0.5698493170520229,-0.9198640325882425,0.02224102775320754,0.3652554489787027,True,ok,,0.3,0.1,0.084
2020-08-10 07:00:00+00:00,-0.2052148692726407,-0.2052148692726407,-1.5745849200995259,-1.7797997893721667,0.3652554489787027,0.5663660208658906,True,ok,,0.3,0.1,0.084
2020-08-10 08:00:00+00:00,-0.1658247449163844,-0.1658247449163844,-3.6277404074715816,-3.793565152387966,0.5663660208658906,0.7288742708839473,True,ok,,0.3,0.1,0.084
2020-08-10 09:00:00+00:00,-0.13911333988453206,-0.13911333988453206,-3.780084624311929,-3.919197964196461,0.7288742708839473,0.8652053439707887,True,ok,,0.3,0.1,0.084
2020-08-10 10:00:00+00:00,-0.12306593845319543,-0.12306593845319543,-4.79773585834805,-4.920801796801245,0.8652053439707887,0.9858099636549202,True,ok,,0.3,0.1,0.084
2020-08-10 11:00:00+00:00,-0.11124617402516596,-0.11124617402516596,-4.941718982186906,-5.052965156212072,0.9858099636549202,1.0948312141995828,True,ok,,0.3,0.1,0.084
2020-08-10 12:00:00+00:00,-0.10203075765168167,-0.10203075765168167,-4.261759201161956,-4.363789958813638,1.0948312141995828,1.1948213566982309,True,ok,,0.3,0.1,0.084
2020-08-10 13:00:00+00:00,-0.09507894346602923,-0.09507894346602923,-4.210298892508171,-4.3053778359742,1.1948213566982309,1.2879987212949395,True,ok,,0.3,0.1,0.084
2020-08-10 14:00:00+00:00,-0.08850937020418033,-0.08850937020418033,-2.7553843327564738,-2.843893702960654,1.2879987212949395,1.3747379040950363,True,ok,,0.3,0.1,0.084
2020-08-10 15:00:00+00:00,2.2311883210198796e-07,2.2311883210198796e-07,-2.058437629750463,-2.0584374066316307,1.3747379040950363,1.3747376764227586,True,ok,,0.4,0.18,0.084
2020-08-10 16:00:00+00:00,1.8743407678119834e-07,1.8743407678119834e-07,-1.1314045525432865,-1.1314043651092098,1.3747376764227586,1.3747374851634966,True,ok,,0.4,0.18,0.084
2020-08-10 17:00:00+00:00,4.741346387442394e-08,4.741346387442394e-08,-0.0701143192162931,-0.07011427180282923,1.3747374851634966,1.374737436782411,True,ok,,0.4,0.18,0.084
2020-08-10 18:00:00+00:00,0.09110750397797078,0.09110750397797078,-2.10098396000169e-07,0.09110729387957478,1.374737436782411,1.2817705959885632,True,ok,,0.4,0.18,0.084
2020-08-10 19:00:00+00:00,0.182408469235834,0.182408469235834,2.997538312565773e-07,0.18240876898966527,1.2817705959885632,1.0956395049315897,True,ok,,0.2,0.07,0.084
2020-08-10 20:00:00+00:00,0.1676749226405869,0.1676749226405869,2.997138783544795e-07,0.16767522235446525,1.0956395049315897,0.9245426450942561,True,ok,,0.2,0.07,0.084
2020-08-10 21:00:00+00:00,0.06390100594226486,0.06390100594226486,2.996696633755791e-07,0.06390130561192824,0.9245426450942561,0.8593375369899042,True,ok,,0.2,0.07,0.084
2020-08-10 22:00:00+00:00,0.1549004859031015,0.1549004859031015,1.5308253259460614e-07,0.15490063898563408,0.8593375369899042,0.701275816680617,True,ok,,0.2,0.07,0.084
2020-08-10 23:00:00+00:00,0.10963549627879352,0.10963549627879352,3.094075211873548e-07,0.1096358056863147,0.701275816680617,0.589402861294093,True,ok,,0.2,0.07,0.084
2020-08-11 00:00:00+00:00,0.08030802403148396,0.08030802403148396,3.093442349222375e-07,0.08030833337571888,0.589402861294093,0.5074558979966604,True,ok,,0.2,0.07,0.084
2020-08-11 01:00:00+00:00,0.1956125240315869,0.1956125240315869,3.092775867075126e-07,0.19561283330917362,0.5074558979966604,0.3078512816378982,True,ok,,0.2,0.07,0.084
2020-08-11 02:00:00+00:00,0.1112412464513144,0.1112412464513144,3.092050129549495e-07,0.11124155565632736,0.3078512816378982,0.19433980566716924,True,ok,,0.2,0.07,0.084
2020-08-11 03:00:00+00:00,0.1646983021496075,0.1646983021496075,3.0912309864628007e-07,0.16469861127270616,0.19433980566716924,0.02628031367777381,True,ok,,0.2,0.07,0.084
2020-08-11 04:00:00+00:00,0.025753736574670477,0.025753736574670477,-3.833745786108178e-09,0.02575373274092469,0.02628031367777381,9.906423957713184e-07,True,ok,,0.3,0.1,0.084
2020-08-11 05:00:00+00:00,-0.21633022397248267,-0.21633022397248267,-0.14750877610158616,-0.36383900007406883,9.906423957713184e-07,0.2120046101354288,True,ok,,0.3,0.1,0.084
2020-08-11 06:00:00+00:00,-0.30871006482736035,-0.30871006482736035,-0.881688453487586,-1.1903985183149464,0.2120046101354288,0.5145404736662419,True,ok,,0.3,0.1,0.084
2020-08-11 07:00:00+00:00,-0.20648950593754398,-0.20648950593754398,-2.043103045824847,-2.2495925517623907,0.5145404736662419,0.716900189485035,True,ok,,0.3,0.1,0.084
2020-08-11 08:00:00+00:00,-0.1718693878222423,-0.1718693878222423,-3.471213429429321,-3.6430828172515635,0.716900189485035,0.8853321895508324,True,ok,,0.3,0.1,0.084
2020-08-11 09:00:00+00:00,-0.14839404021207234,-0.14839404021207234,-3.7948687022619976,-3.94326274247407,0.8853321895508324,1.0307583489586634,True,ok,,0.3,0.1,0.084
2020-08-11 10:00:00+00:00,-0.1318833239016149,-0.1318833239016149,-3.3575364489255075,-3.4894197728271226,1.0307583489586634,1.1600040063822459,True,ok,,0.3,0.1,0.084
2020-08-11 11:00:00+00:00,-0.12178356201839333,-0.12178356201839333,-5.021336118049652,-5.143119680068045,1.1600040063822459,1.2793518971602713,True,ok,,0.3,0.1,0.084
2020-08-11 12:00:00+00:00,-0.11170314864025332,-0.11170314864025332,-3.395616330292672,-3.507319478932925,1.2793518971602713,1.3888209828277196,True,ok,,0.3,0.1,0.084
2020-08-11 13:00:00+00:00,-0.08783292548126626,-0.08783292548126626,-0.48133385012871494,-0.5691667756099812,1.3888209828277196,1.4748972497993604,True,ok,,0.3,0.1,0.084
2020-08-11 14:00:00+00:00,-0.0969642879720033,-0.0969642879720033,-1.994098794402098,-2.0910630823741014,1.4748972497993604,1.5699222520119236,True,ok,,0.3,0.1,0.084
2020-08-11 15:00:00+00:00,2.228169149970318e-07,2.228169149970318e-07,-2.3084359608833362,-2.308435738066421,1.5699222520119236,1.5699220246477246,True,ok,,0.4,0.18,0.084
2020-08-11 16:00:00+00:00,4.9672706270573786e-08,4.9672706270573786e-08,-0.8137118349580246,-0.8137117852853183,1.5699220246477246,1.5699219739612895,True,ok,,0.4,0.18,0.084
2020-08-11 17:00:00+00:00,1.9114656332364013e-07,1.9114656332364013e-07,-0.0662788675942124,-0.06627867644764908,1.5699219739612895,1.5699217789137758,True,ok,,0.4,0.18,0.084
2020-08-11 18:00:00+00:00,0.12293023950745037,0.12293023950745037,-2.0974095446546492e-07,0.1229300297664959,1.5699217789137758,1.4444827590082143,True,ok,,0.4,0.18,0.084
2020-08-11 19:00:00+00:00,0.15930460845058386,0.15930460845058386,1.9731562772573596e-07,0.1593048057662116,1.4444827590082143,1.2819270360994552,True,ok,,0.2,0.07,0.084
2020-08-11 20:00:00+00:00,0.20239355583173005,0.20239355583173005,3.0514946941506693e-07,0.20239386098119946,1.2819270360994552,1.0754029995364653,True,ok,,0.2,0.07,0.084
2020-08-11 21:00:00+00:00,0.08734750041846773,0.08734750041846773,3.0510275561557165e-07,0.08734780552122334,1.0754029995364653,0.9862728970686412,True,ok,,0.2,0.07,0.084
2020-08-11 22:00:00+00:00,0.11294911183403274,0.11294911183403274,3.0505240296296865e-07,0.1129494168864357,0.9862728970686412,0.8710187013196282,True,ok,,0.2,0.07,0.084
2020-08-11 23:00:00+00:00,0.15618633384974134,0.15618633384974134,3.04998245659327e-07,0.156186638847987,0.8710187013196282,0.7116448912688718,True,ok,,0.2,0.07,0.084
2020-08-12 00:00:00+00:00,0.0595738339406205,0.0595738339406205,3.049391555029479e-07,0.059574138879776,0.7116448912688718,0.6508552647988508,True,ok,,0.2,0.07,0.084
2020-08-12 01:00:00+00:00,0.1832718893049524,0.1832718893049524,3.0487924501665375e-07,0.1832721941841974,0.6508552647988508,0.4638431328550218,True,ok,,0.2,0.07,0.084
2020-08-12 02:00:00+00:00,0.3264900556695937,0.3264900556695937,3.048129398330879e-07,0.32649036048253355,0.4638431328550218,0.13069001482482412,True,ok,,0.2,0.07,0.084
2020-08-12 03:00:00+00:00,0.12807520381349508,0.12807520381349508,3.047498680075478e-07,0.12807550856336308,0.13069001482482412,1.0313416658747077e-06,True,ok,,0.2,0.07,0.084
2020-08-12 04:00:00+00:00,-0.011673888985965197,-0.011673888985965197,-0.005815262750911673,-0.01748915173687687,1.0313416658747077e-06,0.011441442547911768,True,ok,,0.3,0.1,0.084
2020-08-12 05:00:00+00:00,-0.2851463124671492,-0.2851463124671492,-0.2888011999629176,-0.5739475124300668,0.011441442547911768,0.290884828765718,True,ok,,0.3,0.1,0.084
2020-08-12 06:00:00+00:00,-0.23573439040119748,-0.23573439040119748,-0.894083127665158,-1.1298175180663554,0.290884828765718,0.5219045313588915,True,ok,,0.3,0.1,0.084
2020-08-12 07:00:00+00:00,-0.19262116223657466,-0.19262116223657466,-2.296543852865406,-2.489165015101981,0.5219045313588915,0.7106732703507346,True,ok,,0.3,0.1,0.084
2020-08-12 08:00:00+00:00,-0.16032115642976488,-0.16032115642976488,-3.4527300456637393,-3.613051202093504,0.7106732703507346,0.8677880036519041,True,ok,,0.3,0.1,0.084
2020-08-12 09:00:00+00:00,-0.1396264103684984,-0.1396264103684984,-4.187461055877186,-4.327087466245684,0.8677880036519041,1.0046218858130325,True,ok,,0.3,0.1,0.084
2020-08-12 10:00:00+00:00,-0.12539257880416183,-0.12539257880416183,-4.780369933587758,-4.905762512391919,1.0046218858130325,1.127506613041111,True,ok,,0.3,0.1,0.084
2020-08-12 11:00:00+00:00,-0.11438798605979494,-0.11438798605979494,-4.3550770820124,-4.469465068072195,1.127506613041111,1.2396068393797102,True,ok,,0.3,0.1,0.084
2020-08-12 12:00:00+00:00,-0.27904923879656357,-0.27904923879656357,-2.8728681515983783,-3.151917390394942,1.2396068393797102,1.5130750934003425,True,ok,,0.3,0.1,0.084
2020-08-12 13:00:00+00:00,-0.24277974021775214,-0.24277974021775214,-2.5371172184544717,-2.7798969586722238,1.5130750934003425,1.7509992388137396,True,ok,,0.3,0.1,0.084
2020-08-12 14:00:00+00:00,-0.18947102625632578,-0.18947102625632578,-0.8527202653886952,-1.042191291645021,1.7509992388137396,1.9366808445449388,True,ok,,0.3,0.1,0.084
2020-08-12 15:00:00+00:00,2.2340462494889006e-07,2.2340462494889006e-07,-0.8697956955126181,-0.8697954721079932,1.9366808445449388,1.9366806165810357,True,ok,,0.4,0.18,0.084
2020-08-12 16:00:00+00:00,2.2340463979099308e-07,2.2340463979099308e-07,-1.0508268320295913,-1.0508266086249514,1.9366806165810357,1.9366803886171176,True,ok,,0.4,0.18,0.084
2020-08-12 17:00:00+00:00,2.2340927629760636e-07,2.2340927629760636e-07,-0.014110257077231606,-0.014110033667955308,1.9366803886171176,1.9366801606484683,True,ok,,0.4,0.18,0.084
2020-08-12 18:00:00+00:00,0.12758798399150045,0.12758798399150045,-2.4280525598441294e-07,0.12758774118624447,1.9366801606484683,1.806488340248978,True,ok,,0.4,0.18,0.084
2020-08-12 19:00:00+00:00,0.1979933574358774,0.1979933574358774,2.25673766174328e-07,0.19799358310964357,1.806488340248978,1.604454302049103,True,ok,,0.2,0.07,0.084
2020-08-12 20:00:00+00:00,0.16162724620484512,0.16162724620484512,2.2567394841743749e-07,0.16162747187879353,1.604454302049103,1.4395285406155878,True,ok,,0.2,0.07,0.084
2020-08-12 21:00:00+00:00,0.08705494090457218,0.08705494090457218,2.2567372059967283e-07,0.08705516657829278,1.4395285406155878,1.3506969682639836,True,ok,,0.2,0.07,0.084
2020-08-12 22:00:00+00:00,0.18040505213168517,0.18040505213168517,2.2567417304331094e-07,0.18040527780585822,1.3506969682639836,1.1666101803745088,True,ok,,0.2,0.07,0.084
2020-08-12 23:00:00+00:00,0.10487671853156687,0.10487671853156687,2.256739292660903e-07,0.10487694420549613,1.1666101803745088,1.0595931206484202,True,ok,,0.2,0.07,0.084
2020-08-13 00:00:00+00:00,0.07915649634736169,0.07915649634736169,2.2567374108328764e-07,0.07915672202110277,1.0595931206484202,0.9788211856000919,True,ok,,0.2,0.07,0.084
2020-08-13 01:00:00+00:00,0.21972974662998881,0.21972974662998881,2.2567424909358813e-07,0.2197299723042379,0.9788211856000919,0.754607158426634,True,ok,,0.2,0.07,0.084
2020-08-13 02:00:00+00:00,0.09895410748317279,0.09895410748317279,2.2567383671512342e-07,0.09895433315700951,0.754607158426634,0.6536335793621719,True,ok,,0.2,0.07,0.084
2020-08-13 03:00:00+00:00,0.17271305192282543,0.17271305192282543,2.25674072124038e-07,0.17271327759689756,0.6536335793621719,0.4773957712776562,True,ok,,0.2,0.07,0.084
2020-08-13 04:00:00+00:00,0.06381277629462577,0.06381277629462577,-5.146382667242655e-09,0.0638127711482431,0.4773957712776562,0.41228069342599727,True,ok,,0.3,0.1,0.084
2020-08-13 05:00:00+00:00,-0.1535945224786894,-0.1535945224786894,-0.1489987725219241,-0.3025932950006135,0.41228069342599727,0.5628033254551129,True,ok,,0.3,0.1,0.084
2020-08-13 06:00:00+00:00,-0.35437845020069464,-0.35437845020069464,-0.9824262593668174,-1.336804709567512,0.5628033254551129,0.9100942066517936,True,ok,,0.3,0.1,0.084
2020-08-13 07:00:00+00:00,-0.2760230371764308,-0.2760230371764308,-1.0592578614194303,-1.335280898595861,0.9100942066517936,1.1805967830846957,True,ok,,0.3,0.1,0.084
2020-08-13 08:00:00+00:00,-0.2218615526269328,-0.2218615526269328,-0.8464653064676979,-1.0683268590946307,1.1805967830846957,1.3980211046590898,True,ok,,0.3,0.1,0.084
2020-08-13 09:00:00+00:00,-0.23191472176912728,-0.23191472176912728,-2.5547072261165287,-2.786621947885656,1.3980211046590898,1.6252975319928344,True,ok,,0.3,0.1,0.084
2020-08-13 10:00:00+00:00,-0.2155226205088909,-0.2155226205088909,-4.139007421490579,-4.354530041999469,1.6252975319928344,1.8365097000915476,True,ok,,0.3,0.1,0.084
2020-08-13 11:00:00+00:00,0.6602758903114513,0.6602758903114513,-1.8669966683759753e-09,0.6602758884444546,1.8365097000915476,1.1627587916104747,True,ok,,0.3,0.1,0.084
2020-08-13 12:00:00+00:00,-0.1678387557343374,-0.1678387557343374,-2.025024088305499,-2.1928628440398366,1.1627587916104747,1.3272407722301254,True,ok,,0.3,0.1,0.084
2020-08-13 13:00:00+00:00,-0.15548284409795377,-0.15548284409795377,-2.700020355993211,-2.855503200091165,1.3272407722301254,1.47961395944612,True,ok,,0.3,0.1,0.084
2020-08-13 14:00:00+00:00,-0.140546651779252,-0.140546651779252,-2.0324744020364576,-2.1730210538157095,1.47961395944612,1.617349678189787,True,ok,,0.3,0.1,0.084
2020-08-13 15:00:00+00:00,8.104461129331246e-08,8.104461129331246e-08,-1.873149898462384,-1.8731498174177728,1.617349678189787,1.617349595491204,True,ok,,0.4,0.18,0.084
2020-08-13 16:00:00+00:00,2.1966137542026432e-07,2.1966137542026432e-07,-0.860512687727719,-0.8605124680663436,1.617349595491204,1.6173493713469433,True,ok,,0.4,0.18,0.084
2020-08-13 17:00:00+00:00,1.8436657277302446e-07,1.8436657277302446e-07,-0.03074045245030561,-0.030740268083732838,1.6173493713469433,1.6173491832177875,True,ok,,0.4,0.18,0.084
2020-08-13 18:00:00+00:00,0.13000495503618684,0.13000495503618684,-2.0434959990822676e-07,0.13000475068658693,1.6173491832177875,1.4846910658339234,True,ok,,0.4,0.18,0.084
2020-08-13 19:00:00+00:00,0.16731319530164077,0.16731319530164077,2.770276051333731e-07,0.1673134723292459,1.4846910658339234,1.3139633155261268,True,ok,,0.2,0.07,0.084
2020-08-13 20:00:00+00:00,0.14028177852934154,0.14028177852934154,2.770022662634819e-07,0.1402820555316078,1.3139633155261268,1.1708186435574108,True,ok,,0.2,0.07,0.084
2020-08-13 21:00:00+00:00,0.14398805626526862,0.14398805626526862,2.76975876234431e-07,0.14398833324114485,1.1708186435574108,1.0238920555316264,True,ok,,0.2,0.07,0.084
2020-08-13 22:00:00+00:00,0.12210641763857755,0.12210641763857755,2.769484943182521e-07,0.12210669458707187,1.0238920555316264,0.8992936701861391,True,ok,,0.2,0.07,0.084
2020-08-13 23:00:00+00:00,0.14841997309552435,0.14841997309552435,2.769202640529045e-07,0.1484202500157884,0.8992936701861391,0.747844718047849,True,ok,,0.2,0.07,0.084
2020-08-14 00:00:00+00:00,0.12293683425897824,0.12293683425897824,2.7689091572358215e-07,0.12293711114989396,0.747844718047849,0.6223989688039937,True,ok,,0.2,0.07,0.084
2020-08-14 01:00:00+00:00,0.12061138964942558,0.12061138964942558,2.768604147052045e-07,0.12061166650984029,0.6223989688039937,0.4993261222229472,True,ok,,0.2,0.07,0.084
2020-08-14 02:00:00+00:00,0.2070245563786017,0.2070245563786017,2.768290582322308e-07,0.20702483320765994,0.4993261222229472,0.28807657489784344,True,ok,,0.2,0.07,0.084
2020-08-14 03:00:00+00:00,0.1450120841888506,0.1450120841888506,2.767972232531335e-07,0.14501236098607384,0.28807657489784344,0.14010506041942447,True,ok,,0.2,0.07,0.084
2020-08-14 04:00:00+00:00,0.13257590030463393,0.13257590030463393,-4.253529972686465e-09,0.13257589605110395,0.14010506041942447,0.004823529496328638,True,ok,,0.3,0.1,0.084
2020-08-14 05:00:00+00:00,0.00472562300402374,0.00472562300402374,-4.254555048543995e-09,0.004725618749468691,0.004823529496328638,1.4652065084951732e-06,True,ok,,0.3,0.1,0.084
2020-08-14 06:00:00+00:00,-0.36511851132954853,-0.36511851132954853,-0.18633572137778565,-0.5514542327073342,1.4652065084951732e-06,0.3578176063094661,True,ok,,0.3,0.1,0.084
2020-08-14 07:00:00+00:00,-0.38120681478714263,-0.38120681478714263,-0.3859650281598092,-0.7671718429469518,0.3578176063094661,0.7314002848008658,True,ok,,0.3,0.1,0.084
2020-08-14 08:00:00+00:00,-0.3209115058832882,-0.3209115058832882,-0.5213171920353696,-0.8422286979186578,0.7314002848008658,1.0458935605664883,True,ok,,0.3,0.1,0.084
2020-08-14 09:00:00+00:00,-0.23457560728840074,-0.23457560728840074,-0.42485071166418886,-0.6594263189525896,1.0458935605664883,1.275777655709121,True,ok,,0.3,0.1,0.084
2020-08-14 10:00:00+00:00,-0.24781940313643624,-0.24781940313643624,-0.5508897619538182,-0.7987091650902545,1.275777655709121,1.5186406707828284,True,ok,,0.3,0.1,0.084
2020-08-14 11:00:00+00:00,-0.2805037691548096,-0.2805037691548096,-2.3630910430581493,-2.643594812212959,1.5186406707828284,1.7935343645545418,True,ok,,0.3,0.1,0.084
2020-08-14 12:00:00+00:00,-0.24501160681272305,-0.24501160681272305,-2.332625003045848,-2.5776366098585712,1.7935343645545418,2.0336457392310106,True,ok,,0.3,0.1,0.084
2020-08-14 13:00:00+00:00,-0.23066030654656197,-0.23066030654656197,-3.11419729801809,-3.344857604564652,2.0336457392310106,2.2596928396466414,True,ok,,0.3,0.1,0.084
2020-08-14 14:00:00+00:00,-0.2120450853349976,-0.2120450853349976,-2.47714488107652,-2.6891899664115178,2.2596928396466414,2.467497023274939,True,ok,,0.3,0.1,0.084
2020-08-14 15:00:00+00:00,5.7628421606832135e-08,5.7628421606832135e-08,-0.3600740980395885,-0.3600740404111669,2.467497023274939,2.467496964470427,True,ok,,0.4,0.18,0.084
2020-08-14 16:00:00+00:00,0.21078914284135353,0.21078914284135353,-2.1441033215552352e-07,0.21078892843102137,2.467496964470427,2.2524060023874135,True,ok,,0.4,0.18,0.084
2020-08-14 17:00:00+00:00,0.1371285879052439,0.1371285879052439,-2.1254965840156181e-07,0.1371283753555855,2.2524060023874135,2.1124788718718586,True,ok,,0.4,0.18,0.084
2020-08-14 18:00:00+00:00,0.24543357908861785,0.24543357908861785,-5.385326634632648e-08,0.2454335252353515,2.1124788718718586,1.8620364442304118,True,ok,,0.4,0.18,0.084
2020-08-14 19:00:00+00:00,0.181301818930429,0.181301818930429,2.922713872866023e-07,0.18130211120181627,1.8620364442304118,1.6770345881789537,True,ok,,0.2,0.07,0.084
2020-08-14 20:00:00+00:00,0.1337276799584289,0.1337276799584289,2.922364548962886e-07,0.1337279721948838,1.6770345881789537,1.5405777718948426,True,ok,,0.2,0.07,0.084
2020-08-14 21:00:00+00:00,0.17676606884996382,0.17676606884996382,2.9219852265560675e-07,0.17676636104848648,1.5405777718948426,1.3602042322520222,True,ok,,0.2,0.07,0.084
2020-08-14 22:00:00+00:00,0.06278351341365161,0.06278351341365161,2.9215801043702694e-07,0.06278380557166205,1.3602042322520222,1.2961394226462553,True,ok,,0.2,0.07,0.084
2020-08-14 23:00:00+00:00,0.13579034698893414,0.13579034698893414,2.9211749841273615e-07,0.13579063910643255,1.2961394226462553,1.1575778440861184,True,ok,,0.2,0.07,0.084
2020-08-15 00:00:00+00:00,0.12533909686735464,0.12533909686735464,2.9207271479148034e-07,0.12533938894006943,1.1575778440861184,1.0296808064663687,True,ok,,0.2,0.07,0.084
2020-08-15 01:00:00+00:00,0.10803193055044204,0.10803193055044204,2.920251695875953e-07,0.10803222257561163,1.0296808064663687,0.919444142639387,True,ok,,0.2,0.07,0.084
2020-08-15 02:00:00+00:00,0.18735510121842344,0.18735510121842344,9.354094562818993e-08,0.18735519475936907,0.919444142639387,0.72826546792671,True,ok,,0.2,0.07,0.084
2020-08-15 03:00:00+00:00,0.08398733091235278,0.08398733091235278,3.0814925702782325e-07,0.0839876390616098,0.72826546792671,0.6425641098528806,True,ok,,0.2,0.07,0.084
2020-08-15 04:00:00+00:00,0.2508461122835761,0.2508461122835761,-3.84507398143441e-09,0.25084610843850214,0.6425641098528806,0.38659868915535395,True,ok,,0.3,0.1,0.084
2020-08-15 05:00:00+00:00,0.37886573529983375,0.37886573529983375,-3.846030882659335e-09,0.37886573145380287,0.38659868915535395,1.0000738909221596e-06,True,ok,,0.3,0.1,0.084
2020-08-15 06:00:00+00:00,-0.06950177909131318,-0.06950177909131318,-0.033618664533241735,-0.10312044362455491,1.0000738909221596e-06,0.06811274358337784,True,ok,,0.3,0.1,0.084
2020-08-15 07:00:00+00:00,-0.2774198025149486,-0.2774198025149486,-0.254342107306441,-0.5317619098213896,0.06811274358337784,0.3399841500480274,True,ok,,0.3,0.1,0.084
2020-08-15 08:00:00+00:00,-0.34105217968731893,-0.34105217968731893,-1.9717714544134635,-2.3128236341007824,0.3399841500480274,0.6742152861416,True,ok,,0.3,0.1,0.084
2020-08-15 09:00:00+00:00,-0.25576687742208615,-0.25576687742208615,-3.9220533128683868,-4.177820190290473,0.6742152861416,0.9248668260152444,True,ok,,0.3,0.1,0.084
2020-08-15 10:00:00+00:00,-0.2086457058638823,-0.2086457058638823,-3.6101619448443567,-3.818807650708239,0.9248668260152444,1.129339617761849,True,ok,,0.3,0.1,0.084
2020-08-15 11:00:00+00:00,-0.17614080979030405,-0.17614080979030405,-2.113047176713586,-2.2891879865038898,1.129339617761849,1.3019576113563471,True,ok,,0.3,0.1,0.084
2020-08-15 12:00:00+00:00,-0.16347017312429704,-0.16347017312429704,-3.497564318369031,-3.6610344914933277,1.3019576113563471,1.4621583810181582,True,ok,,0.3,0.1,0.084
2020-08-15 13:00:00+00:00,-0.14939326718341336,-0.14939326718341336,-3.086757602623834,-3.2361508698072474,1.4621583810181582,1.6085637828579034,True,ok,,0.3,0.1,0.084
2020-08-15 14:00:00+00:00,-0.13985225836962126,-0.13985225836962126,-3.4652081658498903,-3.6050604242195115,1.6085637828579034,1.7456189960601323,True,ok,,0.3,0.1,0.084
2020-08-15 15:00:00+00:00,2.8236728526384754e-07,2.8236728526384754e-07,-1.8209190121390677,-1.8209187297717824,1.7456189960601323,1.7456187079302494,True,ok,,0.4,0.18,0.084
2020-08-15 16:00:00+00:00,2.0928629845866364e-07,2.0928629845866364e-07,-1.0984270299994658,-1.0984268207131673,1.7456187079302494,1.745618494372802,True,ok,,0.4,0.18,0.084
2020-08-15 17:00:00+00:00,5.5322701202453116e-08,5.5322701202453116e-08,-0.3095596663968308,-0.3095596110741296,1.745618494372802,1.745618437921066,True,ok,,0.4,0.18,0.084
2020-08-15 18:00:00+00:00,0.13299122062034402,0.13299122062034402,-2.3006473776066017e-07,0.13299099055560626,1.745618437921066,1.6099131107574496,True,ok,,0.4,0.18,0.084
2020-08-15 19:00:00+00:00,0.19846844257150154,0.19846844257150154,2.7962094498179546e-07,0.19846872219244652,1.6099131107574496,1.4073942918069378,True,ok,,0.2,0.07,0.084
2020-08-15 20:00:00+00:00,0.19332769273773148,0.19332769273773148,2.795949051448421e-07,0.19332797233263663,1.4073942918069378,1.2101211359521098,True,ok,,0.2,0.07,0.084
2020-08-15 21:00:00+00:00,0.17413485949798146,0.17413485949798146,2.795673371136509e-07,0.17413513906531858,1.2101211359521098,1.0324325038113125,True,ok,,0.2,0.07,0.084
2020-08-15 22:00:00+00:00,0.07387749820570369,0.07387749820570369,2.7953763584442903e-07,0.07387777774333953,1.0324325038113125,0.9570473015605944,True,ok,,0.2,0.07,0.084
2020-08-15 23:00:00+00:00,0.13745966507132287,0.13745966507132287,2.795080135120642e-07,0.13745994457933638,0.9570473015605944,0.8167823372021017,True,ok,,0.2,0.07,0.084
2020-08-16 00:00:00+00:00,0.12514305390598676,0.12514305390598676,2.794760899649251e-07,0.12514333338207673,0.8167823372021017,0.6890853434204826,True,ok,,0.2,0.07,0.084
2020-08-16 01:00:00+00:00,0.1121594706797342,0.1121594706797342,2.7944276005664737e-07,0.11215975012249425,0.6890853434204826,0.574636903951366,True,ok,,0.2,0.07,0.084
2020-08-16 02:00:00+00:00,0.17794968728703245,0.17794968728703245,9.060221919932054e-08,0.17794977788925165,0.574636903951366,0.3930555903931696,True,ok,,0.2,0.07,0.084
2020-08-16 03:00:00+00:00,0.2660855715590591,0.2660855715590591,2.8935294593690486e-07,0.26608586091200503,0.3930555903931696,0.12153970104719092,True,ok,,0.2,0.07,0.084
2020-08-16 04:00:00+00:00,0.11910770846862774,0.11910770846862774,-4.079852303218168e-09,0.11910770438877544,0.12153970104719092,1.223017978932428e-06,True,ok,,0.3,0.1,0.084
2020-08-16 05:00:00+00:00,-0.08585079821408546,-0.08585079821408546,-0.043792474133291584,-0.12964327234737705,1.223017978932428e-06,0.08413500526778268,True,ok,,0.3,0.1,0.084
2020-08-16 06:00:00+00:00,-0.27167530086074326,-0.27167530086074326,-0.33875887243138353,-0.6104341732921268,0.08413500526778268,0.35037680011131106,True,ok,,0.3,0.1,0.084
2020-08-16 07:00:00+00:00,-0.26490024490246034,-0.26490024490246034,-2.0650910022709184,-2.329991247173379,0.35037680011131106,0.6099790401157221,True,ok,,0.3,0.1,0.084
2020-08-16 08:00:00+00:00,-0.19855899109440844,-0.19855899109440844,-2.5762695582930366,-2.774828549387445,0.6099790401157221,0.8045668513882425,True,ok,,0.3,0.1,0.084
2020-08-16 09:00:00+00:00,-0.1682041974705905,-0.1682041974705905,-3.906611969020389,-4.074816166490979,0.8045668513882425,0.9694069649094211,True,ok,,0.3,0.1,0.084
2020-08-16 10:00:00+00:00,-0.14776520734478288,-0.14776520734478288,-4.566286862319401,-4.714052069664183,0.9694069649094211,1.1142168681073084,True,ok,,0.3,0.1,0.084
2020-08-16 11:00:00+00:00,-0.13346602083253567,-0.13346602083253567,-5.0688751533993734,-5.2023411742319094,1.1142168681073084,1.2450135685231933,True,ok,,0.3,0.1,0.084
2020-08-16 12:00:00+00:00,-0.12175027474792369,-0.12175027474792369,-3.8917056544434354,-4.013455929191359,1.2450135685231933,1.3643288377761587,True,ok,,0.3,0.1,0.084
2020-08-16 13:00:00+00:00,-0.11075953503863101,-0.11075953503863101,-2.1029445824849424,-2.2137041175235734,1.3643288377761587,1.472873182114017,True,ok,,0.3,0.1,0.084
2020-08-16 14:00:00+00:00,-0.10302827661393073,-0.10302827661393073,-1.6826432598773609,-1.7856715364912916,1.472873182114017,1.573840893195669,True,ok,,0.3,0.1,0.084
2020-08-16 15:00:00+00:00,2.2284132000007652e-07,2.2284132000007652e-07,-1.390350174047542,-1.3903499512062218,1.573840893195669,1.5738406658065671,True,ok,,0.4,0.18,0.084
2020-08-16 16:00:00+00:00,1.715779265458889e-07,1.715779265458889e-07,-0.8960981458181119,-0.8960979742401853,1.5738406658065671,1.5738404907270502,True,ok,,0.4,0.18,0.084
2020-08-16 17:00:00+00:00,4.789146157487029e-08,4.789146157487029e-08,-0.10940845392784544,-0.10940840603638387,1.5738404907270502,1.573840441858212,True,ok,,0.4,0.18,0.084
2020-08-16 18:00:00+00:00,0.22436394775845833,0.22436394775845833,-1.9432201520119818e-07,0.22436375343644313,1.573840441858212,1.3448976380230504,True,ok,,0.4,0.18,0.084
2020-08-16 19:00:00+00:00,0.18828775745134751,0.18828775745134751,2.983579915072365e-07,0.18828805580933902,1.3448976380230504,1.1527672732767775,True,ok,,0.2,0.07,0.084
2020-08-16 20:00:00+00:00,0.12913097967234768,0.12913097967234768,2.983179933357949e-07,0.12913127799034102,1.1527672732767775,1.0210009674886678,True,ok,,0.2,0.07,0.084
2020-08-16 21:00:00+00:00,0.1789790350037203,0.1789790350037203,2.9827514774760644e-07,0.17897933327886806,1.0210009674886678,0.8383692991175246,True,ok,,0.2,0.07,0.084
2020-08-16 22:00:00+00:00,0.10108028511443747,0.10108028511443747,2.9823012789864656e-07,0.10108058334456536,0.8383692991175246,0.735226151041568,True,ok,,0.2,0.07,0.084
2020-08-16 23:00:00+00:00,0.13958200721199307,0.13958200721199307,2.981822858627581e-07,0.13958230539427893,0.735226151041568,0.5927955314374934,True,ok,,0.2,0.07,0.084
2020-08-17 00:00:00+00:00,0.12492072107158586,0.12492072107158586,1.1232797449134413e-07,0.12492083339956035,0.5927955314374934,0.46532540789505883,True,ok,,0.2,0.07,0.084
2020-08-17 01:00:00+00:00,0.13735779866655376,0.13735779866655376,3.1266994227063805e-07,0.13735811133649603,0.46532540789505883,0.325164388847555,True,ok,,0.2,0.07,0.084
2020-08-17 02:00:00+00:00,0.14499138207707088,0.14499138207707088,3.1259053320797925e-07,0.1449916946676041,0.325164388847555,0.17721399897299286,True,ok,,0.2,0.07,0.084
2020-08-17 03:00:00+00:00,0.15654349318943495,0.15654349318943495,3.125024960470846e-07,0.156543805691931,0.17721399897299286,0.017475740616426594,True,ok,,0.2,0.07,0.084
2020-08-17 04:00:00+00:00,0.01712528350542765,0.01712528350542765,-3.794669002632478e-09,0.017125279710758647,0.017475740616426594,9.615292555220645e-07,True,ok,,0.3,0.1,0.084
2020-08-17 05:00:00+00:00,-0.12492808018521238,-0.12492808018521238,-0.04845833362103043,-0.1733864138062428,9.615292555220645e-07,0.12243048011076366,True,ok,,0.3,0.1,0.084
2020-08-17 06:00:00+00:00,-0.10133298663540725,-0.10133298663540725,-0.06646279106162627,-0.16779577769703352,0.12243048011076366,0.22173680701346277,True,ok,,0.3,0.1,0.084
2020-08-17 07:00:00+00:00,-0.4843585821653891,-0.4843585821653891,-0.46557568670326543,-0.9499342688686545,0.22173680701346277,0.696408217535544,True,ok,,0.3,0.1,0.084
2020-08-17 08:00:00+00:00,-0.2615744310963152,-0.2615744310963152,-0.3582058395812834,-0.6197802706775986,0.696408217535544,0.952751160009933,True,ok,,0.3,0.1,0.084
2020-08-17 09:00:00+00:00,-0.3750191709348227,-0.3750191709348227,-1.5394977519738104,-1.9145169229086332,0.952751160009933,1.320269947526059,True,ok,,0.3,0.1,0.084
2020-08-17 10:00:00+00:00,-0.3248600285499597,-0.3248600285499597,-2.153281232443931,-2.478141260993891,1.320269947526059,1.6386327755050196,True,ok,,0.3,0.1,0.084
2020-08-17 11:00:00+00:00,-0.2778236380239434,-0.2778236380239434,-1.839042571560417,-2.1168662095843604,1.6386327755050196,1.9108999407684841,True,ok,,0.3,0.1,0.084
2020-08-17 12:00:00+00:00,-0.2368350686542276,-0.2368350686542276,-1.2331500138181024,-1.46998508247233,1.9108999407684841,2.142998308049627,True,ok,,0.3,0.1,0.084
2020-08-17 13:00:00+00:00,-0.20739184743855738,-0.20739184743855738,-0.9149504673991617,-1.1223423148377192,2.142998308049627,2.3462423185394132,True,ok,,0.3,0.1,0.084
2020-08-17 14:00:00+00:00,-0.04262995987075688,-0.04262995987075688,-0.05020182975699394,-0.09283178962775082,2.3462423185394132,2.388019679212755,True,ok,,0.3,0.1,0.084
2020-08-17 15:00:00+00:00,0.6258708206909228,0.6258708206909228,-6.512753825127504e-08,0.6258707555633846,2.388019679212755,1.7493759846301806,True,ok,,0.4,0.18,0.084
2020-08-17 16:00:00+00:00,0.05053976207204113,0.05053976207204113,-2.1398254588383958e-07,0.05053954808949525,1.7493759846301806,1.6978047988423834,True,ok,,0.4,0.18,0.084
2020-08-17 17:00:00+00:00,4.934426791126866e-08,4.934426791126866e-08,-0.10655500325684203,-0.10655495391257412,1.6978047988423834,1.6978047484910896,True,ok,,0.4,0.18,0.084
2020-08-17 18:00:00+00:00,0.20270851325141764,0.20270851325141764,-1.9731332290273684e-07,0.20270831593809474,1.6978047484910896,1.4909593268059695,True,ok,,0.4,0.18,0.084
2020-08-17 19:00:00+00:00,0.21454206962975308,0.21454206962975308,2.9146811272862116e-07,0.2145423610978658,1.4909593268059695,1.2720388475919358,True,ok,,0.2,0.07,0.084
2020-08-17 20:00:00+00:00,0.12956968057269688,0.12956968057269688,2.914337829951208e-07,0.12956997200647988,1.2720388475919358,1.1398248878238777,True,ok,,0.2,0.07,0.084
2020-08-17 21:00:00+00:00,0.17032331958509736,0.17032331958509736,2.913962080242083e-07,0.17032361098130538,1.1398248878238777,0.9660255821247987,True,ok,,0.2,0.07,0.084
2020-08-17 22:00:00+00:00,0.10543390300931678,0.10543390300931678,2.913568203505301e-07,0.10543419436613713,0.9660255821247987,0.8584399668091693,True,ok,,0.2,0.07,0.084
2020-08-17 23:00:00+00:00,0.11600687532479409,0.11600687532479409,2.913151696537497e-07,0.11600716663996374,0.8584399668091693,0.7400656042328488,True,ok,,0.2,0.07,0.084
2020-08-18 00:00:00+00:00,0.12886276471825225,0.12886276471825225,2.9127122497252245e-07,0.12886305598947723,0.7400656042328488,0.6085729871734078,True,ok,,0.2,0.07,0.084
2020-08-18 01:00:00+00:00,0.13976926426184516,0.13976926426184516,2.912247279718283e-07,0.13976955548657313,0.6085729871734078,0.4659512889470352,True,ok,,0.2,0.07,0.084
2020-08-18 02:00:00+00:00,0.12298748664590675,0.12298748664590675,2.9117531602507185e-07,0.12298777782122278,0.4659512889470352,0.3404538535940691,True,ok,,0.2,0.07,0.084
2020-08-18 03:00:00+00:00,0.1697470138093732,0.1697470138093732,2.9112290303445754e-07,0.16974730493227624,0.3404538535940691,0.16724261501307602,True,ok,,0.2,0.07,0.084
2020-08-18 04:00:00+00:00,0.16389659010759244,0.16389659010759244,-4.056568470023336e-09,0.16389658605102397,0.16724261501307602,1.1965359408838694e-06,True,ok,,0.3,0.1,0.084
2020-08-18 05:00:00+00:00,-0.12224405249887155,-0.12224405249887155,-0.056656560574042725,-0.17890061307291427,1.1965359408838694e-06,0.119800367984835,True,ok,,0.3,0.1,0.084
2020-08-18 06:00:00+00:00,-0.35991270456019214,-0.35991270456019214,-0.2714755070278269,-0.631388211588019,0.119800367984835,0.4725148184538233,True,ok,,0.3,0.1,0.084
2020-08-18 07:00:00+00:00,-0.3945842479831713,-0.3945842479831713,-0.6174298938795224,-1.0120141418626938,0.4725148184538233,0.8592073814773312,True,ok,,0.3,0.1,0.084
2020-08-18 08:00:00+00:00,-0.3363070422556715,-0.3363070422556715,-0.6988508263762832,-1.0351578686319547,0.8592073814773312,1.1887882828878893,True,ok,,0.3,0.1,0.084
2020-08-18 09:00:00+00:00,-0.2885871430699346,-0.2885871430699346,-0.7102208178518425,-0.9988079609217771,1.1887882828878893,1.4716036830964252,True,ok,,0.3,0.1,0.084
2020-08-18 10:00:00+00:00,-0.35923833861531906,-0.35923833861531906,-1.8379432233314585,-2.1971815619467776,1.4716036830964252,1.8236572549394379,True,ok,,0.3,0.1,0.084
2020-08-18 11:00:00+00:00,-0.4111474482030802,-0.4111474482030802,-3.293986061179537,-3.705133509382617,1.8236572549394379,2.2265817541784565,True,ok,,0.3,0.1,0.084
2020-08-18 12:00:00+00:00,-0.43401422063375494,-0.43401422063375494,-1.3202577180774444,-1.7542719387111994,2.2265817541784565,2.6519156903995365,True,ok,,0.3,0.1,0.084
2020-08-18 13:00:00+00:00,-0.5136508095775149,-0.5136508095775149,-1.6174504789014348,-2.1311012884789498,2.6519156903995365,3.155293483785501,True,ok,,0.3,0.1,0.084
2020-08-18 14:00:00+00:00,-0.6092699799208285,-0.6092699799208285,-1.0626197785739762,-1.6718897584948047,3.155293483785501,3.752378064107913,True,ok,,0.3,0.1,0.084
2020-08-18 15:00:00+00:00,3.2511980761829156e-08,3.2511980761829156e-08,-1.4692184033188325,-1.4692183708068518,3.752378064107913,3.7523780309324226,True,ok,,0.4,0.18,0.084
2020-08-18 16:00:00+00:00,3.251194008723386e-08,3.251194008723386e-08,-0.8425328603241681,-0.8425328278122279,3.7523780309324226,3.7523779977569736,True,ok,,0.4,0.18,0.084
2020-08-18 17:00:00+00:00,0.07058678007059516,0.07058678007059516,-1.127660251426521e-07,0.07058666730457001,3.7523779977569736,3.6803506711543252,True,ok,,0.4,0.18,0.084
2020-08-18 18:00:00+00:00,0.20179005024875937,0.20179005024875937,-1.1276572819962638e-07,0.20178993748303117,3.6803506711543252,3.4744424566147747,True,ok,,0.4,0.18,0.084
2020-08-18 19:00:00+00:00,0.06451975140068224,0.06451975140068224,0.12279463796059358,0.1873143893612758,3.4744424566147747,3.4086059755936704,True,ok,,0.2,0.07,0.084
2020-08-18 20:00:00+00:00,0.03367964689657248,0.03367964689657248,0.08096946417300069,0.11464911106957316,3.4086059755936704,3.374238988964515,True,ok,,0.2,0.07,0.084
2020-08-18 21:00:00+00:00,0.03492964348704447,0.03492964348704447,0.13863671756938908,0.17356636105643355,3.374238988964515,3.3385964956103877,True,ok,,0.2,0.07,0.084
2020-08-18 22:00:00+00:00,0.020278649933222512,0.020278649933222512,0.04166818342564803,0.061946833358870544,3.3385964956103877,3.317903995678528,True,ok,,0.2,0.07,0.084
2020-08-18 23:00:00+00:00,0.023386613813258787,0.023386613813258787,0.10686260832228509,0.13024922213554388,3.317903995678528,3.2940401040323453,True,ok,,0.2,0.07,0.084
2020-08-19 00:00:00+00:00,0.020999406556051207,0.020999406556051207,0.0911060933314153,0.1121054998874665,3.2940401040323453,3.2726121381588236,True,ok,,0.2,0.07,0.084
2020-08-19 01:00:00+00:00,0.017264068726970342,0.017264068726970342,0.08319026453600284,0.10045433326297318,3.2726121381588236,3.2549957414986497,True,ok,,0.2,0.07,0.084
2020-08-19 02:00:00+00:00,0.016715892573248965,0.016715892573248965,0.16614563517697814,0.1828615277502271,3.2549957414986497,3.2379387082606406,True,ok,,0.2,0.07,0.084
2020-08-19 03:00:00+00:00,0.0153228085509087,0.0153228085509087,0.22960813633688862,0.24493094488779732,3.2379387082606406,3.222303189331142,True,ok,,0.2,0.07,0.084
2020-08-19 04:00:00+00:00,0.7225448878340354,0.7225448878340354,9.126033262418787e-14,0.7225448878341266,3.222303189331142,2.4850124874596773,True,ok,,0.3,0.1,0.084
2020-08-19 05:00:00+00:00,0.11057850031314446,0.11057850031314446,8.459899447643693e-14,0.11057850031322906,2.4850124874596773,2.3721772830585093,True,ok,,0.3,0.1,0.084
2020-08-19 06:00:00+00:00,0.08270836118319239,0.08270836118319239,8.01581023779363e-14,0.08270836118327254,2.3721772830585093,2.2877809961368842,True,ok,,0.3,0.1,0.084
2020-08-19 07:00:00+00:00,0.1567323060246763,0.1567323060246763,8.712475185745916e-14,0.15673230602476343,2.2877809961368842,2.1278500716219084,True,ok,,0.3,0.1,0.084
2020-08-19 08:00:00+00:00,0.05808308344409882,0.05808308344409882,7.26710358556204e-14,0.05808308344417149,2.1278500716219084,2.06858161912793,True,ok,,0.3,0.1,0.084
2020-08-19 09:00:00+00:00,0.15055219476479328,0.15055219476479328,8.593126210598712e-14,0.15055219476487922,2.06858161912793,1.9149569305924266,True,ok,,0.3,0.1,0.084
2020-08-19 10:00:00+00:00,0.19436650030604202,0.19436650030604202,8.740230761361545e-14,0.19436650030612942,1.9149569305924266,1.7166237670148328,True,ok,,0.3,0.1,0.084
2020-08-19 11:00:00+00:00,0.2921446931944053,0.2921446931944053,8.942846463355636e-14,0.2921446931944947,1.7166237670148328,1.4185169372246234,True,ok,,0.3,0.1,0.084
2020-08-19 12:00:00+00:00,0.15654222230902862,0.15654222230902862,8.421041641781812e-14,0.15654222230911283,1.4185169372246234,1.2587799756847982,True,ok,,0.3,0.1,0.084
2020-08-19 13:00:00+00:00,0.17262330603591156,0.17262330603591156,8.396061623727746e-14,0.17262330603599552,1.2587799756847982,1.082633745035909,True,ok,,0.3,0.1,0.084
2020-08-19 14:00:00+00:00,0.205351805649779,0.205351805649779,8.423817199343375e-14,0.20535180564986324,1.082633745035909,0.8730910862096039,True,ok,,0.3,0.1,0.084
2020-08-19 15:00:00+00:00,0.1389270852254007,0.1389270852254007,-1.1276465403109448e-07,0.13892697246074667,0.8730910862096039,0.7313287543469501,True,ok,,0.4,0.18,0.084
2020-08-19 16:00:00+00:00,0.08944069615540112,0.08944069615540112,-1.1276474125299085e-07,0.08944058339065987,0.7313287543469501,0.6400627378618469,True,ok,,0.4,0.18,0.084
2020-08-19 17:00:00+00:00,0.20770755689470724,0.20770755689470724,-1.1276465747278586e-07,0.20770744413004977,0.6400627378618469,0.42811625123459457,True,ok,,0.4,0.18,0.084
2020-08-19 18:00:00+00:00,0.17180808500516007,0.17180808500516007,-1.1276471212351424e-07,0.17180797224044794,0.42811625123459457,0.2528018787803496,True,ok,,0.4,0.18,0.084
2020-08-19 19:00:00+00:00,0.015105342159824809,0.015105342159824809,0.20952693539511086,0.22463227755493567,0.2528018787803496,0.23738826433154878,True,ok,,0.2,0.07,0.084
2020-08-19 20:00:00+00:00,0.014726362851686069,0.014726362851686069,0.09465302595222,0.10937938880390606,0.23738826433154878,0.22236136346248137,True,ok,,0.2,0.07,0.084
2020-08-19 21:00:00+00:00,0.01511863453539982,0.01511863453539982,0.07519767108341602,0.09031630561881583,0.22236136346248137,0.2069341853651346,True,ok,,0.2,0.07,0.084
2020-08-19 22:00:00+00:00,0.018005964536846976,0.018005964536846976,0.13162667424607827,0.14963263878292524,0.2069341853651346,0.18856075216427035,True,ok,,0.2,0.07,0.084
2020-08-19 23:00:00+00:00,0.01558179513028561,0.01558179513028561,0.04650489925598481,0.06208669438627042,0.18856075216427035,0.17266096121499933,True,ok,,0.2,0.07,0.084
2020-08-20 00:00:00+00:00,0.022050564719428956,0.022050564719428956,0.11690101870312589,0.13895158342255484,0.17266096121499933,0.15016038497068407,True,ok,,0.2,0.07,0.084
2020-08-20 01:00:00+00:00,0.0249457967654803,0.0249457967654803,0.10014375896427972,0.12508955572976002,0.15016038497068407,0.12470549031203071,True,ok,,0.2,0.07,0.084
2020-08-20 02:00:00+00:00,0.028776261720791275,0.028776261720791275,0.0785791829250903,0.10735544464588156,0.12470549031203071,0.09534195794387634,True,ok,,0.2,0.07,0.084
2020-08-20 03:00:00+00:00,0.0567700175192225,0.0567700175192225,0.1609649547378619,0.2177349722570844,0.09534195794387634,0.037413368638547266,True,ok,,0.2,0.07,0.084
2020-08-20 04:00:00+00:00,0.03666486296965276,0.03666486296965276,-1.5629934846383975e-11,0.036664862954022825,0.037413368638547266,2.431593097568241e-07,True,ok,,0.3,0.1,0.084
2020-08-20 05:00:00+00:00,-0.05559333700908722,-0.05559333700908722,-0.025004905625835912,-0.08059824263492313,2.431593097568241e-07,0.05448171342821523,True,ok,,0.3,0.1,0.084
2020-08-20 06:00:00+00:00,-0.37962398883735965,-0.37962398883735965,-0.17214788654694174,-0.5517718753843014,0.05448171342821523,0.42651322248882767,True,ok,,0.3,0.1,0.084
2020-08-20 07:00:00+00:00,-0.8094099028823554,-0.8094099028823554,-0.4542074274928556,-1.263617330375211,0.42651322248882767,1.2197349273135358,True,ok,,0.3,0.1,0.084
2020-08-20 08:00:00+00:00,-1.2923880257131413,-1.2923880257131413,-0.6990095833186529,-1.9913976090317942,1.2197349273135358,2.486275192512414,True,ok,,0.3,0.1,0.084
2020-08-20 09:00:00+00:00,-1.5551432785974466,-1.5551432785974466,-1.3880963794821213,-2.943239658079568,2.486275192512414,4.010315605537912,True,ok,,0.3,0.1,0.084
2020-08-20 10:00:00+00:00,-2.060361738375497,-2.060361738375497,-2.4726997599054625,-4.53306149828096,4.010315605537912,6.029470109145899,True,ok,,0.3,0.1,0.084
2020-08-20 11:00:00+00:00,-0.7055391580155742,-0.7055391580155742,-0.8021199112779128,-1.507659069293487,6.029470109145899,6.720898484001162,True,ok,,0.3,0.1,0.084
2020-08-20 12:00:00+00:00,-1.1811554468990284,-1.1811554468990284,-1.3626725396276433,-2.5438279865266717,6.720898484001162,7.87843082196221,True,ok,,0.3,0.1,0.084
2020-08-20 13:00:00+00:00,-0.8587258107616712,-0.8587258107616712,-0.9514505536609036,-1.8101763644225748,7.87843082196221,8.719982116508648,True,ok,,0.3,0.1,0.084
2020-08-20 14:00:00+00:00,5.000000027252616,5.000000027252616,0.01596432065105091,5.015964347903667,8.719982116508648,3.617941272373325,True,ok,,0.3,0.1,0.084
2020-08-20 15:00:00+00:00,1.2271107503194014,1.2271107503194014,-2.428043843760719e-07,1.227110507515017,3.617941272373325,2.365787445516793,True,ok,,0.4,0.18,0.084
2020-08-20 16:00:00+00:00,2.2340433473123396e-07,2.2340433473123396e-07,-0.7438443297243723,-0.7438441063200376,2.365787445516793,2.365787217553186,True,ok,,0.4,0.18,0.084
2020-08-20 17:00:00+00:00,2.2340465285551962e-07,2.2340465285551962e-07,-0.18054853836380627,-0.1805483149591534,2.365787217553186,2.365786989589255,True,ok,,0.4,0.18,0.084
2020-08-20 18:00:00+00:00,0.12971764328373903,0.12971764328373903,-2.4280268670628935e-07,0.12971740048105232,2.365786989589255,2.2334220474629904,True,ok,,0.4,0.18,0.084
2020-08-20 19:00:00+00:00,0.12695888564124688,0.12695888564124688,2.2567575211351887e-07,0.126959111316999,2.2334220474629904,2.1038721641555957,True,ok,,0.2,0.07,0.084
2020-08-20 20:00:00+00:00,0.17959813557254045,0.17959813557254045,2.256758998286923e-07,0.17959836124844028,2.1038721641555957,1.9206087605101463,True,ok,,0.2,0.07,0.084
2020-08-20 21:00:00+00:00,0.09306927434956375,0.09306927434956375,2.256755495949614e-07,0.09306950002511334,1.9206087605101463,1.8256401132146731,True,ok,,0.2,0.07,0.084
2020-08-20 22:00:00+00:00,0.08811724648304141,0.08811724648304141,2.256754966512009e-07,0.08811747215853806,1.8256401132146731,1.7357245555789165,True,ok,,0.2,0.07,0.084
2020-08-20 23:00:00+00:00,0.1583189962340414,0.1583189962340414,2.25675799325753e-07,0.1583192219098407,1.7357245555789165,1.5741745594217313,True,ok,,0.2,0.07,0.084
2020-08-21 00:00:00+00:00,0.07455180207734179,0.07455180207734179,2.256753227347641e-07,0.07455202775266452,1.5741745594217313,1.4981012919958723,True,ok,,0.2,0.07,0.084
2020-08-21 01:00:00+00:00,0.18030689014336249,0.18030689014336249,8.187021691141716e-08,0.1803069720135794,1.4981012919958723,1.3141146694006045,True,ok,,0.2,0.07,0.084
2020-08-21 02:00:00+00:00,0.11614149654793052,0.11614149654793052,2.2567556340336026e-07,0.11614172222349392,1.3141146694006045,1.1956029382292468,True,ok,,0.2,0.07,0.084
2020-08-21 03:00:00+00:00,0.16102882986142086,0.16102882986142086,2.2567569715747915e-07,0.16102905553711802,1.1956029382292468,1.031287805717593,True,ok,,0.2,0.07,0.084
2020-08-21 04:00:00+00:00,0.1334923536747919,0.1334923536747919,-5.146335302352867e-09,0.1334923485284566,1.031287805717593,0.8950711182943358,True,ok,,0.3,0.1,0.084
2020-08-21 05:00:00+00:00,-0.08728683796599865,-0.08728683796599865,-0.02504717924051876,-0.11233401720651741,0.8950711182943358,0.9806122195010145,True,ok,,0.3,0.1,0.084
2020-08-21 06:00:00+00:00,0.5466033231940355,0.5466033231940355,-5.1463294736819876e-09,0.546603318047706,0.9806122195010145,0.42285372644587627,True,ok,,0.3,0.1,0.084
2020-08-21 07:00:00+00:00,0.37455002250448394,0.37455002250448394,-5.146333803551784e-09,0.37455001735815013,0.42285372644587627,0.04065982593109674,True,ok,,0.3,0.1,0.084
2020-08-21 08:00:00+00:00,-0.8694157752487256,-0.8694157752487256,-0.6198924095832664,-1.489308184831992,0.04065982593109674,0.8926872856748478,True,ok,,0.3,0.1,0.084
2020-08-21 09:00:00+00:00,-0.4023093499256907,-0.4023093499256907,-0.5068376106277563,-0.909146960553447,0.8926872856748478,1.2869504486020247,True,ok,,0.3,0.1,0.084
2020-08-21 10:00:00+00:00,-0.4064468965067259,-0.4064468965067259,-0.7629564012828918,-1.1694032977896176,1.2869504486020247,1.685268407178616,True,ok,,0.3,0.1,0.084
2020-08-21 11:00:00+00:00,-0.3395942623000815,-0.3395942623000815,-0.7373200269748102,-1.0769142892748917,1.685268407178616,2.018070784232696,True,ok,,0.3,0.1,0.084
2020-08-21 12:00:00+00:00,-0.4230123076390028,-0.4230123076390028,-2.730763820662307,-3.1537761283013097,2.018070784232696,2.4326228457189187,True,ok,,0.3,0.1,0.084
2020-08-21 13:00:00+00:00,-0.3633027436464917,-0.3633027436464917,-2.389275668161285,-2.7525784118077765,2.4326228457189187,2.7886595344924805,True,ok,,0.3,0.1,0.084
2020-08-21 14:00:00+00:00,-0.28897185069665343,-0.28897185069665343,-0.8965921192591197,-1.1855639699557732,2.7886595344924805,3.0718519481752007,True,ok,,0.3,0.1,0.084
2020-08-21 15:00:00+00:00,2.809564522869473e-07,2.809564522869473e-07,-0.8336851785467753,-0.8336848975903229,3.0718519481752007,3.0718516614849434,True,ok,,0.4,0.18,0.084
2020-08-21 16:00:00+00:00,0.0,0.0,-0.17190006825302737,-0.17190006825302737,3.0718516614849434,3.0718516614849434,False,error1,fallback_decision,0.4,0.18,0.084
2020-08-21 17:00:00+00:00,0.8738905773003527,0.8738905773003527,-2.345850269591665e-07,0.8738903427153257,3.0718516614849434,2.1801265826070324,True,ok,,0.4,0.18,0.084
2020-08-21 18:00:00+00:00,0.21008786280881422,0.21008786280881422,-6.244031877655765e-08,0.21008780036849545,2.1801265826070324,1.9657512123939567,True,ok,,0.4,0.18,0.084
2020-08-21 19:00:00+00:00,0.1315785087121887,0.1315785087121887,1.3050635344624695e-07,0.13157863921854215,1.9657512123939567,1.831487427993764,True,ok,,0.2,0.07,0.084
2020-08-21 20:00:00+00:00,0.12496869449214593,0.12496869449214593,2.776715845448363e-07,0.12496897216373047,1.831487427993764,1.7039683519813702,True,ok,,0.2,0.07,0.084
2020-08-21 21:00:00+00:00,0.14652550039138842,0.14652550039138842,2.776452590613765e-07,0.14652577803664749,1.7039683519813702,1.5544525352554637,True,ok,,0.2,0.07,0.084
2020-08-21 22:00:00+00:00,0.09692308371590841,0.09692308371590841,2.7761730307662713e-07,0.09692336133321149,1.5544525352554637,1.4555514294229042,True,ok,,0.2,0.07,0.084
2020-08-21 23:00:00+00:00,0.17921591663267417,0.17921591663267417,2.7758903412000713e-07,0.17921619422170829,1.4555514294229042,1.2726780451038489,True,ok,,0.2,0.07,0.084
2020-08-22 00:00:00+00:00,0.10932727780295283,0.10932727780295283,2.775594305642892e-07,0.1093275553623834,1.2726780451038489,1.161119598366142,True,ok,,0.2,0.07,0.084
2020-08-22 01:00:00+00:00,0.1369738338801311,0.1369738338801311,2.775285265488314e-07,0.13697411140865765,1.161119598366142,1.0213503801211101,True,ok,,0.2,0.07,0.084
2020-08-22 02:00:00+00:00,0.4702203064321931,0.4702203064321931,2.774967629570746e-07,0.47022058392895605,1.0213503801211101,0.5415337409045866,True,ok,,0.2,0.07,0.084
2020-08-22 03:00:00+00:00,0.4287049734649624,0.4287049734649624,2.774737714039688e-07,0.4287052509387338,0.5415337409045866,0.10407968634850251,True,ok,,0.2,0.07,0.084
2020-08-22 04:00:00+00:00,0.10199667371205728,0.10199667371205728,-4.243670886916462e-09,0.1019966694683864,0.10407968634850251,1.4478668114020765e-06,True,ok,,0.3,0.1,0.084
2020-08-22 05:00:00+00:00,-0.10214919351114696,-0.10214919351114696,-0.05807755295911446,-0.16022674647026142,1.4478668114020765e-06,0.10010765750773541,True,ok,,0.3,0.1,0.084
2020-08-22 06:00:00+00:00,-0.2457384308220846,-0.2457384308220846,-0.7328994053756991,-0.9786378361977837,0.10010765750773541,0.3409313197133783,True,ok,,0.3,0.1,0.084
2020-08-22 07:00:00+00:00,-0.17160106073346199,-0.17160106073346199,-1.6554038924899819,-1.8270049532234438,0.3409313197133783,0.509100359232171,True,ok,,0.3,0.1,0.084
2020-08-22 08:00:00+00:00,-0.13655058400982287,-0.13655058400982287,-2.584479693851666,-2.7210302778614888,0.509100359232171,0.6429199315617974,True,ok,,0.3,0.1,0.084
2020-08-22 09:00:00+00:00,-0.11594868753765189,-0.11594868753765189,-3.108619560561368,-3.22456824809902,0.6429199315617974,0.7565496453486962,True,ok,,0.3,0.1,0.084
2020-08-22 10:00:00+00:00,-0.1032288081524102,-0.1032288081524102,-4.633663566312608,-4.736892374465018,0.7565496453486962,0.8577138773380582,True,ok,,0.3,0.1,0.084
2020-08-22 11:00:00+00:00,-0.09367028767986695,-0.09367028767986695,-4.660734384815201,-4.754404672495068,0.8577138773380582,0.9495107592643277,True,ok,,0.3,0.1,0.084
2020-08-22 12:00:00+00:00,-0.08592572939828567,-0.08592572939828567,-5.0617616513974495,-5.147687380795735,0.9495107592643277,1.0337179740746476,True,ok,,0.3,0.1,0.084
2020-08-22 13:00:00+00:00,-0.08004764376190869,-0.08004764376190869,-4.629525437887034,-4.709573081648943,1.0337179740746476,1.1121646649613182,True,ok,,0.3,0.1,0.084
2020-08-22 14:00:00+00:00,-0.07478772883561702,-0.07478772883561702,-3.4600399558122104,-3.5348276846478273,1.1121646649613182,1.1854566392202228,True,ok,,0.3,0.1,0.084
2020-08-22 15:00:00+00:00,2.2321336794084638e-07,2.2321336794084638e-07,-2.553703059672352,-2.553702836458984,1.1854566392202228,1.18545641145148,True,ok,,0.4,0.18,0.084
2020-08-22 16:00:00+00:00,1.8741761533914614e-07,1.8741761533914614e-07,-1.0195113081115093,-1.0195111206938938,1.18545641145148,1.1854562202090155,True,ok,,0.4,0.18,0.084
2020-08-22 17:00:00+00:00,1.862331903279141e-07,1.862331903279141e-07,-0.1442805779035598,-0.14428039167036946,1.1854562202090155,1.1854560301751478,True,ok,,0.4,0.18,0.084
2020-08-22 18:00:00+00:00,0.12130894440517657,0.12130894440517657,-2.0497219872794847e-07,0.12130873943297785,1.1854560301751478,1.0616713930270083,True,ok,,0.4,0.18,0.084
2020-08-22 19:00:00+00:00,0.0688874155481111,0.0688874155481111,3.067083374636015e-07,0.06888772225644857,1.0616713930270083,0.9913781118554663,True,ok,,0.2,0.07,0.084
2020-08-22 20:00:00+00:00,0.13765344324891887,0.13765344324891887,3.066647206451112e-07,0.13765374991363952,0.9913781118554663,0.8509154146626919,True,ok,,0.2,0.07,0.084
2020-08-22 21:00:00+00:00,0.10163288779126216,0.10163288779126216,3.066155652153846e-07,0.10163319440682737,0.8509154146626919,0.7472083863042611,True,ok,,0.2,0.07,0.084
2020-08-22 22:00:00+00:00,0.09655080451197709,0.09655080451197709,3.065636361848645e-07,0.09655111107561327,0.7472083863042611,0.6486871572104069,True,ok,,0.2,0.07,0.084
2020-08-22 23:00:00+00:00,0.12099324894214857,0.12099324894214857,3.0650829105360877e-07,0.12099355545043962,0.6486871572104069,0.5252246582898472,True,ok,,0.2,0.07,0.084
2020-08-23 00:00:00+00:00,0.1098877769090772,0.1098877769090772,3.0644820385450355e-07,0.10988808335728105,0.5252246582898472,0.413094273688748,True,ok,,0.2,0.07,0.084
2020-08-23 01:00:00+00:00,0.12459599919070596,0.12459599919070596,3.0638360515311547e-07,0.12459630557431112,0.413094273688748,0.28595549900435413,True,ok,,0.2,0.07,0.084
2020-08-23 02:00:00+00:00,0.13743302733008605,0.13743302733008605,3.063131915337358e-07,0.1374333336432776,0.28595549900435413,0.1457177160144704,True,ok,,0.2,0.07,0.084
2020-08-23 03:00:00+00:00,0.11135158268585658,0.11135158268585658,3.062356691285739e-07,0.11135188892152571,0.1457177160144704,0.03209365204931061,True,ok,,0.2,0.07,0.084
2020-08-23 04:00:00+00:00,0.03145078187797578,0.03145078187797578,-3.8678194397290255e-09,0.03145077801015634,0.03209365204931061,1.0174799475737295e-06,True,ok,,0.3,0.1,0.084
2020-08-23 05:00:00+00:00,-0.1396633044724076,-0.1396633044724076,-0.08304330537503754,-0.22270660984744514,1.0174799475737295e-06,0.13687105586290702,True,ok,,0.3,0.1,0.084
2020-08-23 06:00:00+00:00,-0.22580661280314845,-0.22580661280314845,-0.5075569065124617,-0.7333635193156101,0.13687105586290702,0.3581615364099925,True,ok,,0.3,0.1,0.084
2020-08-23 07:00:00+00:00,-0.18419801145135434,-0.18419801145135434,-1.8386707258918165,-2.022868737343171,0.3581615364099925,0.5386755876323197,True,ok,,0.3,0.1,0.084
2020-08-23 08:00:00+00:00,-0.14721499753069353,-0.14721499753069353,-3.3356482841631667,-3.4828632816938603,0.5386755876323197,0.6829462852123993,True,ok,,0.3,0.1,0.084
2020-08-23 09:00:00+00:00,-0.12551359203991555,-0.12551359203991555,-5.033170035370403,-5.158683627410318,0.6829462852123993,0.8059496054115165,True,ok,,0.3,0.1,0.084
2020-08-23 10:00:00+00:00,-0.1100122302411721,-0.1100122302411721,-4.088597784224131,-4.198610014465303,0.8059496054115165,0.9137615910478651,True,ok,,0.3,0.1,0.084
2020-08-23 11:00:00+00:00,-0.0983033450540142,-0.0983033450540142,-2.637141452763578,-2.735444797817592,0.9137615910478651,1.010098869200799,True,ok,,0.3,0.1,0.084
2020-08-23 12:00:00+00:00,-0.09081500236546246,-0.09081500236546246,-2.81316804083685,-2.9039830432023126,1.010098869200799,1.0990975715189522,True,ok,,0.3,0.1,0.084
2020-08-23 13:00:00+00:00,-0.08505219596226524,-0.08505219596226524,-3.2174532557993603,-3.3025054517616255,1.0990975715189522,1.182448723561972,True,ok,,0.3,0.1,0.084
2020-08-23 14:00:00+00:00,-0.07659107328317896,-0.07659107328317896,-1.1535562510928175,-1.2301473243759964,1.182448723561972,1.2575079753794873,True,ok,,0.3,0.1,0.084
2020-08-23 15:00:00+00:00,2.2321507182886684e-07,2.2321507182886684e-07,-1.4486107451572432,-1.4486105219421714,1.2575079753794873,1.257507747609006,True,ok,,0.4,0.18,0.084
2020-08-23 16:00:00+00:00,1.87330311722558e-07,1.87330311722558e-07,-0.48045185127367174,-0.48045166394336003,1.257507747609006,1.2575075564556266,True,ok,,0.4,0.18,0.084
2020-08-23 17:00:00+00:00,1.8621601671274936e-07,1.8621601671274936e-07,-0.19129103789544957,-0.19129085167943286,1.2575075564556266,1.257507366439283,True,ok,,0.4,0.18,0.084
2020-08-23 18:00:00+00:00,0.11786994249504519,0.11786994249504519,-2.0495414611299e-07,0.11786973754089908,1.257507366439283,1.1372319149137267,True,ok,,0.4,0.18,0.084
2020-08-23 19:00:00+00:00,0.13172647099759155,0.13172647099759155,3.067308070314745e-07,0.13172677772839858,1.1372319149137267,1.0028171485896538,True,ok,,0.2,0.07,0.084
2020-08-23 20:00:00+00:00,0.055642832193666954,0.055642832193666954,3.0668653289156467e-07,0.055643138880199845,1.0028171485896538,0.9460387483920344,True,ok,,0.2,0.07,0.084
2020-08-23 21:00:00+00:00,0.15922844377894468,0.15922844377894468,3.066406720764192e-07,0.15922875041961676,0.9460387483920344,0.7835607445359684,True,ok,,0.2,0.07,0.084
2020-08-23 22:00:00+00:00,0.09238733233271716,0.09238733233271716,3.0658849074771677e-07,0.09238763892120791,0.7835607445359684,0.689287956441359,True,ok,,0.2,0.07,0.084
2020-08-23 23:00:00+00:00,0.08155872121307027,0.08155872121307027,3.0653291833993013e-07,0.08155902774598861,0.689287956441359,0.6060647715300628,True,ok,,0.2,0.07,0.084
2020-08-24 00:00:00+00:00,0.1519767092487277,0.1519767092487277,1.240709362748671e-07,0.15197683331966397,0.6060647715300628,0.4509864967864631,True,ok,,0.2,0.07,0.084
2020-08-24 01:00:00+00:00,0.11295703774213567,0.11295703774213567,3.2333877561518953e-07,0.11295736108091128,0.4509864967864631,0.3357242133761206,True,ok,,0.2,0.07,0.084
2020-08-24 02:00:00+00:00,0.13096128779940153,0.13096128779940153,3.232436809053052e-07,0.13096161104308243,0.3357242133761206,0.20209024623387412,True,ok,,0.2,0.07,0.084
2020-08-24 03:00:00+00:00,0.12207820456137894,0.12207820456137894,3.2313554855500914e-07,0.1220785276969275,0.20209024623387412,0.07752064974267112,True,ok,,0.2,0.07,0.084
2020-08-24 04:00:00+00:00,0.0759693713209474,0.0759693713209474,-3.6765167854557745e-09,0.07596936764443062,0.07752064974267112,8.830886431554497e-07,True,ok,,0.3,0.1,0.084
2020-08-24 05:00:00+00:00,-0.03316844321850978,-0.03316844321850978,-0.016176930469745797,-0.049345373688255575,8.830886431554497e-07,0.032505957442782736,True,ok,,0.3,0.1,0.084
2020-08-24 06:00:00+00:00,-0.19060975612934503,-0.19060975612934503,-0.16105703791468554,-0.35166679404403056,0.032505957442782736,0.21930351844954085,True,ok,,0.3,0.1,0.084
2020-08-24 07:00:00+00:00,-0.23084546224172672,-0.23084546224172672,-1.095726161273808,-1.3265716235155347,0.21930351844954085,0.44553207144643303,True,ok,,0.3,0.1,0.084
2020-08-24 08:00:00+00:00,-0.1696650087974882,-0.1696650087974882,-1.7802973014628862,-1.9499623102603745,0.44553207144643303,0.6118037800679714,True,ok,,0.3,0.1,0.084
2020-08-24 09:00:00+00:00,-0.14015756011723865,-0.14015756011723865,-2.5627433345639177,-2.7029008946811564,0.6118037800679714,0.7491581889828653,True,ok,,0.3,0.1,0.084
2020-08-24 10:00:00+00:00,-0.118439112758371,-0.118439112758371,-1.8244377741941462,-1.9428768869525173,0.7491581889828653,0.8652285194860689,True,ok,,0.3,0.1,0.084
2020-08-24 11:00:00+00:00,-0.10714580503875,-0.10714580503875,-2.887543308234542,-2.994689113273292,0.8652285194860689,0.970231408424044,True,ok,,0.3,0.1,0.084
2020-08-24 12:00:00+00:00,-0.09897471530064146,-0.09897471530064146,-2.8694860584493678,-2.9684607737500093,0.970231408424044,1.0672266294186725,True,ok,,0.3,0.1,0.084
2020-08-24 13:00:00+00:00,-0.07732659245802331,-0.07732659245802331,-0.4361228127256225,-0.5134494051836458,1.0672266294186725,1.1430066900275353,True,ok,,0.3,0.1,0.084
2020-08-24 14:00:00+00:00,-0.08092930499766704,-0.08092930499766704,-0.9852098873046239,-1.066139192302291,1.1430066900275353,1.222317408925249,True,ok,,0.3,0.1,0.084
2020-08-24 15:00:00+00:00,2.231412850624747e-07,2.231412850624747e-07,-0.7062881254300692,-0.7062879022887841,1.222317408925249,1.2223171812300602,True,ok,,0.4,0.18,0.084
2020-08-24 16:00:00+00:00,1.8737802908403684e-07,1.8737802908403684e-07,-0.5340135129709618,-0.5340133255929327,1.2223171812300602,1.2223169900279898,True,ok,,0.4,0.18,0.084
2020-08-24 17:00:00+00:00,1.8624268282843588e-07,1.8624268282843588e-07,-0.10600509515379583,-0.106004908911113,1.2223169900279898,1.2223167999844358,True,ok,,0.4,0.18,0.084
2020-08-24 18:00:00+00:00,0.05976406668033111,0.05976406668033111,-1.912619094907031e-07,0.05976387541842162,1.2223167999844358,1.161333058473894,True,ok,,0.4,0.18,0.084
2020-08-24 19:00:00+00:00,0.17231440163824208,0.17231440163824208,2.096721870847862e-07,0.17231461131042916,1.161333058473894,0.985502036394055,True,ok,,0.2,0.07,0.084
2020-08-24 20:00:00+00:00,0.10565143877602799,0.10565143877602799,3.116084088122806e-07,0.1056517503844368,0.985502036394055,0.8776944458062713,True,ok,,0.2,0.07,0.084
2020-08-24 21:00:00+00:00,0.06867257740387003,0.06867257740387003,3.1155590865528104e-07,0.06867288895977869,0.8776944458062713,0.8076203872308937,True,ok,,0.2,0.07,0.084
2020-08-24 22:00:00+00:00,0.16019382766599602,0.16019382766599602,3.1150200135998674e-07,0.16019413916799738,0.8076203872308937,0.6441572977757957,True,ok,,0.2,0.07,0.084
2020-08-24 23:00:00+00:00,0.07088704985443942,0.07088704985443942,3.1144157858209454e-07,0.070887361296018,0.6441572977757957,0.5718235734345309,True,ok,,0.2,0.07,0.084
2020-08-25 00:00:00+00:00,0.11776646629859243,0.11776646629859243,3.1137841385864284e-07,0.11776677767700629,0.5718235734345309,0.4516537098645387,True,ok,,0.2,0.07,0.084
2020-08-25 01:00:00+00:00,0.16274075010571576,0.16274075010571576,1.1105848332637613e-07,0.16274086116419909,0.4516537098645387,0.28559171996074706,True,ok,,0.2,0.07,0.084
2020-08-25 02:00:00+00:00,0.09931958213469437,0.09931958213469437,3.345692715789328e-07,0.09931991670396595,0.28559171996074706,0.18424520757840585,True,ok,,0.2,0.07,0.084
2020-08-25 03:00:00+00:00,0.13012455449702626,0.13012455449702626,3.344396523607962e-07,0.13012488893667862,0.18424520757840585,0.05146504992837905,True,ok,,0.2,0.07,0.084
2020-08-25 04:00:00+00:00,0.050434948803505346,0.050434948803505346,-3.5588806207575985e-09,0.050434945244624725,0.05146504992837905,8.164554144152181e-07,True,ok,,0.3,0.1,0.084
2020-08-25 05:00:00+00:00,-0.16690140034410725,-0.16690140034410725,-0.10974056043928118,-0.27664196078338843,8.164554144152181e-07,0.1635641887926395,True,ok,,0.3,0.1,0.084
2020-08-25 06:00:00+00:00,-0.2594614028408863,-0.2594614028408863,-1.0937968902717807,-1.353258293112667,0.1635641887926395,0.4178363635767081,True,ok,,0.3,0.1,0.084
2020-08-25 07:00:00+00:00,-0.19070873887458917,-0.19070873887458917,-2.59440221825201,-2.7851109571265993,0.4178363635767081,0.6047309276738055,True,ok,,0.3,0.1,0.084
2020-08-25 08:00:00+00:00,-0.1482674227918524,-0.1482674227918524,-3.05118602372428,-3.199453446516132,0.6047309276738055,0.7500330020098209,True,ok,,0.3,0.1,0.084
2020-08-25 09:00:00+00:00,-0.1266761923135191,-0.1266761923135191,-3.8664465978556484,-3.9931227901691675,0.7500330020098209,0.8741756704770697,True,ok,,0.3,0.1,0.084
2020-08-25 10:00:00+00:00,-0.11050230888913559,-0.11050230888913559,-2.3048615810226694,-2.415363889911805,0.8741756704770697,0.9824679331884225,True,ok,,0.3,0.1,0.084
2020-08-25 11:00:00+00:00,-0.09950718285725865,-0.09950718285725865,-1.8042444830418645,-1.9037516658991231,0.9824679331884225,1.079984972388536,True,ok,,0.3,0.1,0.084
2020-08-25 12:00:00+00:00,-0.0894200822675508,-0.0894200822675508,-1.1399255248898608,-1.2293456071574116,1.079984972388536,1.1676166530107357,True,ok,,0.3,0.1,0.084
2020-08-25 13:00:00+00:00,-0.08259805235377259,-0.08259805235377259,-0.9511707495008068,-1.0337688018545794,1.1676166530107357,1.2485627443174327,True,ok,,0.3,0.1,0.084
2020-08-25 14:00:00+00:00,-0.07210597359840938,-0.07210597359840938,-0.483150755964942,-0.5552567295633514,1.2485627443174327,1.319226598443874,True,ok,,0.3,0.1,0.084
2020-08-25 15:00:00+00:00,2.227640971999061e-07,2.227640971999061e-07,-0.3357441949649146,-0.33574397220081736,1.319226598443874,1.3192263711335708,True,ok,,0.4,0.18,0.084
2020-08-25 16:00:00+00:00,1.8718043316367966e-07,1.8718043316367966e-07,-0.19360071696314127,-0.19360052978270811,1.3192263711335708,1.3192261801331289,True,ok,,0.4,0.18,0.084
2020-08-25 17:00:00+00:00,0.05533132430477686,0.05533132430477686,-5.534319204303362e-08,0.055331268961584815,1.3192261801331289,1.2627656451282545,True,ok,,0.4,0.18,0.084
2020-08-25 18:00:00+00:00,0.06895173165249388,0.06895173165249388,-2.1045709680533875e-07,0.06895152119539708,1.2627656451282545,1.192406735278771,True,ok,,0.4,0.18,0.084
2020-08-25 19:00:00+00:00,0.08335131171173422,0.08335131171173422,2.9930379738529744e-07,0.08335161101553161,1.192406735278771,1.1073543763892464,True,ok,,0.2,0.07,0.084
2020-08-25 20:00:00+00:00,0.16555683964799905,0.16555683964799905,2.9926388395162817e-07,0.165557138911883,1.1073543763892464,0.9384188257280228,True,ok,,0.2,0.07,0.084
2020-08-25 21:00:00+00:00,0.05673486748329721,0.05673486748329721,2.992200329940409e-07,0.0567351667033302,0.9384188257280228,0.8805261038062909,True,ok,,0.2,0.07,0.084
2020-08-25 22:00:00+00:00,0.12539706201997167,0.12539706201997167,2.9917644023269574e-07,0.1253973611964119,0.8805261038062909,0.752569918071626,True,ok,,0.2,0.07,0.084
2020-08-25 23:00:00+00:00,0.12387339525804886,0.12387339525804886,2.9912737366244446e-07,0.12387369438542252,0.752569918071626,0.6261684943389231,True,ok,,0.2,0.07,0.084
2020-08-26 00:00:00+00:00,0.05644817306533681,0.05644817306533681,2.9907423365616026e-07,0.056448472139570466,0.6261684943389231,0.5685683177416406,True,ok,,0.2,0.07,0.084
2020-08-26 01:00:00+00:00,0.18357872849880447,0.18357872849880447,2.990214814924119e-07,0.18357902752028596,0.5685683177416406,0.3812430845795952,True,ok,,0.2,0.07,0.084
2020-08-26 02:00:00+00:00,0.11879639550680463,0.11879639550680463,2.9896264724937893e-07,0.11879669446945187,0.3812430845795952,0.26002227283795787,True,ok,,0.2,0.07,0.084
2020-08-26 03:00:00+00:00,0.10337400671087718,0.10337400671087718,2.9889766026136577e-07,0.10337430560853744,0.26002227283795787,0.15453859252073626,True,ok,,0.2,0.07,0.084
2020-08-26 04:00:00+00:00,0.15144674731577332,0.15144674731577332,-3.9571758647660715e-09,0.15144674335859745,0.15453859252073626,1.0952597430669009e-06,True,ok,,0.3,0.1,0.084
2020-08-26 05:00:00+00:00,-0.024940042212560742,-0.024940042212560742,-0.010675178238063437,-0.03561522045062418,1.0952597430669009e-06,0.024442336628052595,True,ok,,0.3,0.1,0.084
2020-08-26 06:00:00+00:00,-0.062277544664526896,-0.062277544664526896,-0.033924678401002606,-0.0962022230655295,0.024442336628052595,0.08547433039928895,True,ok,,0.3,0.1,0.084
2020-08-26 07:00:00+00:00,-0.16991394220598727,-0.16991394220598727,-0.13395472801002134,-0.3038686702160086,0.08547433039928895,0.2519899937611565,True,ok,,0.3,0.1,0.084
2020-08-26 08:00:00+00:00,-0.20392243637215116,-0.20392243637215116,-0.38859236727776225,-0.5925148036499134,0.2519899937611565,0.4518339814058646,True,ok,,0.3,0.1,0.084
2020-08-26 09:00:00+00:00,-0.19137617726626993,-0.19137617726626993,-1.0559708484532777,-1.2473470257195476,0.4518339814058646,0.6393826351268092,True,ok,,0.3,0.1,0.084
2020-08-26 10:00:00+00:00,-0.1637425023412535,-0.1637425023412535,-2.018236923198297,-2.1819794255395504,0.6393826351268092,0.7998502874212376,True,ok,,0.3,0.1,0.084
2020-08-26 11:00:00+00:00,-0.13694275353518706,-0.13694275353518706,-1.572180744511805,-1.709123498046992,0.7998502874212376,0.934054185885721,True,ok,,0.3,0.1,0.084
2020-08-26 12:00:00+00:00,-0.1178073888042135,-0.1178073888042135,-1.1038731877349175,-1.221680576539131,0.934054185885721,1.0495054269138502,True,ok,,0.3,0.1,0.084
2020-08-26 13:00:00+00:00,-0.1092130125426806,-0.1092130125426806,-1.3091352766838913,-1.418348289226572,1.0495054269138502,1.1565341792056771,True,ok,,0.3,0.1,0.084
2020-08-26 14:00:00+00:00,-0.09617639642856712,-0.09617639642856712,-0.8026461839184575,-0.8988225803470247,1.1565341792056771,1.2507870477056728,True,ok,,0.3,0.1,0.084
2020-08-26 15:00:00+00:00,2.2319789007077835e-07,2.2319789007077835e-07,-0.4753891192207016,-0.47538889602281154,1.2507870477056728,1.250786819952724,True,ok,,0.4,0.18,0.084
2020-08-26 16:00:00+00:00,1.873531702090707e-07,1.873531702090707e-07,-0.26787174191293633,-0.26787155455976613,1.250786819952724,1.2507866287760196,True,ok,,0.4,0.18,0.084
2020-08-26 17:00:00+00:00,1.8624171903487933e-07,1.8624171903487933e-07,-0.09676049376374007,-0.09676030752202104,1.2507866287760196,1.2507864387334493,True,ok,,0.4,0.18,0.084
2020-08-26 18:00:00+00:00,0.14360656902110946,0.14360656902110946,-1.9125962641419747e-07,0.14360637776148305,1.2507864387334493,1.1042491234057865,True,ok,,0.4,0.18,0.084
2020-08-26 19:00:00+00:00,0.056504666303368686,0.056504666303368686,3.059531858071174e-07,0.05650497225655449,1.1042491234057865,1.046591300647247,True,ok,,0.2,0.07,0.084
2020-08-26 20:00:00+00:00,0.1283223051968794,0.1283223051968794,3.0590988719936263e-07,0.1283226111067666,1.046591300647247,0.9156501728953291,True,ok,,0.2,0.07,0.084
2020-08-26 21:00:00+00:00,0.10934138820776626,0.10934138820776626,3.0586114264929964e-07,0.10934169406890891,0.9156501728953291,0.8040773277853636,True,ok,,0.2,0.07,0.084
2020-08-26 22:00:00+00:00,0.056029194228255495,0.056029194228255495,3.058085140048017e-07,0.0560295000367695,0.8040773277853636,0.7469046806136743,True,ok,,0.2,0.07,0.084
2020-08-26 23:00:00+00:00,0.17113002757977672,0.17113002757977672,3.057564177399996e-07,0.17113033333619446,0.7469046806136743,0.5722822034914532,True,ok,,0.2,0.07,0.084
2020-08-27 00:00:00+00:00,0.06345599992338648,0.06345599992338648,3.056970189485586e-07,0.06345630562040543,0.5722822034914532,0.5075311831614671,True,ok,,0.2,0.07,0.084
2020-08-27 01:00:00+00:00,0.13221349970347085,0.13221349970347085,3.056356005504135e-07,0.1322138053390714,0.5075311831614671,0.3726194487701703,True,ok,,0.2,0.07,0.084
2020-08-27 02:00:00+00:00,0.1588557500297427,0.1588557500297427,3.0556639712964184e-07,0.15885605559613983,0.3726194487701703,0.21052174465818793,True,ok,,0.2,0.07,0.084
2020-08-27 03:00:00+00:00,0.08008591656746734,0.08008591656746734,3.054904050420193e-07,0.08008622205787239,0.21052174465818793,0.12880142163016003,True,ok,,0.2,0.07,0.084
2020-08-27 04:00:00+00:00,0.12622438895127586,0.12622438895127586,-3.876638371425045e-09,0.12622438507463749,0.12880142163016003,1.0247411030284148e-06,True,ok,,0.3,0.1,0.084
2020-08-27 05:00:00+00:00,-0.13313759189336277,-0.13313759189336277,-0.05343213798342955,-0.18656972987679232,1.0247411030284148e-06,0.13047586479659853,True,ok,,0.3,0.1,0.084
2020-08-27 06:00:00+00:00,-0.500064950670713,-0.500064950670713,-0.19603760686465943,-0.6961025575353724,0.13047586479659853,0.6205395164538973,True,ok,,0.3,0.1,0.084
2020-08-27 07:00:00+00:00,-0.8369909244797109,-0.8369909244797109,-0.35878973046551654,-1.1957806549452275,0.6205395164538973,1.440790622444014,True,ok,,0.3,0.1,0.084
2020-08-27 08:00:00+00:00,-1.0434830604830359,-1.0434830604830359,-0.5023686588317147,-1.5458517193147505,1.440790622444014,2.463404021717389,True,ok,,0.3,0.1,0.084
2020-08-27 09:00:00+00:00,-1.1675948290572036,-1.1675948290572036,-0.5888077513221399,-1.7564025803793435,2.463404021717389,3.6076469541934486,True,ok,,0.3,0.1,0.084
2020-08-27 10:00:00+00:00,-0.9297878475952417,-0.9297878475952417,-0.6167690012174096,-1.5465568488126513,3.6076469541934486,4.518839044836786,True,ok,,0.3,0.1,0.084
2020-08-27 11:00:00+00:00,-1.3936325192171277,-1.3936325192171277,-0.8317751544066079,-2.2254076736237356,4.518839044836786,5.884598913669571,True,ok,,0.3,0.1,0.084
2020-08-27 12:00:00+00:00,-1.3448005669790684,-1.3448005669790684,-0.8629342806276674,-2.2077348476067358,5.884598913669571,7.2025034693090575,True,ok,,0.3,0.1,0.084
2020-08-27 13:00:00+00:00,-1.430800684799505,-1.430800684799505,-0.8483849111626836,-2.2791855959621885,7.2025034693090575,8.604688140412572,True,ok,,0.3,0.1,0.084
2020-08-27 14:00:00+00:00,-0.6862829792734982,-0.6862829792734982,-0.5181753981655367,-1.204458377439035,8.604688140412572,9.2772454601006,True,ok,,0.3,0.1,0.084
2020-08-27 15:00:00+00:00,5.635499672699255e-08,5.635499672699255e-08,-1.4913541914615294,-1.4913541351065327,9.2772454601006,9.2772454025955,True,ok,,0.4,0.18,0.084
2020-08-27 16:00:00+00:00,1.7898965904299356e-07,1.7898965904299356e-07,-0.30550334343432317,-0.30550316444466413,9.2772454025955,9.277245219952992,True,ok,,0.4,0.18,0.084
2020-08-27 17:00:00+00:00,5.000000037999218,5.000000037999218,0.8635034642432808,5.863503502242499,9.277245219952992,4.175204364851749,True,ok,,0.4,0.18,0.084
2020-08-27 18:00:00+00:00,3.031225193795287,3.031225193795287,-2.1024488994214607e-07,3.031224983550397,4.175204364851749,1.0821174324075784,True,ok,,0.4,0.18,0.084
2020-08-27 19:00:00+00:00,0.05539506080079964,0.05539506080079964,3.0030480134557447e-07,0.05539536110560098,1.0821174324075784,1.0255918601618645,True,ok,,0.2,0.07,0.084
2020-08-27 20:00:00+00:00,0.13520525530543637,0.13520525530543637,3.002660136641744e-07,0.13520555557145003,1.0255918601618645,0.8876273139318274,True,ok,,0.2,0.07,0.084
2020-08-27 21:00:00+00:00,0.10267650552626968,0.10267650552626968,3.0022161014164883e-07,0.10267680574787982,0.8876273139318274,0.7828553695172664,True,ok,,0.2,0.07,0.084
2020-08-27 22:00:00+00:00,0.07070356106744738,0.07070356106744738,3.0017442308183373e-07,0.07070386124187046,0.7828553695172664,0.7107088786321161,True,ok,,0.2,0.07,0.084
2020-08-27 23:00:00+00:00,0.16620189444517336,0.16620189444517336,3.0012632185050236e-07,0.1662021945714952,0.7107088786321161,0.5411151087901025,True,ok,,0.2,0.07,0.084
2020-08-28 00:00:00+00:00,0.05006142222213773,0.05006142222213773,3.00072351772096e-07,0.050061722294489505,0.5411151087901025,0.49003202488996195,True,ok,,0.2,0.07,0.084
2020-08-28 01:00:00+00:00,0.1426958112070821,0.1426958112070821,3.0001899975484747e-07,0.14269611122608186,0.49003202488996195,0.3444240542704904,True,ok,,0.2,0.07,0.084
2020-08-28 02:00:00+00:00,0.1343408390938361,0.1343408390938361,2.999578133933145e-07,0.1343411390516495,0.3444240542704904,0.20734156539922907,True,ok,,0.2,0.07,0.084
2020-08-28 03:00:00+00:00,0.05554867253620409,0.05554867253620409,2.998903163992095e-07,0.05554897242652049,0.20734156539922907,0.1506592464847351,True,ok,,0.2,0.07,0.084
2020-08-28 04:00:00+00:00,0.145604730836022,0.145604730836022,-3.9447966282413205e-09,0.14560472689122536,0.1506592464847351,0.00208299052961064,True,ok,,0.3,0.1,0.084
2020-08-28 05:00:00+00:00,0.0020402673743749786,0.0020402673743749786,-3.946929278634409e-09,0.0020402634274457,0.00208299052961064,1.085045554539369e-06,True,ok,,0.3,0.1,0.084
2020-08-28 06:00:00+00:00,-0.3103203710136387,-0.3103203710136387,-0.609562157667952,-0.9198825286815906,1.085045554539369e-06,0.3041150486389204,True,ok,,0.3,0.1,0.084
2020-08-28 07:00:00+00:00,-0.2025097657199135,-0.2025097657199135,-1.8523366050204981,-2.0548463707404117,0.3041150486389204,0.5025746190444357,True,ok,,0.3,0.1,0.084
2020-08-28 08:00:00+00:00,-0.159941180921868,-0.159941180921868,-3.7207711025379746,-3.8807122834598426,0.5025746190444357,0.6593169763478663,True,ok,,0.3,0.1,0.084
2020-08-28 09:00:00+00:00,-0.12718017393701375,-0.12718017393701375,-2.6034673729417976,-2.7306475468788114,0.6593169763478663,0.7839535468061398,True,ok,,0.3,0.1,0.084
2020-08-28 10:00:00+00:00,-0.11325270671262751,-0.11325270671262751,-4.295542543287267,-4.408795249999894,0.7839535468061398,0.8949411993845148,True,ok,,0.3,0.1,0.084
2020-08-28 11:00:00+00:00,-0.10230742901117452,-0.10230742901117452,-4.924471007797667,-5.026778436808842,0.8949411993845148,0.9952024798154658,True,ok,,0.3,0.1,0.084
2020-08-28 12:00:00+00:00,-0.09375460177801614,-0.09375460177801614,-4.3599317671009405,-4.453686368878957,0.9952024798154658,1.0870819895579216,True,ok,,0.3,0.1,0.084
2020-08-28 13:00:00+00:00,-0.08648719439533654,-0.08648719439533654,-3.127038600580905,-3.213525794976242,1.0870819895579216,1.1718394400653513,True,ok,,0.3,0.1,0.084
2020-08-28 14:00:00+00:00,-0.07945890143320022,-0.07945890143320022,-1.6530069348994756,-1.7324658363326757,1.1718394400653513,1.2497091634698876,True,ok,,0.3,0.1,0.084
2020-08-28 15:00:00+00:00,2.2307722383191287e-07,2.2307722383191287e-07,-0.940949885798244,-0.9409496627210202,1.2497091634698876,1.2497089358400673,True,ok,,0.4,0.18,0.084
2020-08-28 16:00:00+00:00,1.8740249811412968e-07,1.8740249811412968e-07,-0.6008949382708131,-0.600894750868315,1.2497089358400673,1.2497087446130284,True,ok,,0.4,0.18,0.084
2020-08-28 17:00:00+00:00,1.8624452625883414e-07,1.8624452625883414e-07,-0.21165728209746573,-0.2116570958529395,1.2497087446130284,1.2497085545675934,True,ok,,0.4,0.18,0.084
2020-08-28 18:00:00+00:00,0.10601252804440904,0.10601252804440904,-2.0498150500591894e-07,0.10601232306290403,1.2497085545675934,1.1415325055426861,True,ok,,0.4,0.18,0.084
2020-08-28 19:00:00+00:00,0.0938953162819886,0.0938953162819886,2.1159211026355873e-07,0.09389552787409887,1.1415325055426861,1.045720958316167,True,ok,,0.2,0.07,0.084
2020-08-28 20:00:00+00:00,0.08422707660284416,0.08422707660284416,3.1233012594278353e-07,0.0842273889329701,1.045720958316167,0.9597749617826526,True,ok,,0.2,0.07,0.084
2020-08-28 21:00:00+00:00,0.16489729897119576,0.16489729897119576,3.122786218778817e-07,0.16489761124981764,0.9597749617826526,0.7915124118120447,True,ok,,0.2,0.07,0.084
2020-08-28 22:00:00+00:00,0.08489993054892553,0.08489993054892553,1.8052764150233713e-07,0.08490011107656703,0.7915124118120447,0.7048798296192635,True,ok,,0.2,0.07,0.084
2020-08-28 23:00:00+00:00,0.1352961494663175,0.1352961494663175,3.2287649170958943e-07,0.1352964723428092,0.7048798296192635,0.5668225342454702,True,ok,,0.2,0.07,0.084
2020-08-29 00:00:00+00:00,0.15305212165248894,0.15305212165248894,3.228002207478209e-07,0.15305244445270969,0.5668225342454702,0.41064689990619585,True,ok,,0.2,0.07,0.084
2020-08-29 01:00:00+00:00,0.09480814951748333,0.09480814951748333,3.227158652668871e-07,0.0948084722333486,0.41064689990619585,0.3139038901944782,True,ok,,0.2,0.07,0.084
2020-08-29 02:00:00+00:00,0.17038237183382163,0.17038237183382163,3.2262249069492377e-07,0.17038269445631232,0.3139038901944782,0.14004432709874182,True,ok,,0.2,0.07,0.084
2020-08-29 03:00:00+00:00,0.08703720519060473,0.08703720519060473,3.2251628322155224e-07,0.08703752770688795,0.14004432709874182,0.05123085241445127,True,ok,,0.2,0.07,0.084
2020-08-29 04:00:00+00:00,0.05020536596641505,0.05020536596641505,-3.6831905997347647e-09,0.05020536228322445,0.05123085241445127,8.871425991804904e-07,True,ok,,0.3,0.1,0.084
2020-08-29 05:00:00+00:00,-0.10280308939948375,-0.10280308939948375,-0.060095583207269446,-0.1628986726067532,8.871425991804904e-07,0.10074791475409325,True,ok,,0.3,0.1,0.084
2020-08-29 06:00:00+00:00,-0.26617291482487865,-0.26617291482487865,-1.125870594781322,-1.3920435096062005,0.10074791475409325,0.3615973712824744,True,ok,,0.3,0.1,0.084
2020-08-29 07:00:00+00:00,-0.16104233959165282,-0.16104233959165282,-2.567416884760325,-2.728459224351978,0.3615973712824744,0.5194188640822941,True,ok,,0.3,0.1,0.084
2020-08-29 08:00:00+00:00,-0.1283112745785254,-0.1283112745785254,-3.483643126988174,-3.6119544015666993,0.5194188640822941,0.645163913169249,True,ok,,0.3,0.1,0.084
2020-08-29 09:00:00+00:00,-0.10948083111249877,-0.10948083111249877,-3.8525112865969935,-3.9619921177094923,0.645163913169249,0.7524551276594978,True,ok,,0.3,0.1,0.084
2020-08-29 10:00:00+00:00,-0.08615952207028525,-0.08615952207028525,-0.6594245135331943,-0.7455840356034795,0.7524551276594978,0.8368914592883774,True,ok,,0.3,0.1,0.084
2020-08-29 11:00:00+00:00,-0.08738513196284198,-0.08738513196284198,-2.9612455749429287,-3.0486307069057705,0.8368914592883774,0.9225288886119625,True,ok,,0.3,0.1,0.084
2020-08-29 12:00:00+00:00,-0.08035955135558154,-0.08035955135558154,-2.629429861422235,-2.7097894127778166,0.9225288886119625,1.0012812489404324,True,ok,,0.3,0.1,0.084
2020-08-29 13:00:00+00:00,-0.07592814431495584,-0.07592814431495584,-4.504896437031885,-4.580824581346841,1.0012812489404324,1.075690830369089,True,ok,,0.3,0.1,0.084
2020-08-29 14:00:00+00:00,-0.07088525007199015,-0.07088525007199015,-2.8925908473609647,-2.963476097432955,1.075690830369089,1.1451583754396395,True,ok,,0.3,0.1,0.084
2020-08-29 15:00:00+00:00,8.104672589948066e-08,8.104672589948066e-08,-1.046901880951158,-1.046901799904432,1.1451583754396395,1.1451582927388988,True,ok,,0.4,0.18,0.084
2020-08-29 16:00:00+00:00,2.180941815467711e-07,2.180941815467711e-07,-0.3377228598944628,-0.3377226418002813,1.1451582927388988,1.1451580701938155,True,ok,,0.4,0.18,0.084
2020-08-29 17:00:00+00:00,1.8450204346089383e-07,1.8450204346089383e-07,-0.0603730497247404,-0.060372865222696935,1.1451580701938155,1.1451578819264243,True,ok,,0.4,0.18,0.084
2020-08-29 18:00:00+00:00,0.0954510491703479,0.0954510491703479,-2.0448072642065274e-07,0.09545084468962148,1.1451578819264243,1.0477588521607633,True,ok,,0.4,0.18,0.084
2020-08-29 19:00:00+00:00,0.13160230665422945,0.13160230665422945,2.7678061709224266e-07,0.13160258343484654,1.0477588521607633,0.9134707841462434,True,ok,,0.2,0.07,0.084
2020-08-29 20:00:00+00:00,0.06686905655989661,0.06686905655989661,2.76754998987383e-07,0.0668693333148956,0.9134707841462434,0.8452370529626754,True,ok,,0.2,0.07,0.084
2020-08-29 21:00:00+00:00,0.1225872788135662,0.1225872788135662,2.7673001538885966e-07,0.12258755554358158,0.8452370529626754,0.7201479929488324,True,ok,,0.2,0.07,0.084
2020-08-29 22:00:00+00:00,0.11670002879878244,0.11670002879878244,2.767028375177949e-07,0.11670030550161996,0.7201479929488324,0.6010663309092584,True,ok,,0.2,0.07,0.084
2020-08-29 23:00:00+00:00,0.06388005665943274,0.06388005665943274,2.766741124676786e-07,0.0638803333335452,0.6010663309092584,0.535882599624123,True,ok,,0.2,0.07,0.084
2020-08-30 00:00:00+00:00,0.1572704455254966,0.1572704455254966,2.766464985703987e-07,0.15727072217199517,0.535882599624123,0.37540255316953464,True,ok,,0.2,0.07,0.084
2020-08-30 01:00:00+00:00,0.10633930686283806,0.10633930686283806,2.7661619535213067e-07,0.10633958347903341,0.37540255316953464,0.2668930563707203,True,ok,,0.2,0.07,0.084
2020-08-30 02:00:00+00:00,0.09911663998974561,0.09911663998974561,2.765846264657368e-07,0.09911691657437208,0.2668930563707203,0.1657536278097554,True,ok,,0.2,0.07,0.084
2020-08-30 03:00:00+00:00,0.14675702916281466,0.14675702916281466,2.76552004602193e-07,0.14675730571481926,0.1657536278097554,0.01600155723545471,True,ok,,0.2,0.07,0.084
2020-08-30 04:00:00+00:00,0.015680083013319718,0.015680083013319718,-1.7498725420062033e-09,0.015680081263447176,0.01600155723545471,1.472527985612454e-06,True,ok,,0.3,0.1,0.084
2020-08-30 05:00:00+00:00,-0.15345130308476607,-0.15345130308476607,-0.09869572376366181,-0.2521470268484279,1.472527985612454e-06,0.15038374955105635,True,ok,,0.3,0.1,0.084
2020-08-30 06:00:00+00:00,-0.25796669051026355,-0.25796669051026355,-1.1594494082650886,-1.4174160987753521,0.15038374955105635,0.40319110625111465,True,ok,,0.3,0.1,0.084
2020-08-30 07:00:00+00:00,-0.18063356772160477,-0.18063356772160477,-2.4649736285757124,-2.645607196297317,0.40319110625111465,0.5802120026182873,True,ok,,0.3,0.1,0.084
2020-08-30 08:00:00+00:00,-0.1417147157726449,-0.1417147157726449,-2.2105194960205203,-2.3522342117931654,0.5802120026182873,0.7190924240754794,True,ok,,0.3,0.1,0.084
2020-08-30 09:00:00+00:00,-0.12331671789451812,-0.12331671789451812,-3.4251589496937638,-3.548475667588282,0.7190924240754794,0.8399428076121072,True,ok,,0.3,0.1,0.084
2020-08-30 10:00:00+00:00,-0.1097674519551898,-0.1097674519551898,-3.8915630127414205,-4.00133046469661,0.8399428076121072,0.9475149105281931,True,ok,,0.3,0.1,0.084
2020-08-30 11:00:00+00:00,-0.09828033085304856,-0.09828033085304856,-2.435133918937991,-2.5334142497910395,0.9475149105281931,1.0438296347641807,True,ok,,0.3,0.1,0.084
2020-08-30 12:00:00+00:00,-0.09101280908974083,-0.09101280908974083,-2.5555140826965532,-2.646526891786294,1.0438296347641807,1.1330221876721267,True,ok,,0.3,0.1,0.084
2020-08-30 13:00:00+00:00,-0.0859159035747466,-0.0859159035747466,-3.6122604806975915,-3.698176384272338,1.1330221876721267,1.2172197731753784,True,ok,,0.3,0.1,0.084
2020-08-30 14:00:00+00:00,-0.07865894462035021,-0.07865894462035021,-1.554130309325932,-1.6327892539462823,1.2172197731753784,1.2943055389033216,True,ok,,0.3,0.1,0.084
2020-08-30 15:00:00+00:00,2.2300197469112088e-07,2.2300197469112088e-07,-0.5603617545816063,-0.5603615315796316,1.2943055389033216,1.2943053113502863,True,ok,,0.4,0.18,0.084
2020-08-30 16:00:00+00:00,0.027291537223810714,0.027291537223810714,-2.074361105698641e-07,0.027291329787700144,1.2943053113502863,1.266456803979051,True,ok,,0.4,0.18,0.084
2020-08-30 17:00:00+00:00,0.0640791841785705,0.0640791841785705,-2.0613854388729091e-07,0.06407897804002662,1.266456803979051,1.2010698813478564,True,ok,,0.4,0.18,0.084
2020-08-30 18:00:00+00:00,0.08302896450420759,0.08302896450420759,-2.0493626000372966e-07,0.08302875956794759,1.2010698813478564,1.1163464481802976,True,ok,,0.4,0.18,0.084
2020-08-30 19:00:00+00:00,0.12860686003435934,0.12860686003435934,3.06761900992214e-07,0.12860716679626033,1.1163464481802976,0.9851149583493186,True,ok,,0.2,0.07,0.084
2020-08-30 20:00:00+00:00,0.08760341534966798,0.08760341534966798,3.0671668145576536e-07,0.08760372206634943,0.9851149583493186,0.8957237181965962,True,ok,,0.2,0.07,0.084
2020-08-30 21:00:00+00:00,0.08913049866780773,0.08913049866780773,3.06668296770618e-07,0.0891308053361045,0.8957237181965962,0.8047742297600577,True,ok,,0.2,0.07,0.084
2020-08-30 22:00:00+00:00,0.1400037214490616,0.1400037214490616,3.0661693764533204e-07,0.14000402806599924,0.8047742297600577,0.6619132895059132,True,ok,,0.2,0.07,0.084
2020-08-30 23:00:00+00:00,0.06197458241350342,0.06197458241350342,3.065602625154651e-07,0.061974888973765935,0.6619132895059132,0.5986739196962159,True,ok,,0.2,0.07,0.084
2020-08-31 00:00:00+00:00,0.13087594359208893,0.13087594359208893,3.0650274837618063e-07,0.1308762500948373,0.5986739196962159,0.4651270384797986,True,ok,,0.2,0.07,0.084
2020-08-31 01:00:00+00:00,0.15193533237908308,0.15193533237908308,3.0643806819830033e-07,0.15193563881715128,0.4651270384797986,0.3100909850317546,True,ok,,0.2,0.07,0.084
2020-08-31 02:00:00+00:00,0.07676820768257246,0.07676820768257246,9.789724880748807e-08,0.07676830557982127,0.3100909850317546,0.23175607923321126,True,ok,,0.2,0.07,0.084
2020-08-31 03:00:00+00:00,0.16235739020690557,0.16235739020690557,3.3182913819485016e-07,0.16235772203604376,0.23175607923321126,0.06608527289963415,True,ok,,0.2,0.07,0.084
2020-08-31 04:00:00+00:00,0.06476275346391266,0.06476275346391266,-3.585347282952789e-09,0.06476274987856538,0.06608527289963415,8.305895191768053e-07,True,ok,,0.3,0.1,0.084
2020-08-31 05:00:00+00:00,-0.04461223939485548,-0.04461223939485548,-0.02230782959482168,-0.06692006898967716,8.305895191768053e-07,0.04372082519647755,True,ok,,0.3,0.1,0.084
2020-08-31 06:00:00+00:00,-0.26954190850802817,-0.26954190850802817,-0.33400655540546187,-0.60354846391349,0.04372082519647755,0.30787189553434513,True,ok,,0.3,0.1,0.084
2020-08-31 07:00:00+00:00,-0.1641473794146562,-0.1641473794146562,-0.3884689798502584,-0.5526163592649146,0.30787189553434513,0.46873632736070825,True,ok,,0.3,0.1,0.084
2020-08-31 08:00:00+00:00,-0.15712460929335056,-0.15712460929335056,-1.0393829275053421,-1.1965075367986926,0.46873632736070825,0.6227184444681918,True,ok,,0.3,0.1,0.084
2020-08-31 09:00:00+00:00,-0.13887081868902176,-0.13887081868902176,-2.4827344783539274,-2.621605297042949,0.6227184444681918,0.7588118467834332,True,ok,,0.3,0.1,0.084
2020-08-31 10:00:00+00:00,-0.12173014633972688,-0.12173014633972688,-3.7127588736287738,-3.8344890199685007,0.7588118467834332,0.8781073901963655,True,ok,,0.3,0.1,0.084
2020-08-31 11:00:00+00:00,-0.10918877548422665,-0.10918877548422665,-4.472189885855084,-4.58137866133931,0.8781073901963655,0.9851123901709077,True,ok,,0.3,0.1,0.084
2020-08-31 12:00:00+00:00,-0.09878374704355102,-0.09878374704355102,-3.1901511945438608,-3.288934941587412,0.9851123901709077,1.0819204622735876,True,ok,,0.3,0.1,0.084
2020-08-31 13:00:00+00:00,-0.09002854388427545,-0.09002854388427545,-1.9910989667071186,-2.081127510591394,1.0819204622735876,1.1701484352801776,True,ok,,0.3,0.1,0.084
2020-08-31 14:00:00+00:00,-0.07669945518318241,-0.07669945518318241,-0.6112209358791191,-0.6879203910623015,1.1701484352801776,1.2453139013596963,True,ok,,0.3,0.1,0.084
2020-08-31 15:00:00+00:00,2.2281271817169504e-07,2.2281271817169504e-07,-0.608262067626953,-0.6082618448142348,1.2453139013596963,1.2453136739997799,True,ok,,0.4,0.18,0.084
2020-08-31 16:00:00+00:00,1.8708297836186085e-07,1.8708297836186085e-07,-0.36165096388213286,-0.36165077679915447,1.2453136739997799,1.2453134830987815,True,ok,,0.4,0.18,0.084
2020-08-31 17:00:00+00:00,1.8617066811433703e-07,1.8617066811433703e-07,-0.023514198493605466,-0.02351401232293735,1.2453134830987815,1.245313293128712,True,ok,,0.4,0.18,0.084
2020-08-31 18:00:00+00:00,0.10142062936071033,0.10142062936071033,-2.0502622831430894e-07,0.10142042433448202,1.245313293128712,1.1418228550055383,True,ok,,0.4,0.18,0.084
2020-08-31 19:00:00+00:00,0.1478535265251673,0.1478535265251673,3.068031856345854e-07,0.14785383332835295,1.1418228550055383,0.9909519095716941,True,ok,,0.2,0.07,0.084
2020-08-31 20:00:00+00:00,0.12699377647650212,0.12699377647650212,3.0675849688188705e-07,0.126994083234999,0.9909519095716941,0.8613664233711817,True,ok,,0.2,0.07,0.084
2020-08-31 21:00:00+00:00,0.09769280421484763,0.09769280421484763,3.067094493103273e-07,0.09769311092429694,0.8613664233711817,0.7616798884580719,True,ok,,0.2,0.07,0.084
2020-08-31 22:00:00+00:00,0.13872091582502494,0.13872091582502494,3.066577623778155e-07,0.13872122248278732,0.7616798884580719,0.6201279335345771,True,ok,,0.2,0.07,0.084
2020-08-31 23:00:00+00:00,0.06768369347232144,0.06768369347232144,3.06601217497926e-07,0.06768400007353893,0.6201279335345771,0.5510629401954735,True,ok,,0.2,0.07,0.084
2020-09-01 00:00:00+00:00,0.11300566568340494,0.11300566568340494,3.0654305559207895e-07,0.11300597222646053,0.5510629401954735,0.43575103643689705,True,ok,,0.2,0.07,0.084
2020-09-01 01:00:00+00:00,0.15908855443332887,0.15908855443332887,3.064784644957186e-07,0.15908886091179336,0.43575103643689705,0.2734157768110513,True,ok,,0.2,0.07,0.084
2020-09-01 02:00:00+00:00,0.062294221390798044,0.062294221390798044,3.06407430795963e-07,0.06229452779822884,0.2734157768110513,0.20985024477962472,True,ok,,0.2,0.07,0.084
2020-09-01 03:00:00+00:00,0.1529849715713407,0.1529849715713407,3.0633306380423164e-07,0.1529852779044045,0.20985024477962472,0.053743130931317884,True,ok,,0.2,0.07,0.084
2020-09-01 04:00:00+00:00,0.05266727208885114,0.05266727208885114,-3.866623334014552e-09,0.05266726822222781,0.053743130931317884,1.016554939163583e-06,True,ok,,0.3,0.1,0.084
2020-09-01 05:00:00+00:00,-0.08665957201997022,-0.08665957201997022,-0.04743824691608893,-0.13409781893605915,1.016554939163583e-06,0.08492739713450997,True,ok,,0.3,0.1,0.084
2020-09-01 06:00:00+00:00,-0.2894227000996134,-0.2894227000996134,-1.0109041245038877,-1.3003268246035011,0.08492739713450997,0.3685616432321311,True,ok,,0.3,0.1,0.084
2020-09-01 07:00:00+00:00,-0.18834456603761518,-0.18834456603761518,-1.840719030719455,-2.0290635967570703,0.3685616432321311,0.553139317948994,True,ok,,0.3,0.1,0.084
2020-09-01 08:00:00+00:00,-0.14868135213618844,-0.14868135213618844,-2.2157747690714653,-2.364456121207654,0.553139317948994,0.6988470430424586,True,ok,,0.3,0.1,0.084
2020-09-01 09:00:00+00:00,-0.12474352594825931,-0.12474352594825931,-2.2546364002627253,-2.3793799262109845,0.6988470430424586,0.8210956984717527,True,ok,,0.3,0.1,0.084
2020-09-01 10:00:00+00:00,-0.10973562464082626,-0.10973562464082626,-2.0740382652190568,-2.183773889859883,0.8210956984717527,0.9286366106197624,True,ok,,0.3,0.1,0.084
2020-09-01 11:00:00+00:00,-0.09672076550678099,-0.09672076550678099,-1.3032338362198057,-1.3999546017265867,0.9286366106197624,1.0234229608164078,True,ok,,0.3,0.1,0.084
2020-09-01 12:00:00+00:00,-0.08844167809665972,-0.08844167809665972,-1.1372725749935997,-1.2257142530902594,1.0234229608164078,1.1100958053511343,True,ok,,0.3,0.1,0.084
2020-09-01 13:00:00+00:00,-0.07628912842049683,-0.07628912842049683,-0.5425725687139815,-0.6188616971344784,1.1100958053511343,1.1848591512032212,True,ok,,0.3,0.1,0.084
2020-09-01 14:00:00+00:00,-0.07515071005136478,-0.07515071005136478,-0.7485025543601085,-0.8236532644114732,1.1848591512032212,1.2585068470535585,True,ok,,0.3,0.1,0.084
2020-09-01 15:00:00+00:00,2.2337069608602726e-07,2.2337069608602726e-07,-0.5867311286262915,-0.5867309052555955,1.2585068470535585,1.2585066191242769,True,ok,,0.4,0.18,0.084
2020-09-01 16:00:00+00:00,1.8735410908099083e-07,1.8735410908099083e-07,-0.22488009216296115,-0.22487990480885206,1.2585066191242769,1.2585064279466145,True,ok,,0.4,0.18,0.084
2020-09-01 17:00:00+00:00,1.8609433638235837e-07,1.8609433638235837e-07,-0.0015286286115219387,-0.0015284425171855564,1.2585064279466145,1.2585062380544345,True,ok,,0.4,0.18,0.084
2020-09-01 18:00:00+00:00,0.08736312063212098,0.08736312063212098,-5.26295445280045e-08,0.08736306800257645,1.2585062380544345,1.1693601965930867,True,ok,,0.4,0.18,0.084
2020-09-01 19:00:00+00:00,0.14588378432432567,0.14588378432432567,2.988884210131104e-07,0.14588408321274668,1.1693601965930867,1.0204991921805093,True,ok,,0.2,0.07,0.084
2020-09-01 20:00:00+00:00,0.12420953465200742,0.12420953465200742,2.988481130061782e-07,0.12420983350012042,1.0204991921805093,0.893754769066216,True,ok,,0.2,0.07,0.084
2020-09-01 21:00:00+00:00,0.08620836792269942,0.08620836792269942,2.9880457855235854e-07,0.08620866672727798,0.893754769066216,0.8057870466961146,True,ok,,0.2,0.07,0.084
2020-09-01 22:00:00+00:00,0.1431802288186754,0.1431802288186754,2.9875978455051744e-07,0.14318052757845995,0.8057870466961146,0.6596847723913437,True,ok,,0.2,0.07,0.084
2020-09-01 23:00:00+00:00,0.06188909015022459,0.06188909015022459,2.98710372013955e-07,0.061889388860596604,0.6596847723913437,0.5965326395849921,True,ok,,0.2,0.07,0.084
2020-09-02 00:00:00+00:00,0.11681395134750093,0.11681395134750093,2.9866076409201803e-07,0.11681425000826502,0.5965326395849921,0.4773347300467259,True,ok,,0.2,0.07,0.084
2020-09-02 01:00:00+00:00,0.14716842378814374,0.14716842378814374,2.9860563405259555e-07,0.1471687223937778,0.4773347300467259,0.32716286903841596,True,ok,,0.2,0.07,0.084
2020-09-02 02:00:00+00:00,0.08847075709415027,0.08847075709415027,2.9854596443612547e-07,0.0884710556401147,0.32716286903841596,0.23688658628928305,True,ok,,0.2,0.07,0.084
2020-09-02 03:00:00+00:00,0.1829476740187892,0.1829476740187892,2.984828595675726e-07,0.18294797250164876,0.23688658628928305,0.050205286270110394,True,ok,,0.2,0.07,0.084
2020-09-02 04:00:00+00:00,0.049200102503972803,0.049200102503972803,-3.962376871058382e-09,0.04920009854159593,0.050205286270110394,1.1000415667192232e-06,True,ok,,0.3,0.1,0.084
2020-09-02 05:00:00+00:00,-0.09569373922448011,-0.09569373922448011,-0.05017868067698052,-0.14587241990146063,1.1000415667192232e-06,0.09378096448155723,True,ok,,0.3,0.1,0.084
2020-09-02 06:00:00+00:00,-0.1929902263971798,-0.1929902263971798,-0.2567295516637331,-0.44971977806091296,0.09378096448155723,0.28291138635079344,True,ok,,0.3,0.1,0.084
2020-09-02 07:00:00+00:00,-0.18614761637596855,-0.18614761637596855,-1.172502400820588,-1.3586500171965565,0.28291138635079344,0.46533605039924264,True,ok,,0.3,0.1,0.084
2020-09-02 08:00:00+00:00,-0.14864291109251793,-0.14864291109251793,-2.989803143484944,-3.138446054577462,0.46533605039924264,0.6110061032699102,True,ok,,0.3,0.1,0.084
2020-09-02 09:00:00+00:00,-0.12402336617082567,-0.12402336617082567,-4.220644494999413,-4.3446678611702385,0.6110061032699102,0.7325490021173193,True,ok,,0.3,0.1,0.084
2020-09-02 10:00:00+00:00,-0.10761443060588821,-0.10761443060588821,-3.6903333462279164,-3.7979477768338046,0.7325490021173193,0.8380111441110898,True,ok,,0.3,0.1,0.084
2020-09-02 11:00:00+00:00,-0.09685085106219275,-0.09685085106219275,-3.9345960818797336,-4.031446932941926,0.8380111441110898,0.9329249781520387,True,ok,,0.3,0.1,0.084
2020-09-02 12:00:00+00:00,-0.08891297923777469,-0.08891297923777469,-4.27113908967635,-4.360052068914125,0.9329249781520387,1.0200596978050578,True,ok,,0.3,0.1,0.084
2020-09-02 13:00:00+00:00,-0.08268597369109129,-0.08268597369109129,-4.496673494717197,-4.579359468408288,1.0200596978050578,1.1010919520223272,True,ok,,0.3,0.1,0.084
2020-09-02 14:00:00+00:00,-0.07724066706812308,-0.07724066706812308,-3.5123815715529125,-3.5896222386210357,1.1010919520223272,1.176787805749088,True,ok,,0.3,0.1,0.084
2020-09-02 15:00:00+00:00,2.2321856514214326e-07,2.2321856514214326e-07,-2.3084541534215024,-2.3084539302029374,1.176787805749088,1.1767875779750419,True,ok,,0.4,0.18,0.084
2020-09-02 16:00:00+00:00,1.87363545823933e-07,1.87363545823933e-07,-0.9471462230721412,-0.9471460357085955,1.1767875779750419,1.1767873867877503,True,ok,,0.4,0.18,0.084
2020-09-02 17:00:00+00:00,1.8623360848785498e-07,1.8623360848785498e-07,-0.07094182972251792,-0.07094164348890943,1.1767873867877503,1.176787196753456,True,ok,,0.4,0.18,0.084
2020-09-02 18:00:00+00:00,0.11014413646596435,0.11014413646596435,-1.9125641349815314e-07,0.11014394520955086,1.176787196753456,1.064395220767778,True,ok,,0.4,0.18,0.084
2020-09-02 19:00:00+00:00,0.09466436074775321,0.09466436074775321,3.059632062984985e-07,0.09466466671095951,1.064395220767778,0.9677989342904788,True,ok,,0.2,0.07,0.084
2020-09-02 20:00:00+00:00,0.08549319396458561,0.08549319396458561,3.0591843031002597e-07,0.08549349988301592,0.9677989342904788,0.8805609812653914,True,ok,,0.2,0.07,0.084
2020-09-02 21:00:00+00:00,0.12296969398004867,0.12296969398004867,3.0587107219259835e-07,0.12296999985112086,0.8805609812653914,0.7550817016939131,True,ok,,0.2,0.07,0.084
2020-09-02 22:00:00+00:00,0.10211441648768559,0.10211441648768559,3.0581983750943564e-07,0.1021147223075231,0.7550817016939131,0.6508833175228054,True,ok,,0.2,0.07,0.084
2020-09-02 23:00:00+00:00,0.0851434656610496,0.0851434656610496,1.4547072448023446e-07,0.08514361113177409,0.6508833175228054,0.5640022301135711,True,ok,,0.2,0.07,0.084
2020-09-03 00:00:00+00:00,0.12935862584152402,0.12935862584152402,3.1882088807888564e-07,0.1293589446624121,0.5640022301135711,0.4320036323160976,True,ok,,0.2,0.07,0.084
2020-09-03 01:00:00+00:00,0.10234401450480526,0.10234401450480526,3.187412136451684e-07,0.10234433324601891,0.4320036323160976,0.3275709644540514,True,ok,,0.2,0.07,0.084
2020-09-03 02:00:00+00:00,0.14618511937802325,0.14618511937802325,1.026675575943603e-07,0.14618522204558085,0.3275709644540514,0.1784024752928032,True,ok,,0.2,0.07,0.084
2020-09-03 03:00:00+00:00,0.11832917407025999,0.11832917407025999,3.536204153387068e-07,0.11832952769067533,0.1784024752928032,0.05765842011906852,True,ok,,0.2,0.07,0.084
2020-09-03 04:00:00+00:00,0.05650453228720102,0.05650453228720102,2.2665514604058856e-10,0.05650453251385617,0.05765842011906852,7.341117205378334e-07,True,ok,,0.3,0.1,0.084
2020-09-03 05:00:00+00:00,-0.29942299241769715,-0.29942299241769715,-2.4358398276191906e-07,-0.2994232360016799,7.341117205378334e-07,0.29343526668106373,True,ok,,0.3,0.1,0.084
2020-09-03 06:00:00+00:00,-0.921533872207614,-0.921533872207614,-2.435828847513477e-07,-0.9215341157904987,0.29343526668106373,1.1965384614445254,True,ok,,0.3,0.1,0.084
2020-09-03 07:00:00+00:00,-1.2637056145352807,-1.2637056145352807,-2.43582952030863e-07,-1.2637058581182328,1.1965384614445254,2.4349699636891007,True,ok,,0.3,0.1,0.084
2020-09-03 08:00:00+00:00,-1.3154383255201887,-1.3154383255201887,-2.435829755675911e-07,-1.3154385691031643,2.4349699636891007,3.724099522698886,True,ok,,0.3,0.1,0.084
2020-09-03 09:00:00+00:00,-1.3958910458489413,-1.3958910458489413,-2.435829886682228e-07,-1.39589128943193,3.724099522698886,5.092072747630848,True,ok,,0.3,0.1,0.084
2020-09-03 10:00:00+00:00,-1.1140312230551914,-1.1140312230551914,-2.435829826730185e-07,-1.114031466638174,5.092072747630848,6.183823346224935,True,ok,,0.3,0.1,0.084
2020-09-03 11:00:00+00:00,-1.1480808463983194,-1.1480808463983194,-2.4358298622573216e-07,-1.1480810899813056,6.183823346224935,7.308942575695288,True,ok,,0.3,0.1,0.084
2020-09-03 12:00:00+00:00,-0.9391256126796327,-0.9391256126796327,-2.4358297268101126e-07,-0.9391258562626054,7.308942575695288,8.229285676121329,True,ok,,0.3,0.1,0.084
2020-09-03 13:00:00+00:00,-0.8352162937346842,-0.8352162937346842,-2.435829609126472e-07,-0.8352165373176451,8.229285676121329,9.047797643981319,True,ok,,0.3,0.1,0.084
2020-09-03 14:00:00+00:00,-0.26306497186983885,-0.26306497186983885,-2.435827646807276e-07,-0.26306521545260353,9.047797643981319,9.30560131641376,True,ok,,0.3,0.1,0.084
2020-09-03 15:00:00+00:00,8.961983047963533e-08,8.961983047963533e-08,-0.10310241723199869,-0.10310232761216821,9.30560131641376,9.305601224964954,True,ok,,0.4,0.18,0.084
2020-09-03 16:00:00+00:00,8.962400908514473e-08,8.962400908514473e-08,-0.0039055733537296396,-0.0039054837297205543,9.305601224964954,9.305601133511884,True,ok,,0.4,0.18,0.084
2020-09-03 17:00:00+00:00,0.10073579260476143,0.10073579260476143,-1.127665515965326e-07,0.10073567983820983,9.305601133511884,9.202809508404984,True,ok,,0.4,0.18,0.084
2020-09-03 18:00:00+00:00,0.08524325157260462,0.08524325157260462,-1.1276657946313051e-07,0.08524313880602516,9.202809508404984,9.115826598637021,True,ok,,0.4,0.18,0.084
2020-09-03 19:00:00+00:00,0.663693009897542,0.663693009897542,0.021618016718024435,0.6853110266155664,9.115826598637021,8.438588833435448,True,ok,,0.2,0.07,0.084
2020-09-03 20:00:00+00:00,4.97771061118384,4.97771061118384,1.1389263838138248,6.1166369949976644,8.438588833435448,3.359292291411122,True,ok,,0.2,0.07,0.084
2020-09-03 21:00:00+00:00,2.544813303740322,2.544813303740322,0.022117029100490626,2.566930332840813,3.359292291411122,0.7625440222883442,True,ok,,0.2,0.07,0.084
2020-09-03 22:00:00+00:00,0.12312205169642401,0.12312205169642401,0.01816617048934646,0.14128822218577047,0.7625440222883442,0.6369092756593401,True,ok,,0.2,0.07,0.084
2020-09-03 23:00:00+00:00,0.06884463609329435,0.06884463609329435,0.01588161393001758,0.08472625002331192,0.6369092756593401,0.5666596469927132,True,ok,,0.2,0.07,0.084
2020-09-04 00:00:00+00:00,0.0638865349282926,0.0638865349282926,0.015149853853043072,0.07903638878133568,0.5666596469927132,0.5014693052291493,True,ok,,0.2,0.07,0.084
2020-09-04 01:00:00+00:00,0.13980539720416205,0.13980539720416205,0.016902769707704768,0.15670816691186681,0.5014693052291493,0.3588107366534738,True,ok,,0.2,0.07,0.084
2020-09-04 02:00:00+00:00,0.06976402215526517,0.06976402215526517,0.014410866858237129,0.0841748890135023,0.3588107366534738,0.28762295894401957,True,ok,,0.2,0.07,0.084
2020-09-04 03:00:00+00:00,0.15152604242355558,0.15152604242355558,0.01543101321401591,0.1669570556375715,0.28762295894401957,0.13300454830773836,True,ok,,0.2,0.07,0.084
2020-09-04 04:00:00+00:00,0.08197749992464479,0.08197749992464479,-1.5773618522452182e-11,0.08197749990887117,0.13300454830773836,0.0493540381805498,True,ok,,0.3,0.1,0.084
2020-09-04 05:00:00+00:00,0.048366719481549005,0.048366719481549005,-1.1854761200469355e-09,0.048366718296072884,0.0493540381805498,2.427912140778865e-07,True,ok,,0.3,0.1,0.084
2020-09-04 06:00:00+00:00,-0.21916428775245786,-0.21916428775245786,-0.09726177058341293,-0.3164260583358708,2.427912140778865e-07,0.2147812447886228,True,ok,,0.3,0.1,0.084
2020-09-04 07:00:00+00:00,-0.3041492823753261,-0.3041492823753261,-0.21755111994789622,-0.5217004023232223,0.2147812447886228,0.5128475415164424,True,ok,,0.3,0.1,0.084
2020-09-04 08:00:00+00:00,-0.5775010044215834,-0.5775010044215834,-1.1631703414475687,-1.740671345869152,0.5128475415164424,1.078798525849594,True,ok,,0.3,0.1,0.084
2020-09-04 09:00:00+00:00,-0.510189459078023,-0.510189459078023,-2.7474694871374896,-3.2576589462155128,1.078798525849594,1.5787841957460567,True,ok,,0.3,0.1,0.084
2020-09-04 10:00:00+00:00,-0.35733578778671404,-0.35733578778671404,-1.5736219643414997,-1.9309577521282137,1.5787841957460567,1.9289732677770364,True,ok,,0.3,0.1,0.084
2020-09-04 11:00:00+00:00,-0.33500736124595953,-0.33500736124595953,-2.3182719816660238,-2.653279342911983,1.9289732677770364,2.2572804817980767,True,ok,,0.3,0.1,0.084
2020-09-04 12:00:00+00:00,-0.3052943935815711,-0.3052943935815711,-2.4029319633233266,-2.708226356904898,2.2572804817980767,2.5564689875080164,True,ok,,0.3,0.1,0.084
2020-09-04 13:00:00+00:00,-0.29321817375839804,-0.29321817375839804,-3.624102324066282,-3.91732049782468,2.5564689875080164,2.8438227977912467,True,ok,,0.3,0.1,0.084
2020-09-04 14:00:00+00:00,-0.2593928251200544,-0.2593928251200544,-1.8926344690450925,-2.152027294165147,2.8438227977912467,3.0980277664089,True,ok,,0.3,0.1,0.084
2020-09-04 15:00:00+00:00,2.2296308396800505e-07,2.2296308396800505e-07,-0.8645751746820437,-0.8645749517189597,3.0980277664089,3.098027538895549,True,ok,,0.4,0.18,0.084
2020-09-04 16:00:00+00:00,5.041049449049429e-08,5.041049449049429e-08,-0.1008968149698925,-0.10089676455939801,3.098027538895549,3.098027487456269,True,ok,,0.4,0.18,0.084
2020-09-04 17:00:00+00:00,0.6956915078076975,0.6956915078076975,-2.1196285493463307e-07,0.6956912958448426,3.098027487456269,2.388138193774945,True,ok,,0.4,0.18,0.084
2020-09-04 18:00:00+00:00,0.737038387196627,0.737038387196627,-5.526523128018823e-08,0.7370383319313957,2.388138193774945,1.6360582068396115,True,ok,,0.4,0.18,0.084
2020-09-04 19:00:00+00:00,0.17084401189815984,0.17084401189815984,2.9370984791499133e-07,0.17084430560800776,1.6360582068396115,1.4617275824537341,True,ok,,0.2,0.07,0.084
2020-09-04 20:00:00+00:00,0.17196015107390317,0.17196015107390317,2.936731738067966e-07,0.17196044474707697,1.4617275824537341,1.286258040541588,True,ok,,0.2,0.07,0.084
2020-09-04 21:00:00+00:00,0.1762991233526249,0.1762991233526249,2.9363447642816176e-07,0.17629941698710133,1.286258040541588,1.1063609758960524,True,ok,,0.2,0.07,0.084
2020-09-04 22:00:00+00:00,0.05997873419780585,0.05997873419780585,2.9359268766820934e-07,0.059979027790493515,1.1063609758960524,1.0451581858982915,True,ok,,0.2,0.07,0.084
2020-09-04 23:00:00+00:00,0.14729498409727051,0.14729498409727051,2.93551231211886e-07,0.14729527764850173,1.0451581858982915,0.8948571817174031,True,ok,,0.2,0.07,0.084
2020-09-05 00:00:00+00:00,0.0953625398361971,0.0953625398361971,2.935047655472367e-07,0.09536283334096264,0.8948571817174031,0.7975484675988347,True,ok,,0.2,0.07,0.084
2020-09-05 01:00:00+00:00,0.12173342897631943,0.12173342897631943,2.9345613490605604e-07,0.12173372243245434,0.7975484675988347,0.673330682929121,True,ok,,0.2,0.07,0.084
2020-09-05 02:00:00+00:00,0.1671302671223159,0.1671302671223159,9.385983734677694e-08,0.16713036098215325,0.673330682929121,0.5027895940287986,True,ok,,0.2,0.07,0.084
2020-09-05 03:00:00+00:00,0.05959466179246685,0.05959466179246685,3.103782569013891e-07,0.05959497217072375,0.5027895940287986,0.4419787146487304,True,ok,,0.2,0.07,0.084
2020-09-05 04:00:00+00:00,0.13411889252562642,0.13411889252562642,-3.8189953421863265e-09,0.13411888870663108,0.4419787146487304,0.3051227018674789,True,ok,,0.3,0.1,0.084
2020-09-05 05:00:00+00:00,0.2750905498813322,0.2750905498813322,-3.8200793639475705e-09,0.2750905460612528,0.3051227018674789,0.02441805913142564,True,ok,,0.3,0.1,0.084
2020-09-05 06:00:00+00:00,0.023928736479950082,0.023928736479950082,-3.821147204208231e-09,0.023928732658802878,0.02441805913142564,9.81090660250733e-07,True,ok,,0.3,0.1,0.084
2020-09-05 07:00:00+00:00,-0.047750878090311276,-0.047750878090311276,-0.022390976341674286,-0.07014185443198556,9.81090660250733e-07,0.046796841619165294,True,ok,,0.3,0.1,0.084
2020-09-05 08:00:00+00:00,-0.384072693152912,-0.384072693152912,-0.2219739380744133,-0.6060466312273253,0.046796841619165294,0.42318808090901905,True,ok,,0.3,0.1,0.084
2020-09-05 09:00:00+00:00,-0.3317884503210253,-0.3317884503210253,-0.3639460947336303,-0.6957345450546556,0.42318808090901905,0.7483407622236238,True,ok,,0.3,0.1,0.084
2020-09-05 10:00:00+00:00,-0.04681610418303687,-0.04681610418303687,-0.04824399311682758,-0.09506009729986445,0.7483407622236238,0.7942205443229999,True,ok,,0.3,0.1,0.084
2020-09-05 11:00:00+00:00,-0.16963575175276982,-0.16963575175276982,-0.2773212920124706,-0.4469570437652404,0.7942205443229999,0.9604635810407144,True,ok,,0.3,0.1,0.084
2020-09-05 12:00:00+00:00,-0.1655722626838779,-0.1655722626838779,-0.35307444508649877,-0.5186467077703767,0.9604635810407144,1.1227243984709148,True,ok,,0.3,0.1,0.084
2020-09-05 13:00:00+00:00,-0.18220927995661984,-0.18220927995661984,-0.6698289853119359,-0.8520382652685558,1.1227243984709148,1.3012894928284022,True,ok,,0.3,0.1,0.084
2020-09-05 14:00:00+00:00,-0.20074512065405362,-0.20074512065405362,-2.991583609940373,-3.192328730594427,1.3012894928284022,1.4980197110693747,True,ok,,0.3,0.1,0.084
2020-09-05 15:00:00+00:00,2.2310796116549317e-07,2.2310796116549317e-07,-0.47000271150742684,-0.4700024883994657,1.4980197110693747,1.49801948340819,True,ok,,0.4,0.18,0.084
2020-09-05 16:00:00+00:00,1.8737713221926906e-07,1.8737713221926906e-07,-0.1262672918121907,-0.12626710443505848,1.49801948340819,1.4980192922070346,True,ok,,0.4,0.18,0.084
2020-09-05 17:00:00+00:00,0.1401277601057775,0.1401277601057775,-1.9153253830173078e-07,0.1401275685732392,1.4980192922070346,1.3550317818950166,True,ok,,0.4,0.18,0.084
2020-09-05 18:00:00+00:00,0.06938394724313862,0.06938394724313862,-1.9154910003982284e-07,0.06938375569403858,1.3550317818950166,1.2842318357285487,True,ok,,0.4,0.18,0.084
2020-09-05 19:00:00+00:00,0.12295048599347323,0.12295048599347323,2.0822314900081906e-07,0.12295069421662223,1.2842318357285487,1.158772156143372,True,ok,,0.2,0.07,0.084
2020-09-05 20:00:00+00:00,0.11858830014081023,0.11858830014081023,3.1085533015728917e-07,0.11858861099614039,1.158772156143372,1.0377636866119329,True,ok,,0.2,0.07,0.084
2020-09-05 21:00:00+00:00,0.14109252277896578,0.14109252277896578,3.108035946108867e-07,0.1410928335825604,1.0377636866119329,0.89379172459258,True,ok,,0.2,0.07,0.084
2020-09-05 22:00:00+00:00,0.21779435553372875,0.21779435553372875,3.107486073183896e-07,0.21779466628233607,0.89379172459258,0.6715525862928569,True,ok,,0.2,0.07,0.084
2020-09-05 23:00:00+00:00,0.08341505040053702,0.08341505040053702,3.106912886824409e-07,0.08341536109182571,0.6715525862928569,0.586435187924962,True,ok,,0.2,0.07,0.084
2020-09-06 00:00:00+00:00,0.12597082843205415,0.12597082843205415,3.1062807231974077e-07,0.12597113906012647,0.586435187924962,0.45789352625960056,True,ok,,0.2,0.07,0.084
2020-09-06 01:00:00+00:00,0.15254488404630465,0.15254488404630465,3.105583571694215e-07,0.15254519460466182,0.45789352625960056,0.3022354813143917,True,ok,,0.2,0.07,0.084
2020-09-06 02:00:00+00:00,0.09101088407315223,0.09101088407315223,3.1048181253767737e-07,0.09101119455496477,0.3022354813143917,0.20936723226015475,True,ok,,0.2,0.07,0.084
2020-09-06 03:00:00+00:00,0.13545938365885873,0.13545938365885873,3.103981820185009e-07,0.13545969405704075,0.20936723226015475,0.07114337138376828,True,ok,,0.2,0.07,0.084
2020-09-06 04:00:00+00:00,0.06971954200667915,0.06971954200667915,-1.692023035571033e-09,0.06971954031465612,0.07114337138376828,9.815810344537823e-07,True,ok,,0.3,0.1,0.084
2020-09-06 05:00:00+00:00,-0.11742702273766113,-0.11742702273766113,-0.053246811435588806,-0.17067383417324994,9.815810344537823e-07,0.11507946386394236,True,ok,,0.3,0.1,0.084
2020-09-06 06:00:00+00:00,-0.340608967323307,-0.340608967323307,-0.24140341595463138,-0.5820123832779384,0.11507946386394236,0.44887625184078317,True,ok,,0.3,0.1,0.084
2020-09-06 07:00:00+00:00,-0.7070164809886046,-0.7070164809886046,-1.8796604242972965,-2.586676905285901,0.44887625184078317,1.1417524032096158,True,ok,,0.3,0.1,0.084
2020-09-06 08:00:00+00:00,-0.5320144968184826,-0.5320144968184826,-3.310805728042592,-3.8428202248610748,1.1417524032096158,1.6631266100917288,True,ok,,0.3,0.1,0.084
2020-09-06 09:00:00+00:00,-0.4279024272609662,-0.4279024272609662,-3.880541411854144,-4.30844383911511,1.6631266100917288,2.0824709888074757,True,ok,,0.3,0.1,0.084
2020-09-06 10:00:00+00:00,-0.35942138887437247,-0.35942138887437247,-3.670271533802105,-4.029692922676477,2.0824709888074757,2.434703949904361,True,ok,,0.3,0.1,0.084
2020-09-06 11:00:00+00:00,-0.3243930345701833,-0.3243930345701833,-3.3307681821369735,-3.6551612167071568,2.434703949904361,2.7526091237831403,True,ok,,0.3,0.1,0.084
2020-09-06 12:00:00+00:00,-0.2967391530138604,-0.2967391530138604,-2.7536998660509338,-3.050439019064794,2.7526091237831403,3.0434134937367237,True,ok,,0.3,0.1,0.084
2020-09-06 13:00:00+00:00,-0.26925567593205096,-0.26925567593205096,-2.0800257177302157,-2.3492813936622667,3.0434134937367237,3.3072840561501335,True,ok,,0.3,0.1,0.084
2020-09-06 14:00:00+00:00,-0.24025790870055053,-0.24025790870055053,-1.146664959500826,-1.3869228682013766,3.3072840561501335,3.542736806676673,True,ok,,0.3,0.1,0.084
2020-09-06 15:00:00+00:00,2.2296610376276184e-07,2.2296610376276184e-07,-0.7891729098764593,-0.7891726869103555,3.542736806676673,3.5427365791602408,True,ok,,0.4,0.18,0.084
2020-09-06 16:00:00+00:00,0.1665872934184162,0.1665872934184162,-2.07420586928464e-07,0.16658708599782926,3.5427365791602408,3.372749545059816,True,ok,,0.4,0.18,0.084
2020-09-06 17:00:00+00:00,0.07467747683771471,0.07467747683771471,-5.533494001896955e-08,0.07467742150277469,3.372749545059816,3.2965480380825563,True,ok,,0.4,0.18,0.084
2020-09-06 18:00:00+00:00,0.18365735145520914,0.18365735145520914,-1.9428676584221094e-07,0.1836571571684433,3.2965480380825563,3.1091425774139756,True,ok,,0.4,0.18,0.084
2020-09-06 19:00:00+00:00,0.20876922971202092,0.20876922971202092,2.9844118670796504e-07,0.20876952815320762,3.1091425774139756,2.8961127511772196,True,ok,,0.2,0.07,0.084
2020-09-06 20:00:00+00:00,0.1191790346068477,0.1191790346068477,2.9840181259288556e-07,0.1191793330086603,2.8961127511772196,2.7745014913743136,True,ok,,0.2,0.07,0.084
2020-09-06 21:00:00+00:00,0.15419997927950269,0.15419997927950269,2.983589324212499e-07,0.1542002776384351,2.7745014913743136,2.6171545737421678,True,ok,,0.2,0.07,0.084
2020-09-06 22:00:00+00:00,0.07673161834238858,0.07673161834238858,2.9831304598770814e-07,0.07673191665543456,2.6171545737421678,2.5388570040050364,True,ok,,0.2,0.07,0.084
2020-09-06 23:00:00+00:00,0.10013397959448844,0.10013397959448844,2.982658351691203e-07,0.10013427786032361,2.5388570040050364,2.4366794738065787,True,ok,,0.2,0.07,0.084
2020-09-07 00:00:00+00:00,0.1307708685970433,0.1307708685970433,2.9821500585613947e-07,0.13077116681204914,2.4366794738065787,2.303239811972861,True,ok,,0.2,0.07,0.084
2020-09-07 01:00:00+00:00,0.08696831306458461,0.08696831306458461,2.9815990774950674e-07,0.08696861122449236,2.303239811972861,2.2144966353763462,True,ok,,0.2,0.07,0.084
2020-09-07 02:00:00+00:00,0.19179179358674917,0.19179179358674917,9.530987493677756e-08,0.1917918888966241,2.2144966353763462,2.0187907235531326,True,ok,,0.2,0.07,0.084
2020-09-07 03:00:00+00:00,1.036536459220726,1.036536459220726,3.1796831700958705e-07,1.036536777189043,2.0187907235531326,0.9611004590421877,True,ok,,0.2,0.07,0.084
2020-09-07 04:00:00+00:00,0.9418775502780435,0.9418775502780435,-3.732122055843945e-09,0.9418775465459215,0.9611004590421877,9.17942143185968e-07,True,ok,,0.3,0.1,0.084
2020-09-07 05:00:00+00:00,-0.03694191534794877,-0.03694191534794877,-0.018068925396767903,-0.055010840744716676,9.17942143185968e-07,0.03620399498313298,True,ok,,0.3,0.1,0.084
2020-09-07 06:00:00+00:00,-0.6590415665664626,-0.6590415665664626,-0.5627136190979227,-1.2217551856643853,0.03620399498313298,0.6820647302182663,True,ok,,0.3,0.1,0.084
2020-09-07 07:00:00+00:00,-0.6108442918077917,-0.6108442918077917,-1.581190513076436,-2.1920348048842277,0.6820647302182663,1.2806921361899022,True,ok,,0.3,0.1,0.084
2020-09-07 08:00:00+00:00,-0.49733072976977427,-0.49733072976977427,-2.319979149603725,-2.817309879373499,1.2806921361899022,1.768076251364281,True,ok,,0.3,0.1,0.084
2020-09-07 09:00:00+00:00,-0.41854701961872254,-0.41854701961872254,-3.8909654219782257,-4.309512441596948,1.768076251364281,2.178252330590629,True,ok,,0.3,0.1,0.084
2020-09-07 10:00:00+00:00,-0.3677810142565123,-0.3677810142565123,-3.790546084206352,-4.158327098462864,2.178252330590629,2.538677724562011,True,ok,,0.3,0.1,0.084
2020-09-07 11:00:00+00:00,-0.38577967194322105,-0.38577967194322105,-4.537410070460065,-4.923189742403286,2.538677724562011,2.9167418030663677,True,ok,,0.3,0.1,0.084
2020-09-07 12:00:00+00:00,-0.3496659869867766,-0.3496659869867766,-3.5769353184715036,-3.9266013054582802,2.9167418030663677,3.2594144703134087,True,ok,,0.3,0.1,0.084
2020-09-07 13:00:00+00:00,-0.3353210913116813,-0.3353210913116813,-4.163830358818537,-4.499151450130218,3.2594144703134087,3.588029139798856,True,ok,,0.3,0.1,0.084
2020-09-07 14:00:00+00:00,-0.3045686770704101,-0.3045686770704101,-2.877118790688273,-3.181687467758683,3.588029139798856,3.886506443327858,True,ok,,0.3,0.1,0.084
2020-09-07 15:00:00+00:00,2.2340268971429178e-07,2.2340268971429178e-07,-1.8785726524339377,-1.878572429031248,3.886506443327858,3.8865062153659298,True,ok,,0.4,0.18,0.084
2020-09-07 16:00:00+00:00,2.2340276037190798e-07,2.2340276037190798e-07,-0.7260619227870516,-0.7260616993842912,3.8865062153659298,3.8865059874039294,True,ok,,0.4,0.18,0.084
2020-09-07 17:00:00+00:00,0.3638318446043456,0.3638318446043456,-2.4280284233180183e-07,0.36383160180150326,3.8865059874039294,3.5152490031137806,True,ok,,0.4,0.18,0.084
2020-09-07 18:00:00+00:00,0.20394133142029217,0.20394133142029217,-2.42802941863296e-07,0.2039410886173503,3.5152490031137806,3.3071456037053193,True,ok,,0.4,0.18,0.084
2020-09-07 19:00:00+00:00,0.33954663513579947,0.33954663513579947,2.256756466700871e-07,0.33954686081144614,3.3071456037053193,2.960669445403483,True,ok,,0.2,0.07,0.084
2020-09-07 20:00:00+00:00,0.25000546853362976,0.25000546853362976,2.2567557506070202e-07,0.2500056942092048,2.960669445403483,2.7055618244508,True,ok,,0.2,0.07,0.084
2020-09-07 21:00:00+00:00,0.12023230183504062,0.12023230183504062,2.2567528457084762e-07,0.12023252751032519,2.7055618244508,2.5828758021701463,True,ok,,0.2,0.07,0.084
2020-09-07 22:00:00+00:00,0.21390719133838126,0.21390719133838126,2.256755287644019e-07,0.21390741701391003,2.5828758021701463,2.3646031579473084,True,ok,,0.2,0.07,0.084
2020-09-07 23:00:00+00:00,0.7557133269740601,0.7557133269740601,2.2567575586052158e-07,0.755713552649816,2.3646031579473084,1.5934671100145938,True,ok,,0.2,0.07,0.084
2020-09-08 00:00:00+00:00,0.16130213551094066,0.16130213551094066,2.2567540486351234e-07,0.16130236118634553,1.5934671100145938,1.4288730941871033,True,ok,,0.2,0.07,0.084
2020-09-08 01:00:00+00:00,0.6041991905749485,0.6041991905749485,2.2567570523435165e-07,0.6041994162506538,1.4288730941871033,0.8123433078861354,True,ok,,0.2,0.07,0.084
2020-09-08 02:00:00+00:00,0.31312163467493637,0.31312163467493637,2.2567556706709624e-07,0.31312186035050343,0.8123433078861354,0.4928314357688534,True,ok,,0.2,0.07,0.084
2020-09-08 03:00:00+00:00,0.22558733006682083,0.22558733006682083,2.2567544286089536e-07,0.2255875557422637,0.4928314357688534,0.2626402826394444,True,ok,,0.2,0.07,0.084
2020-09-08 04:00:00+00:00,0.1127780225784614,0.1127780225784614,-5.146346987450201e-09,0.11277801743211441,0.2626402826394444,0.14756066776346338,True,ok,,0.3,0.1,0.084
2020-09-08 05:00:00+00:00,-0.07353340853287743,-0.07353340853287743,-0.03221720538016523,-0.10575061391304266,0.14756066776346338,0.21962340812568326,True,ok,,0.3,0.1,0.084
2020-09-08 06:00:00+00:00,-0.23222354142194687,-0.23222354142194687,-0.04466996707391743,-0.2768935084958643,0.21962340812568326,0.44720247871919117,True,ok,,0.3,0.1,0.084
2020-09-08 07:00:00+00:00,-0.5873529059273068,-0.5873529059273068,-0.05771163823741632,-0.6450645441647231,0.44720247871919117,1.0228083265279517,True,ok,,0.3,0.1,0.084
2020-09-08 08:00:00+00:00,-1.560775799888643,-1.560775799888643,-0.06525611114513685,-1.6260319110337798,1.0228083265279517,2.5523686104188217,True,ok,,0.3,0.1,0.084
2020-09-08 09:00:00+00:00,-1.105124620653971,-1.105124620653971,-0.06502256124198635,-1.1701471818959575,2.5523686104188217,3.635390738659713,True,ok,,0.3,0.1,0.084
2020-09-08 10:00:00+00:00,0.2958023107704619,0.2958023107704619,-5.146333359462574e-09,0.2958023056241285,3.635390738659713,3.333551646036793,True,ok,,0.3,0.1,0.084
2020-09-08 11:00:00+00:00,-0.6397961786400503,-0.6397961786400503,-0.03602278750274246,-0.6758189661427928,3.333551646036793,3.960551901104042,True,ok,,0.3,0.1,0.084
2020-09-08 12:00:00+00:00,-0.8712836242324014,-0.8712836242324014,-0.03676301466167975,-0.9080466388940811,3.960551901104042,4.814409852851796,True,ok,,0.3,0.1,0.084
2020-09-08 13:00:00+00:00,-1.4603030581765994,-1.4603030581765994,-0.03750870501709036,-1.4978117631936898,4.814409852851796,6.245506849864864,True,ok,,0.3,0.1,0.084
2020-09-08 14:00:00+00:00,1.3430817288518897,1.3430817288518897,-5.14632958470429e-09,1.3430817237055601,6.245506849864864,4.875015289811914,True,ok,,0.3,0.1,0.084
2020-09-08 15:00:00+00:00,2.234027469329764e-07,2.234027469329764e-07,-0.21046134808764128,-0.21046112468489434,4.875015289811914,4.875015061849927,True,ok,,0.4,0.18,0.084
2020-09-08 16:00:00+00:00,0.9788504585144078,0.9788504585144078,-2.428025951406454e-07,0.9788502157118126,4.875015061849927,3.876188063365838,True,ok,,0.4,0.18,0.084
2020-09-08 17:00:00+00:00,1.0860550525918786,1.0860550525918786,-2.428025136502754e-07,1.086054809789365,3.876188063365838,2.7679686219455535,True,ok,,0.4,0.18,0.084
2020-09-08 18:00:00+00:00,0.2903244088939453,0.2903244088939453,-2.4280266214260493e-07,0.29032416609128314,2.7679686219455535,2.471719225114997,True,ok,,0.4,0.18,0.084
2020-09-08 19:00:00+00:00,0.2680449129084139,0.2680449129084139,2.2567582907973005e-07,0.268045138584243,2.471719225114997,2.1982040078615137,True,ok,,0.2,0.07,0.084
2020-09-08 20:00:00+00:00,0.2365078295581713,0.2365078295581713,2.2567578422671986e-07,0.23650805523395552,2.1982040078615137,1.9568694879041961,True,ok,,0.2,0.07,0.084
2020-09-08 21:00:00+00:00,0.22545096896027755,0.22545096896027755,2.2567574953225034e-07,0.22545119463602709,1.9568694879041961,1.7268174787610557,True,ok,,0.2,0.07,0.084
2020-09-08 22:00:00+00:00,0.18493194096960303,0.18493194096960303,2.2567565902131825e-07,0.18493216664526205,1.7268174787610557,1.5381114165471752,True,ok,,0.2,0.07,0.084
2020-09-08 23:00:00+00:00,0.13505594098396728,0.13505594098396728,2.256754938201322e-07,0.1350561666594611,1.5381114165471752,1.4002992318696577,True,ok,,0.2,0.07,0.084
2020-09-09 00:00:00+00:00,0.18339535790898506,0.18339535790898506,2.2567558835562274e-07,0.18339558358457342,1.4002992318696577,1.2131611115543668,True,ok,,0.2,0.07,0.084
2020-09-09 01:00:00+00:00,0.20504680192819943,0.20504680192819943,2.2567558582986535e-07,0.20504702760378526,1.2131611115543668,1.0039296810153877,True,ok,,0.2,0.07,0.084
2020-09-09 02:00:00+00:00,0.2974772461528177,0.2974772461528177,2.2567564272879537e-07,0.2974774718284604,1.0039296810153877,0.7003814706553697,True,ok,,0.2,0.07,0.084
2020-09-09 03:00:00+00:00,0.2264333300255536,0.2264333300255536,2.2567549010088506e-07,0.2264335557010437,0.7003814706553697,0.46932705226194765,True,ok,,0.2,0.07,0.084
2020-09-09 04:00:00+00:00,0.14559653286584084,0.14559653286584084,-5.14634332371422e-09,0.14559652771949752,0.46932705226194765,0.3207591615825182,True,ok,,0.3,0.1,0.084
2020-09-09 05:00:00+00:00,0.22971353175820158,0.22971353175820158,-5.146343712292278e-09,0.22971352661185787,0.3207591615825182,0.08635759856394518,True,ok,,0.3,0.1,0.084
2020-09-09 06:00:00+00:00,-0.3437192306100353,-0.3437192306100353,-0.09244461033580059,-0.4361638409458359,0.08635759856394518,0.4232024445617798,True,ok,,0.3,0.1,0.084
2020-09-09 07:00:00+00:00,-1.0436161651021945,-1.0436161651021945,-0.1539287421597566,-1.197544907261951,0.4232024445617798,1.4459462863619303,True,ok,,0.3,0.1,0.084
2020-09-09 08:00:00+00:00,-0.15676011133148648,-0.15676011133148648,-0.08408054146793767,-0.24084065279942415,1.4459462863619303,1.599571195466787,True,ok,,0.3,0.1,0.084
2020-09-09 09:00:00+00:00,1.191610137137221,1.191610137137221,-5.146357340279906e-09,1.1916101319908636,1.599571195466787,0.38364248410227586,True,ok,,0.3,0.1,0.084
2020-09-09 10:00:00+00:00,-0.10060741839555477,-0.10060741839555477,-0.078959303320866,-0.17956672171642077,0.38364248410227586,0.48223775412991954,True,ok,,0.3,0.1,0.084
2020-09-09 11:00:00+00:00,-1.5718641493975878,-1.5718641493975878,-1.3256202721908639,-2.8974844215884517,0.48223775412991954,2.0226646205395555,True,ok,,0.3,0.1,0.084
2020-09-09 12:00:00+00:00,-1.3108735140064152,-1.3108735140064152,-2.016918421089792,-3.327791935096207,2.0226646205395555,3.307320664265842,True,ok,,0.3,0.1,0.084
2020-09-09 13:00:00+00:00,-0.4339488007591665,-0.4339488007591665,-0.5662936265723852,-1.0002424273315518,3.307320664265842,3.732590489009825,True,ok,,0.3,0.1,0.084
2020-09-09 14:00:00+00:00,-0.389780009929413,-0.389780009929413,-0.5302770143784957,-0.9200570243079087,3.732590489009825,4.11457489874065,True,ok,,0.3,0.1,0.084
2020-09-09 15:00:00+00:00,2.2276402972963002e-07,2.2276402972963002e-07,-0.16080938107004208,-0.16080915830601236,4.11457489874065,4.114574671430415,True,ok,,0.4,0.18,0.084
2020-09-09 16:00:00+00:00,0.6139690761662872,0.6139690761662872,-2.07348424874354e-07,0.6139688688178623,4.114574671430415,3.4880756141178777,True,ok,,0.4,0.18,0.084
2020-09-09 17:00:00+00:00,0.26372635580423004,0.26372635580423004,-2.0608754247586347e-07,0.26372614971668756,3.4880756141178777,3.2189670877870307,True,ok,,0.4,0.18,0.084
2020-09-09 18:00:00+00:00,0.9355744119664726,0.9355744119664726,-1.9120316041565388e-07,0.9355742207633122,3.2189670877870307,2.2642993204743034,True,ok,,0.4,0.18,0.084
2020-09-09 19:00:00+00:00,0.2589740823804903,0.2589740823804903,3.0612618706626904e-07,0.25897438850667737,2.2642993204743034,2.0000400527391093,True,ok,,0.2,0.07,0.084
2020-09-09 20:00:00+00:00,0.16623277686704346,0.16623277686704346,3.0608439635648743e-07,0.16623308295143982,2.0000400527391093,1.8304147702217182,True,ok,,0.2,0.07,0.084
2020-09-09 21:00:00+00:00,0.23196858256138447,0.23196858256138447,3.0603663353501176e-07,0.231968888598018,1.8304147702217182,1.5937121349549992,True,ok,,0.2,0.07,0.084
2020-09-09 22:00:00+00:00,0.14008761030938288,0.14008761030938288,3.059879999656179e-07,0.14008791629738285,1.5937121349549992,1.4507655938229758,True,ok,,0.2,0.07,0.084
2020-09-09 23:00:00+00:00,0.15057591629604639,0.15057591629604639,3.0593295738401416e-07,0.15057622222900377,1.4507655938229758,1.2971166996433365,True,ok,,0.2,0.07,0.084
2020-09-10 00:00:00+00:00,0.20939458276781106,0.20939458276781106,3.0587428831441166e-07,0.20939488864209937,1.2971166996433365,1.0834487580435292,True,ok,,0.2,0.07,0.084
2020-09-10 01:00:00+00:00,0.4370955312535518,0.4370955312535518,1.0648117965139647e-07,0.4370956377347314,1.0834487580435292,0.6374329098256193,True,ok,,0.2,0.07,0.084
2020-09-10 02:00:00+00:00,0.35160597841746166,0.35160597841746166,3.265539160191011e-07,0.3516063049713777,0.6374329098256193,0.27865129919555637,True,ok,,0.2,0.07,0.084
2020-09-10 03:00:00+00:00,0.1599707847406663,0.1599707847406663,3.2646157338556137e-07,0.1599711112022397,0.27865129919555637,0.11541580456222339,True,ok,,0.2,0.07,0.084
2020-09-10 04:00:00+00:00,0.11310664374721499,0.11310664374721499,-3.6410722631385894e-09,0.11310664010614273,0.11541580456222339,8.619630244149912e-07,True,ok,,0.3,0.1,0.084
2020-09-10 05:00:00+00:00,-0.018511568986502504,-0.018511568986502504,-0.009041384737244178,-0.027552953723746682,8.619630244149912e-07,0.018142199569796867,True,ok,,0.3,0.1,0.084
2020-09-10 06:00:00+00:00,-0.700963416697589,-0.700963416697589,-0.3380145163634879,-1.0389779330610769,0.018142199569796867,0.705086347933434,True,ok,,0.3,0.1,0.084
2020-09-10 07:00:00+00:00,-1.4422704342719328,-1.4422704342719328,-0.9596579735527921,-2.401928407824725,0.705086347933434,2.118511373519928,True,ok,,0.3,0.1,0.084
2020-09-10 08:00:00+00:00,-0.990227080204774,-0.990227080204774,-1.0253629816550185,-2.0155900618597924,2.118511373519928,3.0889339121206065,True,ok,,0.3,0.1,0.084
2020-09-10 09:00:00+00:00,-1.4862084782328788,-1.4862084782328788,-2.1899925957385005,-3.676201073971379,3.0889339121206065,4.545418220788828,True,ok,,0.3,0.1,0.084
2020-09-10 10:00:00+00:00,-1.421548391278742,-1.421548391278742,-2.6352200059551185,-4.056768397233861,4.545418220788828,5.938535644241995,True,ok,,0.3,0.1,0.084
2020-09-10 11:00:00+00:00,-1.3646645495159309,-1.3646645495159309,-2.7131916377744103,-4.077856187290341,5.938535644241995,7.275906902767607,True,ok,,0.3,0.1,0.084
2020-09-10 12:00:00+00:00,-0.7291931506817511,-0.7291931506817511,-1.148429196906441,-1.8776223475881921,7.275906902767607,7.990516190435724,True,ok,,0.3,0.1,0.084
2020-09-10 13:00:00+00:00,-0.49953669233959386,-0.49953669233959386,-0.5858677769586267,-1.0854044692982205,7.990516190435724,8.480062148928525,True,ok,,0.3,0.1,0.084
2020-09-10 14:00:00+00:00,-0.6798871659643396,-0.6798871659643396,-0.7954459453642092,-1.4753331113285488,8.480062148928525,9.146351571573577,True,ok,,0.3,0.1,0.084
2020-09-10 15:00:00+00:00,2.829535463633263e-07,2.829535463633263e-07,-1.4509523652480691,-1.4509520822945228,9.146351571573577,9.146351282845469,True,ok,,0.4,0.18,0.084
2020-09-10 16:00:00+00:00,1.816543899351783e-07,1.816543899351783e-07,-0.7722661777143596,-0.7722659960599696,9.146351282845469,9.146351097483846,True,ok,,0.4,0.18,0.084
2020-09-10 17:00:00+00:00,0.6879793977235166,0.6879793977235166,-2.0168788161800677e-07,0.687979196035635,9.146351097483846,8.44433130388842,True,ok,,0.4,0.18,0.084
2020-09-10 18:00:00+00:00,0.280279645727107,0.280279645727107,-2.0169221270904814e-07,0.2802794440348943,8.44433130388842,8.158331665391373,True,ok,,0.4,0.18,0.084
2020-09-10 19:00:00+00:00,0.21137666257310392,0.21137666257310392,2.822151930759187e-07,0.211376944788297,8.158331665391373,7.942641193378002,True,ok,,0.2,0.07,0.084
2020-09-10 20:00:00+00:00,0.2687774399779594,0.2687774399779594,2.821873603120473e-07,0.2687777221653197,7.942641193378002,7.668378499522941,True,ok,,0.2,0.07,0.084
2020-09-10 21:00:00+00:00,0.30123768971266324,0.30123768971266324,2.821600914026945e-07,0.30123797187275464,7.668378499522941,7.360993101856958,True,ok,,0.2,0.07,0.084
2020-09-10 22:00:00+00:00,0.9063784672264781,0.9063784672264781,1.156325613038689e-07,0.9063785828590394,7.360993101856958,6.4361171148911644,True,ok,,0.2,0.07,0.084
2020-09-10 23:00:00+00:00,4.999999739745647,4.999999739745647,0.17639924711844035,5.176398986864087,6.4361171148911644,1.3340765641303003,True,ok,,0.2,0.07,0.084
2020-09-11 00:00:00+00:00,0.16988057159281167,0.16988057159281167,2.896974843624722e-07,0.16988086129029603,1.3340765641303003,1.160729042096819,True,ok,,0.2,0.07,0.084
2020-09-11 01:00:00+00:00,0.1715005715223057,0.1715005715223057,2.8965354939569643e-07,0.17150086117585508,1.160729042096819,0.9857284589107929,True,ok,,0.2,0.07,0.084
2020-09-11 02:00:00+00:00,0.39198357267332656,0.39198357267332656,9.293603336901768e-08,0.39198366560935993,0.9857284589107929,0.5857452214890311,True,ok,,0.2,0.07,0.084
2020-09-11 03:00:00+00:00,0.22573586132560594,0.22573586132560594,3.044893237824642e-07,0.22573616581492972,0.5857452214890311,0.3554025058506577,True,ok,,0.2,0.07,0.084
2020-09-11 04:00:00+00:00,0.13453139960465452,0.13453139960465452,-3.888608574031949e-09,0.13453139571604594,0.3554025058506577,0.21812556747856124,True,ok,,0.3,0.1,0.084
2020-09-11 05:00:00+00:00,0.21376203923353232,0.21376203923353232,-1.7013583597513815e-09,0.21376203753217396,0.21812556747856124,1.037648426210902e-06,True,ok,,0.3,0.1,0.084
2020-09-11 06:00:00+00:00,-0.4271555220885748,-0.4271555220885748,-0.2050457034929966,-0.6322012255815714,1.037648426210902e-06,0.4186134492952295,True,ok,,0.3,0.1,0.084
2020-09-11 07:00:00+00:00,-0.32158803423896665,-0.32158803423896665,-0.2617449479441749,-0.5833329821831416,0.4186134492952295,0.7337697228494168,True,ok,,0.3,0.1,0.084
2020-09-11 08:00:00+00:00,-0.6383800808758232,-0.6383800808758232,-1.5802824748576727,-2.218662555733496,0.7337697228494168,1.3593822021077235,True,ok,,0.3,0.1,0.084
2020-09-11 09:00:00+00:00,-0.5298507591230497,-0.5298507591230497,-2.984377035835754,-3.514227794958804,1.3593822021077235,1.8786359460483122,True,ok,,0.3,0.1,0.084
2020-09-11 10:00:00+00:00,-0.4523923474931299,-0.4523923474931299,-4.05718970967635,-4.50958205716948,1.8786359460483122,2.3219804465915796,True,ok,,0.3,0.1,0.084
2020-09-11 11:00:00+00:00,-0.3964366431847799,-0.3964366431847799,-3.8721828423654943,-4.268619485550274,2.3219804465915796,2.710488356912664,True,ok,,0.3,0.1,0.084
2020-09-11 12:00:00+00:00,-0.36634475652636234,-0.36634475652636234,-3.975687623939989,-4.342032380466351,2.710488356912664,3.0695062183084993,True,ok,,0.3,0.1,0.084
2020-09-11 13:00:00+00:00,-0.32856201613743036,-0.32856201613743036,-3.0385345631320004,-3.3670965792694307,3.0695062183084993,3.391496994123181,True,ok,,0.3,0.1,0.084
2020-09-11 14:00:00+00:00,-0.29991997737845855,-0.29991997737845855,-2.143494017986341,-2.4434139953647995,3.391496994123181,3.6854185719540706,True,ok,,0.3,0.1,0.084
2020-09-11 15:00:00+00:00,0.03192515955037883,0.03192515955037883,-2.987520268116217e-07,0.031924860798352016,3.6854185719540706,3.652841878535317,True,ok,,0.4,0.18,0.084
2020-09-11 16:00:00+00:00,2.096745616600212e-07,2.096745616600212e-07,-0.24282232075398877,-0.2428221110794271,3.652841878535317,3.6528416645816826,True,ok,,0.4,0.18,0.084
2020-09-11 17:00:00+00:00,0.28424134583431854,0.28424134583431854,-2.008037522371886e-07,0.2842411450305663,3.6528416645816826,3.362799474954827,True,ok,,0.4,0.18,0.084
2020-09-11 18:00:00+00:00,0.29795139599259135,0.29795139599259135,-2.0081614865441466e-07,0.2979511951764427,3.362799474954827,3.058767438227693,True,ok,,0.4,0.18,0.084
2020-09-11 19:00:00+00:00,0.3364542443382165,0.3364542443382165,2.839935400733573e-07,0.3364545283317566,3.058767438227693,2.715446780739717,True,ok,,0.2,0.07,0.084
2020-09-11 20:00:00+00:00,0.2152575773970211,0.2152575773970211,2.8396819104492543e-07,0.21525786136521213,2.715446780739717,2.495796191559083,True,ok,,0.2,0.07,0.084
2020-09-11 21:00:00+00:00,0.19895104950818734,0.19895104950818734,2.839377853947056e-07,0.19895133344597274,2.495796191559083,2.292784916550729,True,ok,,0.2,0.07,0.084
2020-09-11 22:00:00+00:00,0.1138814661856219,0.1138814661856219,2.8390529495381234e-07,0.11388175009091685,2.292784916550729,2.1765793388102983,True,ok,,0.2,0.07,0.084
2020-09-11 23:00:00+00:00,0.21101241087198755,0.21101241087198755,2.838709567687392e-07,0.21101269474294432,2.1765793388102983,1.9612605522062294,True,ok,,0.2,0.07,0.084
2020-09-12 00:00:00+00:00,0.25927741015838035,0.25927741015838035,2.8383646000218477e-07,0.25927769399484035,1.9612605522062294,1.6966917663303311,True,ok,,0.2,0.07,0.084
2020-09-12 01:00:00+00:00,0.1715277437882366,0.1715277437882366,2.838018793860364e-07,0.17152802759011598,1.6966917663303311,1.5216634563423346,True,ok,,0.2,0.07,0.084
2020-09-12 02:00:00+00:00,0.770249772265171,0.770249772265171,2.8376319594070054e-07,0.7702500560283669,1.5216634563423346,0.7356943009697111,True,ok,,0.2,0.07,0.084
2020-09-12 03:00:00+00:00,0.18792588306402447,0.18792588306402447,2.8374325589108906e-07,0.18792616680728036,0.7356943009697111,0.5439331958023392,True,ok,,0.2,0.07,0.084
2020-09-12 04:00:00+00:00,0.3069629209938267,0.3069629209938267,-4.155663424487699e-09,0.3069629168381633,0.5439331958023392,0.23070572540047524,True,ok,,0.3,0.1,0.084
2020-09-12 05:00:00+00:00,0.22609031878087196,0.22609031878087196,-4.156187866088956e-09,0.2260903146246841,0.23070572540047524,1.3184812181210592e-06,True,ok,,0.3,0.1,0.084
2020-09-12 06:00:00+00:00,-0.3042838561882051,-0.3042838561882051,-0.15975040373007027,-0.46403425991827535,1.3184812181210592e-06,0.2981994975456591,True,ok,,0.3,0.1,0.084
2020-09-12 07:00:00+00:00,-0.8851741035757854,-0.8851741035757854,-1.0394237575741563,-1.9245978611499417,0.2981994975456591,1.1656701190499288,True,ok,,0.3,0.1,0.084
2020-09-12 08:00:00+00:00,-0.6888335284045125,-0.6888335284045125,-2.3515926058613736,-3.040426134265886,1.1656701190499288,1.840726976886351,True,ok,,0.3,0.1,0.084
2020-09-12 09:00:00+00:00,-0.509723225548459,-0.509723225548459,-2.9056132947923397,-3.415336520340799,1.840726976886351,2.3402557379238407,True,ok,,0.3,0.1,0.084
2020-09-12 10:00:00+00:00,-0.45697954039022093,-0.45697954039022093,-3.8835155794788028,-4.340495119869024,2.3402557379238407,2.788095687506257,True,ok,,0.3,0.1,0.084
2020-09-12 11:00:00+00:00,-0.41778125673726246,-0.41778125673726246,-4.490682333251461,-4.908463589988723,2.788095687506257,3.197521319108774,True,ok,,0.3,0.1,0.084
2020-09-12 12:00:00+00:00,-0.3853878251817888,-0.3853878251817888,-4.251031969575001,-4.63641979475679,3.197521319108774,3.5752013877869273,True,ok,,0.3,0.1,0.084
2020-09-12 13:00:00+00:00,-0.35715511920268334,-0.35715511920268334,-3.4421241762355033,-3.7992792954381867,3.5752013877869273,3.925213404605557,True,ok,,0.3,0.1,0.084
2020-09-12 14:00:00+00:00,-0.32939823004835356,-0.32939823004835356,-2.442229558287439,-2.7716277883357927,3.925213404605557,4.248023670052944,True,ok,,0.3,0.1,0.084
2020-09-12 15:00:00+00:00,2.2276851490298277e-07,2.2276851490298277e-07,-1.6475411814990777,-1.6475409587305627,4.248023670052944,4.248023442738132,True,ok,,0.4,0.18,0.084
2020-09-12 16:00:00+00:00,0.4848151282350875,0.4848151282350875,-2.073407824321194e-07,0.48481492089430506,4.248023442738132,3.7533141282125326,True,ok,,0.4,0.18,0.084
2020-09-12 17:00:00+00:00,0.2506155654867346,0.2506155654867346,-1.9151025737462746e-07,0.2506153739764772,3.7533141282125326,3.4975839593485176,True,ok,,0.4,0.18,0.084
2020-09-12 18:00:00+00:00,0.7136607446413585,0.7136607446413585,-1.915250896766807e-07,0.7136605531162689,3.4975839593485176,2.7693587097144783,True,ok,,0.4,0.18,0.084
2020-09-12 19:00:00+00:00,0.7258876101899979,0.7258876101899979,3.0529411376711835e-07,0.7258879154841117,2.7693587097144783,2.02865706666346,True,ok,,0.2,0.07,0.084
2020-09-12 20:00:00+00:00,0.7541392493371656,0.7541392493371656,3.0527202676822185e-07,0.7541395546091924,2.02865706666346,1.2591272204010462,True,ok,,0.2,0.07,0.084
2020-09-12 21:00:00+00:00,0.257297360972232,0.257297360972232,3.0524896260653023e-07,0.2572976662211946,1.2591272204010462,0.9965788928783605,True,ok,,0.2,0.07,0.084
2020-09-12 22:00:00+00:00,0.12590822264635923,0.12590822264635923,3.0520209617912464e-07,0.1259085278484554,0.9965788928783605,0.8681011146677899,True,ok,,0.2,0.07,0.084
2020-09-12 23:00:00+00:00,0.09568941704641097,0.09568941704641097,3.051472010212608e-07,0.09568972219361199,0.8681011146677899,0.7704588523755338,True,ok,,0.2,0.07,0.084
2020-09-13 00:00:00+00:00,0.10202333399393206,0.10202333399393206,3.050889765682241e-07,0.10202363908290862,0.7704588523755338,0.6663534095245827,True,ok,,0.2,0.07,0.084
2020-09-13 01:00:00+00:00,0.15754211150907643,0.15754211150907643,3.050264068271691e-07,0.15754241653548326,0.6663534095245827,0.5055961528826679,True,ok,,0.2,0.07,0.084
2020-09-13 02:00:00+00:00,0.11087680643424533,0.11087680643424533,3.0495830591337203e-07,0.11087711139255124,0.5055961528826679,0.39245655448037675,True,ok,,0.2,0.07,0.084
2020-09-13 03:00:00+00:00,0.10753558425451996,0.10753558425451996,3.0488359574476487e-07,0.10753588913811571,0.39245655448037675,0.2827263664655605,True,ok,,0.2,0.07,0.084
2020-09-13 04:00:00+00:00,0.2770708289272244,0.2770708289272244,-3.883915578040131e-09,0.2770708250433088,0.2827263664655605,1.0308255355973017e-06,True,ok,,0.3,0.1,0.084
2020-09-13 05:00:00+00:00,-0.00591405179320629,-0.00591405179320629,-0.0029451255830041214,-0.008859177376210411,1.0308255355973017e-06,0.0057968015828777615,True,ok,,0.3,0.1,0.084
2020-09-13 06:00:00+00:00,-0.32639724356236116,-0.32639724356236116,-0.2839555603877478,-0.6103528039501089,0.0057968015828777615,0.3256661002739917,True,ok,,0.3,0.1,0.084
2020-09-13 07:00:00+00:00,-0.35747456225057544,-0.35747456225057544,-1.4679208064767468,-1.8253953687273223,0.3256661002739917,0.6759911712795557,True,ok,,0.3,0.1,0.084
2020-09-13 08:00:00+00:00,-0.2500099999554852,-0.2500099999554852,-2.367714504326798,-2.617724504282283,0.6759911712795557,0.9210009712359312,True,ok,,0.3,0.1,0.084
2020-09-13 09:00:00+00:00,-0.20132523603888322,-0.20132523603888322,-3.8133038183667054,-4.014629054405589,0.9210009712359312,1.1182997025540367,True,ok,,0.3,0.1,0.084
2020-09-13 10:00:00+00:00,-0.1768871264230883,-0.1768871264230883,-4.372844495047673,-4.5497316214707615,1.1182997025540367,1.2916490864486632,True,ok,,0.3,0.1,0.084
2020-09-13 11:00:00+00:00,-0.1585857210368842,-0.1585857210368842,-3.753670914132167,-3.9122566351690513,1.2916490864486632,1.4470630930648096,True,ok,,0.3,0.1,0.084
2020-09-13 12:00:00+00:00,-0.14671839296820224,-0.14671839296820224,-4.487574864782478,-4.63429325775068,1.4470630930648096,1.5908471181736479,True,ok,,0.3,0.1,0.084
2020-09-13 13:00:00+00:00,-0.13542305131146035,-0.13542305131146035,-3.3311570049585035,-3.466580056269964,1.5908471181736479,1.723561708458879,True,ok,,0.3,0.1,0.084
2020-09-13 14:00:00+00:00,-0.12641340869278525,-0.12641340869278525,-2.667937539960308,-2.794350948653093,1.723561708458879,1.8474468489778086,True,ok,,0.3,0.1,0.084
2020-09-13 15:00:00+00:00,8.10181421352321e-08,8.10181421352321e-08,-1.0645442904248021,-1.06454420940666,1.8474468489778086,1.847446766306235,True,ok,,0.4,0.18,0.084
2020-09-13 16:00:00+00:00,0.21375139593336465,0.21375139593336465,-2.3655103931208288e-07,0.21375115938232533,1.847446766306235,1.6293330969864752,True,ok,,0.4,0.18,0.084
2020-09-13 17:00:00+00:00,0.0564310998035224,0.0564310998035224,-6.825970659540825e-08,0.056431031543815804,1.6293330969864752,1.5717503420849217,True,ok,,0.4,0.18,0.084
2020-09-13 18:00:00+00:00,0.20740059515036635,0.20740059515036635,-2.0622873464493097e-07,0.2074003889216317,1.5717503420849217,1.360117081727405,True,ok,,0.4,0.18,0.084
2020-09-13 19:00:00+00:00,0.1960845043444151,0.1960845043444151,2.735432470257759e-07,0.19608477788766213,1.360117081727405,1.1600308528045324,True,ok,,0.2,0.07,0.084
2020-09-13 20:00:00+00:00,0.09786344859146603,0.09786344859146603,2.7352097767274763e-07,0.09786372211244371,1.1600308528045324,1.0601701909765058,True,ok,,0.2,0.07,0.084
2020-09-13 21:00:00+00:00,0.1799250601186473,0.1799250601186473,2.7349782136254497e-07,0.17992533361646867,1.0601701909765058,0.8765731908554371,True,ok,,0.2,0.07,0.084
2020-09-13 22:00:00+00:00,0.07502269903371865,0.07502269903371865,2.734732283404817e-07,0.07502297250694699,0.8765731908554371,0.8000194163312344,True,ok,,0.2,0.07,0.084
2020-09-13 23:00:00+00:00,0.12864178199372928,0.12864178199372928,2.734488687428094e-07,0.12864205544259802,0.8000194163312344,0.6687522918478372,True,ok,,0.2,0.07,0.084
2020-09-14 00:00:00+00:00,0.10002514318470054,0.10002514318470054,2.7342262647056526e-07,0.10002541660732701,0.6687522918478372,0.5666858192103877,True,ok,,0.2,0.07,0.084
2020-09-14 01:00:00+00:00,0.12327356002725859,0.12327356002725859,2.733959319073387e-07,0.1232738334231905,0.5666858192103877,0.44089647224379735,True,ok,,0.2,0.07,0.084
2020-09-14 02:00:00+00:00,0.16089994907101626,0.16089994907101626,2.7336821994961014e-07,0.1609002224392362,0.44089647224379735,0.2767128507427603,True,ok,,0.2,0.07,0.084
2020-09-14 03:00:00+00:00,0.10724272682104094,0.10724272682104094,2.7333928225015125e-07,0.10724300016032319,0.2767128507427603,0.16728149684373894,True,ok,,0.2,0.07,0.084
2020-09-14 04:00:00+00:00,0.16393434527397693,0.16393434527397693,-4.3039815877943255e-09,0.16393434096999535,0.16728149684373894,1.5526866196102773e-06,True,ok,,0.3,0.1,0.084
2020-09-14 05:00:00+00:00,-0.10467017697592876,-0.10467017697592876,-0.055491026099165924,-0.16016120307509468,1.5526866196102773e-06,0.10257832612302979,True,ok,,0.3,0.1,0.084
2020-09-14 06:00:00+00:00,-0.334142387230549,-0.334142387230549,-0.7104972134609359,-1.0446396006914849,0.10257832612302979,0.43003786560896784,True,ok,,0.3,0.1,0.084
2020-09-14 07:00:00+00:00,-0.24794623757351747,-0.24794623757351747,-2.1241932608608782,-2.3721394984343958,0.43003786560896784,0.673025178431015,True,ok,,0.3,0.1,0.084
2020-09-14 08:00:00+00:00,-0.1962389911399293,-0.1962389911399293,-3.3757660720894815,-3.572005063229411,0.673025178431015,0.8653393897481456,True,ok,,0.3,0.1,0.084
2020-09-14 09:00:00+00:00,-0.16657976709525601,-0.16657976709525601,-4.057436227202334,-4.224015994297591,0.8653393897481456,1.0285875615014966,True,ok,,0.3,0.1,0.084
2020-09-14 10:00:00+00:00,-0.14749322357255482,-0.14749322357255482,-4.591197447799036,-4.738690671371591,1.0285875615014966,1.1731309206026004,True,ok,,0.3,0.1,0.084
2020-09-14 11:00:00+00:00,-0.13363725372064875,-0.13363725372064875,-4.606278751945945,-4.739916005666594,1.1731309206026004,1.3040954292488363,True,ok,,0.3,0.1,0.084
2020-09-14 12:00:00+00:00,-0.12309601664486032,-0.12309601664486032,-4.3999845849615635,-4.523080601606424,1.3040954292488363,1.4247295255607995,True,ok,,0.3,0.1,0.084
2020-09-14 13:00:00+00:00,-0.11457677734995994,-0.11457677734995994,-3.880749284343411,-3.995326061693371,1.4247295255607995,1.5370147673637602,True,ok,,0.3,0.1,0.084
2020-09-14 14:00:00+00:00,-0.10706442675666329,-0.10706442675666329,-2.9107530460539173,-3.0178174728105804,1.5370147673637602,1.6419379055852903,True,ok,,0.3,0.1,0.084
2020-09-14 15:00:00+00:00,2.809758583950178e-07,2.809758583950178e-07,-1.7309456984678189,-1.7309454174919605,1.6419379055852903,1.6419376188752306,True,ok,,0.4,0.18,0.084
2020-09-14 16:00:00+00:00,2.0883077367812692e-07,2.0883077367812692e-07,-0.18761073106964446,-0.18761052223887079,1.6419376188752306,1.6419374057826044,True,ok,,0.4,0.18,0.084
2020-09-14 17:00:00+00:00,0.05193364307456252,0.05193364307456252,-6.291286890752756e-08,0.05193358016169361,1.6419374057826044,1.588943892441214,True,ok,,0.4,0.18,0.084
2020-09-14 18:00:00+00:00,0.1951613700834062,0.1951613700834062,-2.034710993026323e-07,0.1951611666123069,1.588943892441214,1.3897996372540649,True,ok,,0.4,0.18,0.084
2020-09-14 19:00:00+00:00,0.21098227065292327,0.21098227065292327,1.4593183333966309e-07,0.2109824165847566,1.3897996372540649,1.1745116059755718,True,ok,,0.2,0.07,0.084
2020-09-14 20:00:00+00:00,0.11673302110387687,0.11673302110387687,1.458768665307808e-07,0.1167331669807434,1.1745116059755718,1.0553962783185546,True,ok,,0.2,0.07,0.084
2020-09-14 21:00:00+00:00,0.13791568726032205,0.13791568726032205,1.458579048374542e-07,0.1379158331182269,1.0553962783185546,0.914665985195777,True,ok,,0.2,0.07,0.084
2020-09-14 22:00:00+00:00,0.07279784244474129,0.07279784244474129,2.9645188290294833e-07,0.07279813889662419,0.914665985195777,0.8403824724970614,True,ok,,0.2,0.07,0.084
2020-09-14 23:00:00+00:00,0.12974028664217993,0.12974028664217993,2.9640674648057086e-07,0.1297405830489264,0.8403824724970614,0.7079944249030002,True,ok,,0.2,0.07,0.084
2020-09-15 00:00:00+00:00,0.10315150958675542,0.10315150958675542,2.963571576336532e-07,0.10315180594391306,0.7079944249030002,0.6027377824675355,True,ok,,0.2,0.07,0.084
2020-09-15 01:00:00+00:00,0.11902812039504891,0.11902812039504891,2.963047846110678e-07,0.11902841669983352,0.6027377824675355,0.4812805167583019,True,ok,,0.2,0.07,0.084
2020-09-15 02:00:00+00:00,0.16927753726330189,0.16927753726330189,2.962487923585666e-07,0.16927783351209424,0.4812805167583019,0.3085483358773816,True,ok,,0.2,0.07,0.084
2020-09-15 03:00:00+00:00,0.14268545380263864,0.14268545380263864,2.9618909619388845e-07,0.14268574999173483,0.3085483358773816,0.16295093403795444,True,ok,,0.2,0.07,0.084
2020-09-15 04:00:00+00:00,0.1596908099429994,0.1596908099429994,-3.991245306478319e-09,0.15969080595175408,0.16295093403795444,1.127973669329263e-06,True,ok,,0.3,0.1,0.084
2020-09-15 05:00:00+00:00,-0.09311570998655995,-0.09311570998655995,-0.04842021238929807,-0.14153592237585802,1.127973669329263e-06,0.09125452376049809,True,ok,,0.3,0.1,0.084
2020-09-15 06:00:00+00:00,-0.36755245092870614,-0.36755245092870614,-0.759971336329705,-1.1275237872584112,0.09125452376049809,0.4514559256706301,True,ok,,0.3,0.1,0.084
2020-09-15 07:00:00+00:00,-0.26505945234251593,-0.26505945234251593,-2.037588215174452,-2.302647667516968,0.4514559256706301,0.7112141889662957,True,ok,,0.3,0.1,0.084
2020-09-15 08:00:00+00:00,-0.2110145766720853,-0.2110145766720853,-3.4213074673543553,-3.6323220440264405,0.7112141889662957,0.9180084741049394,True,ok,,0.3,0.1,0.084
2020-09-15 09:00:00+00:00,-0.1784865492341247,-0.1784865492341247,-3.738801906955919,-3.9172884561900436,0.9180084741049394,1.0929252923543815,True,ok,,0.3,0.1,0.084
2020-09-15 10:00:00+00:00,-0.15737793750038268,-0.15737793750038268,-3.6402352320516096,-3.797613169551992,1.0929252923543815,1.2471556711047564,True,ok,,0.3,0.1,0.084
2020-09-15 11:00:00+00:00,-0.1428120444068682,-0.1428120444068682,-3.069982239255577,-3.2127942836624452,1.2471556711047564,1.3871114746234872,True,ok,,0.3,0.1,0.084
2020-09-15 12:00:00+00:00,-0.13120684602851604,-0.13120684602851604,-3.532884760337616,-3.664091606366132,1.3871114746234872,1.5156941837314328,True,ok,,0.3,0.1,0.084
2020-09-15 13:00:00+00:00,-0.12246986902328645,-0.12246986902328645,-3.3874167501441144,-3.5098866191674007,1.5156941837314328,1.6357146553742536,True,ok,,0.3,0.1,0.084
2020-09-15 14:00:00+00:00,-0.11483372627033336,-0.11483372627033336,-2.850939025671019,-2.965772751941352,1.6357146553742536,1.7482517071191803,True,ok,,0.3,0.1,0.084
2020-09-15 15:00:00+00:00,2.808183453788788e-07,2.808183453788788e-07,-1.7483897887057178,-1.7483895078873724,1.7482517071191803,1.7482514205698483,True,ok,,0.4,0.18,0.084
2020-09-15 16:00:00+00:00,2.0885640625960453e-07,2.0885640625960453e-07,-0.3774054919679457,-0.3774052831115394,1.7482514205698483,1.7482512074510663,True,ok,,0.4,0.18,0.084
2020-09-15 17:00:00+00:00,0.15834004269764235,0.15834004269764235,-2.2592959150746772e-07,0.15833981676805084,1.7482512074510663,1.586679735310615,True,ok,,0.4,0.18,0.084
2020-09-15 18:00:00+00:00,0.2032071174951766,0.2032071174951766,-2.0067284933755758e-07,0.20320691682232725,1.586679735310615,1.3793255337849246,True,ok,,0.4,0.18,0.084
2020-09-15 19:00:00+00:00,0.1996855772518557,0.1996855772518557,2.842853356888053e-07,0.1996858615371914,1.3793255337849246,1.175564740670786,True,ok,,0.2,0.07,0.084
2020-09-15 20:00:00+00:00,0.14138413249913806,0.14138413249913806,2.842559024551772e-07,0.14138441675504052,1.175564740670786,1.031295217712482,True,ok,,0.2,0.07,0.084
2020-09-15 21:00:00+00:00,0.14859116006993875,0.14859116006993875,2.8422371919911704e-07,0.14859144429365795,1.031295217712482,0.8796715849880545,True,ok,,0.2,0.07,0.084
2020-09-15 22:00:00+00:00,0.0968500215421952,0.0968500215421952,2.841898961714051e-07,0.09685030573209137,0.8796715849880545,0.7808450323939778,True,ok,,0.2,0.07,0.084
2020-09-15 23:00:00+00:00,0.12232549375170784,0.12232549375170784,2.841551340893034e-07,0.12232577790684193,0.7808450323939778,0.656023099994276,True,ok,,0.2,0.07,0.084
2020-09-16 00:00:00+00:00,0.10807191023805475,0.10807191023805475,2.8411833370711737e-07,0.10807219435638846,0.656023099994276,0.5457456405676895,True,ok,,0.2,0.07,0.084
2020-09-16 01:00:00+00:00,0.13057460476651103,0.13057460476651103,2.8408009822289415e-07,0.13057488884660925,0.5457456405676895,0.41250624794880064,True,ok,,0.2,0.07,0.084
2020-09-16 02:00:00+00:00,0.13451510502646538,0.13451510502646538,2.84039806758285e-07,0.13451538906627214,0.41250624794880064,0.27524593669730535,True,ok,,0.2,0.07,0.084
2020-09-16 03:00:00+00:00,0.13129696617550146,0.13129696617550146,2.839973253510042e-07,0.1312972501728268,0.27524593669730535,0.14126944059985488,True,ok,,0.2,0.07,0.084
2020-09-16 04:00:00+00:00,0.13844276487540944,0.13844276487540944,-4.152196503293126e-09,0.13844276072321293,0.14126944059985488,1.3131759677154076e-06,True,ok,,0.3,0.1,0.084
2020-09-16 05:00:00+00:00,-0.11813066218167942,-0.11813066218167942,-0.05687069204388856,-0.17500135422556798,1.3131759677154076e-06,0.11576936211401355,True,ok,,0.3,0.1,0.084
2020-09-16 06:00:00+00:00,-0.6600567642459613,-0.6600567642459613,-0.6380951061964805,-1.2981518704424417,0.11576936211401355,0.7626249910750555,True,ok,,0.3,0.1,0.084
2020-09-16 07:00:00+00:00,-0.47702129507210167,-0.47702129507210167,-0.9805253465569418,-1.4575466416290435,0.7626249910750555,1.230105860245715,True,ok,,0.3,0.1,0.084
2020-09-16 08:00:00+00:00,-0.3831499155051431,-0.3831499155051431,-1.5415957972324188,-1.924745712737562,1.230105860245715,1.6055927774407555,True,ok,,0.3,0.1,0.084
2020-09-16 09:00:00+00:00,-0.3864161545558105,-0.3864161545558105,-2.2612168961913994,-2.64763305074721,1.6055927774407555,1.9842806089054497,True,ok,,0.3,0.1,0.084
2020-09-16 10:00:00+00:00,-0.3588030185331303,-0.3588030185331303,-3.8660850419907766,-4.224888060523907,1.9842806089054497,2.3359075670679172,True,ok,,0.3,0.1,0.084
2020-09-16 11:00:00+00:00,-0.31947328469304037,-0.31947328469304037,-3.1461090295710488,-3.4655823142640894,2.3359075670679172,2.6489913860670966,True,ok,,0.3,0.1,0.084
2020-09-16 12:00:00+00:00,-0.2996074141867924,-0.2996074141867924,-3.6448314468839462,-3.9444388610707386,2.6489913860670966,2.942606651970153,True,ok,,0.3,0.1,0.084
2020-09-16 13:00:00+00:00,-0.28007686072118804,-0.28007686072118804,-3.3380012839584845,-3.6180781446796724,2.942606651970153,3.2170819754769173,True,ok,,0.3,0.1,0.084
2020-09-16 14:00:00+00:00,-0.2544441012124631,-0.2544441012124631,-2.0080266460639122,-2.2624707472763754,3.2170819754769173,3.466437194665131,True,ok,,0.3,0.1,0.084
2020-09-16 15:00:00+00:00,2.8127975627321514e-07,2.8127975627321514e-07,-1.0875347365729222,-1.0875344552931658,3.466437194665131,3.4664369076449715,True,ok,,0.4,0.18,0.084
2020-09-16 16:00:00+00:00,2.088569655096068e-07,2.088569655096068e-07,-0.35089109493745885,-0.35089088608049335,3.4664369076449715,3.466436694525619,True,ok,,0.4,0.18,0.084
2020-09-16 17:00:00+00:00,0.15715135696493782,0.15715135696493782,-2.2594720922031186e-07,0.1571511310177286,3.466436694525619,3.3060781670103765,True,ok,,0.4,0.18,0.084
2020-09-16 18:00:00+00:00,0.17957656172427086,0.17957656172427086,-2.0068267203576795e-07,0.17957636104159883,3.3060781670103765,3.1228367774958143,True,ok,,0.4,0.18,0.084
2020-09-16 19:00:00+00:00,1.2011714952225332,1.2011714952225332,2.842643354039609e-07,1.2011717794868686,3.1228367774958143,1.8971515782891477,True,ok,,0.2,0.07,0.084
2020-09-16 20:00:00+00:00,0.13014321576655857,0.13014321576655857,2.8425421047528765e-07,0.13014350002076905,1.8971515782891477,1.7643523785273532,True,ok,,0.2,0.07,0.084
2020-09-16 21:00:00+00:00,0.1875176325313672,0.1875176325313672,2.8422218961710044e-07,0.1875179167535568,1.7643523785273532,1.5730078555361622,True,ok,,0.2,0.07,0.084
2020-09-16 22:00:00+00:00,0.13431941065028644,0.13431941065028644,2.8418929703954987e-07,0.13431969483958348,1.5730078555361622,1.4359472324236249,True,ok,,0.2,0.07,0.084
2020-09-16 23:00:00+00:00,0.16188627169741665,0.16188627169741665,2.8415441369333827e-07,0.16188655585183034,1.4359472324236249,1.2707571592629956,True,ok,,0.2,0.07,0.084
2020-09-17 00:00:00+00:00,0.1665528543471246,0.1665528543471246,2.8411822683427346e-07,0.16655313846535144,1.2707571592629956,1.100805267072052,True,ok,,0.2,0.07,0.084
2020-09-17 01:00:00+00:00,0.35903132836581775,0.35903132836581775,2.8408075486430207e-07,0.3590316124465726,1.100805267072052,0.734446768739585,True,ok,,0.2,0.07,0.084
2020-09-17 02:00:00+00:00,0.326706494302617,0.326706494302617,2.8404884921950924e-07,0.3267067783514662,0.734446768739585,0.4010727949614044,True,ok,,0.2,0.07,0.084
2020-09-17 03:00:00+00:00,0.19175449236647962,0.19175449236647962,8.980549034975915e-08,0.19175458217196997,0.4010727949614044,0.20540494560785377,True,ok,,0.2,0.07,0.084
2020-09-17 04:00:00+00:00,0.2012957541375384,0.2012957541375384,-3.977851048553305e-09,0.20129575015968734,0.20540494560785377,1.1148552635786846e-06,True,ok,,0.3,0.1,0.084
2020-09-17 05:00:00+00:00,-0.05296614842773109,-0.05296614842773109,-0.024998962822616308,-0.0779651112503474,1.1148552635786846e-06,0.05190794031444005,True,ok,,0.3,0.1,0.084
2020-09-17 06:00:00+00:00,-0.6699784215395649,-0.6699784215395649,-0.3566737778895487,-1.0266521994291136,0.05190794031444005,0.7084867934232136,True,ok,,0.3,0.1,0.084
2020-09-17 07:00:00+00:00,-1.0394167867112087,-1.0394167867112087,-0.9249844643932994,-1.9644012511045081,0.7084867934232136,1.7271152444001983,True,ok,,0.3,0.1,0.084
2020-09-17 08:00:00+00:00,-1.3578341394078923,-1.3578341394078923,-2.3689202599699235,-3.726754399377816,1.7271152444001983,3.057792701019933,True,ok,,0.3,0.1,0.084
2020-09-17 09:00:00+00:00,-1.1427992408453167,-1.1427992408453167,-3.396438093390558,-4.5392373342358745,3.057792701019933,4.177735957048343,True,ok,,0.3,0.1,0.084
2020-09-17 10:00:00+00:00,-1.0830520300900555,-1.0830520300900555,-3.9128761241459094,-4.995928154235965,4.177735957048343,5.239126946536597,True,ok,,0.3,0.1,0.084
2020-09-17 11:00:00+00:00,-0.9995729473471607,-0.9995729473471607,-3.9027468141692387,-4.9023197615164,5.239126946536597,6.218708434936815,True,ok,,0.3,0.1,0.084
2020-09-17 12:00:00+00:00,-0.960660463291943,-0.960660463291943,-3.752220228317403,-4.712880691609346,6.218708434936815,7.160155688962919,True,ok,,0.3,0.1,0.084
2020-09-17 13:00:00+00:00,-0.9147390711851383,-0.9147390711851383,-3.0558967752891144,-3.9706358464742526,7.160155688962919,8.056599978724355,True,ok,,0.3,0.1,0.084
2020-09-17 14:00:00+00:00,-0.6846551178788086,-0.6846551178788086,-1.3869248027941055,-2.071579920672914,8.056599978724355,8.727561994245587,True,ok,,0.3,0.1,0.084
2020-09-17 15:00:00+00:00,5.7428635380249346e-08,5.7428635380249346e-08,-1.5611861844057258,-1.5611861269770904,8.727561994245587,8.727561935644939,True,ok,,0.4,0.18,0.084
2020-09-17 16:00:00+00:00,5.230462508365351e-08,5.230462508365351e-08,-0.08255867248830302,-0.08255862018367793,8.727561935644939,8.727561882272873,True,ok,,0.4,0.18,0.084
2020-09-17 17:00:00+00:00,1.1137508633162199,1.1137508633162199,-1.9720375887821717e-07,1.113750666112461,8.727561882272873,7.5910814095012205,True,ok,,0.4,0.18,0.084
2020-09-17 18:00:00+00:00,0.2571418356229319,0.2571418356229319,-1.9720886684782002e-07,0.25714163841406507,7.5910814095012205,7.328691781314555,True,ok,,0.4,0.18,0.084
2020-09-17 19:00:00+00:00,0.22439059710465295,0.22439059710465295,2.917002067392982e-07,0.2243908888048597,7.328691781314555,7.099721784268991,True,ok,,0.2,0.07,0.084
2020-09-17 20:00:00+00:00,0.11446173597413835,0.11446173597413835,2.916656747370405e-07,0.11446202763981309,7.099721784268991,6.982924094499462,True,ok,,0.2,0.07,0.084
2020-09-17 21:00:00+00:00,0.16236159724159066,0.16236159724159066,2.916280129605653e-07,0.16236188886960362,6.982924094499462,6.817248995273349,True,ok,,0.2,0.07,0.084
2020-09-17 22:00:00+00:00,0.06066931949021172,0.06066931949021172,2.9158762676617656e-07,0.060669611077838484,6.817248995273349,6.755341526405786,True,ok,,0.2,0.07,0.084
2020-09-17 23:00:00+00:00,0.14527218062440725,0.14527218062440725,2.915479062615134e-07,0.1452724721723135,6.755341526405786,6.607104607401289,True,ok,,0.2,0.07,0.084
2020-09-18 00:00:00+00:00,0.08268337520793406,0.08268337520793406,2.915034493927715e-07,0.08268366671138346,6.607104607401289,6.522733816372785,True,ok,,0.2,0.07,0.084
2020-09-18 01:00:00+00:00,3.6693126785995465,3.6693126785995465,2.9145857682877363e-07,3.6693129700581233,6.522733816372785,2.7785372055569213,True,ok,,0.2,0.07,0.084
2020-09-18 02:00:00+00:00,2.4250216217589946,2.4250216217589946,2.9145420521459187e-07,2.4250219132132,2.7785372055569213,0.3040253466191718,True,ok,,0.2,0.07,0.084
2020-09-18 03:00:00+00:00,0.13035998625738204,0.13035998625738204,2.914456912750385e-07,0.13036027770307332,0.3040253466191718,0.17100495247898603,True,ok,,0.2,0.07,0.084
2020-09-18 04:00:00+00:00,0.16588814277837158,0.16588814277837158,-4.052349206196126e-09,0.16588813872602237,0.17100495247898603,0.0017313373990150427,True,ok,,0.3,0.1,0.084
2020-09-18 05:00:00+00:00,0.001695541114097055,0.001695541114097055,-4.054580349851372e-09,0.0016955370595167051,0.0017313373990150427,1.1934050384559275e-06,True,ok,,0.3,0.1,0.084
2020-09-18 06:00:00+00:00,-0.3994855446033765,-0.3994855446033765,-0.36659250640666075,-0.7660780510100372,1.1934050384559275e-06,0.39149702711634743,True,ok,,0.3,0.1,0.084
2020-09-18 07:00:00+00:00,-0.3744004128899823,-0.3744004128899823,-1.6011219734588573,-1.9755223863488396,0.39149702711634743,0.7584094317485301,True,ok,,0.3,0.1,0.084
2020-09-18 08:00:00+00:00,-0.30563311198343257,-0.30563311198343257,-3.5919451857982376,-3.89757829778167,0.7584094317485301,1.057929881492294,True,ok,,0.3,0.1,0.084
2020-09-18 09:00:00+00:00,-0.23849160045393805,-0.23849160045393805,-4.454817597018035,-4.693309197471973,1.057929881492294,1.2916516499371533,True,ok,,0.3,0.1,0.084
2020-09-18 10:00:00+00:00,-0.20960649994921338,-0.20960649994921338,-4.996111410865528,-5.205717910814742,1.2916516499371533,1.4970660198873824,True,ok,,0.3,0.1,0.084
2020-09-18 11:00:00+00:00,-0.19163257045067703,-0.19163257045067703,-4.998194538601992,-5.189827109052669,1.4970660198873824,1.684865938929046,True,ok,,0.3,0.1,0.084
2020-09-18 12:00:00+00:00,-0.17301477651546,-0.17301477651546,-4.590249114472609,-4.763263890988069,1.684865938929046,1.8544204199141967,True,ok,,0.3,0.1,0.084
2020-09-18 13:00:00+00:00,-0.16088532947916853,-0.16088532947916853,-3.9845505612676795,-4.145435890746848,1.8544204199141967,2.0120880428037817,True,ok,,0.3,0.1,0.084
2020-09-18 14:00:00+00:00,-0.14976076043556355,-0.14976076043556355,-2.8527515792437455,-3.002512339679309,2.0120880428037817,2.158853588030634,True,ok,,0.3,0.1,0.084
2020-09-18 15:00:00+00:00,5.765662966823385e-08,5.765662966823385e-08,-1.8371969115778692,-1.8371968539212395,2.158853588030634,2.1588535291973385,True,ok,,0.4,0.18,0.084
2020-09-18 16:00:00+00:00,0.42771361433568955,0.42771361433568955,-2.1370585173707823e-07,0.4277134006298378,2.1588535291973385,1.722411065589492,True,ok,,0.4,0.18,0.084
2020-09-18 17:00:00+00:00,0.0992399239811106,0.0992399239811106,-5.715529813321574e-08,0.09923986682581247,1.722411065589492,1.6211458370373384,True,ok,,0.4,0.18,0.084
2020-09-18 18:00:00+00:00,0.22468180834741963,0.22468180834741963,-1.973551998490919e-07,0.22468161099221978,1.6211458370373384,1.3918786856624203,True,ok,,0.4,0.18,0.084
2020-09-18 19:00:00+00:00,0.14119948622213727,0.14119948622213727,2.913757140010631e-07,0.14119977759785127,1.3918786856624203,1.2477975772724843,True,ok,,0.2,0.07,0.084
2020-09-18 20:00:00+00:00,0.1335479584557671,0.1335479584557671,2.9133993445507045e-07,0.13354824979570157,1.2477975772724843,1.1115241502768036,True,ok,,0.2,0.07,0.084
2020-09-18 21:00:00+00:00,0.12654023652617322,0.12654023652617322,2.913023612327592e-07,0.12654052782853445,1.1115241502768036,0.9824014599439739,True,ok,,0.2,0.07,0.084
2020-09-18 22:00:00+00:00,0.07856443091536916,0.07856443091536916,2.9126234818432906e-07,0.07856472217771734,0.9824014599439739,0.902233673295638,True,ok,,0.2,0.07,0.084
2020-09-18 23:00:00+00:00,0.14512168079336385,0.14512168079336385,2.91221805309716e-07,0.14512197201516916,0.902233673295638,0.7541503255473075,True,ok,,0.2,0.07,0.084
2020-09-19 00:00:00+00:00,0.06450295885482099,0.06450295885482099,2.911771800756524e-07,0.06450325003200107,0.7541503255473075,0.688330979777082,True,ok,,0.2,0.07,0.084
2020-09-19 01:00:00+00:00,0.16918629226958407,0.16918629226958407,2.911328378651934e-07,0.16918658340242193,0.688330979777082,0.5156919060326085,True,ok,,0.2,0.07,0.084
2020-09-19 02:00:00+00:00,0.10021648651632423,0.10021648651632423,2.910838581421382e-07,0.10021677760018237,0.5156919060326085,0.4134301850975838,True,ok,,0.2,0.07,0.084
2020-09-19 03:00:00+00:00,0.10963395903964575,0.10963395903964575,2.910316677928737e-07,0.10963425007131354,0.4134301850975838,0.30155879832243504,True,ok,,0.2,0.07,0.084
2020-09-19 04:00:00+00:00,0.29552644852997156,0.29552644852997156,-4.057764624310067e-09,0.29552644447220694,0.30155879832243504,1.1977816476993475e-06,True,ok,,0.3,0.1,0.084
2020-09-19 05:00:00+00:00,-0.0677935312665279,-0.0677935312665279,-0.033486387312138904,-0.1012799185786668,1.1977816476993475e-06,0.06643885842284504,True,ok,,0.3,0.1,0.084
2020-09-19 06:00:00+00:00,-0.32068381889478226,-0.32068381889478226,-0.31813688900105586,-0.6388207078958381,0.06643885842284504,0.38070900093973165,True,ok,,0.3,0.1,0.084
2020-09-19 07:00:00+00:00,-0.38070955936819817,-0.38070955936819817,-1.6754970029600489,-2.056206562328247,0.38070900093973165,0.7538043691205658,True,ok,,0.3,0.1,0.084
2020-09-19 08:00:00+00:00,-0.3793182055936351,-0.3793182055936351,-2.979279308296449,-3.358597513890084,0.7538043691205658,1.1255362106023283,True,ok,,0.3,0.1,0.084
2020-09-19 09:00:00+00:00,-0.32832170798754506,-0.32832170798754506,-4.1268633482780155,-4.45518505626556,1.1255362106023283,1.4472914844301226,True,ok,,0.3,0.1,0.084
2020-09-19 10:00:00+00:00,-0.3251837856870971,-0.3251837856870971,-4.746014267049255,-5.071198052736352,1.4472914844301226,1.7659715944034777,True,ok,,0.3,0.1,0.084
2020-09-19 11:00:00+00:00,-0.33201390079003823,-0.33201390079003823,-4.70119577361099,-5.033209674401028,1.7659715944034777,2.0913452171777154,True,ok,,0.3,0.1,0.084
2020-09-19 12:00:00+00:00,-0.3405992581334218,-0.3405992581334218,-4.4653857688403615,-4.805985026973783,2.0913452171777154,2.4251324901484685,True,ok,,0.3,0.1,0.084
2020-09-19 13:00:00+00:00,-0.5180619014252251,-0.5180619014252251,-3.599720100894736,-4.117782002319961,2.4251324901484685,2.932833153545189,True,ok,,0.3,0.1,0.084
2020-09-19 14:00:00+00:00,-1.0154308128499803,-1.0154308128499803,-2.1631953269024553,-3.178626139752436,2.932833153545189,3.92795535013817,True,ok,,0.3,0.1,0.084
2020-09-19 15:00:00+00:00,8.961924978441881e-08,8.961924978441881e-08,-1.8870431069628844,-1.8870430173436346,3.92795535013817,3.927955258689956,True,ok,,0.4,0.18,0.084
2020-09-19 16:00:00+00:00,8.961905382843376e-08,8.961905382843376e-08,-0.47324038575670657,-0.4732402961376527,3.927955258689956,3.927955167241942,True,ok,,0.4,0.18,0.084
2020-09-19 17:00:00+00:00,0.06644037720830359,0.06644037720830359,-1.127658889044092e-07,0.06644026444241469,3.927955167241942,3.8601588639681625,True,ok,,0.4,0.18,0.084
2020-09-19 18:00:00+00:00,0.17707364068188658,0.17707364068188658,-1.1276561395767715e-07,0.17707352791627262,3.8601588639681625,3.679471475517258,True,ok,,0.4,0.18,0.084
2020-09-19 19:00:00+00:00,0.03087855676643141,0.03087855676643141,0.06038922097055037,0.09126777773698178,3.679471475517258,3.6479627441229403,True,ok,,0.2,0.07,0.084
2020-09-19 20:00:00+00:00,0.02871452876104935,0.02871452876104935,0.12156155458383397,0.15027608334488332,3.6479627441229403,3.618662204570849,True,ok,,0.2,0.07,0.084
2020-09-19 21:00:00+00:00,0.027130577148991298,0.027130577148991298,0.15877297862039935,0.18590355576939066,3.618662204570849,3.5909779421739194,True,ok,,0.2,0.07,0.084
2020-09-19 22:00:00+00:00,0.017554463225605537,0.017554463225605537,0.06892367570068857,0.0864781389262941,3.5909779421739194,3.573065224596771,True,ok,,0.2,0.07,0.084
2020-09-19 23:00:00+00:00,0.0159040493153186,0.0159040493153186,0.1054665059769169,0.12137055529223549,3.573065224596771,3.556836602846446,True,ok,,0.2,0.07,0.084
2020-09-20 00:00:00+00:00,0.013958139893774585,0.013958139893774585,0.13420433239139018,0.14816247228516477,3.556836602846446,3.5425936029548395,True,ok,,0.2,0.07,0.084
2020-09-20 01:00:00+00:00,0.010743841768135325,0.010743841768135325,0.04868840836336582,0.05943225013150114,3.5425936029548395,3.5316304991098035,True,ok,,0.2,0.07,0.084
2020-09-20 02:00:00+00:00,0.01141558000527861,0.01141558000527861,0.3277419746927107,0.3391575546979893,3.5316304991098035,3.519981948084009,True,ok,,0.2,0.07,0.084
2020-09-20 03:00:00+00:00,0.009145928385010372,0.009145928385010372,0.07697454390047231,0.08612047228548268,3.519981948084009,3.5106493680993047,True,ok,,0.2,0.07,0.084
2020-09-20 04:00:00+00:00,0.21191683358084784,0.21191683358084784,1.7069679003611782e-14,0.2119168335808649,3.5106493680993047,3.2944077011800723,True,ok,,0.3,0.1,0.084
2020-09-20 05:00:00+00:00,0.21237233174636436,0.21237233174636436,5.545564008002657e-14,0.2123723317464198,3.2944077011800723,3.0777012402143944,True,ok,,0.3,0.1,0.084
2020-09-20 06:00:00+00:00,0.1720347782130822,0.1720347782130822,4.1935899197653725e-13,0.17203477821350155,3.0777012402143944,2.902155548160229,True,ok,,0.3,0.1,0.084
2020-09-20 07:00:00+00:00,0.29003686110136373,0.29003686110136373,4.2243986086987206e-13,0.29003686110178617,2.902155548160229,2.6061995674445515,True,ok,,0.3,0.1,0.084
2020-09-20 08:00:00+00:00,0.15178433332931301,0.15178433332931301,4.1763814628836826e-13,0.15178433332973065,2.6061995674445515,2.451317594659538,True,ok,,0.3,0.1,0.084
2020-09-20 09:00:00+00:00,0.15019791640928754,0.15019791640928754,4.1705527920044005e-13,0.1501979164097046,2.451317594659538,2.298054414650061,True,ok,,0.3,0.1,0.084
2020-09-20 10:00:00+00:00,0.11778394418780971,0.11778394418780971,4.14140943760799e-13,0.11778394418822385,2.298054414650061,2.177866716499235,True,ok,,0.3,0.1,0.084
2020-09-20 11:00:00+00:00,0.12497255547005216,0.12497255547005216,4.143074772144928e-13,0.12497255547046647,2.177866716499235,2.0503437007134675,True,ok,,0.3,0.1,0.084
2020-09-20 12:00:00+00:00,0.35803630496618755,0.35803630496618755,4.210520820890906e-13,0.3580363049666086,2.0503437007134675,1.685000532380623,True,ok,,0.3,0.1,0.084
2020-09-20 13:00:00+00:00,0.5485781114335603,0.5485781114335603,4.2155168245017194e-13,0.5485781114339818,1.685000532380623,1.1252269492851532,True,ok,,0.3,0.1,0.084
2020-09-20 14:00:00+00:00,0.2669825835011858,0.2669825835011858,4.180544799226027e-13,0.26698258350160387,1.1252269492851532,0.852795741630882,True,ok,,0.3,0.1,0.084
2020-09-20 15:00:00+00:00,0.15247783527810077,0.15247783527810077,-1.1276045142061264e-07,0.15247772251764935,0.852795741630882,0.6972061137960853,True,ok,,0.4,0.18,0.084
2020-09-20 16:00:00+00:00,0.21369505730639796,0.21369505730639796,-1.1276044026287124e-07,0.2136949445459577,0.6972061137960853,0.47914993287118945,True,ok,,0.4,0.18,0.084
2020-09-20 17:00:00+00:00,0.1891560852094685,0.1891560852094685,-1.1276048372810266e-07,0.18915597244898477,0.47914993287118945,0.28613351939213993,True,ok,,0.4,0.18,0.084
2020-09-20 18:00:00+00:00,0.11180583488067454,0.11180583488067454,-1.127606016060323e-07,0.11180572212007293,0.28613351939213993,0.1720459327792067,True,ok,,0.4,0.18,0.084
2020-09-20 19:00:00+00:00,0.0030452302196119175,0.0030452302196119175,0.16177807551173778,0.1648233057313497,0.1720459327792067,0.16893855500409252,True,ok,,0.2,0.07,0.084
2020-09-20 20:00:00+00:00,0.003005958739305633,0.003005958739305633,0.06105087444313524,0.06405683318244088,0.16893855500409252,0.16587125016806636,True,ok,,0.2,0.07,0.084
2020-09-20 21:00:00+00:00,0.0031491532943442647,0.0031491532943442647,0.13510173571025688,0.13825088900460114,0.16587125016806636,0.16265782843914364,True,ok,,0.2,0.07,0.084
2020-09-20 22:00:00+00:00,0.0032167580096411526,0.0032167580096411526,0.14414743196089966,0.14736418997054082,0.16265782843914364,0.15937542230685675,True,ok,,0.2,0.07,0.084
2020-09-20 23:00:00+00:00,0.0032885762707277715,0.0032885762707277715,0.15412895766626844,0.1574175339369962,0.15937542230685675,0.15601973223468554,True,ok,,0.2,0.07,0.084
2020-09-21 00:00:00+00:00,0.003317629885070313,0.003317629885070313,0.09777718072235465,0.10109481060742496,0.15601973223468554,0.15263439561726685,True,ok,,0.2,0.07,0.084
2020-09-21 01:00:00+00:00,0.0034241972482573443,0.0034241972482573443,0.13341202509041886,0.1368362223386762,0.15263439561726685,0.14914031679251447,True,ok,,0.2,0.07,0.084
2020-09-21 02:00:00+00:00,0.003507684162164853,0.003507684162164853,0.13669287137696634,0.1402005555391312,0.14914031679251447,0.14556104723928504,True,ok,,0.2,0.07,0.084
2020-09-21 03:00:00+00:00,0.003570143786402026,0.003570143786402026,0.10832038388053764,0.11189052766693966,0.14556104723928504,0.1419180433756095,True,ok,,0.2,0.07,0.084
2020-09-21 04:00:00+00:00,0.1390794442475651,0.1390794442475651,-1.3988782354701357e-11,0.13907944423357632,0.1419180433756095,2.4312299204409804e-07,True,ok,,0.3,0.1,0.084
2020-09-21 05:00:00+00:00,-0.06058096739973412,-0.06058096739973412,-0.03059158439497571,-0.09117255179470983,2.4312299204409804e-07,0.05936959117473148,True,ok,,0.3,0.1,0.084
2020-09-21 06:00:00+00:00,-0.38270114520580745,-0.38270114520580745,-0.6492319975398245,-1.031933142745632,0.05936959117473148,0.43441671347642274,True,ok,,0.3,0.1,0.084
2020-09-21 07:00:00+00:00,-0.28458891239443124,-0.28458891239443124,-2.1087203933423218,-2.393309305736753,0.43441671347642274,0.7133138476229653,True,ok,,0.3,0.1,0.084
2020-09-21 08:00:00+00:00,-0.2224682569563081,-0.2224682569563081,-3.325834130884869,-3.548302387841177,0.7133138476229653,0.9313327394401473,True,ok,,0.3,0.1,0.084
2020-09-21 09:00:00+00:00,-0.18823309803287042,-0.18823309803287042,-4.086618519827833,-4.274851617860703,0.9313327394401473,1.1158011755123602,True,ok,,0.3,0.1,0.084
2020-09-21 10:00:00+00:00,-0.16861929017964955,-0.16861929017964955,-4.551799651258777,-4.720418941438426,1.1158011755123602,1.2810480798884167,True,ok,,0.3,0.1,0.084
2020-09-21 11:00:00+00:00,-0.14983753517897216,-0.14983753517897216,-4.593873651563536,-4.743711186742508,1.2810480798884167,1.4278888643638095,True,ok,,0.3,0.1,0.084
2020-09-21 12:00:00+00:00,-0.1379922580307581,-0.1379922580307581,-4.358968607060333,-4.496960865091091,1.4278888643638095,1.5631212772339524,True,ok,,0.3,0.1,0.084
2020-09-21 13:00:00+00:00,-0.1283154074045128,-0.1283154074045128,-3.7330534563937707,-3.8613688637982837,1.5631212772339524,1.688870376490375,True,ok,,0.3,0.1,0.084
2020-09-21 14:00:00+00:00,-0.11970105708980129,-0.11970105708980129,-2.7454795568025783,-2.8651806138923797,1.688870376490375,1.8061774124383803,True,ok,,0.3,0.1,0.084
2020-09-21 15:00:00+00:00,2.2303261434804106e-07,2.2303261434804106e-07,-1.4429183170808948,-1.4429180940482804,1.8061774124383803,1.80617718485408,True,ok,,0.4,0.18,0.084
2020-09-21 16:00:00+00:00,0.09067771439847067,0.09067771439847067,-2.0741888802355835e-07,0.09067750697958264,1.80617718485408,1.7136489048556405,True,ok,,0.4,0.18,0.084
2020-09-21 17:00:00+00:00,0.14282096527938223,0.14282096527938223,-1.9151506794323758e-07,0.1428207737643143,1.7136489048556405,1.567913225999128,True,ok,,0.4,0.18,0.084
2020-09-21 18:00:00+00:00,0.2174929972162557,0.2174929972162557,-1.9153131827764902e-07,0.21749280568493742,1.567913225999128,1.3459815961866222,True,ok,,0.4,0.18,0.084
2020-09-21 19:00:00+00:00,0.19279558387542725,0.19279558387542725,3.052584501006539e-07,0.19279588913387735,1.3459815961866222,1.1492514085586352,True,ok,,0.2,0.07,0.084
2020-09-21 20:00:00+00:00,0.11597363606010343,0.11597363606010343,1.969710211185971e-07,0.11597383303112455,1.1492514085586352,1.0309109635993459,True,ok,,0.2,0.07,0.084
2020-09-21 21:00:00+00:00,0.1350127435464871,0.1350127435464871,3.119582059063486e-07,0.135013055504693,1.0309109635993459,0.8931428579396652,True,ok,,0.2,0.07,0.084
2020-09-21 22:00:00+00:00,0.07215304929217904,0.07215304929217904,3.119011600938304e-07,0.07215336119333914,0.8931428579396652,0.8195172974374416,True,ok,,0.2,0.07,0.084
2020-09-21 23:00:00+00:00,0.13748252152453386,0.13748252152453386,3.1184238991066593e-07,0.13748283336692377,0.8195172974374416,0.6792290101675091,True,ok,,0.2,0.07,0.084
2020-09-22 00:00:00+00:00,0.10305143837193759,0.10305143837193759,3.1177672978055515e-07,0.10305175014866737,0.6792290101675091,0.5740744812165524,True,ok,,0.2,0.07,0.084
2020-09-22 01:00:00+00:00,0.14395329949312538,0.14395329949312538,3.1170593547957814e-07,0.14395361119906086,0.5740744812165524,0.4271833592847918,True,ok,,0.2,0.07,0.084
2020-09-22 02:00:00+00:00,0.13874515004266974,0.13874515004266974,9.979298040696527e-08,0.13874524983565015,0.4271833592847918,0.28560667556778185,True,ok,,0.2,0.07,0.084
2020-09-22 03:00:00+00:00,0.13129946471082213,0.13129946471082213,3.409992286318442e-07,0.13129980571005076,0.28560667556778185,0.15162762994449397,True,ok,,0.2,0.07,0.084
2020-09-22 04:00:00+00:00,0.14859430734186502,0.14859430734186502,-1.649086256438892e-09,0.14859430569277876,0.15162762994449397,7.857181010817449e-07,True,ok,,0.3,0.1,0.084
2020-09-22 05:00:00+00:00,-0.036701075424044514,-0.036701075424044514,-0.01801753755487972,-0.05471861297892423,7.857181010817449e-07,0.035967839633664705,True,ok,,0.3,0.1,0.084
2020-09-22 06:00:00+00:00,-0.558951354854424,-0.558951354854424,-0.38061533177025264,-0.9395666866246767,0.035967839633664705,0.5837401673910002,True,ok,,0.3,0.1,0.084
2020-09-22 07:00:00+00:00,-0.7641767222847855,-0.7641767222847855,-1.5032252318107882,-2.2674019540955737,0.5837401673910002,1.33263335523009,True,ok,,0.3,0.1,0.084
2020-09-22 08:00:00+00:00,-0.608082793188794,-0.608082793188794,-2.795297055488012,-3.403379848676806,1.33263335523009,1.928554492555108,True,ok,,0.3,0.1,0.084
2020-09-22 09:00:00+00:00,-0.5174809955684138,-0.5174809955684138,-3.632351314855675,-4.149832310424089,1.928554492555108,2.435685868212153,True,ok,,0.3,0.1,0.084
2020-09-22 10:00:00+00:00,-0.43937952327267044,-0.43937952327267044,-3.6076797016287667,-4.047059224901437,2.435685868212153,2.86627780101937,True,ok,,0.3,0.1,0.084
2020-09-22 11:00:00+00:00,-0.4041189983491013,-0.4041189983491013,-4.055654387381182,-4.4597733857302835,2.86627780101937,3.2623144194014895,True,ok,,0.3,0.1,0.084
2020-09-22 12:00:00+00:00,-0.37512317540994505,-0.37512317540994505,-3.9150950102923745,-4.29021818570232,3.2623144194014895,3.6299351313032355,True,ok,,0.3,0.1,0.084
2020-09-22 13:00:00+00:00,-0.34876363673150546,-0.34876363673150546,-3.360171693634486,-3.7089353303659918,3.6299351313032355,3.971723495300111,True,ok,,0.3,0.1,0.084
2020-09-22 14:00:00+00:00,-0.3033185094481007,-0.3033185094481007,-1.5009283451187874,-1.8042468545668882,3.971723495300111,4.26897563455925,True,ok,,0.3,0.1,0.084
2020-09-22 15:00:00+00:00,2.2288645537106426e-07,2.2288645537106426e-07,-0.6643140530063535,-0.6643138301198981,4.26897563455925,4.268975407124091,True,ok,,0.4,0.18,0.084
2020-09-22 16:00:00+00:00,0.6705237216182757,0.6705237216182757,-2.0798044286785e-07,0.6705235136378328,4.268975407124091,3.584767527921769,True,ok,,0.4,0.18,0.084
2020-09-22 17:00:00+00:00,0.17639017126364145,0.17639017126364145,-1.913419203358746e-07,0.17638997992172112,3.584767527921769,3.4047775572445835,True,ok,,0.4,0.18,0.084
2020-09-22 18:00:00+00:00,0.24234666327660287,0.24234666327660287,-1.9135764880995332e-07,0.24234647191895406,3.4047775572445835,3.1574850436970294,True,ok,,0.4,0.18,0.084
2020-09-22 19:00:00+00:00,0.2737031799726782,0.2737031799726782,2.0891960156310674e-07,0.27370338889227974,3.1574850436970294,2.8781960845412353,True,ok,,0.2,0.07,0.084
2020-09-22 20:00:00+00:00,0.2553225765286969,0.2553225765286969,3.113740927873643e-07,0.2553228879027897,2.8781960845412353,2.617662843185422,True,ok,,0.2,0.07,0.084
2020-09-22 21:00:00+00:00,0.21932238319224992,0.21932238319224992,3.113265811538479e-07,0.21932269451883107,2.617662843185422,2.3938644929892487,True,ok,,0.2,0.07,0.084
2020-09-22 22:00:00+00:00,0.13730488303814653,0.13730488303814653,3.112735254273691e-07,0.13730519431167196,2.3938644929892487,2.253757469480936,True,ok,,0.2,0.07,0.084
2020-09-22 23:00:00+00:00,0.16550538328141265,0.16550538328141265,3.112138945993159e-07,0.16550569449530725,2.253757469480936,2.0848744253162295,True,ok,,0.2,0.07,0.084
2020-09-23 00:00:00+00:00,0.17698052189817193,0.17698052189817193,3.111501186703336e-07,0.1769808330482906,2.0848744253162295,1.9042820560323805,True,ok,,0.2,0.07,0.084
2020-09-23 01:00:00+00:00,0.7879517162973413,0.7879517162973413,3.1108179976424566e-07,0.787952027379141,1.9042820560323805,1.1002496924636649,True,ok,,0.2,0.07,0.084
2020-09-23 02:00:00+00:00,0.39786654953121625,0.39786654953121625,3.110465791045236e-07,0.39786686057779536,1.1002496924636649,0.6942634174318116,True,ok,,0.2,0.07,0.084
2020-09-23 03:00:00+00:00,0.4176353550249405,0.4176353550249405,3.1098252584182973e-07,0.4176356660074663,0.6942634174318116,0.26810489189615805,True,ok,,0.2,0.07,0.084
2020-09-23 04:00:00+00:00,0.18066978147264934,0.18066978147264934,-3.8117498324385934e-09,0.1806697776608995,0.26810489189615805,0.0837479720261077,True,ok,,0.3,0.1,0.084
2020-09-23 05:00:00+00:00,0.08207205713067223,0.08207205713067223,-3.81284953610006e-09,0.08207205331782269,0.0837479720261077,9.74953993190808e-07,True,ok,,0.3,0.1,0.084
2020-09-23 06:00:00+00:00,-0.12080502588655441,-0.12080502588655441,-0.059894337732968636,-0.18069936361952305,9.74953993190808e-07,0.11838990032281652,True,ok,,0.3,0.1,0.084
2020-09-23 07:00:00+00:00,-0.6346614782313015,-0.6346614782313015,-0.6959203884537913,-1.3305818666850928,0.11838990032281652,0.7403581489894919,True,ok,,0.3,0.1,0.084
2020-09-23 08:00:00+00:00,-0.4566753725259119,-0.4566753725259119,-2.6257727070719006,-3.0824480795978126,0.7403581489894919,1.1879000140648857,True,ok,,0.3,0.1,0.084
2020-09-23 09:00:00+00:00,-0.36370787436371915,-0.36370787436371915,-3.8140391271975416,-4.1777470015612606,1.1879000140648857,1.5443337309413305,True,ok,,0.3,0.1,0.084
2020-09-23 10:00:00+00:00,-0.3110760414923588,-0.3110760414923588,-4.1607071729122165,-4.471783214404575,1.5443337309413305,1.849188251603842,True,ok,,0.3,0.1,0.084
2020-09-23 11:00:00+00:00,-0.2772338340774673,-0.2772338340774673,-4.098233329391859,-4.3754671634693265,1.849188251603842,2.12087740899976,True,ok,,0.3,0.1,0.084
2020-09-23 12:00:00+00:00,-0.2555202258608068,-0.2555202258608068,-3.838301644824821,-4.093821870685628,2.12087740899976,2.3712872303433508,True,ok,,0.3,0.1,0.084
2020-09-23 13:00:00+00:00,-0.2324098813277827,-0.2324098813277827,-3.246053194593214,-3.4784630759209967,2.3712872303433508,2.5990489140445776,True,ok,,0.3,0.1,0.084
2020-09-23 14:00:00+00:00,-0.2118695189793848,-0.2118695189793848,-2.0429208283293803,-2.254790347308765,2.5990489140445776,2.806681042644375,True,ok,,0.3,0.1,0.084
2020-09-23 15:00:00+00:00,2.7967665507214314e-07,2.7967665507214314e-07,-0.42239403554924315,-0.4223937558725881,2.806681042644375,2.806680757260033,True,ok,,0.4,0.18,0.084
2020-09-23 16:00:00+00:00,0.15811447095853629,0.15811447095853629,-2.2920019332461905e-07,0.15811424175834296,2.806680757260033,2.6453394603635676,True,ok,,0.4,0.18,0.084
2020-09-23 17:00:00+00:00,0.24427523888309957,0.24427523888309957,-2.0078508947141138e-07,0.2442750380980101,2.6453394603635676,2.39607901252367,True,ok,,0.4,0.18,0.084
2020-09-23 18:00:00+00:00,0.23845145070218496,0.23845145070218496,-2.007980822726907e-07,0.23845124990410269,2.39607901252367,2.1527612056847056,True,ok,,0.4,0.18,0.084
2020-09-23 19:00:00+00:00,0.27097029905002556,0.27097029905002556,2.840285707184087e-07,0.2709705830785963,2.1527612056847056,1.8762609005316184,True,ok,,0.2,0.07,0.084
2020-09-23 20:00:00+00:00,0.14107910478464308,0.14107910478464308,2.8400071896972356e-07,0.14107938878536205,1.8762609005316184,1.7323026303432072,True,ok,,0.2,0.07,0.084
2020-09-23 21:00:00+00:00,0.17672174369315402,0.17672174369315402,2.839689111633348e-07,0.17672202766206518,1.7323026303432072,1.5519743204522336,True,ok,,0.2,0.07,0.084
2020-09-23 22:00:00+00:00,0.17001902148638057,0.17001902148638057,2.8393619019850824e-07,0.17001930542257077,1.5519743204522336,1.3784855230171513,True,ok,,0.2,0.07,0.084
2020-09-23 23:00:00+00:00,0.14778474432265878,0.14778474432265878,2.839018623801426e-07,0.14778502822452116,1.3784855230171513,1.2276847635042343,True,ok,,0.2,0.07,0.084
2020-09-24 00:00:00+00:00,0.18674357681600054,0.18674357681600054,2.838658509918268e-07,0.18674386068185153,1.2276847635042343,1.0371300932838254,True,ok,,0.2,0.07,0.084
2020-09-24 01:00:00+00:00,0.17676182730783263,0.17676182730783263,2.83828815672571e-07,0.1767621111366483,1.0371300932838254,0.8567608817452207,True,ok,,0.2,0.07,0.084
2020-09-24 02:00:00+00:00,0.22761535266243763,0.22761535266243763,9.154210470208035e-08,0.22761544420454233,0.8567608817452207,0.6245003178039579,True,ok,,0.2,0.07,0.084
2020-09-24 03:00:00+00:00,0.21096306529394218,0.21096306529394218,2.957070725506661e-07,0.21096336100101473,0.6245003178039579,0.4092318838305475,True,ok,,0.2,0.07,0.084
2020-09-24 04:00:00+00:00,0.15611955972497313,0.15611955972497313,-3.997332381766583e-09,0.15611955572764075,0.4092318838305475,0.2499262106417994,True,ok,,0.3,0.1,0.084
2020-09-24 05:00:00+00:00,0.24492657434229737,0.24492657434229737,-3.9981432609081935e-09,0.2449265703441541,0.2499262106417994,1.1347823122842549e-06,True,ok,,0.3,0.1,0.084
2020-09-24 06:00:00+00:00,-0.36409987403088645,-0.36409987403088645,-0.19842933494731335,-0.5625292089781998,1.1347823122842549e-06,0.356819011332581,True,ok,,0.3,0.1,0.084
2020-09-24 07:00:00+00:00,-0.8269259705334067,-0.8269259705334067,-1.1625924435681574,-1.989518414101564,0.356819011332581,1.1672064624553196,True,ok,,0.3,0.1,0.084
2020-09-24 08:00:00+00:00,-0.6564967742731007,-0.6564967742731007,-2.3072494631522273,-2.963746237425328,1.1672064624553196,1.8105733012429583,True,ok,,0.3,0.1,0.084
2020-09-24 09:00:00+00:00,-0.49665890708510946,-0.49665890708510946,-4.310386583202621,-4.80704549028773,1.8105733012429583,2.2972990301863656,True,ok,,0.3,0.1,0.084
2020-09-24 10:00:00+00:00,-0.5003936103209626,-0.5003936103209626,-4.014920084320362,-4.515313694641325,2.2972990301863656,2.787684768300909,True,ok,,0.3,0.1,0.084
2020-09-24 11:00:00+00:00,-0.8267077275547569,-0.8267077275547569,-2.423125648832222,-3.2498333763869787,2.787684768300909,3.597858341304571,True,ok,,0.3,0.1,0.084
2020-09-24 12:00:00+00:00,-0.7375659198702404,-0.7375659198702404,-2.6328366766589015,-3.370402596529142,3.597858341304571,4.320672942777406,True,ok,,0.3,0.1,0.084
2020-09-24 13:00:00+00:00,-0.6460502593304761,-0.6460502593304761,-2.2320060949353584,-2.8780563542658344,4.320672942777406,4.953802196921273,True,ok,,0.3,0.1,0.084
2020-09-24 14:00:00+00:00,-0.3507857498676098,-0.3507857498676098,-0.591230586752016,-0.9420163366196258,4.953802196921273,5.297572231791531,True,ok,,0.3,0.1,0.084
2020-09-24 15:00:00+00:00,2.2340444461533085e-07,2.2340444461533085e-07,-0.4562747022478302,-0.45627447884338557,5.297572231791531,5.297572003827812,True,ok,,0.4,0.18,0.084
2020-09-24 16:00:00+00:00,0.43848803863421426,0.43848803863421426,-8.808448542785285e-08,0.43848795054972883,5.297572003827812,4.850135229711267,True,ok,,0.4,0.18,0.084
2020-09-24 17:00:00+00:00,0.39904180111071463,0.39904180111071463,-2.4280419513855733e-07,0.3990415583065195,4.850135229711267,4.442949718373803,True,ok,,0.4,0.18,0.084
2020-09-24 18:00:00+00:00,0.39025379785832315,0.39025379785832315,-2.4280418803313e-07,0.3902535550541351,4.442949718373803,4.044731557293881,True,ok,,0.4,0.18,0.084
2020-09-24 19:00:00+00:00,0.24232763557123735,0.24232763557123735,2.2567423588193414e-07,0.24232786124547323,4.044731557293881,3.7974584597722103,True,ok,,0.2,0.07,0.084
2020-09-24 20:00:00+00:00,0.19319011216987453,0.19319011216987453,8.187000033466063e-08,0.19319019403987486,3.7974584597722103,3.60032569225193,True,ok,,0.2,0.07,0.084
2020-09-24 21:00:00+00:00,0.155618190796874,0.155618190796874,2.2567407750861967e-07,0.1556184164709515,3.60032569225193,3.441531620010222,True,ok,,0.2,0.07,0.084
2020-09-24 22:00:00+00:00,0.1773568300402696,0.1773568300402696,2.2567412566454337e-07,0.17735705571439525,3.441531620010222,3.2605552628262737,True,ok,,0.2,0.07,0.084
2020-09-24 23:00:00+00:00,0.15329896889235156,0.15329896889235156,2.2567405708051602e-07,0.15329919456640864,3.2605552628262737,3.104127743548364,True,ok,,0.2,0.07,0.084
2020-09-25 00:00:00+00:00,0.21097552386616072,0.21097552386616072,2.2567416882446345e-07,0.21097574954032955,3.104127743548364,2.888846596746159,True,ok,,0.2,0.07,0.084
2020-09-25 01:00:00+00:00,0.393473052747511,0.393473052747511,2.2567431451347986e-07,0.3934732784218255,2.888846596746159,2.4873434816976787,True,ok,,0.2,0.07,0.084
2020-09-25 02:00:00+00:00,0.15340502419977273,0.15340502419977273,2.256740245509814e-07,0.15340524987379728,2.4873434816976787,2.330807742718319,True,ok,,0.2,0.07,0.084
2020-09-25 03:00:00+00:00,0.3317968032302292,0.3317968032302292,2.2567426155584158e-07,0.33179702890449075,2.330807742718319,1.9922395761568605,True,ok,,0.2,0.07,0.084
2020-09-25 04:00:00+00:00,0.16315433851530528,0.16315433851530528,-5.146368164954396e-09,0.16315433336893712,1.9922395761568605,1.8257555572636919,True,ok,,0.3,0.1,0.084
2020-09-25 05:00:00+00:00,0.7273698959070051,0.7273698959070051,-5.146361670149702e-09,0.7273698907606434,1.8257555572636919,1.083541377766748,True,ok,,0.3,0.1,0.084
2020-09-25 06:00:00+00:00,-0.04308605724675701,-0.04308605724675701,-0.0385303541164538,-0.08161641136321081,1.083541377766748,1.12576571386857,True,ok,,0.3,0.1,0.084
2020-09-25 07:00:00+00:00,-0.3838489642012093,-0.3838489642012093,-0.2760526288385666,-0.6599015930397759,1.12576571386857,1.5019376987857551,True,ok,,0.3,0.1,0.084
2020-09-25 08:00:00+00:00,-1.2142534981878472,-1.2142534981878472,-0.7739360975056166,-1.9881895956934639,1.5019376987857551,2.6919061270098457,True,ok,,0.3,0.1,0.084
2020-09-25 09:00:00+00:00,-1.311796977230576,-1.311796977230576,-1.0148915987601452,-2.326688575990721,2.6919061270098457,3.97746716469581,True,ok,,0.3,0.1,0.084
2020-09-25 10:00:00+00:00,1.5062336668586302,1.5062336668586302,-5.146365777974893e-09,1.5062336617122645,3.97746716469581,2.4404940352482285,True,ok,,0.3,0.1,0.084
2020-09-25 11:00:00+00:00,-1.1490199303404531,-1.1490199303404531,-1.5291212542091364,-2.6781411845495895,2.4404940352482285,3.5665335669818727,True,ok,,0.3,0.1,0.084
2020-09-25 12:00:00+00:00,-1.0378723219567878,-1.0378723219567878,-1.759921281280408,-2.7977936032371957,3.5665335669818727,4.583648442499525,True,ok,,0.3,0.1,0.084
2020-09-25 13:00:00+00:00,-0.4858014237201839,-0.4858014237201839,-0.6694031311736861,-1.15520455489387,4.583648442499525,5.059733837745306,True,ok,,0.3,0.1,0.084
2020-09-25 14:00:00+00:00,-0.4934832742956374,-0.4934832742956374,-0.560255641663991,-1.0537389159596284,5.059733837745306,5.54334744655503,True,ok,,0.3,0.1,0.084
2020-09-25 15:00:00+00:00,0.24991117920416914,0.24991117920416914,-2.42802265015829e-07,0.24991093640190412,5.54334744655503,5.288336039203837,True,ok,,0.4,0.18,0.084
2020-09-25 16:00:00+00:00,1.287686151697632,1.287686151697632,-2.4280165011880683e-07,1.2876859088959818,5.288336039203837,3.9743705782878855,True,ok,,0.4,0.18,0.084
2020-09-25 17:00:00+00:00,0.23715574059776356,0.23715574059776356,-1.1276602682186443e-07,0.23715562783173674,3.9743705782878855,3.7323749246166984,True,ok,,0.4,0.18,0.084
2020-09-25 18:00:00+00:00,0.41246108444965074,0.41246108444965074,-1.12765724757935e-07,0.412460971683926,3.7323749246166984,3.311496267015014,True,ok,,0.4,0.18,0.084
2020-09-25 19:00:00+00:00,0.10912117339199491,0.10912117339199491,0.14266032775813658,0.2517815011501315,3.311496267015014,3.2001481309007334,True,ok,,0.2,0.07,0.084
2020-09-25 20:00:00+00:00,0.09131081296489024,0.09131081296489024,0.1396633258009746,0.23097413876586484,3.2001481309007334,3.1069738319569677,True,ok,,0.2,0.07,0.084
2020-09-25 21:00:00+00:00,0.07555861272129834,0.07555861272129834,0.1425176651042691,0.21807627782556743,3.1069738319569677,3.029873206731153,True,ok,,0.2,0.07,0.084
2020-09-25 22:00:00+00:00,0.04955605377973813,0.04955605377973813,0.08064083520218707,0.1301968889819252,3.029873206731153,2.979305804915094,True,ok,,0.2,0.07,0.084
2020-09-25 23:00:00+00:00,0.053777247229952335,0.053777247229952335,0.11949230855861753,0.17326955578856987,2.979305804915094,2.924431062843714,True,ok,,0.2,0.07,0.084
2020-09-26 00:00:00+00:00,0.059512614322593034,0.059512614322593034,0.2321203026391826,0.2916329169617756,2.924431062843714,2.8637039053716804,True,ok,,0.2,0.07,0.084
2020-09-26 01:00:00+00:00,0.043769105717794556,0.043769105717794556,0.13199275522769496,0.1757618609454895,2.8637039053716804,2.8190415525984207,True,ok,,0.2,0.07,0.084
2020-09-26 02:00:00+00:00,0.0483717912046474,0.0483717912046474,0.7642969007377797,0.8126686919424271,2.8190415525984207,2.7696825819814337,True,ok,,0.2,0.07,0.084
2020-09-26 03:00:00+00:00,0.028480106819307634,0.028480106819307634,0.11625222611231686,0.1447323329316245,2.7696825819814337,2.7406212484923445,True,ok,,0.2,0.07,0.084
2020-09-26 04:00:00+00:00,0.37011786323914475,0.37011786323914475,3.7914116290949096e-14,0.37011786323918267,2.7406212484923445,2.362949959472809,True,ok,,0.3,0.1,0.084
2020-09-26 05:00:00+00:00,0.31328128144197914,0.31328128144197914,4.168887457467463e-14,0.31328128144202083,2.362949959472809,2.0432751824911977,True,ok,,0.3,0.1,0.084
2020-09-26 06:00:00+00:00,0.08227767439077248,0.08227767439077248,4.02014314379584e-07,0.08227807640508686,2.0432751824911977,1.9593183718883687,True,ok,,0.3,0.1,0.084
2020-09-26 07:00:00+00:00,-0.1522090927028172,-0.1522090927028172,6.467049118441537e-15,-0.15220909270281074,1.9593183718883687,2.1084832827371294,True,ok,,0.3,0.1,0.084
2020-09-26 08:00:00+00:00,-0.5813564229079137,-0.5813564229079137,-7.771561172376096e-16,-0.5813564229079144,2.1084832827371294,2.6782125771868848,True,ok,,0.3,0.1,0.084
2020-09-26 09:00:00+00:00,-0.30389298301145223,-0.30389298301145223,1.0547118733938987e-15,-0.3038929830114512,2.6782125771868848,2.9760277005381077,True,ok,,0.3,0.1,0.084
2020-09-26 10:00:00+00:00,-0.7099859124241171,-0.7099859124241171,-1.5543122344752192e-15,-0.7099859124241187,2.9760277005381077,3.6718138947137424,True,ok,,0.3,0.1,0.084
2020-09-26 11:00:00+00:00,-0.5745027348539361,-0.5745027348539361,-1.6653345369377348e-15,-0.5745027348539378,3.6718138947137424,4.2348265748706,True,ok,,0.3,0.1,0.084
2020-09-26 12:00:00+00:00,-0.1176779960356458,-0.1176779960356458,1.1102230246251565e-15,-0.11767799603564469,4.2348265748706,4.350151010985533,True,ok,,0.3,0.1,0.084
2020-09-26 13:00:00+00:00,0.1499803624055836,0.1499803624055836,1.4584571592091145e-07,0.14998050825129952,4.350151010985533,4.197109824857386,True,ok,,0.3,0.1,0.084
2020-09-26 14:00:00+00:00,0.3200149900941121,0.3200149900941121,4.0202236484265796e-07,0.32001539211647695,4.197109824857386,3.870563916598088,True,ok,,0.3,0.1,0.084
2020-09-26 15:00:00+00:00,0.43632196865210476,0.43632196865210476,1.6427037508037756e-09,0.4363219702948085,3.870563916598088,3.4253374179734912,True,ok,,0.4,0.18,0.084
2020-09-26 16:00:00+00:00,1.8348641948927553,1.8348641948927553,5.95941296310798e-10,1.8348641954886966,3.4253374179734912,1.5530270150217,True,ok,,0.4,0.18,0.084
2020-09-26 17:00:00+00:00,0.5430186647862867,0.5430186647862867,1.6427035287591707e-09,0.5430186664289902,1.5530270150217,0.9989263366683463,True,ok,,0.4,0.18,0.084
2020-09-26 18:00:00+00:00,0.4375225259831232,0.4375225259831232,1.6427020299580875e-09,0.4375225276258252,0.9989263366683463,0.5524747795427103,True,ok,,0.4,0.18,0.084
2020-09-26 19:00:00+00:00,-0.23114272163786287,-0.23114272163786287,0.46940588838336655,0.23826316674550369,0.5524747795427103,0.7789946467478159,True,ok,,0.2,0.07,0.084
2020-09-26 20:00:00+00:00,-0.19094349406568129,-0.19094349406568129,0.43958463306964674,0.24864113900396545,0.7789946467478159,0.9661192709321835,True,ok,,0.2,0.07,0.084
2020-09-26 21:00:00+00:00,-0.1907185765318491,-0.1907185765318491,0.3320277711258085,0.14130919459395938,0.9661192709321835,1.1530234759333957,True,ok,,0.2,0.07,0.084
2020-09-26 22:00:00+00:00,-0.16154017251704794,-0.16154017251704794,0.34474928334926247,0.18320911083221453,1.1530234759333957,1.3113328450001027,True,ok,,0.2,0.07,0.084
2020-09-26 23:00:00+00:00,-0.1535650347852339,-0.1535650347852339,0.31339286819931156,0.1598278334140777,1.3113328450001027,1.4618265790896319,True,ok,,0.2,0.07,0.084
2020-09-27 00:00:00+00:00,-0.1449942227560719,-0.1449942227560719,0.29834875071695544,0.1533545279608835,1.4618265790896319,1.6039209173905824,True,ok,,0.2,0.07,0.084
2020-09-27 01:00:00+00:00,-0.12761723414964954,-0.12761723414964954,0.3418625120789557,0.21424527792930617,1.6039209173905824,1.728985806857239,True,ok,,0.2,0.07,0.084
2020-09-27 02:00:00+00:00,-0.11022903981014902,-0.11022903981014902,0.45524012308721556,0.34501108327706653,1.728985806857239,1.837010265871185,True,ok,,0.2,0.07,0.084
2020-09-27 03:00:00+00:00,-0.0964098742151171,-0.0964098742151171,0.7226485421668067,0.6262386679516896,1.837010265871185,1.9314919426019999,True,ok,,0.2,0.07,0.084
2020-09-27 04:00:00+00:00,0.15237834776095371,0.15237834776095371,4.0177121612972044e-07,0.15237874953216984,1.9314919426019999,1.776003832641843,True,ok,,0.3,0.1,0.084
2020-09-27 05:00:00+00:00,0.5841005793004107,0.5841005793004107,4.013979666428469e-07,0.5841009806983773,1.776003832641843,1.1799828333557096,True,ok,,0.3,0.1,0.084
2020-09-27 06:00:00+00:00,1.1563831621692435,1.1563831621692435,4.009442429175891e-07,1.1563835631134864,1.1799828333557096,1.4815665139167322e-08,True,ok,,0.3,0.1,0.084
2020-09-27 07:00:00+00:00,-0.8012913928629861,-0.8012913928629861,-0.20656791462025215,-1.0078593074832383,1.4815665139167322e-08,0.7852655798213916,True,ok,,0.3,0.1,0.084
2020-09-27 08:00:00+00:00,-0.6289151490494465,-0.6289151490494465,-0.2492689357557718,-0.8781840848052183,0.7852655798213916,1.4016024258898492,True,ok,,0.3,0.1,0.084
2020-09-27 09:00:00+00:00,-0.9034694907732287,-0.9034694907732287,-0.3418194993960554,-1.245288990169284,1.4016024258898492,2.2870025268476133,True,ok,,0.3,0.1,0.084
2020-09-27 10:00:00+00:00,-1.3554256917183185,-1.3554256917183185,-0.44464047641318105,-1.8000661681314996,2.2870025268476133,3.6153197047315655,True,ok,,0.3,0.1,0.084
2020-09-27 11:00:00+00:00,-0.780438365339487,-0.780438365339487,-0.3869469829780533,-1.1673853483175403,3.6153197047315655,4.380149302764263,True,ok,,0.3,0.1,0.084
2020-09-27 12:00:00+00:00,-0.76128529999973,-0.76128529999973,-0.40017559227409205,-1.161460892273822,4.380149302764263,5.126208896763998,True,ok,,0.3,0.1,0.084
2020-09-27 13:00:00+00:00,0.14534399770146758,0.14534399770146758,-5.146370107844689e-09,0.14534399255509747,5.126208896763998,4.977898695027807,True,ok,,0.3,0.1,0.084
2020-09-27 14:00:00+00:00,-0.30509188411473737,-0.30509188411473737,-0.22411506632680206,-0.5292069504415394,4.977898695027807,5.276888741460249,True,ok,,0.3,0.1,0.084
2020-09-27 15:00:00+00:00,0.4867435421030422,0.4867435421030422,-2.4221000616275745e-07,0.48674329989303605,5.276888741460249,4.780211657681635,True,ok,,0.4,0.18,0.084
2020-09-27 16:00:00+00:00,0.5544909403015639,0.5544909403015639,-1.914608345199298e-07,0.5544907488407294,4.780211657681635,4.214404575741264,True,ok,,0.4,0.18,0.084
2020-09-27 17:00:00+00:00,0.40510255864050015,0.40510255864050015,-1.914699400695774e-07,0.4051023671705601,4.214404575741264,3.801034617944835,True,ok,,0.4,0.18,0.084
2020-09-27 18:00:00+00:00,0.43370294103115287,0.43370294103115287,-1.9148213525888025e-07,0.4337027495490176,3.801034617944835,3.358480596484475,True,ok,,0.4,0.18,0.084
2020-09-27 19:00:00+00:00,0.21679252786243405,0.21679252786243405,3.053942876918292e-07,0.21679283325672175,3.358480596484475,3.137263731318726,True,ok,,0.2,0.07,0.084
2020-09-27 20:00:00+00:00,0.1926377777808704,0.1926377777808704,3.0535123765607075e-07,0.19263808313210806,3.137263731318726,2.940694570317838,True,ok,,0.2,0.07,0.084
2020-09-27 21:00:00+00:00,0.20111711147977251,0.20111711147977251,3.053047257783881e-07,0.2011174167844983,2.940694570317838,2.7354730279915396,True,ok,,0.2,0.07,0.084
2020-09-27 22:00:00+00:00,0.15574300008596814,0.15574300008596814,3.052554344296077e-07,0.15574330534140257,2.7354730279915396,2.5765515993323884,True,ok,,0.2,0.07,0.084
2020-09-27 23:00:00+00:00,0.2078426943998027,0.2078426943998027,3.052015611348935e-07,0.20784299960136385,2.5765515993323884,2.3644672172917733,True,ok,,0.2,0.07,0.084
2020-09-28 00:00:00+00:00,0.25435713919348235,0.25435713919348235,3.0514584542506995e-07,0.2543574443393278,2.3644672172917733,2.1049191160739342,True,ok,,0.2,0.07,0.084
2020-09-28 01:00:00+00:00,0.7523834211424318,0.7523834211424318,3.0508882464808096e-07,0.7523837262312565,2.1049191160739342,1.337180931234718,True,ok,,0.2,0.07,0.084
2020-09-28 02:00:00+00:00,0.18477180657713657,0.18477180657713657,3.0505595216556713e-07,0.18477211163308874,1.337180931234718,1.1486382714621297,True,ok,,0.2,0.07,0.084
2020-09-28 03:00:00+00:00,0.18336832342906326,0.18336832342906326,9.297566083699138e-08,0.1833684164047241,1.1486382714621297,0.9615277373508406,True,ok,,0.2,0.07,0.084
2020-09-28 04:00:00+00:00,0.1927629204668359,0.1927629204668359,-3.5548629595538728e-09,0.19276291691197295,0.9615277373508406,0.7648308797316203,True,ok,,0.3,0.1,0.084
2020-09-28 05:00:00+00:00,0.1199814288820954,0.1199814288820954,-3.556380093194811e-09,0.1199814253257153,0.7648308797316203,0.6424008502600944,True,ok,,0.3,0.1,0.084
2020-09-28 06:00:00+00:00,0.6295520339282695,0.6295520339282695,-3.5579332813284736e-09,0.6295520303703362,0.6424008502600944,8.156394112335263e-07,True,ok,,0.3,0.1,0.084
2020-09-28 07:00:00+00:00,-0.3132333834849676,-0.3132333834849676,-0.09492597058462132,-0.4081593540695889,8.156394112335263e-07,0.3069695314546795,True,ok,,0.3,0.1,0.084
2020-09-28 08:00:00+00:00,-0.09699943473840353,-0.09699943473840353,-0.08728466915820488,-0.1842841038966084,0.3069695314546795,0.40202897749831495,True,ok,,0.3,0.1,0.084
2020-09-28 09:00:00+00:00,-0.31092366789069004,-0.31092366789069004,-0.19273286669202894,-0.503656534582719,0.40202897749831495,0.7067341720311913,True,ok,,0.3,0.1,0.084
2020-09-28 10:00:00+00:00,-0.7168487300443024,-0.7168487300443024,-0.779095932813941,-1.4959446628582433,0.7067341720311913,1.4092459274746076,True,ok,,0.3,0.1,0.084
2020-09-28 11:00:00+00:00,-1.1065537577606626,-1.1065537577606626,-0.9171477538837411,-2.0237015116444037,1.4092459274746076,2.493668610080057,True,ok,,0.3,0.1,0.084
2020-09-28 12:00:00+00:00,-1.169367519592176,-1.169367519592176,-1.3054143827712064,-2.4747819023633824,2.493668610080057,3.6396487792803898,True,ok,,0.3,0.1,0.084
2020-09-28 13:00:00+00:00,-1.0676305750090953,-1.0676305750090953,-1.4768941751123394,-2.5445247501214348,3.6396487792803898,4.685926742789303,True,ok,,0.3,0.1,0.084
2020-09-28 14:00:00+00:00,-0.06752872379096751,-0.06752872379096751,-0.06564914833306144,-0.13317787212402896,4.685926742789303,4.752104892104452,True,ok,,0.3,0.1,0.084
2020-09-28 15:00:00+00:00,0.1003730410934583,0.1003730410934583,-6.525550189095952e-08,0.10037297583795642,4.752104892104452,4.649683421600923,True,ok,,0.4,0.18,0.084
2020-09-28 16:00:00+00:00,1.0663130853474203,1.0663130853474203,-1.950710051268345e-07,1.0663128902764152,4.649683421600923,3.5616088447158,True,ok,,0.4,0.18,0.084
2020-09-28 17:00:00+00:00,0.19871143919093331,0.19871143919093331,-1.9507623652548212e-07,0.1987112441146968,3.5616088447158,3.3588420700311743,True,ok,,0.4,0.18,0.084
2020-09-28 18:00:00+00:00,0.24808547288717075,0.24808547288717075,-1.9509137902384843e-07,0.24808527779579173,3.3588420700311743,3.1056936283095715,True,ok,,0.4,0.18,0.084
2020-09-28 19:00:00+00:00,0.24168931448302045,0.24168931448302045,2.965386570463746e-07,0.2416896110216775,3.1056936283095715,2.859071878837102,True,ok,,0.2,0.07,0.084
2020-09-28 20:00:00+00:00,0.1654019536185471,0.1654019536185471,2.965018279788012e-07,0.16540225012037507,2.859071878837102,2.690294375144707,True,ok,,0.2,0.07,0.084
2020-09-28 21:00:00+00:00,0.20530478671070682,0.20530478671070682,2.964608197819629e-07,0.2053050831715266,2.690294375144707,2.480799694827659,True,ok,,0.2,0.07,0.084
2020-09-28 22:00:00+00:00,0.11900531480796132,0.11900531480796132,2.964183325043779e-07,0.11900561122629383,2.480799694827659,2.359365700125658,True,ok,,0.2,0.07,0.084
2020-09-28 23:00:00+00:00,0.9119205624767407,0.9119205624767407,2.9637267928706024e-07,0.91192085884942,2.359365700125658,1.428834513924902,True,ok,,0.2,0.07,0.084
2020-09-29 00:00:00+00:00,0.15401762005675074,0.15401762005675074,2.963524235455317e-07,0.15401791640917428,1.428834513924902,1.2716736771322992,True,ok,,0.2,0.07,0.084
2020-09-29 01:00:00+00:00,0.5487663964143623,0.5487663964143623,2.963008578493742e-07,0.5487666927152202,1.2716736771322992,0.7117079665053988,True,ok,,0.2,0.07,0.084
2020-09-29 02:00:00+00:00,0.22289114801155258,0.22289114801155258,2.962662107308667e-07,0.2228914442777633,0.7117079665053988,0.48426801955483495,True,ok,,0.2,0.07,0.084
2020-09-29 03:00:00+00:00,0.2292947021768335,0.2292947021768335,2.962093383351849e-07,0.22929499838617184,0.48426801955483495,0.2502938336601069,True,ok,,0.2,0.07,0.084
2020-09-29 04:00:00+00:00,0.19931564244569228,0.19931564244569228,-3.990936997544381e-09,0.19931563845475528,0.2502938336601069,0.046910525042053536,True,ok,,0.3,0.1,0.084
2020-09-29 05:00:00+00:00,0.045971208663421886,0.045971208663421886,-3.991781419299123e-09,0.04597120467164047,0.046910525042053536,1.128446725076615e-06,True,ok,,0.3,0.1,0.084
2020-09-29 06:00:00+00:00,-0.5367564031343797,-0.5367564031343797,-0.33476741574509483,-0.8715238188794745,1.128446725076615e-06,0.5260224035184171,True,ok,,0.3,0.1,0.084
2020-09-29 07:00:00+00:00,-0.8532749584484619,-0.8532749584484619,-1.5644831774890866,-2.4177581359375484,0.5260224035184171,1.3622318627979098,True,ok,,0.3,0.1,0.084
2020-09-29 08:00:00+00:00,-0.6699744818916542,-0.6699744818916542,-3.0862769557274348,-3.7562514376190888,1.3622318627979098,2.018806855051731,True,ok,,0.3,0.1,0.084
2020-09-29 09:00:00+00:00,-0.556211532221811,-0.556211532221811,-4.021645560220647,-4.577857092442458,2.018806855051731,2.5638941566291056,True,ok,,0.3,0.1,0.084
2020-09-29 10:00:00+00:00,-0.505528393213265,-0.505528393213265,-3.91134843265422,-4.416876825867485,2.5638941566291056,3.059311981978105,True,ok,,0.3,0.1,0.084
2020-09-29 11:00:00+00:00,-0.40488519137108564,-0.40488519137108564,-2.711508553901101,-3.1163937452721866,3.059311981978105,3.456099469521769,True,ok,,0.3,0.1,0.084
2020-09-29 12:00:00+00:00,-0.390657199886245,-0.390657199886245,-3.552642954318142,-3.943300154204387,3.456099469521769,3.838943525410289,True,ok,,0.3,0.1,0.084
2020-09-29 13:00:00+00:00,-0.32025133937015554,-0.32025133937015554,-1.33282010582509,-1.6530714451952455,3.838943525410289,4.1527898379930415,True,ok,,0.3,0.1,0.084
2020-09-29 14:00:00+00:00,-0.21723228405064227,-0.21723228405064227,-0.45424701608055257,-0.6714793001311948,4.1527898379930415,4.365677476362671,True,ok,,0.3,0.1,0.084
2020-09-29 15:00:00+00:00,0.23428572124758668,0.23428572124758668,-2.421467685531642e-07,0.23428547910081812,4.365677476362671,4.126610413865134,True,ok,,0.4,0.18,0.084
2020-09-29 16:00:00+00:00,0.7112066501488647,0.7112066501488647,-2.0772232611765418e-07,0.7112064424265386,4.126610413865134,3.4008893422846596,True,ok,,0.4,0.18,0.084
2020-09-29 17:00:00+00:00,0.6521885815375797,0.6521885815375797,-1.9137797269141998e-07,0.6521883901596071,3.4008893422846596,2.7353907896952925,True,ok,,0.4,0.18,0.084
2020-09-29 18:00:00+00:00,0.23265094137537468,0.23265094137537468,-1.913502613304363e-07,0.23265075002511335,2.7353907896952925,2.497991869924502,True,ok,,0.4,0.18,0.084
2020-09-29 19:00:00+00:00,0.24588791652284558,0.24588791652284558,3.057238543158203e-07,0.2458882222466999,2.497991869924502,2.247085832656292,True,ok,,0.2,0.07,0.084
2020-09-29 20:00:00+00:00,0.15349666643683013,0.15349666643683013,3.0568165351740895e-07,0.15349697211848365,2.247085832656292,2.0904565811901388,True,ok,,0.2,0.07,0.084
2020-09-29 21:00:00+00:00,0.24037780601194778,0.24037780601194778,3.056339628326743e-07,0.2403781116459106,2.0904565811901388,1.8451731056677432,True,ok,,0.2,0.07,0.084
2020-09-29 22:00:00+00:00,0.1422350555369952,0.1422350555369952,3.055860898770746e-07,0.14223536112308507,1.8451731056677432,1.7000352938952992,True,ok,,0.2,0.07,0.084
2020-09-29 23:00:00+00:00,0.1681030552459118,0.1681030552459118,3.055315191680119e-07,0.16810336077743096,1.7000352938952992,1.5285015640525321,True,ok,,0.2,0.07,0.084
2020-09-30 00:00:00+00:00,0.1759986667542694,0.1759986667542694,3.054735689123067e-07,0.1759989722278383,1.5285015640525321,1.3489110877726653,True,ok,,0.2,0.07,0.084
2020-09-30 01:00:00+00:00,0.41030674943638185,0.41030674943638185,3.054117596601458e-07,0.4103070548481415,1.3489110877726653,0.9302307312049287,True,ok,,0.2,0.07,0.084
2020-09-30 02:00:00+00:00,0.3564777232597775,0.3564777232597775,3.0536083656107493e-07,0.35647802862061406,0.9302307312049287,0.5664779523684211,True,ok,,0.2,0.07,0.084
2020-09-30 03:00:00+00:00,0.17244883369587743,0.17244883369587743,3.053004586639485e-07,0.1724491389963361,0.5664779523684211,0.3905097547195666,True,ok,,0.2,0.07,0.084
2020-09-30 04:00:00+00:00,0.21895800395869425,0.21895800395869425,-3.878903337417583e-09,0.2189580000797909,0.3905097547195666,0.1670832200678378,True,ok,,0.3,0.1,0.084
2020-09-30 05:00:00+00:00,0.1637405488148739,0.1637405488148739,-3.879852050747701e-09,0.16374054493502185,0.1670832200678378,1.0273995991183504e-06,True,ok,,0.3,0.1,0.084
2020-09-30 06:00:00+00:00,-0.03125673116244865,-0.03125673116244865,-0.014761387595497201,-0.04601811875794585,1.0273995991183504e-06,0.030632623938798793,True,ok,,0.3,0.1,0.084
2020-09-30 07:00:00+00:00,-0.3833267527083818,-0.3833267527083818,-0.18400762748055655,-0.5673343801889383,0.030632623938798793,0.40629284159301293,True,ok,,0.3,0.1,0.084
2020-09-30 08:00:00+00:00,-0.5210972669569187,-0.5210972669569187,-0.35835131749141347,-0.8794485844483322,0.40629284159301293,0.9169681632107932,True,ok,,0.3,0.1,0.084
2020-09-30 09:00:00+00:00,-0.9415191770280825,-0.9415191770280825,-1.7739718867793024,-2.715491063807385,0.9169681632107932,1.839656956698314,True,ok,,0.3,0.1,0.084
2020-09-30 10:00:00+00:00,-0.10705269011142061,-0.10705269011142061,-4.729535834634377,-4.836588524745798,1.839656956698314,1.9445685930075063,True,ok,,0.3,0.1,0.084
2020-09-30 11:00:00+00:00,-0.8983130181488574,-0.8983130181488574,-1.7729470124083293,-2.6712600305571867,1.9445685930075063,2.8249153507933866,True,ok,,0.3,0.1,0.084
2020-09-30 12:00:00+00:00,-0.6912487398086575,-0.6912487398086575,-1.5889137828074913,-2.280162522616149,2.8249153507933866,3.5023391158058708,True,ok,,0.3,0.1,0.084
2020-09-30 13:00:00+00:00,-0.6798937008456295,-0.6798937008456295,-2.102644264446863,-2.782537965292492,3.5023391158058708,4.168634942634588,True,ok,,0.3,0.1,0.084
2020-09-30 14:00:00+00:00,-0.33010503631303956,-0.33010503631303956,-0.51552356871637,-0.8456286050294095,4.168634942634588,4.492137878221367,True,ok,,0.3,0.1,0.084
2020-09-30 15:00:00+00:00,2.801774717773179e-07,2.801774717773179e-07,-0.11782080075303888,-0.1178205205755671,4.492137878221367,4.492137592325988,True,ok,,0.4,0.18,0.084
2020-09-30 16:00:00+00:00,0.002013012731879479,0.002013012731879479,-2.0129409359368258e-07,0.0020128114377858854,4.492137592325988,4.490083497701621,True,ok,,0.4,0.18,0.084
2020-09-30 17:00:00+00:00,0.996774530193923,0.996774530193923,-2.0128047051315434e-07,0.9967743289134525,4.490083497701621,3.472966630156801,True,ok,,0.4,0.18,0.084
2020-09-30 18:00:00+00:00,0.22274125668420577,0.22274125668420577,-2.0128568845034778e-07,0.22274105539851732,3.472966630156801,3.2456796335402647,True,ok,,0.4,0.18,0.084
2020-09-30 19:00:00+00:00,0.21012549435111474,0.21012549435111474,2.8303385507522094e-07,0.21012577738496982,3.2456796335402647,3.0312658637942294,True,ok,,0.2,0.07,0.084
2020-09-30 20:00:00+00:00,0.15556524454006995,0.15556524454006995,2.8300501128675215e-07,0.15556552754508124,3.0312658637942294,2.8725258183451783,True,ok,,0.2,0.07,0.084
2020-09-30 21:00:00+00:00,0.18239877221807077,0.18239877221807077,2.829741349852366e-07,0.18239905519220576,2.8725258183451783,2.68640462220429,True,ok,,0.2,0.07,0.084
2020-09-30 22:00:00+00:00,0.1454248838076698,0.1454248838076698,2.8294228457403925e-07,0.14542516674995437,2.68640462220429,2.538011883625035,True,ok,,0.2,0.07,0.084
2020-09-30 23:00:00+00:00,0.18857585600089125,0.18857585600089125,2.8290876666337006e-07,0.1885761389096579,2.538011883625035,2.345587540766983,True,ok,,0.2,0.07,0.084
2020-10-01 00:00:00+00:00,0.18670480077389373,0.18670480077389373,2.8287446995900467e-07,0.1867050836483637,2.345587540766983,2.155072437936479,True,ok,,0.2,0.07,0.084
2020-10-01 01:00:00+00:00,0.6243031909673554,0.6243031909673554,2.82839025533832e-07,0.624303473806381,2.155072437936479,1.5180283655208102,True,ok,,0.2,0.07,0.084
2020-10-01 02:00:00+00:00,0.37640152226808843,0.37640152226808843,2.828175180158432e-07,0.37640180508560644,1.5180283655208102,1.133945179532965,True,ok,,0.2,0.07,0.084
2020-10-01 03:00:00+00:00,0.19530968955606057,0.19530968955606057,2.827857945864043e-07,0.19530997234185515,1.133945179532965,0.934649577945148,True,ok,,0.2,0.07,0.084
2020-10-01 04:00:00+00:00,0.15170505971299278,0.15170505971299278,-4.168881406751979e-09,0.15170505554411137,0.934649577945148,0.7798484966053595,True,ok,,0.3,0.1,0.084
2020-10-01 05:00:00+00:00,0.7642502171636678,0.7642502171636678,-4.169462219927311e-09,0.7642502129942056,0.7798484966053595,1.3362342698997054e-06,True,ok,,0.3,0.1,0.084
2020-10-01 06:00:00+00:00,-0.42980106966157555,-0.42980106966157555,-0.23430609796156804,-0.6641071676231436,1.3362342698997054e-06,0.42120638450261394,True,ok,,0.3,0.1,0.084
2020-10-01 07:00:00+00:00,-0.9090160698073546,-0.9090160698073546,-1.1428007051664781,-2.0518167749738327,0.42120638450261394,1.3120421329138214,True,ok,,0.3,0.1,0.084
2020-10-01 08:00:00+00:00,-0.5852236354256224,-0.5852236354256224,-1.2219943256512271,-1.8072179610768495,1.3120421329138214,1.8855612956309313,True,ok,,0.3,0.1,0.084
2020-10-01 09:00:00+00:00,-0.5537880716081508,-0.5537880716081508,-1.9934148102579714,-2.5472028818661223,1.8855612956309313,2.428273605806919,True,ok,,0.3,0.1,0.084
2020-10-01 10:00:00+00:00,-0.5084719960991027,-0.5084719960991027,-2.786101589292673,-3.2945735853917753,2.428273605806919,2.92657616198404,True,ok,,0.3,0.1,0.084
2020-10-01 11:00:00+00:00,-0.4042803410973414,-0.4042803410973414,-1.5086309853951758,-1.9129113264925173,2.92657616198404,3.3227708962594344,True,ok,,0.3,0.1,0.084
2020-10-01 12:00:00+00:00,-0.3965724946518241,-0.3965724946518241,-1.9134973853986195,-2.3100698800504436,3.3227708962594344,3.711411941018222,True,ok,,0.3,0.1,0.084
2020-10-01 13:00:00+00:00,-0.10870289555156919,-0.10870289555156919,-0.1321591992763349,-0.24086209482790408,3.711411941018222,3.81794077865876,True,ok,,0.3,0.1,0.084
2020-10-01 14:00:00+00:00,-0.9296282714673814,-0.9296282714673814,-0.17073991156355484,-1.1003681830309362,3.81794077865876,4.728976484696793,True,ok,,0.3,0.1,0.084
2020-10-01 15:00:00+00:00,0.029160154018407197,0.029160154018407197,-2.428062530930586e-07,0.029159911212154103,4.728976484696793,4.699221225494337,True,ok,,0.4,0.18,0.084
2020-10-01 16:00:00+00:00,0.41736391457227046,0.41736391457227046,-2.4280405669374616e-07,0.41736367176821376,4.699221225494337,4.273339680012428,True,ok,,0.4,0.18,0.084
2020-10-01 17:00:00+00:00,0.299686229169511,0.299686229169511,-2.428041159796557e-07,0.299685986365395,4.273339680012428,3.9675374053496615,True,ok,,0.4,0.18,0.084
2020-10-01 18:00:00+00:00,0.3160986434056058,0.3160986434056058,-8.808444174057684e-08,0.31609855532116404,3.9675374053496615,3.6449877692214923,True,ok,,0.4,0.18,0.084
2020-10-01 19:00:00+00:00,0.23658371892710375,0.23658371892710375,2.2567437893417086e-07,0.2365839446014827,3.6449877692214923,3.403575811132611,True,ok,,0.2,0.07,0.084
2020-10-01 20:00:00+00:00,0.19367991340106805,0.19367991340106805,2.256743170947484e-07,0.19368013907538514,3.403575811132611,3.2059432464376436,True,ok,,0.2,0.07,0.084
2020-10-01 21:00:00+00:00,0.14437938541529605,0.14437938541529605,2.2567419849517378e-07,0.14437961108949454,3.2059432464376436,3.0586173429526475,True,ok,,0.2,0.07,0.084
2020-10-01 22:00:00+00:00,0.21909144616418538,0.21909144616418538,8.187002464854487e-08,0.21909152803421003,3.0586173429526475,2.8350546427851113,True,ok,,0.2,0.07,0.084
2020-10-01 23:00:00+00:00,0.13526569116078535,0.13526569116078535,2.2567415194907348e-07,0.1352659168349373,2.8350546427851113,2.697028427314922,True,ok,,0.2,0.07,0.084
2020-10-02 00:00:00+00:00,0.8482388301497198,0.8482388301497198,2.2567456126054708e-07,0.848239055824281,2.697028427314922,1.8314786006315344,True,ok,,0.2,0.07,0.084
2020-10-02 01:00:00+00:00,0.3546587466048014,0.3546587466048014,2.2567442914400715e-07,0.35465897227923054,1.8314786006315344,1.4695819204225535,True,ok,,0.2,0.07,0.084
2020-10-02 02:00:00+00:00,0.3274311349836279,0.3274311349836279,2.256743816264617e-07,0.32743136065800954,1.4695819204225535,1.1354685173780352,True,ok,,0.2,0.07,0.084
2020-10-02 03:00:00+00:00,0.2234385798741086,0.2234385798741086,2.256742414885604e-07,0.22343880554835008,1.1354685173780352,0.9074699664860877,True,ok,,0.2,0.07,0.084
2020-10-02 04:00:00+00:00,0.15988328259968385,0.15988328259968385,-5.146367360042703e-09,0.15988327745331649,0.9074699664860877,0.7443237597517164,True,ok,,0.3,0.1,0.084
2020-10-02 05:00:00+00:00,0.11311018038572732,0.11311018038572732,-5.146372605846494e-09,0.11311017523935471,0.7443237597517164,0.6289052083377089,True,ok,,0.3,0.1,0.084
2020-10-02 06:00:00+00:00,-0.28590275284126276,-0.28590275284126276,-0.21477652617920018,-0.5006792790204629,0.6289052083377089,0.9090899061221465,True,ok,,0.3,0.1,0.084
2020-10-02 07:00:00+00:00,-0.6115693149406858,-0.6115693149406858,-0.5606039339115727,-1.1721732488522585,0.9090899061221465,1.5084278347640185,True,ok,,0.3,0.1,0.084
2020-10-02 08:00:00+00:00,-1.167813554789316,-1.167813554789316,-1.543362160490355,-2.711175715279671,1.5084278347640185,2.652885118457548,True,ok,,0.3,0.1,0.084
2020-10-02 09:00:00+00:00,-1.2058905986515058,-1.2058905986515058,-2.7973433227086413,-4.003233921360147,2.652885118457548,3.834657905136024,True,ok,,0.3,0.1,0.084
2020-10-02 10:00:00+00:00,-1.1138927078987446,-1.1138927078987446,-3.7635960385498413,-4.877488746448586,3.834657905136024,4.926272758876793,True,ok,,0.3,0.1,0.084
2020-10-02 11:00:00+00:00,-0.9930700966803736,-0.9930700966803736,-3.55757808537321,-4.550648182053584,4.926272758876793,5.89948145362356,True,ok,,0.3,0.1,0.084
2020-10-02 12:00:00+00:00,-0.7727121444325243,-0.7727121444325243,-1.9528241236958572,-2.7255362681283817,5.89948145362356,6.656739355167433,True,ok,,0.3,0.1,0.084
2020-10-02 13:00:00+00:00,1.9127487719682204,1.9127487719682204,-1.866996779398278e-09,1.9127487701012236,6.656739355167433,4.704954893975372,True,ok,,0.3,0.1,0.084
2020-10-02 14:00:00+00:00,-0.5311544699331462,-0.5311544699331462,-1.0281952186741026,-1.5593496886072489,4.704954893975372,5.225486274509855,True,ok,,0.3,0.1,0.084
2020-10-02 15:00:00+00:00,0.39422495706522775,0.39422495706522775,-2.9854485134039876e-07,0.3942246585203764,5.225486274509855,4.8232159101575816,True,ok,,0.4,0.18,0.084
2020-10-02 16:00:00+00:00,0.1298114721546168,0.1298114721546168,-2.0072811277027647e-07,0.12981127142650403,4.8232159101575816,4.690755224285524,True,ok,,0.4,0.18,0.084
2020-10-02 17:00:00+00:00,0.24513364292345427,0.24513364292345427,-6.256042908714399e-08,0.24513358036302518,4.690755224285524,4.440618853955469,True,ok,,0.4,0.18,0.084
2020-10-02 18:00:00+00:00,0.3984753973850317,0.3984753973850317,-2.031321688633625e-07,0.3984751942528628,4.440618853955469,4.0340113056033955,True,ok,,0.4,0.18,0.084
2020-10-02 19:00:00+00:00,0.2322912762191042,0.2322912762191042,2.793709952542134e-07,0.23229155559009945,4.0340113056033955,3.7969793910941054,True,ok,,0.2,0.07,0.084
2020-10-02 20:00:00+00:00,0.2534374427546295,0.2534374427546295,2.7934552232489196e-07,0.2534377221001518,3.7969793910941054,3.538369755630198,True,ok,,0.2,0.07,0.084
2020-10-02 21:00:00+00:00,0.18626097067828948,0.18626097067828948,2.793195909567281e-07,0.18626124999788043,3.538369755630198,3.3483075406523515,True,ok,,0.2,0.07,0.084
2020-10-02 22:00:00+00:00,0.16533224859550738,0.16533224859550738,2.7929098919687867e-07,0.16533252788649658,3.3483075406523515,3.179601164534487,True,ok,,0.2,0.07,0.084
2020-10-02 23:00:00+00:00,0.1676292762955167,0.1676292762955167,2.7926099241404323e-07,0.1676295555565091,3.179601164534487,3.0085508826002862,True,ok,,0.2,0.07,0.084
2020-10-03 00:00:00+00:00,0.14842838709693226,0.14842838709693226,2.7922980222472304e-07,0.1484286663267345,3.0085508826002862,2.8570933447462736,True,ok,,0.2,0.07,0.084
2020-10-03 01:00:00+00:00,0.21468233209591286,0.21468233209591286,2.791973499893796e-07,0.21468261129326285,2.8570933447462736,2.6380297405667705,True,ok,,0.2,0.07,0.084
2020-10-03 02:00:00+00:00,0.4229289426848708,0.4229289426848708,2.7916510142445006e-07,0.4229292218499722,2.6380297405667705,2.2064695949699638,True,ok,,0.2,0.07,0.084
2020-10-03 03:00:00+00:00,0.17438097118170182,0.17438097118170182,2.791388389322691e-07,0.17438125032054075,2.2064695949699638,2.0285298284580233,True,ok,,0.2,0.07,0.084
2020-10-03 04:00:00+00:00,0.3094057540814097,0.3094057540814097,-4.220010674238495e-09,0.309405749861399,2.0285298284580233,1.712809671232095,True,ok,,0.3,0.1,0.084
2020-10-03 05:00:00+00:00,0.30325279482269224,0.30325279482269224,-4.22046131376419e-09,0.3032527906022309,1.712809671232095,1.4033680438620009,True,ok,,0.3,0.1,0.084
2020-10-03 06:00:00+00:00,0.7562922776882579,0.7562922776882579,-4.220912508401398e-09,0.7562922734673454,1.4033680438620009,0.6316412298943908,True,ok,,0.3,0.1,0.084
2020-10-03 07:00:00+00:00,0.5854313032033951,0.5854313032033951,-4.2211645290279876e-09,0.5854312989822306,0.6316412298943908,0.034262349074599796,True,ok,,0.3,0.1,0.084
2020-10-03 08:00:00+00:00,0.03357571760218375,0.03357571760218375,-4.221548152716359e-09,0.0335757133806356,0.034262349074599796,1.4127458408674798e-06,True,ok,,0.3,0.1,0.084
2020-10-03 09:00:00+00:00,-1.2076790056495317,-1.2076790056495317,-0.7761754353775434,-1.983854441027075,1.4127458408674798e-06,1.1835268382823818,True,ok,,0.3,0.1,0.084
2020-10-03 10:00:00+00:00,-1.637500024549984,-1.637500024549984,-2.610736109134159,-4.248236133684143,1.1835268382823818,2.788276862341366,True,ok,,0.3,0.1,0.084
2020-10-03 11:00:00+00:00,-1.2080637702185961,-1.2080637702185961,-2.9420654689199206,-4.150129239138517,2.788276862341366,3.97217935715559,True,ok,,0.3,0.1,0.084
2020-10-03 12:00:00+00:00,-0.9563524649695038,-0.9563524649695038,-2.50084593758153,-3.457198402551034,3.97217935715559,4.909404772825704,True,ok,,0.3,0.1,0.084
2020-10-03 13:00:00+00:00,-0.2990754729985196,-0.2990754729985196,-0.3769208705837323,-0.6759963435822519,4.909404772825704,5.202498736364253,True,ok,,0.3,0.1,0.084
2020-10-03 14:00:00+00:00,-0.016548655054314635,-0.016548655054314635,-0.016504735502327627,-0.03305339055664226,5.202498736364253,5.218716418317482,True,ok,,0.3,0.1,0.084
2020-10-03 15:00:00+00:00,0.18629856316607687,0.18629856316607687,-2.9751992483562084e-07,0.18629826564615204,5.218716418317482,5.028615843658219,True,ok,,0.4,0.18,0.084
2020-10-03 16:00:00+00:00,0.5173127377733717,0.5173127377733717,-2.3098876444915817e-07,0.5173125067846073,5.028615843658219,4.500745703073146,True,ok,,0.4,0.18,0.084
2020-10-03 17:00:00+00:00,0.45185522852645615,0.45185522852645615,-2.004720065507115e-07,0.4518550280544496,4.500745703073146,4.03966893927064,True,ok,,0.4,0.18,0.084
2020-10-03 18:00:00+00:00,0.3205727554356906,0.3205727554356906,-2.0048179799614374e-07,0.3205725549538926,4.03966893927064,3.7125538827036086,True,ok,,0.4,0.18,0.084
2020-10-03 19:00:00+00:00,0.25995799302029654,0.25995799302029654,2.8468203483456023e-07,0.2599582777023314,3.7125538827036086,3.4472906245196326,True,ok,,0.2,0.07,0.084
2020-10-03 20:00:00+00:00,0.22736688198203722,0.22736688198203722,2.8465368845376204e-07,0.22736716663572568,3.4472906245196326,3.2152836020889826,True,ok,,0.2,0.07,0.084
2020-10-03 21:00:00+00:00,0.19254732667970653,0.19254732667970653,2.846230936215388e-07,0.19254761130280015,3.2152836020889826,3.0188067381300985,True,ok,,0.2,0.07,0.084
2020-10-03 22:00:00+00:00,0.1623800210921169,0.1623800210921169,2.8459017156756694e-07,0.16238030568228848,3.0188067381300985,2.85311283905651,True,ok,,0.2,0.07,0.084
2020-10-03 23:00:00+00:00,0.2718507716706046,0.2718507716706046,2.8455549000439007e-07,0.2718510562260946,2.85311283905651,2.575714092453852,True,ok,,0.2,0.07,0.084
2020-10-04 00:00:00+00:00,0.2103358264058871,0.2103358264058871,2.845224362224563e-07,0.21033611092832333,2.575714092453852,2.361085698162131,True,ok,,0.2,0.07,0.084
2020-10-04 01:00:00+00:00,0.15972124318909184,0.15972124318909184,2.8448537114922345e-07,0.159721527674463,2.361085698162131,2.1981048377650985,True,ok,,0.2,0.07,0.084
2020-10-04 02:00:00+00:00,0.3285554367659054,0.3285554367659054,2.8444552752082686e-07,0.3285557212114329,2.1981048377650985,1.8628441880039706,True,ok,,0.2,0.07,0.084
2020-10-04 03:00:00+00:00,0.6585958259991642,0.6585958259991642,8.982169907856274e-08,0.6585959158208633,1.8628441880039706,1.1908076308619662,True,ok,,0.2,0.07,0.084
2020-10-04 04:00:00+00:00,0.11567361487971094,0.11567361487971094,-3.969931300362717e-09,0.11567361090977964,1.1908076308619662,1.0727733299643019,True,ok,,0.3,0.1,0.084
2020-10-04 05:00:00+00:00,0.7579990361332096,0.7579990361332096,-3.9707760413065785e-09,0.7579990321624336,1.0727733299643019,0.29930492574674095,True,ok,,0.3,0.1,0.084
2020-10-04 06:00:00+00:00,0.2933177410223556,0.2933177410223556,-3.971185824624968e-09,0.29331773705116976,0.29930492574674095,1.1083769903552643e-06,True,ok,,0.3,0.1,0.084
2020-10-04 07:00:00+00:00,-0.035620620247375195,-0.035620620247375195,-0.01758686472094796,-0.05320748496832316,1.1083769903552643e-06,0.03490931621941805,True,ok,,0.3,0.1,0.084
2020-10-04 08:00:00+00:00,-1.3628414159311115,-1.3628414159311115,-1.623030003653412,-2.9858714195845235,0.03490931621941805,1.3704939038319073,True,ok,,0.3,0.1,0.084
2020-10-04 09:00:00+00:00,-0.9391307879678101,-0.9391307879678101,-3.2741046334902477,-4.213235421458058,1.3704939038319073,2.290842076040361,True,ok,,0.3,0.1,0.084
2020-10-04 10:00:00+00:00,-0.36693984546360847,-0.36693984546360847,-0.614219923273073,-0.9811597687366814,2.290842076040361,2.6504431245946973,True,ok,,0.3,0.1,0.084
2020-10-04 11:00:00+00:00,-0.3446884549327491,-0.3446884549327491,-0.6439777191455127,-0.9886661740782619,2.6504431245946973,2.9882378104287914,True,ok,,0.3,0.1,0.084
2020-10-04 12:00:00+00:00,-0.5071887660673289,-0.5071887660673289,-2.9210024433577204,-3.4281912094250493,2.9882378104287914,3.485282801174774,True,ok,,0.3,0.1,0.084
2020-10-04 13:00:00+00:00,-0.26133485786419314,-0.26133485786419314,-0.4591104591410043,-0.7204453170051974,3.485282801174774,3.741390961881683,True,ok,,0.3,0.1,0.084
2020-10-04 14:00:00+00:00,-0.4331530327531804,-0.4331530327531804,-2.464345289008758,-2.8974983217619386,3.741390961881683,4.1658809339798,True,ok,,0.3,0.1,0.084
2020-10-04 15:00:00+00:00,1.8286663795601003e-07,1.8286663795601003e-07,-0.27047906936014204,-0.2704788864935041,4.1658809339798,4.165880747381189,True,ok,,0.4,0.18,0.084
2020-10-04 16:00:00+00:00,0.2567586632019789,0.2567586632019789,-2.0287768465188094e-07,0.2567584603242942,4.165880747381189,3.9038821114608027,True,ok,,0.4,0.18,0.084
2020-10-04 17:00:00+00:00,0.41657100817689663,0.41657100817689663,-2.0288953522795694e-07,0.4165708052873614,3.9038821114608027,3.478809654137439,True,ok,,0.4,0.18,0.084
2020-10-04 18:00:00+00:00,0.9848950381965969,0.9848950381965969,-2.0289933078121436e-07,0.9848948352972661,3.478809654137439,2.473814717202136,True,ok,,0.4,0.18,0.084
2020-10-04 19:00:00+00:00,0.21837477575864178,0.21837477575864178,2.7983527275954323e-07,0.21837505559391454,2.473814717202136,2.250983313366787,True,ok,,0.2,0.07,0.084
2020-10-04 20:00:00+00:00,0.19284549783511273,0.19284549783511273,2.798089387689995e-07,0.1928457776440515,2.250983313366787,2.054202193126876,True,ok,,0.2,0.07,0.084
2020-10-04 21:00:00+00:00,0.16575244256708202,0.16575244256708202,2.79781025236403e-07,0.16575272234810726,2.054202193126876,1.8850670476502616,True,ok,,0.2,0.07,0.084
2020-10-04 22:00:00+00:00,0.17456249805895502,0.17456249805895502,2.7975167138372115e-07,0.1745627778106264,1.8850670476502616,1.7069420496309198,True,ok,,0.2,0.07,0.084
2020-10-04 23:00:00+00:00,0.16724463698795047,0.16724463698795047,2.7972131375064713e-07,0.16724491670926422,1.7069420496309198,1.5362842567860724,True,ok,,0.2,0.07,0.084
2020-10-05 00:00:00+00:00,0.13544813674223155,0.13544813674223155,2.796895136047972e-07,0.13544841643174516,1.5362842567860724,1.398071872355224,True,ok,,0.2,0.07,0.084
2020-10-05 01:00:00+00:00,0.7394804425904865,0.7394804425904865,2.796567430962682e-07,0.7394807222472296,1.398071872355224,0.6434999921608499,True,ok,,0.2,0.07,0.084
2020-10-05 02:00:00+00:00,0.15188991506279176,0.15188991506279176,2.7963935667063566e-07,0.15189019470214843,0.6434999921608499,0.48851028291310317,True,ok,,0.2,0.07,0.084
2020-10-05 03:00:00+00:00,0.18169738664449178,0.18169738664449178,2.796031942087218e-07,0.181697666247686,0.48851028291310317,0.30310478633709115,True,ok,,0.2,0.07,0.084
2020-10-05 04:00:00+00:00,0.19377514370419946,0.19377514370419946,-4.213436183286845e-09,0.19377513949076328,0.30310478633709115,0.10537504786341823,True,ok,,0.3,0.1,0.084
2020-10-05 05:00:00+00:00,0.10326617365449324,0.10326617365449324,-4.213975321465391e-09,0.10326616944051792,0.10537504786341823,1.4012772006355423e-06,True,ok,,0.3,0.1,0.084
2020-10-05 06:00:00+00:00,-0.06024328269778533,-0.06024328269778533,-0.023871940659992492,-0.08411522335777782,1.4012772006355423e-06,0.05903981832103026,True,ok,,0.3,0.1,0.084
2020-10-05 07:00:00+00:00,-0.11317911640592997,-0.11317911640592997,-0.05750952245604425,-0.17068863886197422,0.05903981832103026,0.16995535239884163,True,ok,,0.3,0.1,0.084
2020-10-05 08:00:00+00:00,-0.3446746532819966,-0.3446746532819966,-0.17955427566490395,-0.5242289289469005,0.16995535239884163,0.5077365126151983,True,ok,,0.3,0.1,0.084
2020-10-05 09:00:00+00:00,-2.442186603908386,-2.442186603908386,-1.4364402369402813,-3.8786268408486673,0.5077365126151983,2.9010793844454166,True,ok,,0.3,0.1,0.084
2020-10-05 10:00:00+00:00,-1.9521950247406559,-1.9521950247406559,-1.6459694752494896,-3.5981644999901454,2.9010793844454166,4.814230508691259,True,ok,,0.3,0.1,0.084
2020-10-05 11:00:00+00:00,-0.1965332395274043,-0.1965332395274043,-0.186094573857504,-0.3826278133849083,4.814230508691259,5.006833083428115,True,ok,,0.3,0.1,0.084
2020-10-05 12:00:00+00:00,-0.29441175905126304,-0.29441175905126304,-0.2969127584070721,-0.5913245174583351,5.006833083428115,5.295356607298353,True,ok,,0.3,0.1,0.084
2020-10-05 13:00:00+00:00,-0.3583617511988086,-0.3583617511988086,-0.3821355635788756,-0.7404973147776842,5.295356607298353,5.646551123473185,True,ok,,0.3,0.1,0.084
2020-10-05 14:00:00+00:00,0.6856891762426255,0.6856891762426255,-1.8544293878264284e-09,0.6856891743881961,5.646551123473185,4.946868290572547,True,ok,,0.3,0.1,0.084
2020-10-05 15:00:00+00:00,0.06779907267316779,0.06779907267316779,-8.77722396708247e-08,0.06779898490092812,4.946868290572547,4.877685563355029,True,ok,,0.4,0.18,0.084
2020-10-05 16:00:00+00:00,0.9434747917927814,0.9434747917927814,-2.043496423187463e-07,0.9434745874431391,4.877685563355029,3.9149561839746396,True,ok,,0.4,0.18,0.084
2020-10-05 17:00:00+00:00,0.5706354397140025,0.5706354397140025,-2.0435425229781146e-07,0.5706352353597502,3.9149561839746396,3.3326751230419838,True,ok,,0.4,0.18,0.084
2020-10-05 18:00:00+00:00,0.24041423243174098,0.24041423243174098,-2.0436203304607936e-07,0.24041402806970794,3.3326751230419838,3.0873544777034727,True,ok,,0.4,0.18,0.084
2020-10-05 19:00:00+00:00,0.20447719504290254,0.20447719504290254,2.7700543306363734e-07,0.2044774720483356,3.0873544777034727,2.878704278680103,True,ok,,0.2,0.07,0.084
2020-10-05 20:00:00+00:00,0.1832874452888948,0.1832874452888948,2.7698079910210005e-07,0.1832877222696939,2.878704278680103,2.6916762732832713,True,ok,,0.2,0.07,0.084
2020-10-05 21:00:00+00:00,0.2063395013013761,0.2063395013013761,2.769550403736165e-07,0.20633977825641647,2.6916762732832713,2.481125761751255,True,ok,,0.2,0.07,0.084
2020-10-05 22:00:00+00:00,0.14170225042485657,0.14170225042485657,2.769286419068706e-07,0.14170252735349848,2.481125761751255,2.3365316286646665,True,ok,,0.2,0.07,0.084
2020-10-05 23:00:00+00:00,0.18549586206416122,0.18549586206416122,2.76900597645513e-07,0.18549613896475886,2.3365316286646665,2.147250136762461,True,ok,,0.2,0.07,0.084
2020-10-06 00:00:00+00:00,0.15953677872902128,0.15953677872902128,2.768719924717278e-07,0.15953705560101375,2.147250136762461,1.984457505406317,True,ok,,0.2,0.07,0.084
2020-10-06 01:00:00+00:00,0.48936975071567185,0.48936975071567185,2.7684233738778374e-07,0.48937002755800924,1.984457505406317,1.4851006169209375,True,ok,,0.2,0.07,0.084
2020-10-06 02:00:00+00:00,0.2406405007772719,0.2406405007772719,2.76821214756362e-07,0.24064077759848665,1.4851006169209375,1.239549085515558,True,ok,,0.2,0.07,0.084
2020-10-06 03:00:00+00:00,0.14008733440521345,0.14008733440521345,2.767905629974532e-07,0.14008761119577645,1.239549085515558,1.0966028259184013,True,ok,,0.2,0.07,0.084
2020-10-06 04:00:00+00:00,0.17533761562423228,0.17533761562423228,-4.253615737415117e-09,0.17533761137061654,1.0966028259184013,0.9176868916079601,True,ok,,0.3,0.1,0.084
2020-10-06 05:00:00+00:00,0.8541232748229963,0.8541232748229963,-4.254093632916067e-09,0.8541232705689027,0.9176868916079601,0.04613252954367819,True,ok,,0.3,0.1,0.084
2020-10-06 06:00:00+00:00,0.04520844291882737,0.04520844291882737,-4.254358219879517e-09,0.04520843866446915,0.04613252954367819,1.4653407931219942e-06,True,ok,,0.3,0.1,0.084
2020-10-06 07:00:00+00:00,-0.24444037925805154,-0.24444037925805154,-0.11298977965348547,-0.357430158911537,1.4653407931219942e-06,0.23955303701368363,True,ok,,0.3,0.1,0.084
2020-10-06 08:00:00+00:00,-2.1233682448673163,-2.1233682448673163,-0.9920328040976996,-3.115401048965016,0.23955303701368363,2.3204539169836536,True,ok,,0.3,0.1,0.084
2020-10-06 09:00:00+00:00,-1.0297852426414742,-1.0297852426414742,-0.9130681176012057,-1.9428533602426798,2.3204539169836536,3.329643454772298,True,ok,,0.3,0.1,0.084
2020-10-06 10:00:00+00:00,-0.29507005442536927,-0.29507005442536927,-0.28606034987195794,-0.5811304042973272,3.329643454772298,3.61881210810916,True,ok,,0.3,0.1,0.084
2020-10-06 11:00:00+00:00,-0.6414817129907434,-0.6414817129907434,-0.6891141796281558,-1.3305958926188992,3.61881210810916,4.247464186840088,True,ok,,0.3,0.1,0.084
2020-10-06 12:00:00+00:00,-0.4428330027758163,-0.4428330027758163,-0.48476412737910757,-0.9275971301549238,4.247464186840088,4.681440529560388,True,ok,,0.3,0.1,0.084
2020-10-06 13:00:00+00:00,-0.0634605138137562,-0.0634605138137562,-0.06120564264034786,-0.12466615645410406,4.681440529560388,4.743631833097869,True,ok,,0.3,0.1,0.084
2020-10-06 14:00:00+00:00,-0.4352914137556089,-0.4352914137556089,-0.5223848065766434,-0.9576762203322524,4.743631833097869,5.170217418578366,True,ok,,0.3,0.1,0.084
2020-10-06 15:00:00+00:00,0.33163460771189496,0.33163460771189496,-1.9238544840538552e-07,0.33163441532644655,5.170217418578366,4.8318147576478605,True,ok,,0.4,0.18,0.084
2020-10-06 16:00:00+00:00,1.2840300096264161,1.2840300096264161,-1.9239811721583067e-07,1.284029817228299,4.8318147576478605,3.521580053947436,True,ok,,0.4,0.18,0.084
2020-10-06 17:00:00+00:00,0.25366222003441047,0.25366222003441047,-1.9240254511831978e-07,0.25366202763186535,3.521580053947436,3.262741053912323,True,ok,,0.4,0.18,0.084
2020-10-06 18:00:00+00:00,0.20642260895077802,0.20642260895077802,-1.9241741358588804e-07,0.20642241653336443,3.262741053912323,3.052105738656427,True,ok,,0.4,0.18,0.084
2020-10-06 19:00:00+00:00,0.2573146682573141,0.2573146682573141,3.03014836944282e-07,0.257314971272151,3.052105738656427,2.7895397506387596,True,ok,,0.2,0.07,0.084
2020-10-06 20:00:00+00:00,0.15999914140398808,0.15999914140398808,3.0297475889229375e-07,0.15999944437874697,2.7895397506387596,2.62627532063469,True,ok,,0.2,0.07,0.084
2020-10-06 21:00:00+00:00,0.17326736379243549,0.17326736379243549,3.029289089018228e-07,0.1732676667213444,2.62627532063469,2.4494718881934294,True,ok,,0.2,0.07,0.084
2020-10-06 22:00:00+00:00,0.2027084747986554,0.2027084747986554,3.028806821181451e-07,0.2027087776793375,2.4494718881934294,2.2426265057458217,True,ok,,0.2,0.07,0.084
2020-10-06 23:00:00+00:00,0.8340217278459113,0.8340217278459113,3.0283082319559895e-07,0.8340220306767345,2.2426265057458217,1.3915839263112182,True,ok,,0.2,0.07,0.084
2020-10-07 00:00:00+00:00,0.20026116916739972,0.20026116916739972,3.0280612536848217e-07,0.2002614719735251,1.3915839263112182,1.1872357945077492,True,ok,,0.2,0.07,0.084
2020-10-07 01:00:00+00:00,0.1961307803376156,0.1961307803376156,3.0274818604847376e-07,0.19613108308580166,1.1872357945077492,0.9871023451836516,True,ok,,0.2,0.07,0.084
2020-10-07 02:00:00+00:00,0.35608203090819335,0.35608203090819335,3.026857053889387e-07,0.35608233359389874,0.9871023451836516,0.6237533340528421,True,ok,,0.2,0.07,0.084
2020-10-07 03:00:00+00:00,0.2264004192466973,0.2264004192466973,3.026291293395378e-07,0.22640072187582663,0.6237533340528421,0.3927324980868244,True,ok,,0.2,0.07,0.084
2020-10-07 04:00:00+00:00,0.14210217061944452,0.14210217061944452,-3.911134222045476e-09,0.1421021667083103,0.3927324980868244,0.24773028316902387,True,ok,,0.3,0.1,0.084
2020-10-07 05:00:00+00:00,0.18277396281249847,0.18277396281249847,-3.912075746681509e-09,0.18277395890042272,0.24773028316902387,0.061226239482800954,True,ok,,0.3,0.1,0.084
2020-10-07 06:00:00+00:00,0.060000680389665974,0.060000680389665974,-3.913030219293567e-09,0.060000676476635754,0.061226239482800954,1.0554117132258178e-06,True,ok,,0.3,0.1,0.084
2020-10-07 07:00:00+00:00,-0.11147753081972765,-0.11147753081972765,-0.04661925458284451,-0.15809678540257216,1.0554117132258178e-06,0.10924903561504631,True,ok,,0.3,0.1,0.084
2020-10-07 08:00:00+00:00,-0.39700031233238003,-0.39700031233238003,-0.18511806965803784,-0.5821183819904179,0.10924903561504631,0.4983093417007788,True,ok,,0.3,0.1,0.084
2020-10-07 09:00:00+00:00,-0.6009075774245808,-0.6009075774245808,-0.38465252977330877,-0.9855601071978896,0.4983093417007788,1.087198767576868,True,ok,,0.3,0.1,0.084
2020-10-07 10:00:00+00:00,-1.7975027418343523,-1.7975027418343523,-1.1925079237886296,-2.990010665622982,1.087198767576868,2.848751454574533,True,ok,,0.3,0.1,0.084
2020-10-07 11:00:00+00:00,-0.8664820159259061,-0.8664820159259061,-0.9228469620055071,-1.7893289779314132,2.848751454574533,3.697903830181921,True,ok,,0.3,0.1,0.084
2020-10-07 12:00:00+00:00,-1.7538015469724741,-1.7538015469724741,-2.5955968113820576,-4.349398358354532,3.697903830181921,5.416629346214946,True,ok,,0.3,0.1,0.084
2020-10-07 13:00:00+00:00,-0.19106798809018005,-0.19106798809018005,-0.18984674156054354,-0.3809147296507236,5.416629346214946,5.603875974543322,True,ok,,0.3,0.1,0.084
2020-10-07 14:00:00+00:00,0.19786324529869131,0.19786324529869131,-4.1971025266374085e-09,0.1978632411015888,5.603875974543322,5.401974703830372,True,ok,,0.3,0.1,0.084
2020-10-07 15:00:00+00:00,0.1030916549825686,0.1030916549825686,-2.0246584465921647e-07,0.10309145251672394,5.401974703830372,5.296779137521629,True,ok,,0.4,0.18,0.084
2020-10-07 16:00:00+00:00,1.1222410286361095,1.1222410286361095,-2.0247659904271131e-07,1.1222408261595105,5.296779137521629,4.151635230750088,True,ok,,0.4,0.18,0.084
2020-10-07 17:00:00+00:00,0.262211619067186,0.262211619067186,-2.0248094578789733e-07,0.2622114165862402,4.151635230750088,3.8840723541509186,True,ok,,0.4,0.18,0.084
2020-10-07 18:00:00+00:00,0.3024565639512337,0.3024565639512337,-2.024931969324406e-07,0.3024563614580368,3.8840723541509186,3.5754432072619045,True,ok,,0.4,0.18,0.084
2020-10-07 19:00:00+00:00,0.2144958028749107,0.2144958028749107,2.806204413008384e-07,0.214496083495352,3.5754432072619045,3.3565699390221995,True,ok,,0.2,0.07,0.084
2020-10-07 20:00:00+00:00,0.18509019165172513,0.18509019165172513,2.805934914695829e-07,0.1850904722452166,3.3565699390221995,3.167702396520439,True,ok,,0.2,0.07,0.084
2020-10-07 21:00:00+00:00,0.132947775107903,0.132947775107903,2.8056474257742714e-07,0.1329480556726456,3.167702396520439,3.0320414015123744,True,ok,,0.2,0.07,0.084
2020-10-07 22:00:00+00:00,0.22275055247332023,0.22275055247332023,2.805347041612283e-07,0.2227508330080244,3.0320414015123744,2.8047449193967418,True,ok,,0.2,0.07,0.084
2020-10-07 23:00:00+00:00,0.13200027527808825,0.13200027527808825,2.805074086342785e-07,0.13200055578549688,2.8047449193967418,2.670050760949713,True,ok,,0.2,0.07,0.084
2020-10-08 00:00:00+00:00,0.14227598278910228,0.14227598278910228,0.0006031282200713584,0.14287911100917364,2.670050760949713,2.5248711866751186,True,ok,,0.2,0.07,0.084
2020-10-08 01:00:00+00:00,0.7107423085106287,0.7107423085106287,0.027483803171628463,0.7382261116822572,2.5248711866751186,1.7996239330928443,True,ok,,0.2,0.07,0.084
2020-10-08 02:00:00+00:00,0.17297493314357432,0.17297493314357432,0.10768737223269076,0.2806623053762651,1.7996239330928443,1.6231188992728705,True,ok,,0.2,0.07,0.084
2020-10-08 03:00:00+00:00,0.19221808527359713,0.19221808527359713,0.23380199929559153,0.42602008456918866,1.6231188992728705,1.4269779959324653,True,ok,,0.2,0.07,0.084
2020-10-08 04:00:00+00:00,0.15798983307679484,0.15798983307679484,1.3877787807814457e-16,0.15798983307679498,1.4269779959324653,1.2657638805479807,True,ok,,0.3,0.1,0.084
2020-10-08 05:00:00+00:00,0.8335933182707129,0.8335933182707129,9.325873406851315e-15,0.8335933182707222,1.2657638805479807,0.4151584537411308,True,ok,,0.3,0.1,0.084
2020-10-08 06:00:00+00:00,0.037278733750620255,0.037278733750620255,-2.4980018054066022e-14,0.037278733750595275,0.4151584537411308,0.377118929505804,True,ok,,0.3,0.1,0.084
2020-10-08 07:00:00+00:00,-0.1566891308037795,-0.1566891308037795,-2.4357932834617735e-07,-0.15668937438310784,0.377118929505804,0.530674277693508,True,ok,,0.3,0.1,0.084
2020-10-08 08:00:00+00:00,-0.21509680540515225,-0.21509680540515225,-2.4357957273402064e-07,-0.21509704898472498,0.530674277693508,0.7414691469905571,True,ok,,0.3,0.1,0.084
2020-10-08 09:00:00+00:00,-0.5155643370661962,-0.5155643370661962,-2.435798583944049e-07,-0.5155645806460546,0.7414691469905571,1.2467221973154294,True,ok,,0.3,0.1,0.084
2020-10-08 10:00:00+00:00,-1.5465112656885032,-1.5465112656885032,-2.435799908440117e-07,-1.546511509268494,1.2467221973154294,2.762303237690163,True,ok,,0.3,0.1,0.084
2020-10-08 11:00:00+00:00,-0.7015822341579759,-0.7015822341579759,-2.435799583144771e-07,-0.7015824777379343,2.762303237690163,3.4498538271649792,True,ok,,0.3,0.1,0.084
2020-10-08 12:00:00+00:00,-0.6735863981592793,-0.6735863981592793,-2.435799669742167e-07,-0.6735866417392463,3.4498538271649792,4.109968497361073,True,ok,,0.3,0.1,0.084
2020-10-08 13:00:00+00:00,0.044600332878129915,0.044600332878129915,-2.806782584130474e-14,0.04460033287810185,4.109968497361073,4.064457953607879,True,ok,,0.3,0.1,0.084
2020-10-08 14:00:00+00:00,-0.27052195107326527,-0.27052195107326527,-2.435798221456231e-07,-0.2705221946530874,4.064457953607879,4.329569465659679,True,ok,,0.3,0.1,0.084
2020-10-08 15:00:00+00:00,0.6181490691850854,0.6181490691850854,-1.1276567768447876e-07,0.6181489564194077,4.329569465659679,3.6988051093483674,True,ok,,0.4,0.18,0.084
2020-10-08 16:00:00+00:00,1.0789547127091428,1.0789547127091428,-1.127656703570068e-07,1.0789545999434724,3.6988051093483674,2.597830912706385,True,ok,,0.4,0.18,0.084
2020-10-08 17:00:00+00:00,0.2282785569498914,0.2282785569498914,-1.1276569406026837e-07,0.22827844418419735,2.597830912706385,2.364893609696292,True,ok,,0.4,0.18,0.084
2020-10-08 18:00:00+00:00,0.28443611273650343,0.28443611273650343,-1.127655376298442e-07,0.2844359999709658,2.364893609696292,2.074652678332513,True,ok,,0.4,0.18,0.084
2020-10-08 19:00:00+00:00,0.023478560180950195,0.023478560180950195,0.16230196788229428,0.18578052806324447,2.074652678332513,2.050694963862156,True,ok,,0.2,0.07,0.084
2020-10-08 20:00:00+00:00,0.018776414930748022,0.018776414930748022,0.18093122410384144,0.19970763903458946,2.050694963862156,2.031535356789964,True,ok,,0.2,0.07,0.084
2020-10-08 21:00:00+00:00,0.01544617819710703,0.01544617819710703,0.1702239333398727,0.18567011153697974,2.031535356789964,2.0157739504663854,True,ok,,0.2,0.07,0.084
2020-10-08 22:00:00+00:00,0.014097065354313938,0.014097065354313938,0.933615129689781,0.947712195044095,2.0157739504663854,2.0013891899007588,True,ok,,0.2,0.07,0.084
2020-10-08 23:00:00+00:00,0.01108655362042143,0.01108655362042143,0.13840977944620086,0.1494963330666223,2.0013891899007588,1.9900763800840022,True,ok,,0.2,0.07,0.084
2020-10-09 00:00:00+00:00,0.009655389003258878,0.009655389003258878,0.14241422215140323,0.1520696111546621,1.9900763800840022,1.9802239423255747,True,ok,,0.2,0.07,0.084
2020-10-09 01:00:00+00:00,0.008864947740260769,0.008864947740260769,0.36616869099137833,0.3750336387316391,1.9802239423255747,1.9711780772844922,True,ok,,0.2,0.07,0.084
2020-10-09 02:00:00+00:00,0.007628452374419817,0.007628452374419817,0.2311334368501634,0.23876188922458322,1.9711780772844922,1.9633939422085536,True,ok,,0.2,0.07,0.084
2020-10-09 03:00:00+00:00,0.006716960571785177,0.006716960571785177,0.24081317855923104,0.2475301391310162,1.9633939422085536,1.9565399008087727,True,ok,,0.2,0.07,0.084
2020-10-09 04:00:00+00:00,0.14981247209423612,0.14981247209423612,1.9395596240201485e-13,0.14981247209443008,1.9565399008087727,1.8036700313248584,True,ok,,0.3,0.1,0.084
2020-10-09 05:00:00+00:00,0.14289777306943824,0.14289777306943824,4.020065201837397e-07,0.14289817507595842,1.8036700313248584,1.6578559771723704,True,ok,,0.3,0.1,0.084
2020-10-09 06:00:00+00:00,0.014564412360929457,0.014564412360929457,4.0201124280533906e-07,0.014564814372172262,1.6578559771723704,1.642994331906116,True,ok,,0.3,0.1,0.084
2020-10-09 07:00:00+00:00,-0.5222240965391128,-0.5222240965391128,1.0103029524088925e-14,-0.5222240965391027,1.642994331906116,2.1547739465144464,True,ok,,0.3,0.1,0.084
2020-10-09 08:00:00+00:00,-0.8194542530653592,-0.8194542530653592,1.4432899320127035e-15,-0.8194542530653578,2.1547739465144464,2.9578391145184986,True,ok,,0.3,0.1,0.084
2020-10-09 09:00:00+00:00,-2.3815919581040643,-2.3815919581040643,7.105427357601002e-15,-2.381591958104057,2.9578391145184986,5.291799233460482,True,ok,,0.3,0.1,0.084
2020-10-09 10:00:00+00:00,-1.6817466771245468,-1.6817466771245468,8.881784197001252e-16,-1.681746677124546,5.291799233460482,6.939910977042538,True,ok,,0.3,0.1,0.084
2020-10-09 11:00:00+00:00,-1.176661167770693,-1.176661167770693,6.661338147750939e-16,-1.1766611677706924,6.939910977042538,8.093038921457817,True,ok,,0.3,0.1,0.084
2020-10-09 12:00:00+00:00,-1.0260501598657858,-1.0260501598657858,7.771561172376096e-15,-1.026050159865778,8.093038921457817,9.098568078126286,True,ok,,0.3,0.1,0.084
2020-10-09 13:00:00+00:00,-0.23558639832174608,-0.23558639832174608,1.2739809207573671e-14,-0.23558639832173334,9.098568078126286,9.329442748481597,True,ok,,0.3,0.1,0.084
2020-10-09 14:00:00+00:00,0.7873452547419557,0.7873452547419557,4.020243332680806e-07,0.787345656766289,9.329442748481597,8.526029223234703,True,ok,,0.3,0.1,0.084
2020-10-09 15:00:00+00:00,2.2594716716996515,2.2594716716996515,1.6427157412124416e-09,2.259471673342367,8.526029223234703,6.22044588476567,True,ok,,0.4,0.18,0.084
2020-10-09 16:00:00+00:00,4.858442089824097,4.858442089824097,1.6427241789074287e-09,4.858442091466821,6.22044588476567,1.262851915557408,True,ok,,0.4,0.18,0.084
2020-10-09 17:00:00+00:00,0.7333120562391705,0.7333120562391705,1.6427138538332997e-09,0.7333120578818844,1.262851915557408,0.5145743071500912,True,ok,,0.4,0.18,0.084
2020-10-09 18:00:00+00:00,0.39327972131278033,0.39327972131278033,1.6427109117422845e-09,0.39327972295549124,0.5145743071500912,0.11326846907582555,True,ok,,0.4,0.18,0.084
2020-10-09 19:00:00+00:00,-0.2863706290012834,-0.2863706290012834,0.5935419074435608,0.30717127844227743,0.11326846907582555,0.3939116854970833,True,ok,,0.2,0.07,0.084
2020-10-09 20:00:00+00:00,-0.19758836467110732,-0.19758836467110732,0.4432010035870168,0.24561263891590948,0.3939116854970833,0.5875482828747685,True,ok,,0.2,0.07,0.084
2020-10-09 21:00:00+00:00,-0.16761893100234598,-0.16761893100234598,0.3584432364943233,0.19082430549197732,0.5875482828747685,0.7518148352570675,True,ok,,0.2,0.07,0.084
2020-10-09 22:00:00+00:00,-0.1445536846415311,-0.1445536846415311,0.3368349067651008,0.1922812221235697,0.7518148352570675,0.893477446205768,True,ok,,0.2,0.07,0.084
2020-10-09 23:00:00+00:00,-0.12961573339965213,-0.12961573339965213,0.3201500386171831,0.19053430521753098,0.893477446205768,1.020500864937427,True,ok,,0.2,0.07,0.084
2020-10-10 00:00:00+00:00,-0.12529709021230276,-0.12529709021230276,0.2721484233721734,0.1468513331598706,1.020500864937427,1.1432920133454836,True,ok,,0.2,0.07,0.084
2020-10-10 01:00:00+00:00,-0.10490206735108887,-0.10490206735108887,0.34444917816030923,0.23954711080922036,1.1432920133454836,1.2460960393495506,True,ok,,0.2,0.07,0.084
2020-10-10 02:00:00+00:00,-0.0836878146823726,-0.0836878146823726,0.7731692014207278,0.6894813867383551,1.2460960393495506,1.3281100977382758,True,ok,,0.2,0.07,0.084
2020-10-10 03:00:00+00:00,-0.10153314623004513,-0.10153314623004513,0.25951920163068143,0.15798605540063632,1.3281100977382758,1.4276125810437201,True,ok,,0.2,0.07,0.084
2020-10-10 04:00:00+00:00,0.18345632031420903,0.18345632031420903,4.017704719749826e-07,0.183456722084681,1.4276125810437201,1.2404122541924865,True,ok,,0.3,0.1,0.084
2020-10-10 05:00:00+00:00,0.3879878601036339,0.3879878601036339,4.0140211104988666e-07,0.38798826150574495,1.2404122541924865,0.8445062744949008,True,ok,,0.3,0.1,0.084
2020-10-10 06:00:00+00:00,0.827616134392088,0.827616134392088,4.0081459451446477e-07,0.8276165352066825,0.8445062744949008,1.4911137435902333e-08,True,ok,,0.3,0.1,0.084
2020-10-10 07:00:00+00:00,-0.8614117077175937,-0.8614117077175937,-0.38906185960040884,-1.2504735673180025,1.4911137435902333e-08,0.8441834884743792,True,ok,,0.3,0.1,0.084
2020-10-10 08:00:00+00:00,-0.8910494553159808,-0.8910494553159808,-0.664144451199513,-1.5551939065154938,0.8441834884743792,1.7174119546840403,True,ok,,0.3,0.1,0.084
2020-10-10 09:00:00+00:00,-1.1242870723178613,-1.1242870723178613,-1.1718889891068556,-2.296176061424717,1.7174119546840403,2.819213285555544,True,ok,,0.3,0.1,0.084
2020-10-10 10:00:00+00:00,-0.25736748405207804,-0.25736748405207804,-0.26904087960846496,-0.526408363660543,2.819213285555544,3.0714334199265805,True,ok,,0.3,0.1,0.084
2020-10-10 11:00:00+00:00,-0.9614498720600042,-0.9614498720600042,-1.9092090797094747,-2.870658951769479,3.0714334199265805,4.013654294545384,True,ok,,0.3,0.1,0.084
2020-10-10 12:00:00+00:00,-0.9410350402459954,-0.9410350402459954,-2.6743624211196537,-3.615397461365649,4.013654294545384,4.93586863398646,True,ok,,0.3,0.1,0.084
2020-10-10 13:00:00+00:00,-0.874329237060624,-0.874329237060624,-2.6425420530901063,-3.51687129015073,4.93586863398646,5.792711286305871,True,ok,,0.3,0.1,0.084
2020-10-10 14:00:00+00:00,-0.6862469494398358,-0.6862469494398358,-1.2173466009036047,-1.9035935503434405,5.792711286305871,6.46523329675691,True,ok,,0.3,0.1,0.084
2020-10-10 15:00:00+00:00,0.10608538461383926,0.10608538461383926,-2.420691624926974e-07,0.10608514254467677,6.46523329675691,6.356982904293809,True,ok,,0.4,0.18,0.084
2020-10-10 16:00:00+00:00,0.6454303009846214,0.6454303009846214,-1.9148784702327504e-07,0.6454301094967744,6.356982904293809,5.698380556350318,True,ok,,0.4,0.18,0.084
2020-10-10 17:00:00+00:00,0.3679795522491334,0.3679795522491334,-1.9149649876926134e-07,0.36797936075263465,5.698380556350318,5.32289121732059,True,ok,,0.4,0.18,0.084
2020-10-10 18:00:00+00:00,0.500560692610598,0.500560692610598,-1.9150931596101373e-07,0.500560501101282,5.32289121732059,4.8121150003710005,True,ok,,0.4,0.18,0.084
2020-10-10 19:00:00+00:00,0.19438872237161853,0.19438872237161853,3.053272163711096e-07,0.1943890276988349,4.8121150003710005,4.613759161216287,True,ok,,0.2,0.07,0.084
2020-10-10 20:00:00+00:00,0.27385372292548255,0.27385372292548255,3.0528356798065204e-07,0.2738540282090505,4.613759161216287,4.3343165868025295,True,ok,,0.2,0.07,0.084
2020-10-10 21:00:00+00:00,0.1562386947752382,0.1562386947752382,3.052405506132061e-07,0.1562390000157888,4.3343165868025295,4.17488934723596,True,ok,,0.2,0.07,0.084
2020-10-10 22:00:00+00:00,0.15671444463371345,0.15671444463371345,3.051899626627108e-07,0.1567147498236761,4.17488934723596,4.01497664863013,True,ok,,0.2,0.07,0.084
2020-10-10 23:00:00+00:00,0.23121136102392373,0.23121136102392373,3.0513623583416916e-07,0.23121166616015956,4.01497664863013,3.7790466884016363,True,ok,,0.2,0.07,0.084
2020-10-11 00:00:00+00:00,0.1359339170737805,0.1359339170737805,3.050813666416463e-07,0.13593422215514714,3.7790466884016363,3.6403386097549215,True,ok,,0.2,0.07,0.084
2020-10-11 01:00:00+00:00,0.34871975081532325,0.34871975081532325,3.050191285658421e-07,0.3487200558344518,3.6403386097549215,3.2845021293311225,True,ok,,0.2,0.07,0.084
2020-10-11 02:00:00+00:00,0.273832139441403,0.273832139441403,3.049641529306868e-07,0.27383244440555593,3.2845021293311225,3.005081578880711,True,ok,,0.2,0.07,0.084
2020-10-11 03:00:00+00:00,0.7105576955788752,0.7105576955788752,3.048982797348998e-07,0.7105580004771549,3.005081578880711,2.2800227058410423,True,ok,,0.2,0.07,0.084
2020-10-11 04:00:00+00:00,0.160080003293037,0.160080003293037,-3.883255023096055e-09,0.160079999409782,2.2800227058410423,2.1166757637052904,True,ok,,0.3,0.1,0.084
2020-10-11 05:00:00+00:00,0.6312797278925036,0.6312797278925036,-3.884223276351406e-09,0.6312797240082804,2.1166757637052904,1.4725127760598786,True,ok,,0.3,0.1,0.084
2020-10-11 06:00:00+00:00,1.4430615103266715,1.4430615103266715,-3.8847629557636765e-09,1.4430615064419086,1.4725127760598786,1.0308285811611029e-06,True,ok,,0.3,0.1,0.084
2020-10-11 07:00:00+00:00,-0.40121222815392116,-0.40121222815392116,-0.19394518747834905,-0.5951574156322702,1.0308285811611029e-06,0.3931890144194239,True,ok,,0.3,0.1,0.084
2020-10-11 08:00:00+00:00,-1.0049548057384408,-1.0049548057384408,-0.7839835237845618,-1.7889383295230026,0.3931890144194239,1.3780447240430957,True,ok,,0.3,0.1,0.084
2020-10-11 09:00:00+00:00,-1.4100665449205938,-1.4100665449205938,-2.3257101316977753,-3.735776676618369,1.3780447240430957,2.7599099380652774,True,ok,,0.3,0.1,0.084
2020-10-11 10:00:00+00:00,-1.0796485172372112,-1.0796485172372112,-3.2675710529599717,-4.347219570197183,2.7599099380652774,3.8179654849577442,True,ok,,0.3,0.1,0.084
2020-10-11 11:00:00+00:00,-0.9201525899933654,-0.9201525899933654,-2.3227092705994297,-3.242861860592795,3.8179654849577442,4.719715023151243,True,ok,,0.3,0.1,0.084
2020-10-11 12:00:00+00:00,-0.676600686674128,-0.676600686674128,-1.4251803638967702,-2.101781050570898,4.719715023151243,5.382783696091888,True,ok,,0.3,0.1,0.084
2020-10-11 13:00:00+00:00,-0.65337425128325,-0.65337425128325,-1.4493167019641415,-2.1026909532473916,5.382783696091888,6.023090462349473,True,ok,,0.3,0.1,0.084
2020-10-11 14:00:00+00:00,-0.25261023309101593,-0.25261023309101593,-0.30979311563622924,-0.5624033487272452,6.023090462349473,6.270648490778669,True,ok,,0.3,0.1,0.084
2020-10-11 15:00:00+00:00,0.8763816357499971,0.8763816357499971,-8.805928053412515e-08,0.8763815476907165,6.270648490778669,5.37638151552357,True,ok,,0.4,0.18,0.084
2020-10-11 16:00:00+00:00,1.324641359977764,1.324641359977764,-2.3808558324844853e-07,1.3246411218921808,5.37638151552357,4.024706658403403,True,ok,,0.4,0.18,0.084
2020-10-11 17:00:00+00:00,0.9957721792881259,0.9957721792881259,-2.0397748168310414e-07,0.9957719753106442,4.024706658403403,3.0086125979053153,True,ok,,0.4,0.18,0.084
2020-10-11 18:00:00+00:00,0.26449784303976703,0.26449784303976703,-2.039823956967446e-07,0.26449763905737134,3.0086125979053153,2.738716839701471,True,ok,,0.4,0.18,0.084
2020-10-11 19:00:00+00:00,0.21927413909210053,0.21927413909210053,2.777281075949656e-07,0.21927441682020812,2.738716839701471,2.5149677181789194,True,ok,,0.2,0.07,0.084
2020-10-11 20:00:00+00:00,0.18744075004399222,0.18744075004399222,2.7770326835319104e-07,0.18744102774726057,2.5149677181789194,2.323701646705458,True,ok,,0.2,0.07,0.084
2020-10-11 21:00:00+00:00,0.17376397228100746,0.17376397228100746,2.776769250090183e-07,0.17376424995793247,2.323701646705458,2.1463914709085117,True,ok,,0.2,0.07,0.084
2020-10-11 22:00:00+00:00,0.16283602797152294,0.16283602797152294,2.7764941237795604e-07,0.16283630562093532,2.1463914709085117,1.980232258692672,True,ok,,0.2,0.07,0.084
2020-10-11 23:00:00+00:00,0.2759075007427205,0.2759075007427205,2.776210368260479e-07,0.27590777836375735,1.980232258692672,1.6986939926286713,True,ok,,0.2,0.07,0.084
2020-10-12 00:00:00+00:00,0.14060547286338135,0.14060547286338135,2.775940645405317e-07,0.1406057504574459,1.6986939926286713,1.5552190203190985,True,ok,,0.2,0.07,0.084
2020-10-12 01:00:00+00:00,0.8650196112666072,0.8650196112666072,2.775635771223861e-07,0.8650198888301843,1.5552190203190985,0.6725459475980707,True,ok,,0.2,0.07,0.084
2020-10-12 02:00:00+00:00,0.13390880578263614,0.13390880578263614,2.7754931963830387e-07,0.13390908333195578,0.6725459475980707,0.5359043090443604,True,ok,,0.2,0.07,0.084
2020-10-12 03:00:00+00:00,0.2176727220596155,0.2176727220596155,2.775157875722911e-07,0.21767299957540306,0.5359043090443604,0.31378928653454863,True,ok,,0.2,0.07,0.084
2020-10-12 04:00:00+00:00,0.19798922644652475,0.19798922644652475,-4.243164125616872e-09,0.19798922220336063,0.31378928653454863,0.11175946362993153,True,ok,,0.3,0.1,0.084
2020-10-12 05:00:00+00:00,0.10952285542369324,0.10952285542369324,-4.243667819925356e-09,0.10952285118002542,0.11175946362993153,1.4478914690391198e-06,True,ok,,0.3,0.1,0.084
2020-10-12 06:00:00+00:00,-0.05465989260596481,-0.05465989260596481,-0.02613771427403297,-0.08079760687999778,1.4478914690391198e-06,0.05356814264531455,True,ok,,0.3,0.1,0.084
2020-10-12 07:00:00+00:00,-1.0922789990675388,-1.0922789990675388,-0.5799758598679345,-1.6722548589354733,0.05356814264531455,1.1240015617315025,True,ok,,0.3,0.1,0.084
2020-10-12 08:00:00+00:00,-0.5115254380379507,-0.5115254380379507,-0.5106326330695662,-1.0221580711075169,1.1240015617315025,1.6252964910086942,True,ok,,0.3,0.1,0.084
2020-10-12 09:00:00+00:00,-1.0835934650228385,-1.0835934650228385,-1.956734625456709,-3.0403280904795476,1.6252964910086942,2.687218086731076,True,ok,,0.3,0.1,0.084
2020-10-12 10:00:00+00:00,-0.8694960543600085,-0.8694960543600085,-2.208476703268494,-3.077972757628503,2.687218086731076,3.5393242200038846,True,ok,,0.3,0.1,0.084
2020-10-12 11:00:00+00:00,-0.5388418681946844,-0.5388418681946844,-1.0487335151964592,-1.5875753833911435,3.5393242200038846,4.067389250834675,True,ok,,0.3,0.1,0.084
2020-10-12 12:00:00+00:00,-0.34089582025286486,-0.34089582025286486,-0.5171448395404443,-0.8580406597933092,4.067389250834675,4.401467154682483,True,ok,,0.3,0.1,0.084
2020-10-12 13:00:00+00:00,-0.42397067631110036,-0.42397067631110036,-0.8200564436761215,-1.244027119987222,4.401467154682483,4.816958417467362,True,ok,,0.3,0.1,0.084
2020-10-12 14:00:00+00:00,-0.3748050905040143,-0.3748050905040143,-0.6883285133792316,-1.063133603883246,4.816958417467362,5.184267406161296,True,ok,,0.3,0.1,0.084
2020-10-12 15:00:00+00:00,1.828781002927604e-07,1.828781002927604e-07,-0.01882836837411909,-0.0188281854960188,5.184267406161296,5.184267219550989,True,ok,,0.4,0.18,0.084
2020-10-12 16:00:00+00:00,1.202985533223186,1.202985533223186,-2.0288633195697514e-07,1.202985330336854,5.184267219550989,3.956730961159983,True,ok,,0.4,0.18,0.084
2020-10-12 17:00:00+00:00,0.22844281429604985,0.22844281429604985,-2.0289046531729582e-07,0.22844261140558453,3.956730961159983,3.7236260486129935,True,ok,,0.4,0.18,0.084
2020-10-12 18:00:00+00:00,0.38126147987394265,0.38126147987394265,-2.029029731454024e-07,0.3812612769709695,3.7236260486129935,3.3345837222110113,True,ok,,0.4,0.18,0.084
2020-10-12 19:00:00+00:00,0.17644232361928072,0.17644232361928072,1.48706150421285e-07,0.17644247232543114,3.3345837222110113,3.1545405348443984,True,ok,,0.2,0.07,0.084
2020-10-12 20:00:00+00:00,0.31837888083794974,0.31837888083794974,2.846048343663199e-07,0.3183791654427841,3.1545405348443984,2.829664125826082,True,ok,,0.2,0.07,0.084
2020-10-12 21:00:00+00:00,0.14995299318291622,0.14995299318291622,2.8457716577667824e-07,0.149953277760082,2.829664125826082,2.6766508674761678,True,ok,,0.2,0.07,0.084
2020-10-12 22:00:00+00:00,0.14380038201394613,0.14380038201394613,2.8454347200668195e-07,0.14380066655741813,2.6766508674761678,2.529915783788468,True,ok,,0.2,0.07,0.084
2020-10-12 23:00:00+00:00,0.5431601163550916,0.5431601163550916,1.0708656061897415e-07,0.5431602234416523,2.529915783788468,1.9756707670995988,True,ok,,0.2,0.07,0.084
2020-10-13 00:00:00+00:00,0.5539454846141013,0.5539454846141013,2.9365778386747365e-07,0.5539457782718852,1.9756707670995988,1.4104202725954136,True,ok,,0.2,0.07,0.084
2020-10-13 01:00:00+00:00,0.6994072320916374,0.6994072320916374,2.936278987730745e-07,0.6994075257195361,1.4104202725954136,0.6967394235223142,True,ok,,0.2,0.07,0.084
2020-10-13 02:00:00+00:00,0.17100895610754027,0.17100895610754027,2.936008472731455e-07,0.17100924970838755,0.6967394235223142,0.5222404887187017,True,ok,,0.2,0.07,0.084
2020-10-13 03:00:00+00:00,0.18762467858589954,0.18762467858589954,2.9354561772998444e-07,0.18762497213151727,0.5222404887187017,0.33078673505962053,True,ok,,0.2,0.07,0.084
2020-10-13 04:00:00+00:00,0.1754579761754249,0.1754579761754249,-4.025046157485335e-09,0.17545797215037875,0.33078673505962053,0.15174798386020735,True,ok,,0.3,0.1,0.084
2020-10-13 05:00:00+00:00,0.14871188399911983,0.14871188399911983,-4.02581801228763e-09,0.14871187997330182,0.15174798386020735,1.163452942209986e-06,True,ok,,0.3,0.1,0.084
2020-10-13 06:00:00+00:00,-0.007545586465982301,-0.007545586465982301,-0.0036582861872774663,-0.011203872653259768,1.163452942209986e-06,0.007395838189604865,True,ok,,0.3,0.1,0.084
2020-10-13 07:00:00+00:00,-0.19692097025617902,-0.19692097025617902,-0.07827882556644308,-0.2751997958226221,0.007395838189604865,0.20037838904066033,True,ok,,0.3,0.1,0.084
2020-10-13 08:00:00+00:00,-0.40565917458449796,-0.40565917458449796,-0.20152085854781043,-0.6071800331323084,0.20037838904066033,0.5979243801334683,True,ok,,0.3,0.1,0.084
2020-10-13 09:00:00+00:00,-0.7827048947972017,-0.7827048947972017,-0.4596329423572707,-1.2423378371544724,0.5979243801334683,1.3649751770347258,True,ok,,0.3,0.1,0.084
2020-10-13 10:00:00+00:00,-1.252994483100516,-1.252994483100516,-0.8486251836480607,-2.1016196667485767,1.3649751770347258,2.5929097704732316,True,ok,,0.3,0.1,0.084
2020-10-13 11:00:00+00:00,-1.378576348039168,-1.378576348039168,-1.1810782824523924,-2.5596546304915604,2.5929097704732316,3.943914591551616,True,ok,,0.3,0.1,0.084
2020-10-13 12:00:00+00:00,-1.8571993714617123,-1.8571993714617123,-1.2138025663701517,-3.071001937831864,3.943914591551616,5.763969975584094,True,ok,,0.3,0.1,0.084
2020-10-13 13:00:00+00:00,-0.5332909213592816,-0.5332909213592816,-1.313315916275101,-1.8466068376343825,5.763969975584094,6.28659507851619,True,ok,,0.3,0.1,0.084
2020-10-13 14:00:00+00:00,0.39573917368878314,0.39573917368878314,-5.146320480875488e-09,0.39573916854246266,6.28659507851619,5.882779595160289,True,ok,,0.3,0.1,0.084
2020-10-13 15:00:00+00:00,0.5982600294999012,0.5982600294999012,-1.127659365884881e-07,0.5982599167339646,5.882779595160289,5.272310177303247,True,ok,,0.4,0.18,0.084
2020-10-13 16:00:00+00:00,0.9234070805119211,0.9234070805119211,-1.1276557698725043e-07,0.9234069677463441,5.272310177303247,4.330058054331898,True,ok,,0.4,0.18,0.084
2020-10-13 17:00:00+00:00,1.0367547191594495,1.0367547191594495,5.9593507906186e-10,1.0367547197553846,4.330058054331898,3.2721450755977664,True,ok,,0.4,0.18,0.084
2020-10-13 18:00:00+00:00,0.25156810967366894,0.25156810967366894,1.6426940363523101e-09,0.251568111316363,3.2721450755977664,3.015442922869533,True,ok,,0.4,0.18,0.084
2020-10-13 19:00:00+00:00,-0.17090601964626317,-0.17090601964626317,0.39863871421913577,0.22773269457287262,3.015442922869533,3.182930822122871,True,ok,,0.2,0.07,0.084
2020-10-13 20:00:00+00:00,-0.17107123622648449,-0.17107123622648449,0.36938623616449595,0.1983149999380115,3.182930822122871,3.350580633624826,True,ok,,0.2,0.07,0.084
2020-10-13 21:00:00+00:00,-0.15449831022414523,-0.15449831022414523,0.4395533934327593,0.28505508320861406,3.350580633624826,3.5019889776444884,True,ok,,0.2,0.07,0.084
2020-10-13 22:00:00+00:00,-0.17043586822595524,-0.17043586822595524,0.3299027849036421,0.15946691667768687,3.5019889776444884,3.6690161285059246,True,ok,,0.2,0.07,0.084
2020-10-13 23:00:00+00:00,-0.164154711712085,-0.164154711712085,0.3374176281790101,0.17326291646692513,3.6690161285059246,3.829887745983768,True,ok,,0.2,0.07,0.084
2020-10-14 00:00:00+00:00,-0.16615225539314,-0.16615225539314,0.3145843940268679,0.14843213863372787,3.829887745983768,3.992716956269045,True,ok,,0.2,0.07,0.084
2020-10-14 01:00:00+00:00,-0.12051235732823144,-0.12051235732823144,1.0477804691002386,0.9272681117720072,3.992716956269045,4.110819066450712,True,ok,,0.2,0.07,0.084
2020-10-14 02:00:00+00:00,-0.16504960354245576,-0.16504960354245576,0.290077770098814,0.12502816655635826,4.110819066450712,4.272567677922319,True,ok,,0.2,0.07,0.084
2020-10-14 03:00:00+00:00,-0.14077135836170432,-0.14077135836170432,0.3934200802102984,0.25264872184859405,4.272567677922319,4.4105236091167885,True,ok,,0.2,0.07,0.084
2020-10-14 04:00:00+00:00,0.14423940018556172,0.14423940018556172,4.0526116903971676e-07,0.14423980544673076,4.4105236091167885,4.26334054770295,True,ok,,0.3,0.1,0.084
2020-10-14 05:00:00+00:00,0.1304150510023604,0.1304150510023604,6.160175898273224e-07,0.13041566701995022,4.26334054770295,4.13026396504748,True,ok,,0.3,0.1,0.084
2020-10-14 06:00:00+00:00,0.09284811753369555,0.09284811753369555,6.15922320756912e-07,0.09284873345601631,4.13026396504748,4.035520987972281,True,ok,,0.3,0.1,0.084
2020-10-14 07:00:00+00:00,-0.163946623706208,-0.163946623706208,9.884163765239151e-10,-0.16394662271779162,4.035520987972281,4.196188679204365,True,ok,,0.3,0.1,0.084
2020-10-14 08:00:00+00:00,-0.33837488350873746,-0.33837488350873746,9.880765095005017e-10,-0.33837488252066095,4.196188679204365,4.527796065042928,True,ok,,0.3,0.1,0.084
2020-10-14 09:00:00+00:00,0.14473268953643548,0.14473268953643548,6.156124412182162e-07,0.1447333051488767,4.527796065042928,4.380109647148606,True,ok,,0.3,0.1,0.084
2020-10-14 10:00:00+00:00,-0.6173608671543844,-0.6173608671543844,9.87396275853314e-10,-0.6173608661669882,4.380109647148606,4.985123296959903,True,ok,,0.3,0.1,0.084
2020-10-14 11:00:00+00:00,-0.26175919678683185,-0.26175919678683185,9.871691242224756e-10,-0.2617591957996627,4.985123296959903,5.241647309810998,True,ok,,0.3,0.1,0.084
2020-10-14 12:00:00+00:00,-0.7206336887161992,-0.7206336887161992,9.868020844905345e-10,-0.7206336877293971,5.241647309810998,5.947868324752873,True,ok,,0.3,0.1,0.084
2020-10-14 13:00:00+00:00,0.696796245474597,0.696796245474597,6.15224855726737e-07,0.6967968606994527,5.947868324752873,5.236851747737978,True,ok,,0.3,0.1,0.084
2020-10-14 14:00:00+00:00,1.6447802193305148,1.6447802193305148,6.151426239497937e-07,1.6447808344731387,5.236851747737978,3.55850458515582,True,ok,,0.3,0.1,0.084
2020-10-14 15:00:00+00:00,1.3045755419765095,1.3045755419765095,7.08662462045595e-10,1.304575542685172,3.55850458515582,2.2273050525267286,True,ok,,0.4,0.18,0.084
2020-10-14 16:00:00+00:00,1.0310563270666573,1.0310563270666573,2.4974589063475605e-09,1.0310563295641162,2.2273050525267286,1.175206759601568,True,ok,,0.4,0.18,0.084
2020-10-14 17:00:00+00:00,0.8782151638357257,0.8782151638357257,2.497262951983714e-09,0.8782151663329887,1.175206759601568,0.27906883732021526,True,ok,,0.4,0.18,0.084
2020-10-14 18:00:00+00:00,0.2734862471458726,0.2734862471458726,2.497029361059333e-09,0.27348624964290197,0.27906883732021526,1.2381917738335524e-06,True,ok,,0.4,0.18,0.084
2020-10-14 19:00:00+00:00,-1.2520792824286817,-1.2520792824286817,1.43740458799388,0.18532530556519822,1.2381917738335524e-06,1.2270389349718818,True,ok,,0.2,0.07,0.084
2020-10-14 20:00:00+00:00,-0.8064893485422051,-0.8064893485422051,1.0058758765096583,0.1993865279674531,1.2270389349718818,2.017398496543243,True,ok,,0.2,0.07,0.084
2020-10-14 21:00:00+00:00,-0.6558462255421925,-0.6558462255421925,0.9035801703556029,0.2477339448134104,2.017398496543243,2.6601277975745914,True,ok,,0.2,0.07,0.084
2020-10-14 22:00:00+00:00,-0.626969832946244,-0.626969832946244,0.7662077217566139,0.13923788881036986,2.6601277975745914,3.2745582338619106,True,ok,,0.2,0.07,0.084
2020-10-14 23:00:00+00:00,-0.574132662634758,-0.574132662634758,0.7388472457270239,0.16471458309226578,3.2745582338619106,3.8372082432439734,True,ok,,0.2,0.07,0.084
2020-10-15 00:00:00+00:00,-0.556088629902465,-0.556088629902465,0.6928114633027673,0.1367228334003023,3.8372082432439734,4.382175100548389,True,ok,,0.2,0.07,0.084
2020-10-15 01:00:00+00:00,-0.3715513890137278,-0.3715513890137278,1.746697975349757,1.375146586336029,4.382175100548389,4.746295461781843,True,ok,,0.2,0.07,0.084
2020-10-15 02:00:00+00:00,-0.5085104492564178,-0.5085104492564178,0.6772600880257795,0.16874963876936178,4.746295461781843,5.244635702053133,True,ok,,0.2,0.07,0.084
2020-10-15 03:00:00+00:00,-0.48259600708667083,-0.48259600708667083,0.6961982576017607,0.2136022505150898,5.244635702053133,5.71757978899807,True,ok,,0.2,0.07,0.084
2020-10-15 04:00:00+00:00,0.1496909922136135,0.1496909922136135,1.4666849376676616e-07,0.14969113888210728,5.71757978899807,5.564833878576016,True,ok,,0.3,0.1,0.084
2020-10-15 05:00:00+00:00,0.18193926057490306,0.18193926057490306,5.172656054319713e-07,0.1819397778405085,5.564833878576016,5.379181571866931,True,ok,,0.3,0.1,0.084
2020-10-15 06:00:00+00:00,0.09064204688877946,0.09064204688877946,1.943633741730011e-07,0.09064224125215363,5.379181571866931,5.286689687286543,True,ok,,0.3,0.1,0.084
2020-10-15 07:00:00+00:00,-0.018879759263330402,-0.018879759263330402,7.271997969071631e-10,-0.018879758536130605,5.286689687286543,5.305191851364607,True,ok,,0.3,0.1,0.084
2020-10-15 08:00:00+00:00,-0.012275992192682402,-0.012275992192682402,7.270115308377623e-10,-0.012275991465670872,5.305191851364607,5.317222323713436,True,ok,,0.3,0.1,0.084
2020-10-15 09:00:00+00:00,-0.17152677591616336,-0.17152677591616336,7.266941770556201e-10,-0.17152677518946918,5.317222323713436,5.485318564111276,True,ok,,0.3,0.1,0.084
2020-10-15 10:00:00+00:00,-0.5624463504329488,-0.5624463504329488,7.264450152533186e-10,-0.5624463497065038,5.485318564111276,6.036515987535566,True,ok,,0.3,0.1,0.084
2020-10-15 11:00:00+00:00,0.17721638958583802,0.17721638958583802,5.402898261008815e-07,0.17721692987566412,6.036515987535566,5.855682936937772,True,ok,,0.3,0.1,0.084
2020-10-15 12:00:00+00:00,-0.35991241234508276,-0.35991241234508276,7.260279599741182e-10,-0.3599124116190548,5.855682936937772,6.208397101035953,True,ok,,0.3,0.1,0.084
2020-10-15 13:00:00+00:00,0.6951771673954195,0.6951771673954195,5.40168725748913e-07,0.6951777075641452,6.208397101035953,5.499032644510015,True,ok,,0.3,0.1,0.084
2020-10-15 14:00:00+00:00,0.9371802075912825,0.9371802075912825,5.40129283188584e-07,0.9371807477205657,5.499032644510015,4.542726310233196,True,ok,,0.3,0.1,0.084
2020-10-15 15:00:00+00:00,2.3403531184570805,2.3403531184570805,2.270382992719533e-09,2.3403531207274635,4.542726310233196,2.154610883236175,True,ok,,0.4,0.18,0.084
2020-10-15 16:00:00+00:00,0.8710311574240124,0.8710311574240124,2.2703374735755233e-09,0.8710311596943499,2.154610883236175,1.2658035797422844,True,ok,,0.4,0.18,0.084
2020-10-15 17:00:00+00:00,0.6686742743280818,0.6686742743280818,2.270212795529858e-09,0.6686742765982946,1.2658035797422844,0.583482891652405,True,ok,,0.4,0.18,0.084
2020-10-15 18:00:00+00:00,0.5718115794475395,0.5718115794475395,2.270056032038781e-09,0.5718115817175955,0.583482891652405,1.688134507515926e-06,True,ok,,0.4,0.18,0.084
2020-10-15 19:00:00+00:00,-1.8217596607160813,-1.8217596607160813,2.072749077137866,0.2509894164217844,1.688134507515926e-06,1.7853261556362672,True,ok,,0.2,0.07,0.084
2020-10-15 20:00:00+00:00,-1.250499325940659,-1.250499325940659,1.4258866596437,0.17538733370304121,1.7853261556362672,3.0108154950581127,True,ok,,0.2,0.07,0.084
2020-10-15 21:00:00+00:00,-1.0945326726341127,-1.0945326726341127,1.2039170615339159,0.1093843888998031,3.0108154950581127,4.083457514239543,True,ok,,0.2,0.07,0.084
2020-10-15 22:00:00+00:00,-0.9568114836817943,-0.9568114836817943,1.1743651223943594,0.2175536387125651,4.083457514239543,5.021132768247701,True,ok,,0.2,0.07,0.084
2020-10-15 23:00:00+00:00,-0.9544641938972663,-0.9544641938972663,1.0663496938064554,0.1118854999091891,5.021132768247701,5.956507678267021,True,ok,,0.2,0.07,0.084
2020-10-16 00:00:00+00:00,-0.8434435914933882,-0.8434435914933882,1.2180629529734655,0.37461936148007724,5.956507678267021,6.783082397930542,True,ok,,0.2,0.07,0.084
2020-10-16 01:00:00+00:00,-0.7378038448249871,-0.7378038448249871,1.5439665656111883,0.8061627207862012,6.783082397930542,7.506130165859029,True,ok,,0.2,0.07,0.084
2020-10-16 02:00:00+00:00,-0.9417873094187845,-0.9417873094187845,1.0823509485721592,0.14056363915337464,7.506130165859029,8.429081729089438,True,ok,,0.2,0.07,0.084
2020-10-16 03:00:00+00:00,-0.8948964073045343,-0.8948964073045343,1.2491410181360065,0.35424461083147213,8.429081729089438,9.30608020824788,True,ok,,0.2,0.07,0.084
2020-10-16 04:00:00+00:00,0.5515932481047243,0.5515932481047243,3.901246462545416e-07,0.5515936382293706,9.30608020824788,8.743229955079794,True,ok,,0.3,0.1,0.084
2020-10-16 05:00:00+00:00,0.6336352618348087,0.6336352618348087,5.966373798349522e-07,0.6336358584721885,8.743229955079794,8.096663361370807,True,ok,,0.3,0.1,0.084
2020-10-16 06:00:00+00:00,1.859673467755175,1.859673467755175,5.965944969155146e-07,1.8596740643496719,8.096663361370807,6.199037373865526,True,ok,,0.3,0.1,0.084
2020-10-16 07:00:00+00:00,0.6677224821716774,0.6677224821716774,5.965769649396435e-07,0.6677230787486423,6.199037373865526,5.517687902261773,True,ok,,0.3,0.1,0.084
2020-10-16 08:00:00+00:00,-0.30421964187208034,-0.30421964187208034,9.276109325107029e-10,-0.3042196409444694,5.517687902261773,5.815823151296412,True,ok,,0.3,0.1,0.084
2020-10-16 09:00:00+00:00,-1.5656177173991368,-1.5656177173991368,9.27325771726828e-10,-1.565617716471811,5.815823151296412,7.350128514347566,True,ok,,0.3,0.1,0.084
2020-10-16 10:00:00+00:00,-1.6814458438645572,-1.6814458438645572,9.27248500204314e-10,-1.6814458429373087,7.350128514347566,8.997945441334831,True,ok,,0.3,0.1,0.084
2020-10-16 11:00:00+00:00,-0.34153977232664146,-0.34153977232664146,9.271794998433336e-10,-0.34153977139946196,8.997945441334831,9.33265441821494,True,ok,,0.3,0.1,0.084
2020-10-16 12:00:00+00:00,0.22062923843040408,0.22062923843040408,5.963063136049662e-07,0.22062983473671768,9.33265441821494,9.107522542265547,True,ok,,0.3,0.1,0.084
2020-10-16 13:00:00+00:00,0.0694158282425623,0.0694158282425623,5.961933838560807e-07,0.06941642443594616,9.107522542265547,9.036690064467015,True,ok,,0.3,0.1,0.084
2020-10-16 14:00:00+00:00,0.7907785368415771,0.7907785368415771,5.960673954419349e-07,0.7907791329089725,9.036690064467015,8.229773190138875,True,ok,,0.3,0.1,0.084
2020-10-16 15:00:00+00:00,1.4724875014151928,1.4724875014151928,7.028926329866181e-10,1.4724875021180854,8.229773190138875,6.727234923388679,True,ok,,0.4,0.18,0.084
2020-10-16 16:00:00+00:00,0.9015185188640031,0.9015185188640031,2.4449875457577264e-09,0.9015185213089907,6.727234923388679,5.807318067405002,True,ok,,0.4,0.18,0.084
2020-10-16 17:00:00+00:00,0.6911703875200528,0.6911703875200528,2.44479159139388e-09,0.6911703899648444,5.807318067405002,5.102042161772295,True,ok,,0.4,0.18,0.084
2020-10-16 18:00:00+00:00,5.000000025931392,5.000000025931392,0.5409551229085547,5.540955148839947,5.102042161772295,1.3189851602035674e-06,True,ok,,0.4,0.18,0.084
2020-10-16 19:00:00+00:00,-0.7671853052809923,-0.7671853052809923,1.7410523337902375,0.9738670285092452,1.3189851602035674e-06,0.7518429181605326,True,ok,,0.2,0.07,0.084
2020-10-16 20:00:00+00:00,-0.5558131059791943,-0.5558131059791943,0.7717507448315257,0.2159376388523314,0.7518429181605326,1.296539762020143,True,ok,,0.2,0.07,0.084
2020-10-16 21:00:00+00:00,-0.46269150776154333,-0.46269150776154333,0.6420772855952699,0.17938577783372653,1.296539762020143,1.7499774396264556,True,ok,,0.2,0.07,0.084
2020-10-16 22:00:00+00:00,-0.41659857982853044,-0.41659857982853044,0.5717033854146036,0.15510480558607323,1.7499774396264556,2.1582440478584153,True,ok,,0.2,0.07,0.084
2020-10-16 23:00:00+00:00,-0.3836952837496438,-0.3836952837496438,0.5341287561949197,0.15043347244527588,2.1582440478584153,2.534265425933066,True,ok,,0.2,0.07,0.084
2020-10-17 00:00:00+00:00,-0.3503887609431827,-0.3503887609431827,0.5298502056018859,0.17946144465870312,2.534265425933066,2.877646411657385,True,ok,,0.2,0.07,0.084
2020-10-17 01:00:00+00:00,-0.3413863368408786,-0.3413863368408786,0.49148194792041255,0.15009561107953398,2.877646411657385,3.212205021761446,True,ok,,0.2,0.07,0.084
2020-10-17 02:00:00+00:00,-0.2364962981720036,-0.2364962981720036,1.1890279918001034,0.9525316936280998,3.212205021761446,3.4439713939700094,True,ok,,0.2,0.07,0.084
2020-10-17 03:00:00+00:00,-0.3238023080157047,-0.3238023080157047,0.44824130815600083,0.12443900014029616,3.4439713939700094,3.7612976558254,True,ok,,0.2,0.07,0.084
2020-10-17 04:00:00+00:00,0.3244454033878865,0.3244454033878865,4.0333528367186844e-07,0.3244458067231702,3.7612976558254,3.4302309176744954,True,ok,,0.3,0.1,0.084
2020-10-17 05:00:00+00:00,0.6871725436311329,0.6871725436311329,5.954058920343286e-07,0.6871731390370249,3.4302309176744954,2.7290344445815027,True,ok,,0.3,0.1,0.084
2020-10-17 06:00:00+00:00,0.7938679980692318,0.7938679980692318,5.953672245206931e-07,0.7938685934364563,2.7290344445815027,1.918965058796572,True,ok,,0.3,0.1,0.084
2020-10-17 07:00:00+00:00,0.007751441958150386,0.007751441958150386,5.952792803184254e-07,0.007752037237430704,1.918965058796572,1.9110554241453983,True,ok,,0.3,0.1,0.084
2020-10-17 08:00:00+00:00,0.1446851941032306,0.1446851941032306,5.952368873074487e-07,0.14468578934011792,1.9110554241453983,1.7634174709788364,True,ok,,0.3,0.1,0.084
2020-10-17 09:00:00+00:00,0.4775115828151854,0.4775115828151854,5.951258018055405e-07,0.4775121779409872,1.7634174709788364,1.276160753820484,True,ok,,0.3,0.1,0.084
2020-10-17 10:00:00+00:00,0.1283295387488455,0.1283295387488455,5.950306339042033e-07,0.1283301337794794,1.276160753820484,1.1452122448930906,True,ok,,0.3,0.1,0.084
2020-10-17 11:00:00+00:00,-0.1458623360365664,-0.1458623360365664,1.2198769772098217e-10,-0.1458623359145787,1.1452122448930906,1.2881573342089256,True,ok,,0.3,0.1,0.084
2020-10-17 12:00:00+00:00,-0.9274811254344094,-0.9274811254344094,9.222372865380635e-10,-0.9274811245121721,1.2881573342089256,2.197088837134647,True,ok,,0.3,0.1,0.084
2020-10-17 13:00:00+00:00,-1.0011452728576122,-1.0011452728576122,9.22021126115169e-10,-1.001145271935591,2.197088837134647,3.1782112045351067,True,ok,,0.3,0.1,0.084
2020-10-17 14:00:00+00:00,-0.05271917362656634,-0.05271917362656634,9.218429700141861e-10,-0.05271917270472337,3.1782112045351067,3.2298759946891415,True,ok,,0.3,0.1,0.084
2020-10-17 15:00:00+00:00,0.4400224716035753,0.4400224716035753,7.0119121620138e-10,0.44002247230476654,3.2298759946891415,2.780873472644677,True,ok,,0.4,0.18,0.084
2020-10-17 16:00:00+00:00,1.073954932443226,1.073954932443226,2.4408057797131733e-09,1.0739549348840318,2.780873472644677,1.6850010926005687,True,ok,,0.4,0.18,0.084
2020-10-17 17:00:00+00:00,1.1080318571082453,1.1080318571082453,2.440641244660924e-09,1.1080318595488865,1.6850010926005687,0.5543563404492979,True,ok,,0.4,0.18,0.084
2020-10-17 18:00:00+00:00,0.5432679139819412,0.5432679139819412,2.4404799292554458e-09,0.5432679164224211,0.5543563404492979,1.3261820109855549e-06,True,ok,,0.4,0.18,0.084
2020-10-17 19:00:00+00:00,-1.8758102738947064,-1.8758102738947064,2.372952163866863,0.4971418899721566,1.3261820109855549e-06,1.8382953945988234,True,ok,,0.2,0.07,0.084
2020-10-17 20:00:00+00:00,-1.2996175295082995,-1.2996175295082995,1.4892206408416166,0.1896031113333172,1.8382953945988234,3.111920573516957,True,ok,,0.2,0.07,0.084
2020-10-17 21:00:00+00:00,-1.135593550795818,-1.135593550795818,1.3442566341478008,0.20866308335198297,3.111920573516957,4.2248022532968585,True,ok,,0.2,0.07,0.084
2020-10-17 22:00:00+00:00,-1.0661407248755717,-1.0661407248755717,1.2178780865265688,0.1517373616509971,4.2248022532968585,5.269620163674919,True,ok,,0.2,0.07,0.084
2020-10-17 23:00:00+00:00,-1.023383392950863,-1.023383392950863,1.1692643651428856,0.14588097219202265,5.269620163674919,6.272535888766765,True,ok,,0.2,0.07,0.084
2020-10-18 00:00:00+00:00,-1.0000700010950774,-1.0000700010950774,1.1637062789481956,0.1636362778531181,6.272535888766765,7.252604489839941,True,ok,,0.2,0.07,0.084
2020-10-18 01:00:00+00:00,-1.0069403527880811,-1.0069403527880811,1.1748522414934406,0.1679118887053594,7.252604489839941,8.23940603557226,True,ok,,0.2,0.07,0.084
2020-10-18 02:00:00+00:00,-0.9498320422593773,-0.9498320422593773,1.3676865712216193,0.4178545289622419,8.23940603557226,9.17024143698645,True,ok,,0.2,0.07,0.084
2020-10-18 03:00:00+00:00,-0.9424293659360942,-0.9424293659360942,1.6384504234279273,0.6960210574918332,9.17024143698645,10.093822215603822,True,ok,,0.2,0.07,0.084
2020-10-18 04:00:00+00:00,0.1634344421316975,0.1634344421316975,3.91212126249485e-07,0.16343483334382375,10.093822215603822,9.927052376693927,True,ok,,0.3,0.1,0.084
2020-10-18 05:00:00+00:00,0.559700601986834,0.559700601986834,5.675781540315228e-07,0.559701169564988,9.927052376693927,9.355929313442056,True,ok,,0.3,0.1,0.084
2020-10-18 06:00:00+00:00,1.9819967010310202,1.9819967010310202,5.675444323394174e-07,1.9819972685754526,9.355929313442056,7.333483700145097,True,ok,,0.3,0.1,0.084
2020-10-18 07:00:00+00:00,1.411965972248179,1.411965972248179,5.67533123385644e-07,1.4119665397813024,7.333483700145097,5.89270209581022,True,ok,,0.3,0.1,0.084
2020-10-18 08:00:00+00:00,-0.24500937983797705,-0.24500937983797705,8.28616730785825e-10,-0.24500937900936032,5.89270209581022,6.132811288051437,True,ok,,0.3,0.1,0.084
2020-10-18 09:00:00+00:00,0.0681512089670267,0.0681512089670267,5.674481513423535e-07,0.06815177641517804,6.132811288051437,6.063269238085083,True,ok,,0.3,0.1,0.084
2020-10-18 10:00:00+00:00,-0.1502499259120006,-0.1502499259120006,8.281434704660029e-10,-0.15024992508385712,6.063269238085083,6.210514165478844,True,ok,,0.3,0.1,0.084
2020-10-18 11:00:00+00:00,0.07172233790013445,0.07172233790013445,5.673048113774559e-07,0.07172290520494583,6.210514165478844,6.137328106397074,True,ok,,0.3,0.1,0.084
2020-10-18 12:00:00+00:00,0.8756764152226766,0.8756764152226766,5.672306410131611e-07,0.8756769824533176,6.137328106397074,5.2437807439249555,True,ok,,0.3,0.1,0.084
2020-10-18 13:00:00+00:00,0.664437207960294,0.664437207960294,5.671914629079566e-07,0.664437775151757,5.2437807439249555,4.565783592945063,True,ok,,0.3,0.1,0.084
2020-10-18 14:00:00+00:00,0.35471434268644003,0.35471434268644003,5.67134738116426e-07,0.35471490982117815,4.565783592945063,4.203830182040533,True,ok,,0.3,0.1,0.084
2020-10-18 15:00:00+00:00,1.6391338425307496,1.6391338425307496,2.358236717014961e-09,1.6391338448889863,4.203830182040533,2.531244628437727,True,ok,,0.4,0.18,0.084
2020-10-18 16:00:00+00:00,0.6153097924751344,0.6153097924751344,2.358151229842065e-09,0.6153097948332856,2.531244628437727,1.9033774932590182,True,ok,,0.4,0.18,0.084
2020-10-18 17:00:00+00:00,1.6389180505458731,1.6389180505458731,2.357937844976732e-09,1.638918052903811,1.9033774932590182,0.23101213555914768,True,ok,,0.4,0.18,0.084
2020-10-18 18:00:00+00:00,0.2263904421036615,0.2263904421036615,2.357843309486185e-09,0.2263904444615048,0.23101213555914768,1.480351329824492e-06,True,ok,,0.4,0.18,0.084
2020-10-18 19:00:00+00:00,-0.09745983877373701,-0.09745983877373701,0.3558075613491368,0.2583477225753998,1.480351329824492e-06,0.0955121223495921,True,ok,,0.2,0.07,0.084
2020-10-18 20:00:00+00:00,-0.05537349171515607,-0.05537349171515607,0.20453388070407502,0.14916038898891895,0.0955121223495921,0.14977814423044505,True,ok,,0.2,0.07,0.084
2020-10-18 21:00:00+00:00,-0.0401030418051428,-0.0401030418051428,0.22412306904261098,0.1840200272374682,0.14977814423044505,0.189079125199485,True,ok,,0.2,0.07,0.084
2020-10-18 22:00:00+00:00,-0.03427924398748341,-0.03427924398748341,0.18951574427983772,0.1552365002923543,0.189079125199485,0.22267278430721874,True,ok,,0.2,0.07,0.084
2020-10-18 23:00:00+00:00,-0.029805744826887682,-0.029805744826887682,0.19165341158055035,0.16184766675366266,0.22267278430721874,0.2518824142375687,True,ok,,0.2,0.07,0.084
2020-10-19 00:00:00+00:00,-0.02726661728719642,-0.02726661728719642,0.17012220058937644,0.14285558330218,0.2518824142375687,0.27860369917902117,True,ok,,0.2,0.07,0.084
2020-10-19 01:00:00+00:00,-0.022074548241480908,-0.022074548241480908,0.9366705496731585,0.9145960014316776,0.27860369917902117,0.30023675645567244,True,ok,,0.2,0.07,0.084
2020-10-19 02:00:00+00:00,-0.02273803246758845,-0.02273803246758845,0.1913603102916726,0.16862227782408415,0.30023675645567244,0.32252002827390913,True,ok,,0.2,0.07,0.084
2020-10-19 03:00:00+00:00,-0.021194389790499476,-0.021194389790499476,0.20016602900777028,0.1789716392172708,0.32252002827390913,0.3432905302685986,True,ok,,0.2,0.07,0.084
2020-10-19 04:00:00+00:00,0.19564804270756633,0.19564804270756633,4.0178339610896785e-07,0.19564844449096244,0.3432905302685986,0.1436496703629187,True,ok,,0.3,0.1,0.084
2020-10-19 05:00:00+00:00,0.1143632926720087,0.1143632926720087,4.014156555071091e-07,0.11436369408766421,0.1436496703629187,0.02695243294250166,True,ok,,0.3,0.1,0.084
2020-10-19 06:00:00+00:00,0.026413369318135958,0.026413369318135958,4.006552387636475e-07,0.02641376997337472,0.02695243294250166,1.5270934353855958e-08,True,ok,,0.3,0.1,0.084
2020-10-19 07:00:00+00:00,-0.23912137942260447,-0.23912137942260447,-0.06417612922574173,-0.3032975086483462,1.5270934353855958e-08,0.23433896710508673,True,ok,,0.3,0.1,0.084
2020-10-19 08:00:00+00:00,-0.786182525677852,-0.786182525677852,-0.11967240575294635,-0.9058549314307983,0.23433896710508673,1.0047978422693817,True,ok,,0.3,0.1,0.084
2020-10-19 09:00:00+00:00,-1.172024105599053,-1.172024105599053,-0.14478004327501037,-1.3168041488740634,1.0047978422693817,2.1533814657564534,True,ok,,0.3,0.1,0.084
2020-10-19 10:00:00+00:00,-3.5547814165387135,-3.5547814165387135,-0.17863660297261186,-3.7334180195113253,2.1533814657564534,5.637067253964393,True,ok,,0.3,0.1,0.084
2020-10-19 11:00:00+00:00,-1.8780043093551548,-1.8780043093551548,-0.16267337486315347,-2.0406776842183083,5.637067253964393,7.4775114771324445,True,ok,,0.3,0.1,0.084
2020-10-19 12:00:00+00:00,-0.41976241217247606,-0.41976241217247606,-0.034360200648985983,-0.45412261282146205,7.4775114771324445,7.888878641061471,True,ok,,0.3,0.1,0.084
2020-10-19 13:00:00+00:00,0.3866382776850013,0.3866382776850013,-5.146322312743479e-09,0.386638272538679,7.888878641061471,7.494349786280857,True,ok,,0.3,0.1,0.084
2020-10-19 14:00:00+00:00,0.43916148760103496,0.43916148760103496,-5.1463177053179265e-09,0.43916148245471726,7.494349786280857,7.046225819341025,True,ok,,0.3,0.1,0.084
2020-10-19 15:00:00+00:00,0.5507703123156091,0.5507703123156091,-2.428017784605885e-07,0.5507700695138307,7.046225819341025,6.484215296569995,True,ok,,0.4,0.18,0.084
2020-10-19 16:00:00+00:00,1.489631094491255,1.489631094491255,-2.428011887101178e-07,1.4896308516900663,6.484215296569995,4.964183567497286,True,ok,,0.4,0.18,0.084
2020-10-19 17:00:00+00:00,0.6520706971502709,0.6520706971502709,-1.1276567124518522e-07,0.6520705843845996,4.964183567497286,4.29880530509905,True,ok,,0.4,0.18,0.084
2020-10-19 18:00:00+00:00,0.4820665577930468,0.4820665577930468,-1.1276558986583751e-07,0.48206644502745694,4.29880530509905,3.8069006542898185,True,ok,,0.4,0.18,0.084
2020-10-19 19:00:00+00:00,0.05646693247964851,0.05646693247964851,0.15675495635922537,0.21322188883887389,3.8069006542898185,3.749281335433034,True,ok,,0.2,0.07,0.084
2020-10-19 20:00:00+00:00,0.04482975732759035,0.04482975732759035,0.14146371459157583,0.18629347191916618,3.749281335433034,3.7035366850987583,True,ok,,0.2,0.07,0.084
2020-10-19 21:00:00+00:00,0.04470754510495118,0.04470754510495118,0.2513449544913267,0.2960524995962779,3.7035366850987583,3.6579167411141142,True,ok,,0.2,0.07,0.084
2020-10-19 22:00:00+00:00,0.029091307064229775,0.029091307064229775,0.09789127621749916,0.12698258328172893,3.6579167411141142,3.6282317339057166,True,ok,,0.2,0.07,0.084
2020-10-19 23:00:00+00:00,0.02967207332116616,0.02967207332116616,0.160593010100435,0.19026508342160117,3.6282317339057166,3.597954108067792,True,ok,,0.2,0.07,0.084
2020-10-20 00:00:00+00:00,0.026525399762548803,0.026525399762548803,0.2377273786589592,0.264252778421508,3.597954108067792,3.5708873736162117,True,ok,,0.2,0.07,0.084
2020-10-20 01:00:00+00:00,0.02439138818783272,0.02439138818783272,1.287505975964968,1.311897364152801,3.5708873736162117,3.545998201995974,True,ok,,0.2,0.07,0.084
2020-10-20 02:00:00+00:00,0.019783446844749537,0.019783446844749537,0.4472318587167394,0.46701530556148896,3.545998201995974,3.5258110113380665,True,ok,,0.2,0.07,0.084
2020-10-20 03:00:00+00:00,0.016958142897966877,0.016958142897966877,0.23064294052638967,0.24760108342435655,3.5258110113380665,3.5085067838911614,True,ok,,0.2,0.07,0.084
2020-10-20 04:00:00+00:00,0.21154661106526293,0.21154661106526293,7.183142969324763e-14,0.21154661106533476,3.5085067838911614,3.2926428950490565,True,ok,,0.3,0.1,0.084
2020-10-20 05:00:00+00:00,0.11550565989024943,0.11550565989024943,1.6833756610878936e-14,0.11550565989026626,3.2926428950490565,3.1747799767936997,True,ok,,0.3,0.1,0.084
2020-10-20 06:00:00+00:00,0.023013200729518284,0.023013200729518284,1.458390425819467e-07,0.023013346568560866,3.1747799767936997,3.1512971189064363,True,ok,,0.3,0.1,0.084
2020-10-20 07:00:00+00:00,-0.21024052108664057,-0.21024052108664057,-3.7719827261639693e-14,-0.2102405210866783,3.1512971189064363,3.357332829571344,True,ok,,0.3,0.1,0.084
2020-10-20 08:00:00+00:00,-0.8165780077698422,-0.8165780077698422,-1.6542323066914832e-14,-0.8165780077698588,3.357332829571344,4.157579277185789,True,ok,,0.3,0.1,0.084
2020-10-20 09:00:00+00:00,-0.9280293371533076,-0.9280293371533076,6.661338147750939e-16,-0.9280293371533069,4.157579277185789,5.06704802759603,True,ok,,0.3,0.1,0.084
2020-10-20 10:00:00+00:00,-1.4519305057150218,-1.4519305057150218,2.4424906541753444e-15,-1.4519305057150194,5.06704802759603,6.489939923196752,True,ok,,0.3,0.1,0.084
2020-10-20 11:00:00+00:00,0.34459403117106086,0.34459403117106086,4.0202322504345744e-07,0.3445944331942859,6.489939923196752,6.1383133607773015,True,ok,,0.3,0.1,0.084
2020-10-20 12:00:00+00:00,0.23490907475410286,0.23490907475410286,4.020229531498387e-07,0.234909476777056,6.1383133607773015,5.898610223273115,True,ok,,0.3,0.1,0.084
2020-10-20 13:00:00+00:00,0.42819986772281776,0.42819986772281776,4.0202332374228433e-07,0.4282002697461415,5.898610223273115,5.461671582739628,True,ok,,0.3,0.1,0.084
2020-10-20 14:00:00+00:00,0.8717903392052544,0.8717903392052544,4.020235294666108e-07,0.8717907412287839,5.461671582739628,4.572089603958756,True,ok,,0.3,0.1,0.084
2020-10-20 15:00:00+00:00,1.1353857501863107,1.1353857501863107,1.6427095239635037e-09,1.1353857518290202,4.572089603958756,3.413532716013541,True,ok,,0.4,0.18,0.084
2020-10-20 16:00:00+00:00,1.814953269727114,1.814953269727114,1.6427101900973184e-09,1.8149532713698242,3.413532716013541,1.5615395836389347,True,ok,,0.4,0.18,0.084
2020-10-20 17:00:00+00:00,0.9614754120956468,0.9614754120956468,1.6427093019188987e-09,0.9614754137383561,1.5615395836389347,0.5804422243576625,True,ok,,0.4,0.18,0.084
2020-10-20 18:00:00+00:00,0.2835384707898558,0.2835384707898558,1.6427046944933466e-09,0.2835384724325605,0.5804422243576625,0.2911172541639321,True,ok,,0.4,0.18,0.084
2020-10-20 19:00:00+00:00,-0.35774387194447854,-0.35774387194447854,0.567288204785186,0.20954433284070753,0.2911172541639321,0.6417062486695211,True,ok,,0.2,0.07,0.084
2020-10-20 20:00:00+00:00,-0.2814634491526549,-0.2814634491526549,0.43770855988960766,0.15624511073695274,0.6417062486695211,0.9175404288391229,True,ok,,0.2,0.07,0.084
2020-10-20 21:00:00+00:00,-0.22264815014972916,-0.22264815014972916,0.45123076127344997,0.2285826111237208,0.9175404288391229,1.1357356159858574,True,ok,,0.2,0.07,0.084
2020-10-20 22:00:00+00:00,-0.21864282759637563,-0.21864282759637563,0.3525856607762734,0.13394283317989775,1.1357356159858574,1.3500055870303056,True,ok,,0.2,0.07,0.084
2020-10-20 23:00:00+00:00,-0.1859872019444966,-0.1859872019444966,0.3827392576663094,0.19675205572181279,1.3500055870303056,1.5322730449359123,True,ok,,0.2,0.07,0.084
2020-10-21 00:00:00+00:00,-0.16295617033486512,-0.16295617033486512,0.4222743923754647,0.2593182220405996,1.5322730449359123,1.69197009186408,True,ok,,0.2,0.07,0.084
2020-10-21 01:00:00+00:00,-0.1317995487376098,-0.1317995487376098,0.7078288002521506,0.5760292515145408,1.69197009186408,1.8211336496269377,True,ok,,0.2,0.07,0.084
2020-10-21 02:00:00+00:00,-0.14139998011042748,-0.14139998011042748,0.43113481373770485,0.28973483362727737,1.8211336496269377,1.9597056301351565,True,ok,,0.2,0.07,0.084
2020-10-21 03:00:00+00:00,-0.13577898327537524,-0.13577898327537524,0.4144310669530913,0.27865208367771604,1.9597056301351565,2.092769033745024,True,ok,,0.2,0.07,0.084
2020-10-21 04:00:00+00:00,0.1864564628669379,0.1864564628669379,3.9840915919131525e-07,0.1864568612760971,2.092769033745024,1.9025073369420262,True,ok,,0.3,0.1,0.084
2020-10-21 05:00:00+00:00,0.131531490340494,0.131531490340494,3.984040722604387e-07,0.13153188874456626,1.9025073369420262,1.7682915304721343,True,ok,,0.3,0.1,0.084
2020-10-21 06:00:00+00:00,0.1572602813059486,0.1572602813059486,4.0326537228962955e-07,0.1572606845713209,1.7682915304721343,1.6078218556701458,True,ok,,0.3,0.1,0.084
2020-10-21 07:00:00+00:00,0.1885352559295782,0.1885352559295782,3.967743134325463e-07,0.18853565270389164,1.6078218556701458,1.4154389414562905,True,ok,,0.3,0.1,0.084
2020-10-21 08:00:00+00:00,0.8690319381260871,0.8690319381260871,4.057642963850583e-07,0.8690323438903835,1.4154389414562905,0.5286716576541607,True,ok,,0.3,0.1,0.084
2020-10-21 09:00:00+00:00,0.5180982071496426,0.5180982071496426,4.054377461537584e-07,0.5180986125873888,0.5286716576541607,1.7705545807267242e-08,True,ok,,0.3,0.1,0.084
2020-10-21 10:00:00+00:00,-0.6550611404477232,-0.6550611404477232,-2.435793085009408e-07,-0.6550613840270317,1.7705545807267242e-08,0.6419599353443146,True,ok,,0.3,0.1,0.084
2020-10-21 11:00:00+00:00,-0.7057303341075079,-0.7057303341075079,-2.4357941175168207e-07,-0.7057305776869196,0.6419599353443146,1.3335756627696722,True,ok,,0.3,0.1,0.084
2020-10-21 12:00:00+00:00,-0.9464840647147486,-0.9464840647147486,-2.4357947858710816e-07,-0.9464843082942271,1.3335756627696722,2.261130046190126,True,ok,,0.3,0.1,0.084
2020-10-21 13:00:00+00:00,-0.0053032594618811265,-0.0053032594618811265,-2.435670351432634e-07,-0.00530350302891627,2.261130046190126,2.2663272404627697,True,ok,,0.3,0.1,0.084
2020-10-21 14:00:00+00:00,-0.8487401894872239,-0.8487401894872239,-2.435795166677579e-07,-0.8487404330667405,2.2663272404627697,3.0980926261602493,True,ok,,0.3,0.1,0.084
2020-10-21 15:00:00+00:00,8.961885972649097e-08,8.961885972649097e-08,-0.16264927200637297,-0.16264918238751325,3.0980926261602493,3.0980925347124333,True,ok,,0.4,0.18,0.084
2020-10-21 16:00:00+00:00,0.7836101018294147,0.7836101018294147,-1.1276555578199066e-07,0.7836099890638589,3.0980925347124333,2.2984903899885407,True,ok,,0.4,0.18,0.084
2020-10-21 17:00:00+00:00,0.4175143350563609,0.4175143350563609,-1.127655802068972e-07,0.41751422229078067,2.2984903899885407,1.872455354216744,True,ok,,0.4,0.18,0.084
2020-10-21 18:00:00+00:00,0.38231964189631534,0.38231964189631534,-1.1276559130912744e-07,0.38231952913072403,1.872455354216744,1.4823332706490753,True,ok,,0.4,0.18,0.084
2020-10-21 19:00:00+00:00,0.08242771729578088,0.08242771729578088,0.1621190883350088,0.24454680563078968,1.4823332706490753,1.3982233550411356,True,ok,,0.2,0.07,0.084
2020-10-21 20:00:00+00:00,0.10257621941251091,0.10257621941251091,0.22569172460288664,0.32826794401539755,1.3982233550411356,1.2935537433957163,True,ok,,0.2,0.07,0.084
2020-10-21 21:00:00+00:00,0.06948996326495396,0.06948996326495396,0.10241164759428092,0.1719016108592349,1.2935537433957163,1.222645617615151,True,ok,,0.2,0.07,0.084
2020-10-21 22:00:00+00:00,0.05997296550606229,0.05997296550606229,0.07803272906606862,0.1380056945721309,1.222645617615151,1.1614487140375365,True,ok,,0.2,0.07,0.084
2020-10-21 23:00:00+00:00,0.0740153340986958,0.0740153340986958,0.09604386035751082,0.17005919445620662,1.1614487140375365,1.0859228629164184,True,ok,,0.2,0.07,0.084
2020-10-22 00:00:00+00:00,0.26286976244372345,0.26286976244372345,0.7246896562795953,0.9875594187233186,1.0859228629164184,0.8176884114432312,True,ok,,0.2,0.07,0.084
2020-10-22 01:00:00+00:00,0.1002377540702077,0.1002377540702077,0.1133993569525298,0.2136371110227375,0.8176884114432312,0.7154049889226112,True,ok,,0.2,0.07,0.084
2020-10-22 02:00:00+00:00,0.22625812301461004,0.22625812301461004,0.23200840499575878,0.4582665280103688,0.7154049889226112,0.4845293531934173,True,ok,,0.2,0.07,0.084
2020-10-22 03:00:00+00:00,0.08617639968544943,0.08617639968544943,0.07224407251791132,0.15842047220336075,0.4845293531934173,0.3965942514735709,True,ok,,0.2,0.07,0.084
2020-10-22 04:00:00+00:00,0.2145199656008836,0.2145199656008836,6.715540540325193e-09,0.21451997231642414,0.3965942514735709,0.17769632739103663,True,ok,,0.3,0.1,0.084
2020-10-22 05:00:00+00:00,0.12750261144232816,0.12750261144232816,-1.2575335217590577e-10,0.1275026113165748,0.17769632739103663,0.04759162183764054,True,ok,,0.3,0.1,0.084
2020-10-22 06:00:00+00:00,0.04663969575890788,0.04663969575890788,7.285033451487344e-09,0.046639703043941334,0.04759162183764054,9.555304066044545e-08,True,ok,,0.3,0.1,0.084
2020-10-22 07:00:00+00:00,-0.17542716767417024,-0.17542716767417024,-0.06356741761810528,-0.23899458529227552,9.555304066044545e-08,0.17191871987372748,True,ok,,0.3,0.1,0.084
2020-10-22 08:00:00+00:00,-0.6763286981987217,-0.6763286981987217,-0.10947413792382776,-0.7858028361225494,0.17191871987372748,0.8347208441084746,True,ok,,0.3,0.1,0.084
2020-10-22 09:00:00+00:00,-1.9868277448397822,-1.9868277448397822,-0.14173212300311855,-2.1285598678429007,0.8347208441084746,2.781812034051461,True,ok,,0.3,0.1,0.084
2020-10-22 10:00:00+00:00,-1.5261589380756122,-1.5261589380756122,-0.14354431176300486,-1.669703249838617,2.781812034051461,4.277447793365561,True,ok,,0.3,0.1,0.084
2020-10-22 11:00:00+00:00,-0.6034437409502876,-0.6034437409502876,-0.12777201336977673,-0.7312157543200644,4.277447793365561,4.868822659496843,True,ok,,0.3,0.1,0.084
2020-10-22 12:00:00+00:00,-0.6729883123905739,-0.6729883123905739,-0.06897959280059529,-0.7419679051911692,4.868822659496843,5.528351205639605,True,ok,,0.3,0.1,0.084
2020-10-22 13:00:00+00:00,0.21368797885719398,0.21368797885719398,-5.146334830508081e-09,0.21368797371085915,5.528351205639605,5.31030224762206,True,ok,,0.3,0.1,0.084
2020-10-22 14:00:00+00:00,-0.7324179553085429,-0.7324179553085429,-0.029116048204983147,-0.7615340035135261,5.31030224762206,6.028071843824431,True,ok,,0.3,0.1,0.084
2020-10-22 15:00:00+00:00,0.7477906029369922,0.7477906029369922,-1.1276598532727888e-07,0.7477904901710068,6.028071843824431,5.265020208174439,True,ok,,0.4,0.18,0.084
2020-10-22 16:00:00+00:00,1.019704695418903,1.019704695418903,-1.1276553002481648e-07,1.019704582653373,5.265020208174439,4.224505212849028,True,ok,,0.4,0.18,0.084
2020-10-22 17:00:00+00:00,0.21140563680838292,0.21140563680838292,1.6426635329747086e-09,0.21140563845104646,4.224505212849028,4.008785175289454,True,ok,,0.4,0.18,0.084
2020-10-22 18:00:00+00:00,0.3269503884396032,0.3269503884396032,5.959394644428073e-10,0.3269503890355427,4.008785175289454,3.67516232994292,True,ok,,0.4,0.18,0.084
2020-10-22 19:00:00+00:00,-0.145216419304233,-0.145216419304233,0.41164253014672586,0.26642611084249285,3.67516232994292,3.8174744208610685,True,ok,,0.2,0.07,0.084
2020-10-22 20:00:00+00:00,-0.16375948904301374,-0.16375948904301374,0.30009204477680035,0.1363325557337866,3.8174744208610685,3.977958720123222,True,ok,,0.2,0.07,0.084
2020-10-22 21:00:00+00:00,-0.14914253456739215,-0.14914253456739215,0.3475042016573843,0.19836166708999217,3.977958720123222,4.124118403999266,True,ok,,0.2,0.07,0.084
2020-10-22 22:00:00+00:00,-0.15607071268546788,-0.15607071268546788,0.3037197127870872,0.14764900010161935,4.124118403999266,4.277067702431025,True,ok,,0.2,0.07,0.084
2020-10-22 23:00:00+00:00,-0.15640269171563306,-0.15640269171563306,0.2922874415811649,0.1358847498655318,4.277067702431025,4.430342340312346,True,ok,,0.2,0.07,0.084
2020-10-23 00:00:00+00:00,-0.13300936833545274,-0.13300936833545274,0.4102333682860739,0.27722399995062114,4.430342340312346,4.56069152128109,True,ok,,0.2,0.07,0.084
2020-10-23 01:00:00+00:00,-0.11690207243398142,-0.11690207243398142,0.6436936841557621,0.5267916117217807,4.56069152128109,4.675255552266392,True,ok,,0.2,0.07,0.084
2020-10-23 02:00:00+00:00,-0.12370926747140908,-0.12370926747140908,0.47805621095582146,0.35434694348441237,4.675255552266392,4.796490634388372,True,ok,,0.2,0.07,0.084
2020-10-23 03:00:00+00:00,-0.1293365411169624,-0.1293365411169624,0.3985599582215768,0.2692234171046144,4.796490634388372,4.923240444682995,True,ok,,0.2,0.07,0.084
2020-10-23 04:00:00+00:00,0.17499476394369542,0.17499476394369542,4.0308653323495314e-07,0.17499516703022866,4.923240444682995,4.744674359026163,True,ok,,0.3,0.1,0.084
2020-10-23 05:00:00+00:00,0.13805550407910336,0.13805550407910336,5.793192916769829e-07,0.13805608339839504,4.744674359026163,4.603801395680139,True,ok,,0.3,0.1,0.084
2020-10-23 06:00:00+00:00,0.09182504154419778,0.09182504154419778,5.792537523946484e-07,0.09182562079795017,4.603801395680139,4.510102373696264,True,ok,,0.3,0.1,0.084
2020-10-23 07:00:00+00:00,0.7266769187281986,0.7266769187281986,5.791870916205255e-07,0.7266774979152902,4.510102373696264,3.7685953137695307,True,ok,,0.3,0.1,0.084
2020-10-23 08:00:00+00:00,-0.16532327483936188,-0.16532327483936188,8.694777120510366e-10,-0.16532327396988417,3.7685953137695307,3.9306121231121054,True,ok,,0.3,0.1,0.084
2020-10-23 09:00:00+00:00,-0.07050615445027955,-0.07050615445027955,8.692191133530258e-10,-0.07050615358106044,3.9306121231121054,3.9997081544733795,True,ok,,0.3,0.1,0.084
2020-10-23 10:00:00+00:00,-0.12644736754587868,-0.12644736754587868,8.689450825549727e-10,-0.1264473666769336,3.9997081544733795,4.12362657466834,True,ok,,0.3,0.1,0.084
2020-10-23 11:00:00+00:00,0.2699074037860603,0.2699074037860603,5.789117356602702e-07,0.269907982697796,4.12362657466834,3.848210856519299,True,ok,,0.3,0.1,0.084
2020-10-23 12:00:00+00:00,0.1101695250232983,0.1101695250232983,5.788294784453418e-07,0.11017010385277674,3.848210856519299,3.735792973842464,True,ok,,0.3,0.1,0.084
2020-10-23 13:00:00+00:00,0.03256654404100317,0.03256654404100317,5.787221410841203e-07,0.03256712276314425,3.735792973842464,3.7025618064536854,True,ok,,0.3,0.1,0.084
2020-10-23 14:00:00+00:00,0.4362758201821996,0.4362758201821996,5.786251763284511e-07,0.43627639880737595,3.7025618064536854,3.257382398104502,True,ok,,0.3,0.1,0.084
2020-10-23 15:00:00+00:00,1.3063026649179579,1.3063026649179579,2.3932784642966e-09,1.3063026673112363,3.257382398104502,1.9244204951269939,True,ok,,0.4,0.18,0.084
2020-10-23 16:00:00+00:00,0.9195274022230024,0.9195274022230024,2.393159226343755e-09,0.9195274046161617,1.9244204951269939,0.9861272275525016,True,ok,,0.4,0.18,0.084
2020-10-23 17:00:00+00:00,0.729755885753833,0.729755885753833,2.392990694488617e-09,0.7297558881468237,0.9861272275525016,0.24147836453838634,True,ok,,0.4,0.18,0.084
2020-10-23 18:00:00+00:00,0.23664741432602387,0.23664741432602387,2.392777309623284e-09,0.23664741671880118,0.24147836453838634,1.4111444844311372e-06,True,ok,,0.4,0.18,0.084
2020-10-23 19:00:00+00:00,-0.9529426992684418,-0.9529426992684418,1.2982222553733131,0.34527955610487143,1.4111444844311372e-06,0.9338852564275573,True,ok,,0.2,0.07,0.084
2020-10-23 20:00:00+00:00,-0.4329247094118034,-0.4329247094118034,2.5785611895551384,2.145636480143335,0.9338852564275573,1.3581514716511247,True,ok,,0.2,0.07,0.084
2020-10-23 21:00:00+00:00,-0.33112353918913573,-0.33112353918913573,4.884777510961862,4.553653971772726,1.3581514716511247,1.6826525400564778,True,ok,,0.2,0.07,0.084
2020-10-23 22:00:00+00:00,-0.45053714266207356,-0.45053714266207356,0.6133684482957245,0.16283130563365092,1.6826525400564778,2.1241789398653097,True,ok,,0.2,0.07,0.084
2020-10-23 23:00:00+00:00,-0.42444614728297325,-0.42444614728297325,0.5454478696161397,0.1210017223331664,2.1241789398653097,2.5401361642026234,True,ok,,0.2,0.07,0.084
2020-10-24 00:00:00+00:00,-0.3713645777538445,-0.3713645777538445,0.5686096052297315,0.19724502747588693,2.5401361642026234,2.904073450401391,True,ok,,0.2,0.07,0.084
2020-10-24 01:00:00+00:00,-0.3590887593391885,-0.3590887593391885,0.530018481730423,0.17092972239123447,2.904073450401391,3.2559804345537957,True,ok,,0.2,0.07,0.084
2020-10-24 02:00:00+00:00,-0.29899800049768316,-0.29899800049768316,0.6698003608283705,0.3708023603306873,3.2559804345537957,3.5489984750415253,True,ok,,0.2,0.07,0.084
2020-10-24 03:00:00+00:00,-0.3352895009115001,-0.3352895009115001,0.49216411199516685,0.1568746110836667,3.5489984750415253,3.8775821859347954,True,ok,,0.2,0.07,0.084
2020-10-24 04:00:00+00:00,0.3061416771292871,0.3061416771292871,4.056705180111031e-07,0.3061420827998051,3.8775821859347954,3.565192719476339,True,ok,,0.3,0.1,0.084
2020-10-24 05:00:00+00:00,0.35818542483284094,0.35818542483284094,4.0773649290226643e-07,0.35818583256933384,3.565192719476339,3.1996973880142567,True,ok,,0.3,0.1,0.084
2020-10-24 06:00:00+00:00,0.6662404489128672,0.6662404489128672,6.88028641726568e-07,0.6662411369415089,3.1996973880142567,2.519860195246025,True,ok,,0.3,0.1,0.084
2020-10-24 07:00:00+00:00,0.430964986048432,0.430964986048432,3.214827976605328e-07,0.43096530753122964,2.519860195246025,2.0801000054006864,True,ok,,0.3,0.1,0.084
2020-10-24 08:00:00+00:00,0.7592640381971074,0.7592640381971074,8.409056181379881e-07,0.7592648791027256,2.0801000054006864,1.3053407827505767,True,ok,,0.3,0.1,0.084
2020-10-24 09:00:00+00:00,-0.16900458227839493,-0.16900458227839493,1.9950732732532117e-10,-0.1690045820788876,1.3053407827505767,1.4709652733834038,True,ok,,0.3,0.1,0.084
2020-10-24 10:00:00+00:00,-0.44988194452377733,-0.44988194452377733,1.495410906215966e-09,-0.4498819430283664,1.4709652733834038,1.9118495790167056,True,ok,,0.3,0.1,0.084
2020-10-24 11:00:00+00:00,-1.0183344282905347,-1.0183344282905347,1.4944165904751117e-09,-1.018334426796118,1.9118495790167056,2.9098173187414296,True,ok,,0.3,0.1,0.084
2020-10-24 12:00:00+00:00,-0.774608248065249,-0.774608248065249,1.4939000037017536e-09,-0.774608246571349,2.9098173187414296,3.6689334018453734,True,ok,,0.3,0.1,0.084
2020-10-24 13:00:00+00:00,-0.30102041220324066,-0.30102041220324066,1.4932384773125307e-09,-0.3010204107100022,3.6689334018453734,3.9639334058045494,True,ok,,0.3,0.1,0.084
2020-10-24 14:00:00+00:00,-0.13798695893630455,-0.13798695893630455,1.4920366053772227e-09,-0.13798695744426795,3.9639334058045494,4.099160625562128,True,ok,,0.3,0.1,0.084
2020-10-24 15:00:00+00:00,2.040172131943913,2.040172131943913,2.9342577256841196e-09,2.0401721348781705,4.099160625562128,2.017352327660176,True,ok,,0.4,0.18,0.084
2020-10-24 16:00:00+00:00,0.8792901787472586,0.8792901787472586,2.934038678681361e-09,0.8792901816812972,2.017352327660176,1.1201174513874634,True,ok,,0.4,0.18,0.084
2020-10-24 17:00:00+00:00,0.7321838321305185,0.7321838321305185,2.933521425774188e-09,0.73218383506404,1.1201174513874634,0.37299109207060777,True,ok,,0.4,0.18,0.084
2020-10-24 18:00:00+00:00,0.3655304687072534,0.3655304687072534,2.932909748398771e-09,0.36553047164016317,0.37299109207060777,8.178795328217525e-07,True,ok,,0.4,0.18,0.084
2020-10-24 19:00:00+00:00,-1.872764042986118,-1.872764042986118,2.1029836815403735,0.23021963855425537,8.178795328217525e-07,1.8353095800059285,True,ok,,0.2,0.07,0.084
2020-10-24 20:00:00+00:00,-1.406239246078567,-1.406239246078567,1.6205673021702998,0.2143280560917327,1.8353095800059285,3.2134240411629245,True,ok,,0.2,0.07,0.084
2020-10-24 21:00:00+00:00,-1.2292878639493259,-1.2292878639493259,1.3498545583043369,0.12056669435501097,3.2134240411629245,4.418126147833264,True,ok,,0.2,0.07,0.084
2020-10-24 22:00:00+00:00,-1.1218626843495056,-1.1218626843495056,1.3067951010110863,0.18493241666158064,4.418126147833264,5.517551578495779,True,ok,,0.2,0.07,0.084
2020-10-24 23:00:00+00:00,-1.0866770741842795,-1.0866770741842795,1.2635033243373972,0.17682625015311762,5.517551578495779,6.582495111196373,True,ok,,0.2,0.07,0.084
2020-10-25 00:00:00+00:00,-1.0792051597073222,-1.0792051597073222,1.2139579928803323,0.13475283317301018,6.582495111196373,7.640116167709548,True,ok,,0.2,0.07,0.084
2020-10-25 01:00:00+00:00,-1.0848985965626858,-1.0848985965626858,1.255217957351349,0.17031936078866305,7.640116167709548,8.703316792340981,True,ok,,0.2,0.07,0.084
2020-10-25 02:00:00+00:00,-1.1388090828588535,-1.1388090828588535,1.319832138640112,0.18102305578125835,8.703316792340981,9.819349693542659,True,ok,,0.2,0.07,0.084
2020-10-25 03:00:00+00:00,-1.2348466908338929,-1.2348466908338929,1.4852996071090228,0.25045291627512994,9.819349693542659,11.029499450559873,True,ok,,0.2,0.07,0.084
2020-10-25 04:00:00+00:00,-1.4992595740675791,-1.4992595740675791,1.843122129579371,0.34386255551179185,11.029499450559873,12.498773833146101,True,ok,,0.2,0.07,0.084
2020-10-25 05:00:00+00:00,0.3397527760062373,0.3397527760062373,3.9125478096257993e-07,0.3397531672610183,12.498773833146101,12.152087327017288,True,ok,,0.3,0.1,0.084
2020-10-25 06:00:00+00:00,0.3222460900642132,0.3222460900642132,4.149275087961257e-07,0.32224650499172197,12.152087327017288,11.823264786135438,True,ok,,0.3,0.1,0.084
2020-10-25 07:00:00+00:00,3.033318638938783,3.033318638938783,5.793487383165541e-07,3.0333192182875215,11.823264786135438,8.728041685177494,True,ok,,0.3,0.1,0.084
2020-10-25 08:00:00+00:00,0.7770273289943144,0.7770273289943144,5.79340838746667e-07,0.7770279083351531,8.728041685177494,7.935156655591459,True,ok,,0.3,0.1,0.084
2020-10-25 09:00:00+00:00,1.0882712699852577,1.0882712699852577,5.793065527281982e-07,1.0882718492918104,7.935156655591459,6.8246757678514,True,ok,,0.3,0.1,0.084
2020-10-25 10:00:00+00:00,-0.37040434986185594,-0.37040434986185594,8.69925464996868e-10,-0.3704043489919305,6.8246757678514,7.187672030716019,True,ok,,0.3,0.1,0.084
2020-10-25 11:00:00+00:00,-0.20310514163786736,-0.20310514163786736,8.697103870414225e-10,-0.20310514076815697,7.187672030716019,7.386715069521129,True,ok,,0.3,0.1,0.084
2020-10-25 12:00:00+00:00,0.06119988941906164,0.06119988941906164,5.791329137846968e-07,0.061200468551975425,7.386715069521129,7.324266202766984,True,ok,,0.3,0.1,0.084
2020-10-25 13:00:00+00:00,0.37419218015730166,0.37419218015730166,5.790525467452845e-07,0.3741927592098484,7.324266202766984,6.942437447504432,True,ok,,0.3,0.1,0.084
2020-10-25 14:00:00+00:00,2.389980161503311,2.389980161503311,5.789735331163115e-07,2.3899807404768443,6.942437447504432,4.503682180664319,True,ok,,0.3,0.1,0.084
2020-10-25 15:00:00+00:00,0.7405730570959177,0.7405730570959177,5.789556956070641e-07,0.7405736360516133,4.503682180664319,3.7479953877093006,True,ok,,0.3,0.1,0.084
2020-10-25 16:00:00+00:00,1.6818441334304708,1.6818441334304708,2.394368037172967e-09,1.6818441358248388,3.7479953877093006,2.0318279046169834,True,ok,,0.4,0.18,0.084
2020-10-25 17:00:00+00:00,0.875632638420503,0.875632638420503,2.3942801075094167e-09,0.8756326408147831,2.0318279046169834,1.138325212351164,True,ok,,0.4,0.18,0.084
2020-10-25 18:00:00+00:00,0.7284617748611657,0.7284617748611657,2.3941041371600136e-09,0.7284617772552698,1.138325212351164,0.394996870656097,True,ok,,0.4,0.18,0.084
2020-10-25 19:00:00+00:00,0.3870955524983286,0.3870955524983286,2.3938934168299397e-09,0.387095554892222,0.394996870656097,1.4089231086256149e-06,True,ok,,0.4,0.18,0.084
2020-10-25 20:00:00+00:00,-0.9750058469745458,-0.9750058469745458,1.423885653909008,0.44887980693446206,1.4089231086256149e-06,0.9555071389581635,True,ok,,0.2,0.07,0.084
2020-10-25 21:00:00+00:00,-0.5291351857649237,-0.5291351857649237,1.2975039070089927,0.768368721244069,0.9555071389581635,1.4740596210077888,True,ok,,0.2,0.07,0.084
2020-10-25 22:00:00+00:00,-0.5352944369872414,-0.5352944369872414,0.7306477980613711,0.1953533610741297,1.4740596210077888,1.9986481692552853,True,ok,,0.2,0.07,0.084
2020-10-25 23:00:00+00:00,-0.49421414081511317,-0.49421414081511317,0.6550161682313423,0.1608020274162292,1.9986481692552853,2.482978027254096,True,ok,,0.2,0.07,0.084
2020-10-26 00:00:00+00:00,-0.45008918871182735,-0.45008918871182735,0.6076501058111441,0.15756091709931677,2.482978027254096,2.9240654321916866,True,ok,,0.2,0.07,0.084
2020-10-26 01:00:00+00:00,-0.41534591236990764,-0.41534591236990764,0.5750286068977455,0.15968269452783787,2.9240654321916866,3.3311044263141962,True,ok,,0.2,0.07,0.084
2020-10-26 02:00:00+00:00,-0.31690861811443133,-0.31690861811443133,0.8831547591534321,0.5662461410390008,3.3311044263141962,3.6416748720663388,True,ok,,0.2,0.07,0.084
2020-10-26 03:00:00+00:00,-0.33124318939469877,-0.33124318939469877,0.7025834110699355,0.3713402216752367,3.6416748720663388,3.9662931976731435,True,ok,,0.2,0.07,0.084
2020-10-26 04:00:00+00:00,-0.36851778202197516,-0.36851778202197516,0.5224124205709323,0.1538946385489571,3.9662931976731435,4.327440624054679,True,ok,,0.2,0.07,0.084
2020-10-26 05:00:00+00:00,0.1928679922664636,0.1928679922664636,1.4675678747244625e-07,0.19286813902325106,4.327440624054679,4.1306365503133895,True,ok,,0.3,0.1,0.084
2020-10-26 06:00:00+00:00,0.10531084662174461,0.10531084662174461,5.425437100969877e-07,0.10531138916545471,4.1306365503133895,4.0231765027401805,True,ok,,0.3,0.1,0.084
2020-10-26 07:00:00+00:00,-0.00383916796492603,-0.00383916796492603,7.352260098479613e-10,-0.00383916722970002,4.0231765027401805,4.026938887345808,True,ok,,0.3,0.1,0.084
2020-10-26 08:00:00+00:00,-0.05690742230423144,-0.05690742230423144,7.346996275248152e-10,-0.05690742156953181,4.026938887345808,4.082708161203954,True,ok,,0.3,0.1,0.084
2020-10-26 09:00:00+00:00,-0.24473672577448963,-0.24473672577448963,7.344410357656983e-10,-0.2447367250400486,4.082708161203954,4.322550152462954,True,ok,,0.3,0.1,0.084
2020-10-26 10:00:00+00:00,-0.32771510821343003,-0.32771510821343003,7.342062513515657e-10,-0.3277151074792238,4.322550152462954,4.6437109585121155,True,ok,,0.3,0.1,0.084
2020-10-26 11:00:00+00:00,-0.5589005546246557,-0.5589005546246557,7.339926444416278e-10,-0.5589005538906631,4.6437109585121155,5.191433502044278,True,ok,,0.3,0.1,0.084
2020-10-26 12:00:00+00:00,-0.03984066979700018,-0.03984066979700018,7.338669047451951e-10,-0.03984066906313328,5.191433502044278,5.230477358445338,True,ok,,0.3,0.1,0.084
2020-10-26 13:00:00+00:00,0.3638976105122266,0.3638976105122266,5.421508323388835e-07,0.3638981526630589,5.230477358445338,4.859153266085923,True,ok,,0.3,0.1,0.084
2020-10-26 14:00:00+00:00,0.44422290704696826,0.44422290704696826,5.420946191381226e-07,0.4442234491415874,4.859153266085923,4.405864585425752,True,ok,,0.3,0.1,0.084
2020-10-26 15:00:00+00:00,0.8860341504474066,0.8860341504474066,5.420391760990739e-07,0.8860346924865827,4.405864585425752,3.5017481053773776,True,ok,,0.3,0.1,0.084
2020-10-26 16:00:00+00:00,1.2978232354110881,1.2978232354110881,2.2768791296812196e-09,1.2978232376879673,3.5017481053773776,2.1774386814885123,True,ok,,0.4,0.18,0.084
2020-10-26 17:00:00+00:00,1.3441284708169803,1.3441284708169803,2.2767940865975334e-09,1.3441284730937744,2.1774386814885123,0.8058790173895527,True,ok,,0.4,0.18,0.084
2020-10-26 18:00:00+00:00,0.5930598016383136,0.5930598016383136,2.276709043513847e-09,0.5930598039150227,0.8058790173895527,0.20071595449331425,True,ok,,0.4,0.18,0.084
2020-10-26 19:00:00+00:00,0.19669999773671912,0.19669999773671912,2.2765263008039938e-09,0.19670000001324542,0.20071595449331425,1.6710884988280217e-06,True,ok,,0.4,0.18,0.084
2020-10-26 20:00:00+00:00,-0.22954701693562998,-0.22954701693562998,0.6598519608071275,0.4303049438714975,1.6710884988280217e-06,0.2249577476854162,True,ok,,0.2,0.07,0.084
2020-10-26 21:00:00+00:00,-0.15446342574843666,-0.15446342574843666,0.30635748129509144,0.15189405554665478,0.2249577476854162,0.37633190491888413,True,ok,,0.2,0.07,0.084
2020-10-26 22:00:00+00:00,-0.1156554544348228,-0.1156554544348228,0.2968022599146144,0.1811468054797916,0.37633190491888413,0.48967425026501044,True,ok,,0.2,0.07,0.084
2020-10-26 23:00:00+00:00,-0.09517676194676092,-0.09517676194676092,0.285599789348261,0.19042302740150013,0.48967425026501044,0.5829474769728361,True,ok,,0.2,0.07,0.084
2020-10-27 00:00:00+00:00,-0.09111303935987072,-0.09111303935987072,0.21990040049164483,0.1287873611317741,0.5829474769728361,0.6722382555455094,True,ok,,0.2,0.07,0.084
2020-10-27 01:00:00+00:00,-0.07800709902488337,-0.07800709902488337,0.2455955437505556,0.16758844472567222,0.6722382555455094,0.7486852125898951,True,ok,,0.2,0.07,0.084
2020-10-27 02:00:00+00:00,-0.057920994360898884,-0.057920994360898884,0.9246268258276786,0.8667058314667797,0.7486852125898951,0.805447787063576,True,ok,,0.2,0.07,0.084
2020-10-27 03:00:00+00:00,-0.06453572020958116,-0.06453572020958116,0.26947430348293905,0.20493858327335787,0.805447787063576,0.8686927928689655,True,ok,,0.2,0.07,0.084
2020-10-27 04:00:00+00:00,-0.0647762461090647,-0.0647762461090647,0.2069833848408093,0.1422071387317446,0.8686927928689655,0.9321735140558489,True,ok,,0.2,0.07,0.084
2020-10-27 05:00:00+00:00,0.7012317088006557,0.7012317088006557,4.016546452101366e-07,0.7012321104553009,0.9321735140558489,0.21663095405517985,True,ok,,0.3,0.1,0.084
2020-10-27 06:00:00+00:00,0.21229833631476558,0.21229833631476558,3.8492645415555415e-07,0.21229872124121973,0.21663095405517985,0.0,True,ok,,0.3,0.1,0.084
2020-10-27 07:00:00+00:00,-0.3940891602442328,-0.3940891602442328,-0.09365598232306183,-0.4877451425672946,0.0,0.38620737703934815,True,ok,,0.3,0.1,0.084
2020-10-27 08:00:00+00:00,-0.2577736617474675,-0.2577736617474675,-0.10257265969812163,-0.36034632144558915,0.38620737703934815,0.6388255655518663,True,ok,,0.3,0.1,0.084
2020-10-27 09:00:00+00:00,-3.009363821843852,-3.009363821843852,-0.23566374024714243,-3.2450275620909945,0.6388255655518663,3.5880021109588416,True,ok,,0.3,0.1,0.084
2020-10-27 10:00:00+00:00,-2.011316434534297,-2.011316434534297,-0.22408911329887182,-2.2354055478331687,3.5880021109588416,5.559092216802453,True,ok,,0.3,0.1,0.084
2020-10-27 11:00:00+00:00,-1.4666594679916105,-1.4666594679916105,-0.21668824918575513,-1.6833477171773656,5.559092216802453,6.996418495434231,True,ok,,0.3,0.1,0.084
2020-10-27 12:00:00+00:00,-0.9891365143743003,-0.9891365143743003,-0.20253986395090995,-1.1916763783252102,6.996418495434231,7.965772279521045,True,ok,,0.3,0.1,0.084
2020-10-27 13:00:00+00:00,-0.22841754175935466,-0.22841754175935466,-0.1150273893426271,-0.34344493110198177,7.965772279521045,8.189621470445212,True,ok,,0.3,0.1,0.084
2020-10-27 14:00:00+00:00,0.5852189961002907,0.5852189961002907,-6.056537937837447e-09,0.5852189900437528,8.189621470445212,7.592459229526549,True,ok,,0.3,0.1,0.084
2020-10-27 15:00:00+00:00,1.048126600435001,1.048126600435001,-6.039255540102317e-09,1.0481265943957454,7.592459229526549,6.52294229030716,True,ok,,0.3,0.1,0.084
2020-10-27 16:00:00+00:00,1.2283875381601297,1.2283875381601297,-2.024336371864166e-07,1.2283873357264925,6.52294229030716,5.269485618715191,True,ok,,0.4,0.18,0.084
2020-10-27 17:00:00+00:00,1.057649311408844,1.057649311408844,-2.0243735465719226e-07,1.0576491089714894,5.269485618715191,4.190251627481676,True,ok,,0.4,0.18,0.084
2020-10-27 18:00:00+00:00,0.7096341186027538,0.7096341186027538,-2.024419598622984e-07,0.709633916160794,4.190251627481676,3.466135179927846,True,ok,,0.4,0.18,0.084
2020-10-27 19:00:00+00:00,0.3203846046961055,0.3203846046961055,-2.0244883619513487e-07,0.32038440224726933,3.466135179927846,3.1392121139114115,True,ok,,0.4,0.18,0.084
2020-10-27 20:00:00+00:00,0.4672558285394756,0.4672558285394756,2.807087907674699e-07,0.4672561092482664,3.1392121139114115,2.6624204521364363,True,ok,,0.2,0.07,0.084
2020-10-27 21:00:00+00:00,0.6480315208256964,0.6480315208256964,2.806894588980313e-07,0.6480318015151553,2.6624204521364363,2.0011637982326644,True,ok,,0.2,0.07,0.084
2020-10-27 22:00:00+00:00,0.20266174728442565,0.20266174728442565,2.806732786742039e-07,0.20266202795770433,2.0011637982326644,1.794366096922026,True,ok,,0.2,0.07,0.084
2020-10-27 23:00:00+00:00,0.1544944696254714,0.1544944696254714,2.806437826574637e-07,0.15449475026925405,1.794366096922026,1.6367186789368513,True,ok,,0.2,0.07,0.084
2020-10-28 00:00:00+00:00,0.13531555286894975,0.13531555286894975,2.8061220294639533e-07,0.1353158334811527,1.6367186789368513,1.4986415841726168,True,ok,,0.2,0.07,0.084
2020-10-28 01:00:00+00:00,0.18488944181815575,0.18488944181815575,2.8057943640691363e-07,0.18488972239759216,1.4986415841726168,1.309978888439805,True,ok,,0.2,0.07,0.084
2020-10-28 02:00:00+00:00,0.5022929986194171,0.5022929986194171,2.8054627487783534e-07,0.502293279165692,1.309978888439805,0.7974350122975425,True,ok,,0.2,0.07,0.084
2020-10-28 03:00:00+00:00,0.19031983048462806,0.19031983048462806,2.805225325641647e-07,0.19032011100716062,0.7974350122975425,0.6032311036397588,True,ok,,0.2,0.07,0.084
2020-10-28 04:00:00+00:00,0.20838666309264833,0.20838666309264833,2.804860715910351e-07,0.20838694357871992,0.6032311036397588,0.3905916515044034,True,ok,,0.2,0.07,0.084
2020-10-28 05:00:00+00:00,0.1666360042116743,0.1666360042116743,-4.200971820411681e-09,0.16663600001070247,0.3905916515044034,0.22055491251289902,True,ok,,0.3,0.1,0.084
2020-10-28 06:00:00+00:00,0.21614245938867546,0.21614245938867546,-4.201520603652753e-09,0.21614245518715486,0.22055491251289902,1.3825244546683546e-06,True,ok,,0.3,0.1,0.084
2020-10-28 07:00:00+00:00,-0.227633111338193,-0.227633111338193,-0.10678177462934305,-0.33441488596753605,1.3825244546683546e-06,0.2230818316358838,True,ok,,0.3,0.1,0.084
2020-10-28 08:00:00+00:00,-1.4555556719783191,-1.4555556719783191,-0.8960301194901183,-2.3515857914684375,0.2230818316358838,1.6495263901746364,True,ok,,0.3,0.1,0.084
2020-10-28 09:00:00+00:00,-1.7258575694222005,-1.7258575694222005,-1.8796225168419163,-3.6054800862641168,1.6495263901746364,3.3408668082083928,True,ok,,0.3,0.1,0.084
2020-10-28 10:00:00+00:00,-0.41581011881450963,-0.41581011881450963,-0.47835886151135726,-0.8941689803258669,3.3408668082083928,3.748360724646612,True,ok,,0.3,0.1,0.084
2020-10-28 11:00:00+00:00,-1.0774479502720764,-1.0774479502720764,-1.9283679903052406,-3.005815940577317,3.748360724646612,4.804259715913247,True,ok,,0.3,0.1,0.084
2020-10-28 12:00:00+00:00,-0.9843309862727465,-0.9843309862727465,-1.971137142321929,-2.9554681285946756,4.804259715913247,5.768904082460539,True,ok,,0.3,0.1,0.084
2020-10-28 13:00:00+00:00,-0.6387259596929356,-0.6387259596929356,-1.0338149657352096,-1.6725409254281451,5.768904082460539,6.394855522959616,True,ok,,0.3,0.1,0.084
2020-10-28 14:00:00+00:00,-0.37472371188931264,-0.37472371188931264,-0.48504273669999065,-0.8597664485893033,6.394855522959616,6.762084760611142,True,ok,,0.3,0.1,0.084
2020-10-28 15:00:00+00:00,0.423319811515358,0.423319811515358,-3.906070300541131e-09,0.4233198076092877,6.762084760611142,6.33012576926894,True,ok,,0.3,0.1,0.084
2020-10-28 16:00:00+00:00,0.8423685197560657,0.8423685197560657,-1.9246151927720945e-07,0.8423683272945465,6.33012576926894,5.470566055232138,True,ok,,0.4,0.18,0.084
2020-10-28 17:00:00+00:00,1.0005370556839603,1.0005370556839603,-1.9246819538132343e-07,1.000536863215765,5.470566055232138,4.449609875962791,True,ok,,0.4,0.18,0.084
2020-10-28 18:00:00+00:00,0.8656670545088071,0.8656670545088071,-1.9247401084054871e-07,0.8656668620347963,4.449609875962791,3.5662761468721715,True,ok,,0.4,0.18,0.084
2020-10-28 19:00:00+00:00,0.23089683179359874,0.23089683179359874,-1.9248096064239384e-07,0.2308966393126381,3.5662761468721715,3.330667134837887,True,ok,,0.4,0.18,0.084
2020-10-28 20:00:00+00:00,0.24782241964189095,0.24782241964189095,3.028566849250236e-07,0.24782272249857587,3.330667134837887,3.077787114795141,True,ok,,0.2,0.07,0.084
2020-10-28 21:00:00+00:00,0.16739091904899292,0.16739091904899292,3.0281602536597063e-07,0.16739122186501829,3.077787114795141,2.9069800545410667,True,ok,,0.2,0.07,0.084
2020-10-28 22:00:00+00:00,0.18114753022959668,0.18114753022959668,3.0277069248962896e-07,0.18114783300028917,2.9069800545410667,2.7221356359394373,True,ok,,0.2,0.07,0.084
2020-10-28 23:00:00+00:00,0.12407675289342791,0.12407675289342791,3.0272242115825243e-07,0.12407705561584907,2.7221356359394373,2.5955267044155312,True,ok,,0.2,0.07,0.084
2020-10-29 00:00:00+00:00,0.17558853065368735,0.17558853065368735,3.026704270547853e-07,0.1755888333241144,2.5955267044155312,2.4163547343607483,True,ok,,0.2,0.07,0.084
2020-10-29 01:00:00+00:00,0.2694376690608413,0.2694376690608413,3.026158792440725e-07,0.26943797167672057,2.4163547343607483,2.14141833735989,True,ok,,0.2,0.07,0.084
2020-10-29 02:00:00+00:00,0.536397563028899,0.536397563028899,1.039870248797925e-07,0.5363976670159238,2.14141833735989,1.594073885289585,True,ok,,0.2,0.07,0.084
2020-10-29 03:00:00+00:00,0.26433431703694027,0.26433431703694027,3.217811647138191e-07,0.264334638818105,1.594073885289585,1.3243449903539317,True,ok,,0.2,0.07,0.084
2020-10-29 04:00:00+00:00,0.24225673363282124,0.24225673363282124,3.216868590116828e-07,0.24225705531968025,1.3243449903539317,1.077144241749012,True,ok,,0.2,0.07,0.084
2020-10-29 05:00:00+00:00,0.5620154201526029,0.5620154201526029,-3.692035122071502e-09,0.5620154164605677,1.077144241749012,0.5036591191443152,True,ok,,0.3,0.1,0.084
2020-10-29 06:00:00+00:00,0.4935850617298975,0.4935850617298975,-3.6928221591736587e-09,0.49358505803707536,0.5036591191443152,8.928893177051478e-07,True,ok,,0.3,0.1,0.084
2020-10-29 07:00:00+00:00,-0.5651423020377854,-0.5651423020377854,-0.20990318232702387,-0.7750454843648092,8.928893177051478e-07,0.5538403488863474,True,ok,,0.3,0.1,0.084
2020-10-29 08:00:00+00:00,-1.2215005216641788,-1.2215005216641788,-0.44965830696338216,-1.671158828627561,0.5538403488863474,1.7509108601172425,True,ok,,0.3,0.1,0.084
2020-10-29 09:00:00+00:00,-1.1341716548002725,-1.1341716548002725,-0.46792082068662544,-1.602092475486898,1.7509108601172425,2.8623990818215095,True,ok,,0.3,0.1,0.084
2020-10-29 10:00:00+00:00,-2.1854272266253747,-2.1854272266253747,-0.4975742439026032,-2.683001470527978,2.8623990818215095,5.004117763914376,True,ok,,0.3,0.1,0.084
2020-10-29 11:00:00+00:00,-1.9451346820300863,-1.9451346820300863,-0.49919642345162374,-2.44433110548171,5.004117763914376,6.91034975230386,True,ok,,0.3,0.1,0.084
2020-10-29 12:00:00+00:00,-1.2663924857254716,-1.2663924857254716,-0.4375735354952406,-1.7039660212207122,6.91034975230386,8.151414388314823,True,ok,,0.3,0.1,0.084
2020-10-29 13:00:00+00:00,-1.806025701375144,-1.806025701375144,-0.11711848140847247,-1.9231441827836164,8.151414388314823,9.921319575662464,True,ok,,0.3,0.1,0.084
2020-10-29 14:00:00+00:00,0.4959726470219278,0.4959726470219278,-6.5503158452884236e-15,0.49597264702192123,9.921319575662464,9.415225037884987,True,ok,,0.3,0.1,0.084
2020-10-29 15:00:00+00:00,1.607483487550602,1.607483487550602,-1.7763568394002505e-15,1.6074834875506003,9.415225037884987,7.774935764874169,True,ok,,0.3,0.1,0.084
2020-10-29 16:00:00+00:00,1.2790683719342035,1.2790683719342035,-1.1276552758232583e-07,1.279068259168676,7.774935764874169,6.469763956778042,True,ok,,0.4,0.18,0.084
2020-10-29 17:00:00+00:00,0.7567670540890209,0.7567670540890209,5.959366333740945e-10,0.7567670546849575,6.469763956778042,5.697552677095367,True,ok,,0.4,0.18,0.084
2020-10-29 18:00:00+00:00,0.807842635983627,0.807842635983627,1.6427025295584485e-09,0.8078426376263296,5.697552677095367,4.873223456703911,True,ok,,0.4,0.18,0.084
2020-10-29 19:00:00+00:00,0.3575029142244666,0.3575029142244666,1.6427024740472973e-09,0.3575029158671691,4.873223456703911,4.508424564638129,True,ok,,0.4,0.18,0.084
2020-10-29 20:00:00+00:00,-0.41697523507234113,-0.41697523507234113,0.6346740410005715,0.2176988059282303,4.508424564638129,4.917060295009023,True,ok,,0.2,0.07,0.084
2020-10-29 21:00:00+00:00,-0.4293611433809508,-0.4293611433809508,0.5790040323057614,0.14964288892481054,4.917060295009023,5.337834215522355,True,ok,,0.2,0.07,0.084
2020-10-29 22:00:00+00:00,-0.41246849913454237,-0.41246849913454237,0.5936899990888717,0.1812214999543293,5.337834215522355,5.742053344674206,True,ok,,0.2,0.07,0.084
2020-10-29 23:00:00+00:00,-0.3109424050989707,-0.3109424050989707,1.1354839035004003,0.8245414984014295,5.742053344674206,6.046776901671198,True,ok,,0.2,0.07,0.084
2020-10-30 00:00:00+00:00,-0.4042781322163369,-0.4042781322163369,0.5817092990691821,0.17743116685284524,6.046776901671198,6.442969471243208,True,ok,,0.2,0.07,0.084
2020-10-30 01:00:00+00:00,-0.41437460388901726,-0.41437460388901726,0.5563147145777567,0.14194011068873946,6.442969471243208,6.849056583054445,True,ok,,0.2,0.07,0.084
2020-10-30 02:00:00+00:00,-0.34508648093231986,-0.34508648093231986,0.7732650935301042,0.42817861259778434,6.849056583054445,7.187241334368118,True,ok,,0.2,0.07,0.084
2020-10-30 03:00:00+00:00,-0.39620394861414776,-0.39620394861414776,0.596776893334734,0.2005729447205863,7.187241334368118,7.575521204009983,True,ok,,0.2,0.07,0.084
2020-10-30 04:00:00+00:00,-0.3919898015484958,-0.3919898015484958,0.6164442456363719,0.22445444408787607,7.575521204009983,7.959671209527509,True,ok,,0.2,0.07,0.084
2020-10-30 05:00:00+00:00,0.20324413667450916,0.20324413667450916,3.9102040483296463e-07,0.203244527694914,7.959671209527509,7.7522792333290305,True,ok,,0.3,0.1,0.084
2020-10-30 06:00:00+00:00,0.11253492549191796,0.11253492549191796,5.675191182274997e-07,0.11253549301103619,7.7522792333290305,7.637447676704625,True,ok,,0.3,0.1,0.084
2020-10-30 07:00:00+00:00,0.13549786154138396,0.13549786154138396,3.938937848946278e-07,0.13549825543516886,7.637447676704625,7.499184552682804,True,ok,,0.3,0.1,0.084
2020-10-30 08:00:00+00:00,0.5412593019908842,0.5412593019908842,5.821092409208362e-07,0.5412598841001252,7.499184552682804,6.946879142488024,True,ok,,0.3,0.1,0.084
2020-10-30 09:00:00+00:00,0.5618376053276163,0.5618376053276163,5.820627437813641e-07,0.5618381873903601,6.946879142488024,6.373575463582293,True,ok,,0.3,0.1,0.084
2020-10-30 10:00:00+00:00,-0.24103620537467263,-0.24103620537467263,8.792974404148168e-10,-0.2410362044953752,6.373575463582293,6.609790944849473,True,ok,,0.3,0.1,0.084
2020-10-30 11:00:00+00:00,-0.14023239958606157,-0.14023239958606157,8.790442540540511e-10,-0.14023239870701731,6.609790944849473,6.747218696443813,True,ok,,0.3,0.1,0.084
2020-10-30 12:00:00+00:00,0.5047255213740792,0.5047255213740792,5.818569219773195e-07,0.5047261032310012,6.747218696443813,6.232192654225365,True,ok,,0.3,0.1,0.084
2020-10-30 13:00:00+00:00,0.37941392186476475,0.37941392186476475,5.817962049903258e-07,0.37941450366096974,6.232192654225365,5.845035591098054,True,ok,,0.3,0.1,0.084
2020-10-30 14:00:00+00:00,0.3948909549504869,0.3948909549504869,5.817151148557187e-07,0.3948915366656018,5.845035591098054,5.4420856370669455,True,ok,,0.3,0.1,0.084
2020-10-30 15:00:00+00:00,1.312316704378115,1.312316704378115,5.816238357603254e-07,1.3123172860019507,5.4420856370669455,4.102986959130093,True,ok,,0.3,0.1,0.084
2020-10-30 16:00:00+00:00,0.9143472240499928,0.9143472240499928,2.4023770750503104e-09,0.9143472264523699,4.102986959130093,3.169979587650509,True,ok,,0.4,0.18,0.084
2020-10-30 17:00:00+00:00,1.959249355319338,1.959249355319338,2.402204435369981e-09,1.9592493577215424,3.169979587650509,1.170745551610368,True,ok,,0.4,0.18,0.084
2020-10-30 18:00:00+00:00,0.8583374989303684,0.8583374989303684,2.402126164646745e-09,0.8583375013324945,1.170745551610368,0.29489096086509414,True,ok,,0.4,0.18,0.084
2020-10-30 19:00:00+00:00,0.288991775518786,0.288991775518786,2.4019368161098953e-09,0.28899177792072284,0.29489096086509414,1.3940091900255247e-06,True,ok,,0.4,0.18,0.084
2020-10-30 20:00:00+00:00,-0.9253279889784628,-0.9253279889784628,1.1537829333585872,0.22845494438012434,1.3940091900255247e-06,0.9068228232080835,True,ok,,0.2,0.07,0.084
2020-10-30 21:00:00+00:00,-0.34572370607066477,-0.34572370607066477,0.5704009285318355,0.22467722246117075,0.9068228232080835,1.245632055157335,True,ok,,0.2,0.07,0.084
2020-10-30 22:00:00+00:00,-0.56288807572298,-0.56288807572298,0.7695804646866796,0.2066923889636996,1.245632055157335,1.7972623693658556,True,ok,,0.2,0.07,0.084
2020-10-30 23:00:00+00:00,-0.31825875487039396,-0.31825875487039396,5.388058606523705,5.069799851653311,1.7972623693658556,2.1091559491388416,True,ok,,0.2,0.07,0.084
2020-10-31 00:00:00+00:00,-0.31561876507898656,-0.31561876507898656,1.7443345104035441,1.4287157453245576,2.1091559491388416,2.4184623389162483,True,ok,,0.2,0.07,0.084
2020-10-31 01:00:00+00:00,-0.4254811481425312,-0.4254811481425312,0.5591687590204157,0.13368761087788456,2.4184623389162483,2.8354338640959287,True,ok,,0.2,0.07,0.084
2020-10-31 02:00:00+00:00,-0.37950013779904995,-0.37950013779904995,0.5784591657384225,0.19895902793937253,2.8354338640959287,3.2073439991389976,True,ok,,0.2,0.07,0.084
2020-10-31 03:00:00+00:00,-0.3693495349776626,-0.3693495349776626,0.5416319518405743,0.17228241686291176,3.2073439991389976,3.569306543417107,True,ok,,0.2,0.07,0.084
2020-10-31 04:00:00+00:00,-0.3625725772529861,-0.3625725772529861,0.5115720773660495,0.14899950011306345,3.569306543417107,3.9246276691250332,True,ok,,0.2,0.07,0.084
2020-10-31 05:00:00+00:00,0.3067276678869544,0.3067276678869544,3.8767495963432097e-07,0.306728055561914,3.9246276691250332,3.611640252913855,True,ok,,0.3,0.1,0.084
2020-10-31 06:00:00+00:00,0.3647516685140126,0.3647516685140126,5.967590047672999e-07,0.36475226527301735,3.611640252913855,3.2394446727975157,True,ok,,0.3,0.1,0.084
2020-10-31 07:00:00+00:00,0.5817274981900262,0.5817274981900262,5.966971605708693e-07,0.5817280948871868,3.2394446727975157,2.6458451848485094,True,ok,,0.3,0.1,0.084
2020-10-31 08:00:00+00:00,-0.02953026492663772,-0.02953026492663772,9.280470142369879e-10,-0.029530263998590704,2.6458451848485094,2.6747848444766142,True,ok,,0.3,0.1,0.084
2020-10-31 09:00:00+00:00,0.4858180349103822,0.4858180349103822,5.965631547644179e-07,0.485818631473537,2.6747848444766142,2.179052155792551,True,ok,,0.3,0.1,0.084
2020-10-31 10:00:00+00:00,-0.8935818525788121,-0.8935818525788121,9.275172851985758e-10,-0.8935818516512948,2.179052155792551,3.0547623713197867,True,ok,,0.3,0.1,0.084
2020-10-31 11:00:00+00:00,-1.135568831948864,-1.135568831948864,9.273795065212198e-10,-1.1355688310214844,3.0547623713197867,4.167619826629673,True,ok,,0.3,0.1,0.084
2020-10-31 12:00:00+00:00,-0.4276421914692565,-0.4276421914692565,9.272730916443095e-10,-0.42764219054198344,4.167619826629673,4.5867091742695445,True,ok,,0.3,0.1,0.084
2020-10-31 13:00:00+00:00,0.13519196585024482,0.13519196585024482,5.963430044497731e-07,0.13519256219324927,4.5867091742695445,4.44875818870807,True,ok,,0.3,0.1,0.084
2020-10-31 14:00:00+00:00,0.23329209702657538,0.23329209702657538,5.962300262396525e-07,0.23329269325660162,4.44875818870807,4.210705028476871,True,ok,,0.3,0.1,0.084
2020-10-31 15:00:00+00:00,0.3135549820709904,0.3135549820709904,5.961033635037971e-07,0.3135555781743539,4.210705028476871,3.890750965139125,True,ok,,0.3,0.1,0.084
2020-10-31 16:00:00+00:00,1.2962742970554,1.2962742970554,2.443958369013899e-09,1.2962742994993584,3.890750965139125,2.5680220905927986,True,ok,,0.4,0.18,0.084
2020-10-31 17:00:00+00:00,1.8679026090396456,1.8679026090396456,2.44382225567108e-09,1.8679026114834678,2.5680220905927986,0.6619990201441808,True,ok,,0.4,0.18,0.084
2020-10-31 18:00:00+00:00,0.29332419177565255,0.29332419177565255,2.4437246670672153e-09,0.2933241942193772,0.6619990201441808,0.36268862037310673,True,ok,,0.4,0.18,0.084
2020-10-31 19:00:00+00:00,0.3554335527994364,0.3554335527994364,2.443313440458894e-09,0.35543355524274983,0.36268862037310673,1.3215981716219183e-06,True,ok,,0.4,0.18,0.084
2020-10-31 20:00:00+00:00,-0.46176227296773015,-0.46176227296773015,0.714896995089287,0.2531347221215568,1.3215981716219183e-06,0.45252834910654716,True,ok,,0.2,0.07,0.084
2020-10-31 21:00:00+00:00,-0.2800565138187144,-0.2800565138187144,0.5417650968584222,0.2617085830397078,0.45252834910654716,0.7269837326488873,True,ok,,0.2,0.07,0.084
2020-10-31 22:00:00+00:00,-0.24158192697480785,-0.24158192697480785,0.41615295484975445,0.1745710278749466,0.7269837326488873,0.9637340210841989,True,ok,,0.2,0.07,0.084
2020-10-31 23:00:00+00:00,-0.20324678907526694,-0.20324678907526694,0.4069950111826242,0.20374822210735727,0.9637340210841989,1.1629158743779606,True,ok,,0.2,0.07,0.084
2020-11-01 00:00:00+00:00,-0.19914280323491718,-0.19914280323491718,0.32861860876122667,0.1294758055263095,1.1629158743779606,1.3580758215481794,True,ok,,0.2,0.07,0.084
2020-11-01 01:00:00+00:00,-0.17962716331181372,-0.17962716331181372,0.3248930800301907,0.145265916718377,1.3580758215481794,1.5341104415937568,True,ok,,0.2,0.07,0.084
2020-11-01 02:00:00+00:00,-0.15281372366022627,-0.15281372366022627,0.38133864043359855,0.2285249167733723,1.5341104415937568,1.6838678907807785,True,ok,,0.2,0.07,0.084
2020-11-01 03:00:00+00:00,-0.14602005501374604,-0.14602005501374604,0.35999088882391683,0.21397083381017082,1.6838678907807785,1.8269675446942495,True,ok,,0.2,0.07,0.084
2020-11-01 04:00:00+00:00,-0.11906176427826008,-0.11906176427826008,0.5845637915302457,0.4655020272519857,1.8269675446942495,1.9436480736869444,True,ok,,0.2,0.07,0.084
2020-11-01 05:00:00+00:00,0.3018678477931011,0.3018678477931011,1.5214734738755453e-07,0.3018679999404485,1.9436480736869444,1.6356196575715352,True,ok,,0.3,0.1,0.084
2020-11-01 06:00:00+00:00,0.3987250243315854,0.3987250243315854,1.4314422108752112e-07,0.3987251674758065,1.6356196575715352,1.2287573878454277,True,ok,,0.3,0.1,0.084
2020-11-01 07:00:00+00:00,1.2041822204364958,1.2041822204364958,1.6275193859272008e-07,1.2041823831884344,1.2287573878454277,2.0053084970328428e-08,True,ok,,0.3,0.1,0.084
2020-11-01 08:00:00+00:00,-0.3646738351923554,-0.3646738351923554,-2.435810009249195e-07,-0.36467407877335634,2.0053084970328428e-08,0.35738037854159327,True,ok,,0.3,0.1,0.084
2020-11-01 09:00:00+00:00,-1.3598355849565524,-1.3598355849565524,-2.435813155621247e-07,-1.359835828537868,0.35738037854159327,1.6900192517990145,True,ok,,0.3,0.1,0.084
2020-11-01 10:00:00+00:00,-1.5599328779074795,-1.5599328779074795,-2.435813550860644e-07,-1.5599331214888346,1.6900192517990145,3.2187534721483444,True,ok,,0.3,0.1,0.084
2020-11-01 11:00:00+00:00,-1.08745701045446,-1.08745701045446,-2.435813513113061e-07,-1.0874572540358114,3.2187534721483444,4.2844613423937155,True,ok,,0.3,0.1,0.084
2020-11-01 12:00:00+00:00,-0.7876160066210538,-0.7876160066210538,-2.435813372114737e-07,-0.787616250202391,4.2844613423937155,5.056325028882348,True,ok,,0.3,0.1,0.084
2020-11-01 13:00:00+00:00,0.12539556224377074,0.12539556224377074,-3.630429290524262e-14,0.12539556224373444,5.056325028882348,4.928370373531561,True,ok,,0.3,0.1,0.084
2020-11-01 14:00:00+00:00,0.27153681410449,0.27153681410449,-3.097522238704187e-14,0.271536814104459,4.928370373531561,4.651291991792286,True,ok,,0.3,0.1,0.084
2020-11-01 15:00:00+00:00,0.11268556604257977,0.11268556604257977,-4.8155923693116165e-15,0.11268556604257496,4.651291991792286,4.536306720320266,True,ok,,0.3,0.1,0.084
2020-11-01 16:00:00+00:00,0.495525986916233,0.495525986916233,-1.1276602313037287e-07,0.4955258741502099,4.536306720320266,4.030667958160845,True,ok,,0.4,0.18,0.084
2020-11-01 17:00:00+00:00,0.8023471405128497,0.8023471405128497,-1.127660130828545e-07,0.8023470277468366,4.030667958160845,3.2119463862089574,True,ok,,0.4,0.18,0.084
2020-11-01 18:00:00+00:00,0.43511077906489964,0.43511077906489964,-1.1276603378851391e-07,0.43511066629886586,3.2119463862089574,2.7679557953264067,True,ok,,0.4,0.18,0.084
2020-11-01 19:00:00+00:00,0.9668496646874378,0.9668496646874378,-1.1276601730170199e-07,0.9668495519214205,2.7679557953264067,1.7813745048290213,True,ok,,0.4,0.18,0.084
2020-11-01 20:00:00+00:00,0.16820722330220902,0.16820722330220902,0.03579058247067854,0.20399780577288756,1.7813745048290213,1.609734481051257,True,ok,,0.2,0.07,0.084
2020-11-01 21:00:00+00:00,0.17370459029982901,0.17370459029982901,0.03535702102140842,0.20906161132123743,1.609734481051257,1.432484899112656,True,ok,,0.2,0.07,0.084
2020-11-01 22:00:00+00:00,0.11176959591855214,0.11176959591855214,0.030924293235776182,0.14269388915432832,1.432484899112656,1.3184342910325006,True,ok,,0.2,0.07,0.084
2020-11-01 23:00:00+00:00,0.163872768699447,0.163872768699447,0.03335106470255092,0.19722383340199792,1.3184342910325006,1.1512171801146975,True,ok,,0.2,0.07,0.084
2020-11-02 00:00:00+00:00,0.144107961956609,0.144107961956609,0.03154645473962148,0.17565441669623047,1.1512171801146975,1.0041682393426474,True,ok,,0.2,0.07,0.084
2020-11-02 01:00:00+00:00,0.15482349588359431,0.15482349588359431,0.03113822614598563,0.18596172202957995,1.0041682393426474,0.8461850802777553,True,ok,,0.2,0.07,0.084
2020-11-02 02:00:00+00:00,0.1390743766112392,0.1390743766112392,0.02938373502195568,0.16845811163319488,0.8461850802777553,0.7042724510826133,True,ok,,0.2,0.07,0.084
2020-11-02 03:00:00+00:00,0.16054134427799485,0.16054134427799485,0.02910273896230206,0.1896440832402969,0.7042724510826133,0.5404547528397614,True,ok,,0.2,0.07,0.084
2020-11-02 04:00:00+00:00,0.1882123693404875,0.1882123693404875,0.028440825071108095,0.21665319441159558,0.5404547528397614,0.34840131473722313,True,ok,,0.2,0.07,0.084
2020-11-02 05:00:00+00:00,0.13689430544855916,0.13689430544855916,-1.539168792419332e-11,0.13689430543316747,0.34840131473722313,0.2087132479529791,True,ok,,0.3,0.1,0.084
2020-11-02 06:00:00+00:00,0.20453874391452914,0.20453874391452914,-3.1363467378753285e-11,0.20453874388316567,0.2087132479529791,2.4395856160208673e-07,True,ok,,0.3,0.1,0.084
2020-11-02 07:00:00+00:00,-0.07662660359208218,-0.07662660359208218,-0.02714791946031972,-0.1037745230524019,2.4395856160208673e-07,0.07509431547880213,True,ok,,0.3,0.1,0.084
2020-11-02 08:00:00+00:00,-0.1667776929985442,-0.1667776929985442,-0.06246789113740647,-0.22924558413595067,0.07509431547880213,0.23853645461737544,True,ok,,0.3,0.1,0.084
2020-11-02 09:00:00+00:00,-0.23359394238109907,-0.23359394238109907,-0.0951742436682527,-0.32876818604935176,0.23853645461737544,0.4674585181508525,True,ok,,0.3,0.1,0.084
2020-11-02 10:00:00+00:00,-0.6459327572826756,-0.6459327572826756,-0.1849595132457259,-0.8308922705284015,0.4674585181508525,1.1004726202878747,True,ok,,0.3,0.1,0.084
2020-11-02 11:00:00+00:00,-2.4294178780407982,-2.4294178780407982,-0.29293183416312996,-2.722349712203928,1.1004726202878747,3.481302140767857,True,ok,,0.3,0.1,0.084
2020-11-02 12:00:00+00:00,-0.7821537107376042,-0.7821537107376042,-0.24162643859379895,-1.0237801493314032,3.481302140767857,4.247812777290709,True,ok,,0.3,0.1,0.084
2020-11-02 13:00:00+00:00,-0.46734354513989,-0.46734354513989,-0.2038374635016746,-0.6711810086415646,4.247812777290709,4.705809451527801,True,ok,,0.3,0.1,0.084
2020-11-02 14:00:00+00:00,-0.12646829627476613,-0.12646829627476613,-0.08894014153103072,-0.21540843780579685,4.705809451527801,4.829748381877072,True,ok,,0.3,0.1,0.084
2020-11-02 15:00:00+00:00,0.21755896500955385,0.21755896500955385,-1.8548123315031972e-09,0.21755896315474152,4.829748381877072,4.607749437989772,True,ok,,0.3,0.1,0.084
2020-11-02 16:00:00+00:00,0.21036350787255634,0.21036350787255634,-2.0260585814613208e-07,0.2103633052666982,4.607749437989772,4.39309279730349,True,ok,,0.4,0.18,0.084
2020-11-02 17:00:00+00:00,0.3168218143378358,0.3168218143378358,-2.026181739056554e-07,0.3168216117196619,4.39309279730349,4.069805231652637,True,ok,,0.4,0.18,0.084
2020-11-02 18:00:00+00:00,0.5402155903233476,0.5402155903233476,-2.026293061119233e-07,0.5402153876940415,4.069805231652637,3.5185648333635067,True,ok,,0.4,0.18,0.084
2020-11-02 19:00:00+00:00,0.2161880358013124,0.2161880358013124,-2.026378388142458e-07,0.2161878331634736,3.5185648333635067,3.2979647968315553,True,ok,,0.4,0.18,0.084
2020-11-02 20:00:00+00:00,0.40510441502659683,0.40510441502659683,2.803332695977545e-07,0.40510469535986643,3.2979647968315553,2.8845929447635994,True,ok,,0.2,0.07,0.084
2020-11-02 21:00:00+00:00,0.19067316443588084,0.19067316443588084,2.803120442984586e-07,0.19067344474792514,2.8845929447635994,2.6900284912575985,True,ok,,0.2,0.07,0.084
2020-11-02 22:00:00+00:00,0.13181477537022906,0.13181477537022906,2.802835549486904e-07,0.131815055653784,2.6900284912575985,2.555523618430834,True,ok,,0.2,0.07,0.084
2020-11-02 23:00:00+00:00,0.1733983584823199,0.1733983584823199,2.802535572221654e-07,0.17339863873587713,2.555523618430834,2.378586517938671,True,ok,,0.2,0.07,0.084
2020-11-03 00:00:00+00:00,0.14986227524143791,0.14986227524143791,2.8022267101190934e-07,0.14986255546410893,2.378586517938671,2.2256658289167954,True,ok,,0.2,0.07,0.084
2020-11-03 01:00:00+00:00,0.17636046960004206,0.17636046960004206,2.8019036146798015e-07,0.17636074979040353,2.2256658289167954,2.0457061660596096,True,ok,,0.2,0.07,0.084
2020-11-03 02:00:00+00:00,1.1249663856905336,1.1249663856905336,2.8015756270427516e-07,1.1249666658480963,2.0457061660596096,0.8977812827019223,True,ok,,0.2,0.07,0.084
2020-11-03 03:00:00+00:00,0.388543829731106,0.388543829731106,2.8014584485536176e-07,0.38854410987695087,0.8977812827019223,0.5013079870579364,True,ok,,0.2,0.07,0.084
2020-11-03 04:00:00+00:00,0.17717227177001713,0.17717227177001713,8.921446736920302e-08,0.1771723609844845,0.5013079870579364,0.32051995463955163,True,ok,,0.2,0.07,0.084
2020-11-03 05:00:00+00:00,0.15506675390079738,0.15506675390079738,-4.05518679746919e-09,0.15506674984561059,0.32051995463955163,0.16228857310812572,True,ok,,0.3,0.1,0.084
2020-11-03 06:00:00+00:00,0.15904162974921623,0.15904162974921623,-4.0559242631132975e-09,0.15904162569329197,0.16228857310812572,1.195813007115465e-06,True,ok,,0.3,0.1,0.084
2020-11-03 07:00:00+00:00,-0.6906146692373025,-0.6906146692373025,-0.31041731738092215,-1.0010319866182247,1.195813007115465e-06,0.6768035716655636,True,ok,,0.3,0.1,0.084
2020-11-03 08:00:00+00:00,-1.325530620289999,-1.325530620289999,-0.787726176244218,-2.113256796534217,0.6768035716655636,1.9758235795497625,True,ok,,0.3,0.1,0.084
2020-11-03 09:00:00+00:00,-0.9751550836202995,-0.9751550836202995,-0.8856891625087594,-1.8608442461290589,1.9758235795497625,2.931475561497656,True,ok,,0.3,0.1,0.084
2020-11-03 10:00:00+00:00,-1.5665978882923992,-1.5665978882923992,-1.810917079808419,-3.3775149681008183,2.931475561497656,4.466741492024207,True,ok,,0.3,0.1,0.084
2020-11-03 11:00:00+00:00,-1.4737489633391236,-1.4737489633391236,-2.473169465807201,-3.946918429146325,4.466741492024207,5.911015476096548,True,ok,,0.3,0.1,0.084
2020-11-03 12:00:00+00:00,-0.9723671768724824,-0.9723671768724824,-0.9914208890286305,-1.9637880659011129,5.911015476096548,6.8639353094315805,True,ok,,0.3,0.1,0.084
2020-11-03 13:00:00+00:00,-0.24784799695300544,-0.24784799695300544,-0.2392592974351956,-0.48710729438820105,6.8639353094315805,7.1068263464455255,True,ok,,0.3,0.1,0.084
2020-11-03 14:00:00+00:00,-0.0265606878370408,-0.0265606878370408,-0.02589975962609065,-0.05246044746313145,7.1068263464455255,7.132855820525825,True,ok,,0.3,0.1,0.084
2020-11-03 15:00:00+00:00,0.6119720978409087,0.6119720978409087,-1.8546550961673347e-09,0.6119720959862536,7.132855820525825,6.508394496198368,True,ok,,0.3,0.1,0.084
2020-11-03 16:00:00+00:00,1.304329343979799,1.304329343979799,-2.0261993838310843e-07,1.3043291413598606,6.508394496198368,5.177446186014899,True,ok,,0.4,0.18,0.084
2020-11-03 17:00:00+00:00,1.551226121777514,1.551226121777514,-2.0262355637790108e-07,1.5512259191539577,5.177446186014899,3.5945623882827418,True,ok,,0.4,0.18,0.084
2020-11-03 18:00:00+00:00,0.47432464773395167,0.47432464773395167,-2.0262670302750863e-07,0.47432444510724864,3.5945623882827418,3.1105576456970767,True,ok,,0.4,0.18,0.084
2020-11-03 19:00:00+00:00,0.21876453410573354,0.21876453410573354,-6.183837067408327e-08,0.21876447226736287,3.1105576456970767,2.8873285292626547,True,ok,,0.4,0.18,0.084
2020-11-03 20:00:00+00:00,0.38431616927365936,0.38431616927365936,2.758465163510415e-07,0.3843164451201757,2.8873285292626547,2.4951691728609613,True,ok,,0.2,0.07,0.084
2020-11-03 21:00:00+00:00,0.13436272404401786,0.13436272404401786,2.758270241376426e-07,0.134362999871042,2.4951691728609613,2.3580643524078817,True,ok,,0.2,0.07,0.084
2020-11-03 22:00:00+00:00,0.19527319626633968,0.19527319626633968,2.7580170514074354e-07,0.19527347206804482,2.3580643524078817,2.1588059888708004,True,ok,,0.2,0.07,0.084
2020-11-03 23:00:00+00:00,0.16579161343046486,0.16579161343046486,2.7577610364759586e-07,0.1657918892065685,2.1588059888708004,1.9896308731254282,True,ok,,0.2,0.07,0.084
2020-11-04 00:00:00+00:00,0.29594344671849626,0.29594344671849626,2.757494564353813e-07,0.2959437224679527,1.9896308731254282,1.6876477642290033,True,ok,,0.2,0.07,0.084
2020-11-04 01:00:00+00:00,0.16641186319291637,0.16641186319291637,2.7572479441295705e-07,0.16641213891771078,1.6876477642290033,1.5178397405627622,True,ok,,0.2,0.07,0.084
2020-11-04 02:00:00+00:00,0.8766800319620656,0.8766800319620656,2.75696449003604e-07,0.8766803076585146,1.5178397405627622,0.6232682793769809,True,ok,,0.2,0.07,0.084
2020-11-04 03:00:00+00:00,0.1758870021820154,0.1758870021820154,2.7568339447392454e-07,0.17588727786540986,0.6232682793769809,0.4437917465381897,True,ok,,0.2,0.07,0.084
2020-11-04 04:00:00+00:00,0.18688147427423887,0.18688147427423887,2.75652433934237e-07,0.1868817499266728,0.4437917465381897,0.25309636462570106,True,ok,,0.2,0.07,0.084
2020-11-04 05:00:00+00:00,0.19907625120028408,0.19907625120028408,-1.7518258232929185e-09,0.19907624944845825,0.25309636462570106,0.04995733278867648,True,ok,,0.3,0.1,0.084
2020-11-04 06:00:00+00:00,0.0489567206722574,0.0489567206722574,-4.27207801079188e-09,0.04895671640017939,0.04995733278867648,1.4953680056647989e-06,True,ok,,0.3,0.1,0.084
2020-11-04 07:00:00+00:00,-0.8247517737807157,-0.8247517737807157,-0.3498344435519929,-1.1745862173327086,1.4953680056647989e-06,0.808258233673107,True,ok,,0.3,0.1,0.084
2020-11-04 08:00:00+00:00,-1.1245319219101861,-1.1245319219101861,-0.542185340386472,-1.6667172622966582,0.808258233673107,1.9102995171450894,True,ok,,0.3,0.1,0.084
2020-11-04 09:00:00+00:00,-0.5799086745983129,-0.5799086745983129,-0.4276865372066512,-1.007595211804964,1.9102995171450894,2.478610018251436,True,ok,,0.3,0.1,0.084
2020-11-04 10:00:00+00:00,-1.6595779286026637,-1.6595779286026637,-2.283022550157646,-3.9426004787603097,2.478610018251436,4.104996388282046,True,ok,,0.3,0.1,0.084
2020-11-04 11:00:00+00:00,-1.3978776735472567,-1.3978776735472567,-2.3888805458394433,-3.7867582193866998,4.104996388282046,5.474916508358358,True,ok,,0.3,0.1,0.084
2020-11-04 12:00:00+00:00,-0.9605589915542279,-0.9605589915542279,-1.5134010009575647,-2.4739599925117925,5.474916508358358,6.416264320081502,True,ok,,0.3,0.1,0.084
2020-11-04 13:00:00+00:00,-1.1526890457126098,-1.1526890457126098,-2.066377865948513,-3.219066911661123,6.416264320081502,7.54589958487986,True,ok,,0.3,0.1,0.084
2020-11-04 14:00:00+00:00,-0.29869576019009564,-0.29869576019009564,-0.33098849573900774,-0.6296842559291034,7.54589958487986,7.838621429866153,True,ok,,0.3,0.1,0.084
2020-11-04 15:00:00+00:00,1.318857799685775,1.318857799685775,-4.200731984482786e-09,1.3188577954850431,7.838621429866153,6.492848164880669,True,ok,,0.3,0.1,0.084
2020-11-04 16:00:00+00:00,0.8214312718684075,0.8214312718684075,-2.0258722521759864e-07,0.8214310692811823,6.492848164880669,5.654652989504743,True,ok,,0.4,0.18,0.084
2020-11-04 17:00:00+00:00,0.8950800094002668,0.8950800094002668,-2.0259295996361004e-07,0.8950798068073068,5.654652989504743,4.741306041137124,True,ok,,0.4,0.18,0.084
2020-11-04 18:00:00+00:00,1.021608893013846,1.021608893013846,-2.0259835742386656e-07,1.0216086904154886,4.741306041137124,3.698847987041362,True,ok,,0.4,0.18,0.084
2020-11-04 19:00:00+00:00,0.2824894250292195,0.2824894250292195,-2.0260333477573056e-07,0.2824892224258847,3.698847987041362,3.410593471705424,True,ok,,0.4,0.18,0.084
2020-11-04 20:00:00+00:00,0.18139988614335728,0.18139988614335728,2.8040261668138555e-07,0.18140016654597396,3.410593471705424,3.2254915470693453,True,ok,,0.2,0.07,0.084
2020-11-04 21:00:00+00:00,0.21256355249063946,0.21256355249063946,2.80375181571646e-07,0.21256383286582103,3.2254915470693453,3.0085899628952233,True,ok,,0.2,0.07,0.084
2020-11-04 22:00:00+00:00,0.2591124140802003,0.2591124140802003,2.8034750160221833e-07,0.2591126944277019,3.0085899628952233,2.7441895403644065,True,ok,,0.2,0.07,0.084
2020-11-04 23:00:00+00:00,0.14441852545954875,0.14441852545954875,2.803198023426656e-07,0.1444188057793511,2.7441895403644065,2.5968236980587447,True,ok,,0.2,0.07,0.084
2020-11-05 00:00:00+00:00,0.33309780339791895,0.33309780339791895,2.802889097486272e-07,0.3330980836868287,2.5968236980587447,2.256927980305766,True,ok,,0.2,0.07,0.084
2020-11-05 01:00:00+00:00,0.12417294214254405,0.12417294214254405,2.802615120950369e-07,0.12417322240405615,2.256927980305766,2.1302208964868434,True,ok,,0.2,0.07,0.084
2020-11-05 02:00:00+00:00,1.2789760538138102,1.2789760538138102,2.802282079716889e-07,1.2789763340420182,2.1302208964868434,0.8251432905543841,True,ok,,0.2,0.07,0.084
2020-11-05 03:00:00+00:00,0.17058538639394116,0.17058538639394116,2.8021751846685206e-07,0.17058566661145963,0.8251432905543841,0.65107656974424,True,ok,,0.2,0.07,0.084
2020-11-05 04:00:00+00:00,0.20175085492359557,0.20175085492359557,8.922457400695194e-08,0.20175094414816958,0.65107656974424,0.4452083504344486,True,ok,,0.2,0.07,0.084
2020-11-05 05:00:00+00:00,0.13946419861131934,0.13946419861131934,-4.05391764601859e-09,0.1394641945574017,0.4452083504344486,0.3028979436882044,True,ok,,0.3,0.1,0.084
2020-11-05 06:00:00+00:00,0.2968388143784985,0.2968388143784985,-4.054652336105136e-09,0.2968388103238462,0.3028979436882044,1.1943223895416466e-06,True,ok,,0.3,0.1,0.084
2020-11-05 07:00:00+00:00,-0.08560221631829495,-0.08560221631829495,-0.03565142961296355,-0.12125364593125851,1.1943223895416466e-06,0.0838913663143186,True,ok,,0.3,0.1,0.084
2020-11-05 08:00:00+00:00,-0.3292537589616532,-0.3292537589616532,-0.14160894524221546,-0.47086270420386866,0.0838913663143186,0.40656005009673873,True,ok,,0.3,0.1,0.084
2020-11-05 09:00:00+00:00,-0.5861912699395556,-0.5861912699395556,-0.30750600972373154,-0.8936972796632872,0.40656005009673873,0.9810274946375033,True,ok,,0.3,0.1,0.084
2020-11-05 10:00:00+00:00,-0.7010414955394179,-0.7010414955394179,-1.804591466150962,-2.50563296169038,0.9810274946375033,1.6680481602661328,True,ok,,0.3,0.1,0.084
2020-11-05 11:00:00+00:00,-3.1381747646721037,-3.1381747646721037,-0.8687041923128218,-4.0068789569849255,1.6680481602661328,4.743459429644794,True,ok,,0.3,0.1,0.084
2020-11-05 12:00:00+00:00,-2.6140054858790824,-2.6140054858790824,-0.816776222615923,-3.4307817084950054,4.743459429644794,7.305184805806295,True,ok,,0.3,0.1,0.084
2020-11-05 13:00:00+00:00,-1.4471952717859597,-1.4471952717859597,-0.6195210497892707,-2.0667163215752304,7.305184805806295,8.723436172156536,True,ok,,0.3,0.1,0.084
2020-11-05 14:00:00+00:00,0.6315043465480825,0.6315043465480825,-5.1305549808589035e-09,0.6315043414175275,8.723436172156536,8.07904398180135,True,ok,,0.3,0.1,0.084
2020-11-05 15:00:00+00:00,1.390900574703566,1.390900574703566,-5.116100876279006e-09,1.3909005695874652,8.07904398180135,6.659757681083425,True,ok,,0.3,0.1,0.084
2020-11-05 16:00:00+00:00,1.096960131456604,1.096960131456604,-1.9217354108036488e-07,1.096959939283063,6.659757681083425,5.540410608168523,True,ok,,0.4,0.18,0.084
2020-11-05 17:00:00+00:00,1.314434246261913,1.314434246261913,-1.9217862035070254e-07,1.3144340540832926,5.540410608168523,4.199151173207388,True,ok,,0.4,0.18,0.084
2020-11-05 18:00:00+00:00,1.2341831357523139,1.2341831357523139,-1.9218302504953044e-07,1.2341829435692888,4.199151173207388,2.939780626521353,True,ok,,0.4,0.18,0.084
2020-11-05 19:00:00+00:00,0.3812972491472037,0.3812972491472037,-5.4586835107617304e-08,0.3812971945603686,2.939780626521353,2.550701800860941,True,ok,,0.4,0.18,0.084
2020-11-05 20:00:00+00:00,0.20312834162769974,0.20312834162769974,2.967457812530494e-07,0.203128638373481,2.550701800860941,2.343427982873492,True,ok,,0.2,0.07,0.084
2020-11-05 21:00:00+00:00,0.14401945343705155,0.14401945343705155,2.9670769505218964e-07,0.1440197501447466,2.343427982873492,2.196469356917317,True,ok,,0.2,0.07,0.084
2020-11-05 22:00:00+00:00,0.19955267562079135,0.19955267562079135,2.966668105619519e-07,0.1995529722876019,2.196469356917317,1.992844177712428,True,ok,,0.2,0.07,0.084
2020-11-05 23:00:00+00:00,0.11797138168294384,0.11797138168294384,1.458670117748806e-07,0.11797152754995562,1.992844177712428,1.8724652168114648,True,ok,,0.2,0.07,0.084
2020-11-06 00:00:00+00:00,0.14861445255250283,0.14861445255250283,0.022152658687990046,0.17076711124049287,1.8724652168114648,1.7208178162476864,True,ok,,0.2,0.07,0.084
2020-11-06 01:00:00+00:00,0.22578399696454995,0.22578399696454995,0.04198633593613285,0.2677703329006828,1.7208178162476864,1.4904259826103905,True,ok,,0.2,0.07,0.084
2020-11-06 02:00:00+00:00,0.0926167265999332,0.0926167265999332,0.6762922740246173,0.7689090006245505,1.4904259826103905,1.3959191187329076,True,ok,,0.2,0.07,0.084
2020-11-06 03:00:00+00:00,0.059609771560481584,0.059609771560481584,0.16674978365482407,0.22635955521530565,1.3959191187329076,1.3350928212222122,True,ok,,0.2,0.07,0.084
2020-11-06 04:00:00+00:00,0.05107410964643564,0.05107410964643564,0.10931311269658547,0.1603872223430211,1.3350928212222122,1.2829763828074818,True,ok,,0.2,0.07,0.084
2020-11-06 05:00:00+00:00,0.1820773888905838,0.1820773888905838,8.049116928532385e-16,0.1820773888905846,1.2829763828074818,1.0971831288374982,True,ok,,0.3,0.1,0.084
2020-11-06 06:00:00+00:00,0.058745822830950346,0.058745822830950346,-1.1449174941446927e-15,0.0587458228309492,1.0971831288374982,1.037238411663059,True,ok,,0.3,0.1,0.084
2020-11-06 07:00:00+00:00,-0.38864228629597486,-0.38864228629597486,-2.4357913380734786e-07,-0.38864252987510867,1.037238411663059,1.4181078522331143,True,ok,,0.3,0.1,0.084
2020-11-06 08:00:00+00:00,-0.374373909709221,-0.374373909709221,-2.4357916694750514e-07,-0.37437415328838797,1.4181078522331143,1.784994283748151,True,ok,,0.3,0.1,0.084
2020-11-06 09:00:00+00:00,-0.48762786645035344,-0.48762786645035344,-2.4357924355289384e-07,-0.487628110029597,1.784994283748151,2.2628695928694973,True,ok,,0.3,0.1,0.084
2020-11-06 10:00:00+00:00,-0.7905186461873144,-0.7905186461873144,-2.4357932015828254e-07,-0.7905188897666345,2.2628695928694973,3.0375778661330655,True,ok,,0.3,0.1,0.084
2020-11-06 11:00:00+00:00,-0.38650119961007173,-0.38650119961007173,-2.4357924216511506e-07,-0.3865014431893139,3.0375778661330655,3.416349041750936,True,ok,,0.3,0.1,0.084
2020-11-06 12:00:00+00:00,-0.6908147656345283,-0.6908147656345283,-2.435793362565164e-07,-0.6908150092138645,3.416349041750936,4.093347512072773,True,ok,,0.3,0.1,0.084
2020-11-06 13:00:00+00:00,-1.8928373389278552,-1.8928373389278552,-2.4357940597852235e-07,-1.8928375825072612,4.093347512072773,5.948328104222071,True,ok,,0.3,0.1,0.084
2020-11-06 14:00:00+00:00,-0.5087460189768889,-0.5087460189768889,-2.43579312608766e-07,-0.5087462625562015,5.948328104222071,6.446899202819422,True,ok,,0.3,0.1,0.084
2020-11-06 15:00:00+00:00,0.8251028320937213,0.8251028320937213,1.2434497875801753e-14,0.8251028320937337,6.446899202819422,5.604957537417666,True,ok,,0.3,0.1,0.084
2020-11-06 16:00:00+00:00,1.610072763422255,1.610072763422255,-1.1276550182515166e-07,1.610072650656753,5.604957537417666,3.9620261461704667,True,ok,,0.4,0.18,0.084
2020-11-06 17:00:00+00:00,0.872883584000153,0.872883584000153,-1.12765512594315e-07,0.8728834712346404,3.9620261461704667,3.071328611476433,True,ok,,0.4,0.18,0.084
2020-11-06 18:00:00+00:00,0.9917301388781761,0.9917301388781761,-1.1276551414862723e-07,0.9917300261126619,3.071328611476433,2.059359082008906,True,ok,,0.4,0.18,0.084
2020-11-06 19:00:00+00:00,0.2666953906127517,0.2666953906127517,-1.1276556788342162e-07,0.26669527784718383,2.059359082008906,1.7872209283224247,True,ok,,0.4,0.18,0.084
2020-11-06 20:00:00+00:00,0.07203009010586267,0.07203009010586267,0.1961956880791341,0.26822577818499677,1.7872209283224247,1.7137208363776668,True,ok,,0.2,0.07,0.084
2020-11-06 21:00:00+00:00,0.05769084920995054,0.05769084920995054,0.11097390068790058,0.16866474989785113,1.7137208363776668,1.6548526228981255,True,ok,,0.2,0.07,0.084
2020-11-06 22:00:00+00:00,0.05508148769511798,0.05508148769511798,0.09652740100250637,0.15160888869762434,1.6548526228981255,1.5986470232092296,True,ok,,0.2,0.07,0.084
2020-11-06 23:00:00+00:00,0.0859313298354456,0.0859313298354456,0.2256859195235798,0.3116172493590254,1.5986470232092296,1.5109619927648974,True,ok,,0.2,0.07,0.084
2020-11-07 00:00:00+00:00,0.0456747427031375,0.0456747427031375,0.0655635628920486,0.11123830559518609,1.5109619927648974,1.4643551124555734,True,ok,,0.2,0.07,0.084
2020-11-07 01:00:00+00:00,0.15459769680071947,0.15459769680071947,2.061125555241416,2.2157232520421357,1.4643551124555734,1.3066023606181045,True,ok,,0.2,0.07,0.084
2020-11-07 02:00:00+00:00,0.1747342664301222,0.1747342664301222,3.7946454003380587,3.969379666768181,1.3066023606181045,1.128302088750633,True,ok,,0.2,0.07,0.084
2020-11-07 03:00:00+00:00,0.1304460093740092,0.1304460093740092,0.31741704678236093,0.4478630561563701,1.128302088750633,0.9951939159200114,True,ok,,0.2,0.07,0.084
2020-11-07 04:00:00+00:00,0.14992966443843495,0.14992966443843495,0.3223711129915704,0.47230077743000537,0.9951939159200114,0.8422044624114042,True,ok,,0.2,0.07,0.084
2020-11-07 05:00:00+00:00,0.26537847184849156,0.26537847184849156,-1.5686785204138687e-11,0.2653784718328048,0.8422044624114042,0.5714101033823312,True,ok,,0.3,0.1,0.084
2020-11-07 06:00:00+00:00,0.5599816625831953,0.5599816625831953,-3.0080604673798916e-11,0.5599816625531147,0.5714101033823312,2.436035605457576e-07,True,ok,,0.3,0.1,0.084
2020-11-07 07:00:00+00:00,-0.3822701568461445,-0.3822701568461445,-0.1703822206894129,-0.5526523775355574,2.436035605457576e-07,0.37462499731278215,True,ok,,0.3,0.1,0.084
2020-11-07 08:00:00+00:00,-1.4128439198058673,-1.4128439198058673,-0.6499195287889454,-2.0627634485948128,0.37462499731278215,1.759212038722532,True,ok,,0.3,0.1,0.084
2020-11-07 09:00:00+00:00,-0.923794631124663,-0.923794631124663,-1.6809663222773998,-2.604760953402063,1.759212038722532,2.6645307772247016,True,ok,,0.3,0.1,0.084
2020-11-07 10:00:00+00:00,-2.3518315215267624,-2.3518315215267624,-1.203792975968629,-3.5556244974953914,2.6645307772247016,4.969325668320929,True,ok,,0.3,0.1,0.084
2020-11-07 11:00:00+00:00,-2.1933625833118815,-2.1933625833118815,-1.2562374529348674,-3.449600036246749,4.969325668320929,7.118820999966573,True,ok,,0.3,0.1,0.084
2020-11-07 12:00:00+00:00,-1.7074137500862285,-1.7074137500862285,-1.0452607431763652,-2.7526744932625937,7.118820999966573,8.792086475051077,True,ok,,0.3,0.1,0.084
2020-11-07 13:00:00+00:00,0.2019958517176718,0.2019958517176718,-5.127351265787894e-09,0.20199584659032052,8.792086475051077,8.585968259012636,True,ok,,0.3,0.1,0.084
2020-11-07 14:00:00+00:00,0.5100573968805794,0.5100573968805794,-5.111088774434336e-09,0.5100573917694906,8.585968259012636,8.06550152750184,True,ok,,0.3,0.1,0.084
2020-11-07 15:00:00+00:00,0.6792151777971179,0.6792151777971179,-5.095797006582359e-09,0.6792151727013209,8.06550152750184,7.372424815463965,True,ok,,0.3,0.1,0.084
2020-11-07 16:00:00+00:00,0.8411250016192028,0.8411250016192028,-1.9182159893826878e-07,0.8411248097976038,7.372424815463965,6.514133997485187,True,ok,,0.4,0.18,0.084
2020-11-07 17:00:00+00:00,1.2923028842150217,1.2923028842150217,-1.9182818422613934e-07,1.2923026923868375,6.514133997485187,5.195457585020879,True,ok,,0.4,0.18,0.084
2020-11-07 18:00:00+00:00,0.6782955544376978,0.6782955544376978,-1.9183270949518771e-07,0.6782953626049883,5.195457585020879,4.503319264166086,True,ok,,0.4,0.18,0.084
2020-11-07 19:00:00+00:00,0.2462513325012481,0.2462513325012481,-5.445580586460608e-08,0.24625127804544222,4.503319264166086,4.252042394266853,True,ok,,0.4,0.18,0.084
2020-11-07 20:00:00+00:00,0.2792377025043335,0.2792377025043335,2.975468470500786e-07,0.27923800005118055,4.252042394266853,3.967105963139982,True,ok,,0.2,0.07,0.084
2020-11-07 21:00:00+00:00,0.22102195910138622,0.22102195910138622,1.7979884103791477e-07,0.22102213890022726,3.967105963139982,3.741573351812037,True,ok,,0.2,0.07,0.084
2020-11-07 22:00:00+00:00,0.3524541125331588,0.3524541125331588,3.0404121331706335e-07,0.3524544165743721,3.741573351812037,3.381926298206773,True,ok,,0.2,0.07,0.084
2020-11-07 23:00:00+00:00,0.14322122366328344,0.14322122366328344,3.0400058292912036e-07,0.14322152766386637,3.381926298206773,3.235782192427912,True,ok,,0.2,0.07,0.084
2020-11-08 00:00:00+00:00,0.16815194599007185,0.16815194599007185,3.03947515462033e-07,0.16815224993758732,3.235782192427912,3.064198574070696,True,ok,,0.2,0.07,0.084
2020-11-08 01:00:00+00:00,0.12617544596987185,0.12617544596987185,3.0389099764382976e-07,0.1261757498608695,3.064198574070696,2.9354481189993984,True,ok,,0.2,0.07,0.084
2020-11-08 02:00:00+00:00,0.3616280022513947,0.3616280022513947,3.0383016463852996e-07,0.3616283060815593,2.9354481189993984,2.566439953436751,True,ok,,0.2,0.07,0.084
2020-11-08 03:00:00+00:00,0.27377475202572354,0.27377475202572354,3.0377746934595606e-07,0.2737750558031929,2.566439953436751,2.2870779615737677,True,ok,,0.2,0.07,0.084
2020-11-08 04:00:00+00:00,0.7072179721409633,0.7072179721409633,3.037133590177987e-07,0.7072182758543223,2.2870779615737677,1.5654269695931928,True,ok,,0.2,0.07,0.084
2020-11-08 05:00:00+00:00,0.5523742260622289,0.5523742260622289,-3.897544176290069e-09,0.5523742221646847,1.5654269695931928,1.001779800141939,True,ok,,0.3,0.1,0.084
2020-11-08 06:00:00+00:00,0.3465811557103263,0.3465811557103263,-3.898131872848154e-09,0.34658115181219445,1.001779800141939,0.6481255596211977,True,ok,,0.3,0.1,0.084
2020-11-08 07:00:00+00:00,0.6351620263435709,0.6351620263435709,-3.8989087514096354e-09,0.6351620224446621,0.6481255596211977,1.0429440845394211e-06,True,ok,,0.3,0.1,0.084
2020-11-08 08:00:00+00:00,-0.7900469616569613,-0.7900469616569613,-0.3421397425660414,-1.1321867042230027,1.0429440845394211e-06,0.7742470653679067,True,ok,,0.3,0.1,0.084
2020-11-08 09:00:00+00:00,-1.419078825416726,-1.419078825416726,-0.7821758853174847,-2.2012547107342106,0.7742470653679067,2.164944314276298,True,ok,,0.3,0.1,0.084
2020-11-08 10:00:00+00:00,-1.9028051012480292,-1.9028051012480292,-1.3165052424775332,-3.2193103437255624,2.164944314276298,4.029693313499367,True,ok,,0.3,0.1,0.084
2020-11-08 11:00:00+00:00,-1.7144920367001937,-1.7144920367001937,-1.4496934339997043,-3.164185470699898,4.029693313499367,5.709895509465556,True,ok,,0.3,0.1,0.084
2020-11-08 12:00:00+00:00,-1.531274296875124,-1.531274296875124,-1.4018093510124274,-2.9330836478875515,5.709895509465556,7.210544320403178,True,ok,,0.3,0.1,0.084
2020-11-08 13:00:00+00:00,-0.9139534639721358,-0.9139534639721358,-0.8937401446952493,-1.8076936086673852,7.210544320403178,8.10621871509587,True,ok,,0.3,0.1,0.084
2020-11-08 14:00:00+00:00,-0.3429466011562519,-0.3429466011562519,-0.3316381826490327,-0.6745847838052846,8.10621871509587,8.442306384228997,True,ok,,0.3,0.1,0.084
2020-11-08 15:00:00+00:00,0.4130011009768637,0.4130011009768637,-3.904550849309629e-09,0.41300109707231286,8.442306384228997,8.020876689354647,True,ok,,0.3,0.1,0.084
2020-11-08 16:00:00+00:00,1.6830594449017822,1.6830594449017822,-1.924118424589949e-07,1.6830592524899397,8.020876689354647,6.303469092516094,True,ok,,0.4,0.18,0.084
2020-11-08 17:00:00+00:00,1.273315190792848,1.273315190792848,-1.9241515269996512e-07,1.2733149983776952,6.303469092516094,5.004167877421351,True,ok,,0.4,0.18,0.084
2020-11-08 18:00:00+00:00,0.7953841375722206,0.7953841375722206,-1.9241972615269276e-07,0.7953839451524944,5.004167877421351,4.192551410510922,True,ok,,0.4,0.18,0.084
2020-11-08 19:00:00+00:00,0.5403418043104706,0.5403418043104706,-1.924270952580187e-07,0.5403416118833754,4.192551410510922,3.641182222439013,True,ok,,0.4,0.18,0.084
2020-11-08 20:00:00+00:00,0.2106557804762851,0.2106557804762851,3.0300423178863944e-07,0.2106560834805169,3.641182222439013,3.4262273444019877,True,ok,,0.2,0.07,0.084
2020-11-08 21:00:00+00:00,0.19822978011812206,0.19822978011812206,1.9204571422015704e-07,0.19822997216383628,3.4262273444019877,3.2239520585671695,True,ok,,0.2,0.07,0.084
2020-11-08 22:00:00+00:00,0.3420848296235493,0.3420848296235493,3.0965634673085773e-07,0.34208513927989603,3.2239520585671695,2.8748859058900784,True,ok,,0.2,0.07,0.084
2020-11-08 23:00:00+00:00,0.7218791370717682,0.7218791370717682,3.096122218604336e-07,0.7218794466839901,2.8748859058900784,2.138274541531131,True,ok,,0.2,0.07,0.084
2020-11-09 00:00:00+00:00,0.1359298291641022,0.1359298291641022,3.0958279531589916e-07,0.13593013874689752,2.138274541531131,1.9995706342208226,True,ok,,0.2,0.07,0.084
2020-11-09 01:00:00+00:00,0.16833880191667175,0.16833880191667175,3.0952006621620676e-07,0.16833911143673796,1.9995706342208226,1.8277963465507494,True,ok,,0.2,0.07,0.084
2020-11-09 02:00:00+00:00,0.7836141340395206,0.7836141340395206,3.0945336793042344e-07,0.7836144434928886,1.8277963465507494,1.0281900873267489,True,ok,,0.2,0.07,0.084
2020-11-09 03:00:00+00:00,0.13804649603865382,0.13804649603865382,3.0941994483280055e-07,0.13804680545859865,1.0281900873267489,0.8873263158587348,True,ok,,0.2,0.07,0.084
2020-11-09 04:00:00+00:00,0.19699782117364542,0.19699782117364542,0.16825539996467306,0.3652532211383185,0.8873263158587348,0.686308130987668,True,ok,,0.2,0.07,0.084
2020-11-09 05:00:00+00:00,0.12697508340941566,0.12697508340941566,-3.885780586188048e-16,0.12697508340941527,0.686308130987668,0.5567417193454071,True,ok,,0.3,0.1,0.084
2020-11-09 06:00:00+00:00,0.3773508172105477,0.3773508172105477,7.327471962526033e-15,0.377350817210555,0.5567417193454071,0.1716898650489298,True,ok,,0.3,0.1,0.084
2020-11-09 07:00:00+00:00,-0.1352416214552148,-0.1352416214552148,-8.836576292914344e-08,-0.13524170982097772,0.1716898650489298,0.3042266540750403,True,ok,,0.3,0.1,0.084
2020-11-09 08:00:00+00:00,-1.1606606836167321,-1.1606606836167321,-2.435796573330151e-07,-1.1606609271963895,0.3042266540750403,1.4416741240194377,True,ok,,0.3,0.1,0.084
2020-11-09 09:00:00+00:00,-1.41031060236966,-1.41031060236966,-2.435797066269174e-07,-1.4103108459493667,1.4416741240194377,2.8237785143417047,True,ok,,0.3,0.1,0.084
2020-11-09 10:00:00+00:00,-2.9255097413288573,-2.9255097413288573,-2.4357975814126576e-07,-2.9255099849086155,2.8237785143417047,5.690778060843985,True,ok,,0.3,0.1,0.084
2020-11-09 11:00:00+00:00,-1.4404715046841716,-1.4404715046841716,-2.435797281652441e-07,-1.4404717482638998,5.690778060843985,7.102440135434473,True,ok,,0.3,0.1,0.084
2020-11-09 12:00:00+00:00,-1.0278444935664743,-1.0278444935664743,-2.435797101796311e-07,-1.0278447371461845,7.102440135434473,8.109727739129617,True,ok,,0.3,0.1,0.084
2020-11-09 13:00:00+00:00,-0.35369626159831175,-0.35369626159831175,-2.4357957684184584e-07,-0.3536965051778886,8.109727739129617,8.456350075495964,True,ok,,0.3,0.1,0.084
2020-11-09 14:00:00+00:00,0.7933779468910844,0.7933779468910844,4.9960036108132044e-15,0.7933779468910894,8.456350075495964,7.646780741933632,True,ok,,0.3,0.1,0.084
2020-11-09 15:00:00+00:00,1.3418206409302647,1.3418206409302647,6.439293542825908e-15,1.341820640930271,7.646780741933632,6.277576006290506,True,ok,,0.3,0.1,0.084
2020-11-09 16:00:00+00:00,1.3971032236829937,1.3971032236829937,-1.1276558264938785e-07,1.397103110917411,6.277576006290506,4.851960471920104,True,ok,,0.4,0.18,0.084
2020-11-09 17:00:00+00:00,1.1793238856437052,1.1793238856437052,-1.1276558664619074e-07,1.1793237728781185,4.851960471920104,3.6485687518755068,True,ok,,0.4,0.18,0.084
2020-11-09 18:00:00+00:00,0.7479478065983133,0.7479478065983133,-1.1276559686024257e-07,0.7479476938327164,3.6485687518755068,2.8853567043262074,True,ok,,0.4,0.18,0.084
2020-11-09 19:00:00+00:00,0.25551737436099503,0.25551737436099503,-4.090908817255823e-08,0.25551733345190686,2.8853567043262074,2.624624689672131,True,ok,,0.4,0.18,0.084
2020-11-09 20:00:00+00:00,0.12359096700914539,0.12359096700914539,0.2670853946655868,0.3906763616747322,2.624624689672131,2.4985114580301455,True,ok,,0.2,0.07,0.084
2020-11-09 21:00:00+00:00,0.06240193220262843,0.06240193220262843,0.08431940110241282,0.14672133330504125,2.4985114580301455,2.434836017007055,True,ok,,0.2,0.07,0.084
2020-11-09 22:00:00+00:00,0.07715946364485576,0.07715946364485576,0.10799131428582809,0.18515077793068385,2.434836017007055,2.3561018704306718,True,ok,,0.2,0.07,0.084
2020-11-09 23:00:00+00:00,0.10737070201491655,0.10737070201491655,0.1693011879445241,0.27667188995944064,2.3561018704306718,2.246539929599124,True,ok,,0.2,0.07,0.084
2020-11-10 00:00:00+00:00,0.07019701096777113,0.07019701096777113,0.08878109992579607,0.1589781108935672,2.246539929599124,2.174910326570786,True,ok,,0.2,0.07,0.084
2020-11-10 01:00:00+00:00,0.07319950298322236,0.07319950298322236,0.09049296918591196,0.16369247216913432,2.174910326570786,2.100216956179743,True,ok,,0.2,0.07,0.084
2020-11-10 02:00:00+00:00,0.24135142688463945,0.24135142688463945,0.5674711266572863,0.8088225535419257,2.100216956179743,1.8539399899709272,True,ok,,0.2,0.07,0.084
2020-11-10 03:00:00+00:00,0.26455249434477046,0.26455249434477046,0.5536894477244939,0.8182419420692644,1.8539399899709272,1.5839884651293248,True,ok,,0.2,0.07,0.084
2020-11-10 04:00:00+00:00,0.17559588417606073,0.17559588417606073,0.23367144803342152,0.40926733220948225,1.5839884651293248,1.4048089914802833,True,ok,,0.2,0.07,0.084
2020-11-10 05:00:00+00:00,0.1800704719350447,0.1800704719350447,-1.5137224806949234e-11,0.18007047191990747,1.4048089914802833,1.2210636119547273,True,ok,,0.3,0.1,0.084
2020-11-10 06:00:00+00:00,1.1524516486919827,1.1524516486919827,6.615303860257882e-10,1.152451649353513,1.2210636119547273,0.04509254186086742,True,ok,,0.3,0.1,0.084
2020-11-10 07:00:00+00:00,0.04419044602048529,0.04419044602048529,4.992140686943536e-09,0.044190451012625975,0.04509254186086742,2.500032293684118e-07,True,ok,,0.3,0.1,0.084
2020-11-10 08:00:00+00:00,-0.2567955541946026,-0.2567955541946026,-2.4357965033861007e-07,-0.25679579777425293,2.500032293684118e-07,0.2516598931139399,True,ok,,0.3,0.1,0.084
2020-11-10 09:00:00+00:00,-0.5172678646967397,-0.5172678646967397,-2.4358001504687365e-07,-0.5172681082767547,0.2516598931139399,0.7585824005167447,True,ok,,0.3,0.1,0.084
2020-11-10 10:00:00+00:00,-0.9901168007188139,-0.9901168007188139,-2.435799536515404e-07,-0.9901170442987676,0.7585824005167447,1.7288968652211825,True,ok,,0.3,0.1,0.084
2020-11-10 11:00:00+00:00,-2.9579734663084363,-2.9579734663084363,-2.435800405820032e-07,-2.957973709888477,1.7288968652211825,4.62771086220345,True,ok,,0.3,0.1,0.084
2020-11-10 12:00:00+00:00,-2.324932876551004,-2.324932876551004,-2.4358003214430823e-07,-2.324933120131036,4.62771086220345,6.906145081223434,True,ok,,0.3,0.1,0.084
2020-11-10 13:00:00+00:00,-2.208199858727194,-2.208199858727194,-2.435798633904085e-07,-2.208200102307057,6.906145081223434,9.070180942776084,True,ok,,0.3,0.1,0.084
2020-11-10 14:00:00+00:00,-0.1947629453194571,-0.1947629453194571,-2.435786038146315e-07,-0.1947631888980609,9.070180942776084,9.261048629189151,True,ok,,0.3,0.1,0.084
2020-11-10 15:00:00+00:00,1.635066367864862,1.635066367864862,4.0202051532212124e-07,1.6350667698853774,9.261048629189151,7.592613559939291,True,ok,,0.3,0.1,0.084
2020-11-10 16:00:00+00:00,1.2089294696702955,1.2089294696702955,5.959408522215881e-10,1.2089294702662363,7.592613559939291,6.359012060275725,True,ok,,0.4,0.18,0.084
2020-11-10 17:00:00+00:00,1.6726138345265376,1.6726138345265376,1.6427061932944298e-09,1.6726138361692438,6.359012060275725,4.65226324953436,True,ok,,0.4,0.18,0.084
2020-11-10 18:00:00+00:00,1.1796389961796332,1.1796389961796332,1.6427064153390347e-09,1.1796389978223396,4.65226324953436,3.4485499881265707,True,ok,,0.4,0.18,0.084
2020-11-10 19:00:00+00:00,0.2641464425163799,0.2641464425163799,1.6427039173372293e-09,0.26414644415908384,3.4485499881265707,3.1790128018853667,True,ok,,0.4,0.18,0.084
2020-11-10 20:00:00+00:00,-0.8131542430153232,-0.8131542430153232,1.110506242772348,0.29735199975702475,3.1790128018853667,3.9759039600403834,True,ok,,0.2,0.07,0.084
2020-11-10 21:00:00+00:00,-0.7922380197642649,-0.7922380197642649,0.9793632975272081,0.18712527776294316,3.9759039600403834,4.752297219409363,True,ok,,0.2,0.07,0.084
2020-11-10 22:00:00+00:00,-0.5982422538017986,-0.5982422538017986,1.4561125865594307,0.857870332757632,4.752297219409363,5.338574628135126,True,ok,,0.2,0.07,0.084
2020-11-10 23:00:00+00:00,-0.7536920792770532,-0.7536920792770532,0.8960638847224065,0.14237180544535338,5.338574628135126,6.077192865826638,True,ok,,0.2,0.07,0.084
2020-11-11 00:00:00+00:00,-0.7440483423109856,-0.7440483423109856,0.8829591476979527,0.13891080538696707,6.077192865826638,6.806360241291404,True,ok,,0.2,0.07,0.084
2020-11-11 01:00:00+00:00,-0.7335581080059356,-0.7335581080059356,0.8881975522670625,0.15463944426112694,6.806360241291404,7.5252471871372215,True,ok,,0.2,0.07,0.084
2020-11-11 02:00:00+00:00,-0.5799375383685224,-0.5799375383685224,1.4097077593581746,0.8297702209896521,7.5252471871372215,8.093585974738373,True,ok,,0.2,0.07,0.084
2020-11-11 03:00:00+00:00,-0.3467959675436563,-0.3467959675436563,0.49815799540599326,0.15136202786233693,8.093585974738373,8.433446022931156,True,ok,,0.2,0.07,0.084
2020-11-11 04:00:00+00:00,-1.1765757874071632,-1.1765757874071632,1.4166179266830317,0.24004213927586843,8.433446022931156,9.586490294590176,True,ok,,0.2,0.07,0.084
2020-11-11 05:00:00+00:00,0.12174477057131992,0.12174477057131992,1.461485405890306e-07,0.12174491671986051,9.586490294590176,9.46226093686434,True,ok,,0.3,0.1,0.084
2020-11-11 06:00:00+00:00,0.7770845049007503,0.7770845049007503,4.6962131061700774e-07,0.7770849745220609,9.46226093686434,8.669317564516636,True,ok,,0.3,0.1,0.084
2020-11-11 07:00:00+00:00,0.09888063378196371,0.09888063378196371,4.6961152878888246e-07,0.0988811033934925,8.669317564516636,8.568418958616673,True,ok,,0.3,0.1,0.084
2020-11-11 08:00:00+00:00,0.05286192713517089,0.05286192713517089,4.6959277107821995e-07,0.05286239672794197,8.568418958616673,8.51447821664201,True,ok,,0.3,0.1,0.084
2020-11-11 09:00:00+00:00,0.4830403471332912,0.4830403471332912,4.6958045846201557e-07,0.48304081671374965,8.51447821664201,8.021579903240692,True,ok,,0.3,0.1,0.084
2020-11-11 10:00:00+00:00,-0.1862956198576332,-0.1862956198576332,4.06683853260148e-10,-0.18629561945094936,8.021579903240692,8.204149610701172,True,ok,,0.3,0.1,0.084
2020-11-11 11:00:00+00:00,0.18507651714052167,0.18507651714052167,4.695502502094495e-07,0.18507698669077188,8.204149610701172,8.015296021782273,True,ok,,0.3,0.1,0.084
2020-11-11 12:00:00+00:00,0.45088226778987,0.45088226778987,4.695334621662717e-07,0.4508827373233322,8.015296021782273,7.555212075057916,True,ok,,0.3,0.1,0.084
2020-11-11 13:00:00+00:00,0.7107114117308584,0.7107114117308584,4.695204034455003e-07,0.7107118812512618,7.555212075057916,6.829996348801938,True,ok,,0.3,0.1,0.084
2020-11-11 14:00:00+00:00,1.0735637767783035,1.0735637767783035,4.6951072318890397e-07,1.0735642462890267,6.829996348801938,5.734523107191424,True,ok,,0.3,0.1,0.084
2020-11-11 15:00:00+00:00,1.308675211342601,1.308675211342601,4.695038531288276e-07,1.3086756808464541,5.734523107191424,4.399140238474484,True,ok,,0.3,0.1,0.084
2020-11-11 16:00:00+00:00,1.2312674428894532,1.2312674428894532,1.9940005202556677e-09,1.2312674448834537,4.399140238474484,3.142744888587287,True,ok,,0.4,0.18,0.084
2020-11-11 17:00:00+00:00,1.3391843627699214,1.3391843627699214,1.993972986724657e-09,1.3391843647638944,3.142744888587287,1.776230232699612,True,ok,,0.4,0.18,0.084
2020-11-11 18:00:00+00:00,1.5248529466716705,1.5248529466716705,1.9939481177289053e-09,1.5248529486656186,1.776230232699612,0.22025783813668287,True,ok,,0.4,0.18,0.084
2020-11-11 19:00:00+00:00,0.215849721006079,0.215849721006079,1.9939178641514843e-09,0.21584972299999686,0.22025783813668287,3.020783541030081e-06,True,ok,,0.4,0.18,0.084
2020-11-11 20:00:00+00:00,-0.9006508404902153,-0.9006508404902153,1.3597116172616555,0.45906077677144014,3.020783541030081e-06,0.882640844463952,True,ok,,0.2,0.07,0.084
2020-11-11 21:00:00+00:00,-0.6283471890593311,-0.6283471890593311,0.7803314666414998,0.15198427758216873,0.882640844463952,1.4984210897420964,True,ok,,0.2,0.07,0.084
2020-11-11 22:00:00+00:00,-0.5218362753217961,-0.5218362753217961,0.6692054972448825,0.14736922192308644,1.4984210897420964,2.0098206395574567,True,ok,,0.2,0.07,0.084
2020-11-11 23:00:00+00:00,-0.4624174315669928,-0.4624174315669928,0.6184323761097714,0.1560149445427787,2.0098206395574567,2.4629897224931097,True,ok,,0.2,0.07,0.084
2020-11-12 00:00:00+00:00,-0.43652653130430336,-0.43652653130430336,0.5651225038555432,0.1285959725512399,2.4629897224931097,2.890785723171327,True,ok,,0.2,0.07,0.084
2020-11-12 01:00:00+00:00,-0.36182945178677955,-0.36182945178677955,0.6627747017442884,0.3009452499575088,2.890785723171327,3.2453785859223707,True,ok,,0.2,0.07,0.084
2020-11-12 02:00:00+00:00,-0.28652576496573695,-0.28652576496573695,1.098344324352732,0.811818559386995,3.2453785859223707,3.526173835588793,True,ok,,0.2,0.07,0.084
2020-11-12 03:00:00+00:00,-0.3494892570679991,-0.3494892570679991,0.5670702017279741,0.21758094465997496,3.526173835588793,3.868673307515432,True,ok,,0.2,0.07,0.084
2020-11-12 04:00:00+00:00,-0.3499424178915854,-0.3499424178915854,0.5245808347222843,0.1746384168306989,3.868673307515432,4.2116168770491855,True,ok,,0.2,0.07,0.084
2020-11-12 05:00:00+00:00,1.0075220424327052,1.0075220424327052,4.036619145608711e-07,1.0075224460946197,4.2116168770491855,3.1835331602811188,True,ok,,0.3,0.1,0.084
2020-11-12 06:00:00+00:00,0.5683675245258061,0.5683675245258061,6.453029520736564e-07,0.5683681698287582,3.1835331602811188,2.603566298520092,True,ok,,0.3,0.1,0.084
2020-11-12 07:00:00+00:00,0.03446381469423665,0.03446381469423665,6.4521299541348e-07,0.03446445990723206,2.603566298520092,2.5683991406688302,True,ok,,0.3,0.1,0.084
2020-11-12 08:00:00+00:00,-0.05976124339174669,-0.05976124339174669,1.0738674463550701e-09,-0.05976124231787924,2.5683991406688302,2.626965159192742,True,ok,,0.3,0.1,0.084
2020-11-12 09:00:00+00:00,-0.9950577197595621,-0.9950577197595621,1.0734361177711094e-09,-0.995057718686126,2.626965159192742,3.602121724557113,True,ok,,0.3,0.1,0.084
2020-11-12 10:00:00+00:00,-0.280041659206568,-0.280041659206568,1.0732767452559244e-09,-0.28004165813329124,3.602121724557113,3.8765625505795493,True,ok,,0.3,0.1,0.084
2020-11-12 11:00:00+00:00,-0.42059005837514546,-0.42059005837514546,1.0728933297343701e-09,-0.42059005730225213,3.8765625505795493,4.288740807787192,True,ok,,0.3,0.1,0.084
2020-11-12 12:00:00+00:00,0.025684179757157907,0.025684179757157907,6.446101609852706e-07,0.025684824367318893,4.288740807787192,4.262532461096214,True,ok,,0.3,0.1,0.084
2020-11-12 13:00:00+00:00,-1.78782231642389,-1.78782231642389,1.0720813126141593e-09,-1.7878223153518087,4.262532461096214,6.0145983311916265,True,ok,,0.3,0.1,0.084
2020-11-12 14:00:00+00:00,-0.07140990329850191,-0.07140990329850191,1.0719881926579689e-09,-0.07140990222651372,6.0145983311916265,6.084580036424159,True,ok,,0.3,0.1,0.084
2020-11-12 15:00:00+00:00,1.8351315515012168,1.8351315515012168,6.44225724100167e-07,1.8351321957269409,6.084580036424159,4.211996820606591,True,ok,,0.3,0.1,0.084
2020-11-12 16:00:00+00:00,1.3882423277266671,1.3882423277266671,2.570167190185657e-09,1.3882423302968343,4.211996820606591,2.795423016803869,True,ok,,0.4,0.18,0.084
2020-11-12 17:00:00+00:00,1.2382748595286968,1.2382748595286968,2.56999599379526e-09,1.2382748620986928,2.795423016803869,1.5318772417745865,True,ok,,0.4,0.18,0.084
2020-11-12 18:00:00+00:00,1.066529387537456,1.066529387537456,2.5698045913458145e-09,1.0665293901072606,1.5318772417745865,0.4435819483690191,True,ok,,0.4,0.18,0.084
2020-11-12 19:00:00+00:00,0.4347091915316492,0.4347091915316492,2.569578605449152e-09,0.4347091941012278,0.4435819483690191,1.1406836627481098e-06,True,ok,,0.4,0.18,0.084
2020-11-12 20:00:00+00:00,-0.4632415735261333,-0.4632415735261333,0.7855738236920726,0.3223322501659393,1.1406836627481098e-06,0.4539778827392734,True,ok,,0.2,0.07,0.084
2020-11-12 21:00:00+00:00,-0.23482943588332814,-0.23482943588332814,1.0274548784676827,0.7926254425843545,0.4539778827392734,0.6841107299049349,True,ok,,0.2,0.07,0.084
2020-11-12 22:00:00+00:00,-0.24320562263764323,-0.24320562263764323,0.4212691226234442,0.17806349998580093,0.6841107299049349,0.9224522400898253,True,ok,,0.2,0.07,0.084
2020-11-12 23:00:00+00:00,-0.22136486867241964,-0.22136486867241964,0.351388452275325,0.13002358360290533,0.9224522400898253,1.1393898113887966,True,ok,,0.2,0.07,0.084
2020-11-13 00:00:00+00:00,-0.18490460794380195,-0.18490460794380195,0.37653194122457734,0.19162733328077539,1.1393898113887966,1.3205963271737224,True,ok,,0.2,0.07,0.084
2020-11-13 01:00:00+00:00,-0.15624124890825156,-0.15624124890825156,0.43872230474016116,0.2824810558319096,1.3205963271737224,1.4737127511038088,True,ok,,0.2,0.07,0.084
2020-11-13 02:00:00+00:00,-0.12251979973948968,-0.12251979973948968,0.9126729409493044,0.7901531412098147,1.4737127511038088,1.5937821548485087,True,ok,,0.2,0.07,0.084
2020-11-13 03:00:00+00:00,-0.1476164766891715,-0.1476164766891715,0.3422829207814979,0.19466644409232645,1.5937821548485087,1.7384463020038967,True,ok,,0.2,0.07,0.084
2020-11-13 04:00:00+00:00,-0.11775684869421042,-0.11775684869421042,0.5814441267212156,0.46368727802700516,1.7384463020038967,1.8538480137242228,True,ok,,0.2,0.07,0.084
2020-11-13 05:00:00+00:00,0.9048141075678254,0.9048141075678254,3.9404621587912914e-07,0.9048145016140413,1.8538480137242228,0.9305683121244009,True,ok,,0.3,0.1,0.084
2020-11-13 06:00:00+00:00,0.9119569287372024,0.9119569287372024,4.1149368434911793e-07,0.9119573402308867,0.9305683121244009,1.7494602655432345e-08,True,ok,,0.3,0.1,0.084
2020-11-13 07:00:00+00:00,-0.2291944629187773,-0.2291944629187773,-2.4357965738852627e-07,-0.22919470649843468,1.7494602655432345e-08,0.2246105911550044,True,ok,,0.3,0.1,0.084
2020-11-13 08:00:00+00:00,-1.999772427898126,-1.999772427898126,-8.836591236516256e-08,-1.9997725162640383,0.2246105911550044,2.1843875704951676,True,ok,,0.3,0.1,0.084
2020-11-13 09:00:00+00:00,-2.7396993457170757,-2.7396993457170757,-8.836591725014387e-08,-2.739699434082993,2.1843875704951676,4.869292929297902,True,ok,,0.3,0.1,0.084
2020-11-13 10:00:00+00:00,-2.120386467048599,-2.120386467048599,-2.435801884637101e-07,-2.1203867106287873,4.869292929297902,6.947271667005529,True,ok,,0.3,0.1,0.084
2020-11-13 11:00:00+00:00,-2.30032411966051,-2.30032411966051,-2.435801920164238e-07,-2.300324363240702,6.947271667005529,9.20158930427283,True,ok,,0.3,0.1,0.084
2020-11-13 12:00:00+00:00,-1.7747381386087655,-1.7747381386087655,-2.4358017292058776e-07,-1.7747383821889384,9.20158930427283,10.94083268010942,True,ok,,0.3,0.1,0.084
2020-11-13 13:00:00+00:00,-0.25173146731361956,-0.25173146731361956,-2.4357991262879963e-07,-0.2517317108935322,10.94083268010942,11.187529518076767,True,ok,,0.3,0.1,0.084
2020-11-13 14:00:00+00:00,0.4477325637698639,0.4477325637698639,-7.216449660063518e-16,0.4477325637698632,11.187529518076767,10.730659555046293,True,ok,,0.3,0.1,0.084
2020-11-13 15:00:00+00:00,1.1705429770961142,1.1705429770961142,-1.9984014443252818e-15,1.1705429770961122,10.730659555046293,9.536227945764544,True,ok,,0.3,0.1,0.084
2020-11-13 16:00:00+00:00,0.8419951101557976,0.8419951101557976,-1.1276568645524065e-07,0.8419949973901112,9.536227945764544,8.677049261932098,True,ok,,0.4,0.18,0.084
2020-11-13 17:00:00+00:00,0.9254914495564046,0.9254914495564046,-1.1276568367968309e-07,0.9254913367907209,8.677049261932098,7.732670231772501,True,ok,,0.4,0.18,0.084
2020-11-13 18:00:00+00:00,0.6973205597920472,0.6973205597920472,-1.127656883426198e-07,0.6973204470263589,7.732670231772501,7.0211186401479635,True,ok,,0.4,0.18,0.084
2020-11-13 19:00:00+00:00,0.46012648709261894,0.46012648709261894,-4.090909599963055e-08,0.46012644618352294,7.0211186401479635,6.551601816584067,True,ok,,0.4,0.18,0.084
2020-11-13 20:00:00+00:00,0.19243652534714142,0.19243652534714142,0.17820472433337756,0.370641249680519,6.551601816584067,6.355238015209433,True,ok,,0.2,0.07,0.084
2020-11-13 21:00:00+00:00,0.21944778786145294,0.21944778786145294,0.20817043429305873,0.4276182221545117,6.355238015209433,6.131311701065093,True,ok,,0.2,0.07,0.084
2020-11-13 22:00:00+00:00,0.06499686569104203,0.06499686569104203,0.06304721764992068,0.1280440833409627,6.131311701065093,6.064988368727295,True,ok,,0.2,0.07,0.084
2020-11-13 23:00:00+00:00,0.08531758144782504,0.08531758144782504,0.08292169626467887,0.1682392777125039,6.064988368727295,5.977929612147882,True,ok,,0.2,0.07,0.084
2020-11-14 00:00:00+00:00,0.07748915954357175,0.07748915954357175,0.07526670179175901,0.15275586133533076,5.977929612147882,5.898859041185054,True,ok,,0.2,0.07,0.084
2020-11-14 01:00:00+00:00,0.07491394764445335,0.07491394764445335,0.07273066352875267,0.14764461117320601,5.898859041185054,5.822416237466224,True,ok,,0.2,0.07,0.084
2020-11-14 02:00:00+00:00,0.1268170141910903,0.1268170141910903,0.07296073576323928,0.19977774995432956,5.822416237466224,5.693011120944703,True,ok,,0.2,0.07,0.084
2020-11-14 03:00:00+00:00,1.2200568374940475,1.2200568374940475,1.2288756663254183,2.448932503819466,5.693011120944703,4.4480551643181245,True,ok,,0.2,0.07,0.084
2020-11-14 04:00:00+00:00,1.896657926947297,1.896657926947297,1.9230820144616039,3.819739941408901,4.4480551643181245,2.5126899327392502,True,ok,,0.2,0.07,0.084
2020-11-14 05:00:00+00:00,0.14316061115265072,0.14316061115265072,-1.8041124150158794e-15,0.14316061115264891,2.5126899327392502,2.3666076764610353,True,ok,,0.3,0.1,0.084
2020-11-14 06:00:00+00:00,0.1592327270049208,0.1592327270049208,3.774758283725532e-15,0.15923272700492458,2.3666076764610353,2.204125301966218,True,ok,,0.3,0.1,0.084
2020-11-14 07:00:00+00:00,0.8266463260439385,0.8266463260439385,2.1538326677728037e-14,0.82664632604396,2.204125301966218,1.3606086427377093,True,ok,,0.3,0.1,0.084
2020-11-14 08:00:00+00:00,-0.5313961289683438,-0.5313961289683438,-8.43769498715119e-15,-0.5313961289683522,1.3606086427377093,1.8813768491266862,True,ok,,0.3,0.1,0.084
2020-11-14 09:00:00+00:00,-0.14680355844762777,-0.14680355844762777,2.0539125955565396e-15,-0.14680355844762571,1.8813768491266862,2.0252443364053616,True,ok,,0.3,0.1,0.084
2020-11-14 10:00:00+00:00,-0.140187051764489,-0.140187051764489,2.7200464103316335e-15,-0.1401870517644863,2.0252443364053616,2.1626276471345607,True,ok,,0.3,0.1,0.084
2020-11-14 11:00:00+00:00,-1.2599338035708572,-1.2599338035708572,-6.8833827526759706e-15,-1.259933803570864,2.1626276471345607,3.3973627746340007,True,ok,,0.3,0.1,0.084
2020-11-14 12:00:00+00:00,-0.3157942619844391,-0.3157942619844391,-1.1102230246251565e-16,-0.3157942619844392,3.3973627746340007,3.706841151378751,True,ok,,0.3,0.1,0.084
2020-11-14 13:00:00+00:00,-1.0051930796820536,-1.0051930796820536,-6.661338147750939e-16,-1.0051930796820543,3.706841151378751,4.691930369467164,True,ok,,0.3,0.1,0.084
2020-11-14 14:00:00+00:00,-0.02451545314131641,-0.02451545314131641,5.658667978636345e-15,-0.02451545314131075,4.691930369467164,4.715955513545654,True,ok,,0.3,0.1,0.084
2020-11-14 15:00:00+00:00,0.45129351145039437,0.45129351145039437,4.0202189888205453e-07,0.45129391347229325,4.715955513545654,4.255451930433007,True,ok,,0.3,0.1,0.084
2020-11-14 16:00:00+00:00,0.7400473026696872,0.7400473026696872,1.642700975246214e-09,0.7400473043123882,4.255451930433007,3.500301621586387,True,ok,,0.4,0.18,0.084
2020-11-14 17:00:00+00:00,0.6901566106820134,0.6901566106820134,1.6427008642239116e-09,0.6901566123247143,3.500301621586387,2.796060182114945,True,ok,,0.4,0.18,0.084
2020-11-14 18:00:00+00:00,0.9138307188508272,0.9138307188508272,1.642700975246214e-09,0.9138307204935282,2.796060182114945,1.8635798567569581,True,ok,,0.4,0.18,0.084
2020-11-14 19:00:00+00:00,0.4993533599585994,0.4993533599585994,1.6426992544005259e-09,0.4993533616012987,1.8635798567569581,1.3540356119012444,True,ok,,0.4,0.18,0.084
2020-11-14 20:00:00+00:00,-0.1746737800639421,-0.1746737800639421,0.43433839117039064,0.25966461110644856,1.3540356119012444,1.5252159163639076,True,ok,,0.2,0.07,0.084
2020-11-14 21:00:00+00:00,-0.14451255001032895,-0.14451255001032895,0.6078515494830534,0.4633389994727245,1.5252159163639076,1.66683821537403,True,ok,,0.2,0.07,0.084
2020-11-14 22:00:00+00:00,-0.1582091536661441,-0.1582091536661441,0.3734094875263302,0.21520033386018608,1.66683821537403,1.8218831859668512,True,ok,,0.2,0.07,0.084
2020-11-14 23:00:00+00:00,-0.15343311078229616,-0.15343311078229616,0.3452187497848842,0.19178563900258808,1.8218831859668512,1.9722476345335014,True,ok,,0.2,0.07,0.084
2020-11-15 00:00:00+00:00,-0.16124808600119345,-0.16124808600119345,0.27891136396366617,0.11766327796247271,1.9722476345335014,2.130270758814671,True,ok,,0.2,0.07,0.084
2020-11-15 01:00:00+00:00,-0.14226061967470724,-0.14226061967470724,0.32118506371437006,0.17892444403966284,2.130270758814671,2.2696861660958842,True,ok,,0.2,0.07,0.084
2020-11-15 02:00:00+00:00,-0.13568181377598718,-0.13568181377598718,0.32280364693882474,0.18712183316283756,2.2696861660958842,2.402654343596352,True,ok,,0.2,0.07,0.084
2020-11-15 03:00:00+00:00,-0.12641105577750336,-0.12641105577750336,0.3483907227125766,0.22197966693507323,2.402654343596352,2.5265371782583053,True,ok,,0.2,0.07,0.084
2020-11-15 04:00:00+00:00,-0.10916818407999526,-0.10916818407999526,0.5086814343938596,0.39951325031386437,2.5265371782583053,2.6335219986567004,True,ok,,0.2,0.07,0.084
2020-11-15 05:00:00+00:00,0.2942207651695321,0.2942207651695321,4.01833251173489e-07,0.2942211670027833,2.6335219986567004,2.3332967280755454,True,ok,,0.3,0.1,0.084
2020-11-15 06:00:00+00:00,0.4845050297434108,0.4845050297434108,4.016121423200403e-07,0.48450543135555313,2.3332967280755454,1.838903840582269,True,ok,,0.3,0.1,0.084
2020-11-15 07:00:00+00:00,1.4204572990153788,1.4204572990153788,4.0135362366910954e-07,1.4204577003690024,1.838903840582269,0.3894576170971886,True,ok,,0.3,0.1,0.084
2020-11-15 08:00:00+00:00,0.38166844989107984,0.38166844989107984,4.011519901259142e-07,0.38166885104306997,0.3894576170971886,1.516751529928584e-08,True,ok,,0.3,0.1,0.084
2020-11-15 09:00:00+00:00,-1.8413610998810486,-1.8413610998810486,-0.22308545198047613,-2.0644465518615247,1.516751529928584e-08,1.804533893050943,True,ok,,0.3,0.1,0.084
2020-11-15 10:00:00+00:00,-2.3047105523036415,-2.3047105523036415,-0.2581923110092217,-2.562902863312863,1.804533893050943,4.0631502343085115,True,ok,,0.3,0.1,0.084
2020-11-15 11:00:00+00:00,-1.539903900711721,-1.539903900711721,-0.24995799987775746,-1.7898619005894785,4.0631502343085115,5.572256057005998,True,ok,,0.3,0.1,0.084
2020-11-15 12:00:00+00:00,-1.2241195033132337,-1.2241195033132337,-0.24327164803569912,-1.4673911513489328,5.572256057005998,6.771893170252967,True,ok,,0.3,0.1,0.084
2020-11-15 13:00:00+00:00,-0.4177428961431158,-0.4177428961431158,-0.1746693194073497,-0.5924122155504655,6.771893170252967,7.18128120847322,True,ok,,0.3,0.1,0.084
2020-11-15 14:00:00+00:00,0.0442515566411521,0.0442515566411521,-5.13106170052513e-09,0.0442515515100904,7.18128120847322,7.136126558839392,True,ok,,0.3,0.1,0.084
2020-11-15 15:00:00+00:00,0.1571329529321105,0.1571329529321105,-1.049686226828328e-09,0.15713295188242427,7.136126558839392,6.975786810949483,True,ok,,0.3,0.1,0.084
2020-11-15 16:00:00+00:00,1.0196911636115884,1.0196911636115884,-1.9232449610662172e-07,1.0196909712870923,6.975786810949483,5.935285623590719,True,ok,,0.4,0.18,0.084
2020-11-15 17:00:00+00:00,0.9712061338799917,0.9712061338799917,-1.9233005554841753e-07,0.9712059415499361,5.935285623590719,4.944258956366237,True,ok,,0.4,0.18,0.084
2020-11-15 18:00:00+00:00,1.1241853606260128,1.1241853606260128,-1.9233587389422269e-07,1.124185168290139,4.944258956366237,3.797131037360102,True,ok,,0.4,0.18,0.084
2020-11-15 19:00:00+00:00,0.22932208497180898,0.22932208497180898,-1.1276590541897669e-07,0.22932197220590356,3.797131037360102,3.563128909837848,True,ok,,0.4,0.18,0.084
2020-11-15 20:00:00+00:00,0.23824102430158495,0.23824102430158495,0.1095645029748783,0.34780552727646324,3.563128909837848,3.3200258238158225,True,ok,,0.2,0.07,0.084
2020-11-15 21:00:00+00:00,0.1043018493507433,0.1043018493507433,0.08182337312558013,0.18612522247632343,3.3200258238158225,3.2135953652946556,True,ok,,0.2,0.07,0.084
2020-11-15 22:00:00+00:00,0.08770148499112528,0.08770148499112528,0.07576109837325519,0.16346258336438046,3.2135953652946556,3.1241040540792215,True,ok,,0.2,0.07,0.084
2020-11-15 23:00:00+00:00,0.6510352408647772,0.6510352408647772,0.4176757333755262,1.0687109742403034,3.1241040540792215,2.4597823797274083,True,ok,,0.2,0.07,0.084
2020-11-16 00:00:00+00:00,0.056086011609129134,0.056086011609129134,0.05623079383834336,0.1123168054474725,2.4597823797274083,2.4025517556364604,True,ok,,0.2,0.07,0.084
2020-11-16 01:00:00+00:00,0.08989751377296104,0.08989751377296104,0.10054354189311443,0.19044105566607547,2.4025517556364604,2.3108195987252755,True,ok,,0.2,0.07,0.084
2020-11-16 02:00:00+00:00,0.15794940402376886,0.15794940402376886,0.4086725140558194,0.5666219180795883,2.3108195987252755,2.149646737476532,True,ok,,0.2,0.07,0.084
2020-11-16 03:00:00+00:00,0.04532177694335744,0.04532177694335744,0.11334558388959846,0.1586673608329559,2.149646737476532,2.1034000263098407,True,ok,,0.2,0.07,0.084
2020-11-16 04:00:00+00:00,0.0602749267566057,0.0602749267566057,0.3271861281618952,0.3874610549185009,2.1034000263098407,2.041894999007182,True,ok,,0.2,0.07,0.084
2020-11-16 05:00:00+00:00,0.12052580578326402,0.12052580578326402,7.882583474838611e-15,0.1205258057832719,2.041894999007182,1.9189094829018105,True,ok,,0.3,0.1,0.084
2020-11-16 06:00:00+00:00,0.18972963220286196,0.18972963220286196,1.3572476476042539e-14,0.18972963220287553,1.9189094829018105,1.725307817388686,True,ok,,0.3,0.1,0.084
2020-11-16 07:00:00+00:00,-0.06612608015289467,-0.06612608015289467,-2.435778407028355e-07,-0.06612632373073538,1.725307817388686,1.7901113759385228,True,ok,,0.3,0.1,0.084
2020-11-16 08:00:00+00:00,-0.4002399862296756,-0.4002399862296756,-2.435785582677319e-07,-0.40024022980823387,1.7901113759385228,2.182346562443605,True,ok,,0.3,0.1,0.084
2020-11-16 09:00:00+00:00,-1.4561169536680136,-1.4561169536680136,-2.435764552277675e-07,-1.4561171972444689,2.182346562443605,3.6093411770382584,True,ok,,0.3,0.1,0.084
2020-11-16 10:00:00+00:00,-0.569314973010314,-0.569314973010314,-8.659739592076221e-15,-0.5693149730103226,3.6093411770382584,4.167269850588366,True,ok,,0.3,0.1,0.084
2020-11-16 11:00:00+00:00,-1.5284752567449253,-1.5284752567449253,-3.774758283725532e-15,-1.5284752567449291,4.167269850588366,5.665175602198393,True,ok,,0.3,0.1,0.084
2020-11-16 12:00:00+00:00,-0.9990699929609124,-0.9990699929609124,-3.4416913763379853e-15,-0.9990699929609158,5.665175602198393,6.644264195300087,True,ok,,0.3,0.1,0.084
2020-11-16 13:00:00+00:00,-0.14529510617074137,-0.14529510617074137,6.356026815979021e-15,-0.14529510617073502,6.644264195300087,6.786653399347413,True,ok,,0.3,0.1,0.084
2020-11-16 14:00:00+00:00,0.9925946397279707,0.9925946397279707,4.0202297690861144e-07,0.9925950417509476,6.786653399347413,5.7738017261556065,True,ok,,0.3,0.1,0.084
2020-11-16 15:00:00+00:00,1.2268343367790018,1.2268343367790018,4.020232680090885e-07,1.2268347388022698,5.7738017261556065,4.521929953932135,True,ok,,0.3,0.1,0.084
2020-11-16 16:00:00+00:00,1.4502772228794572,1.4502772228794572,1.6427099680527135e-09,1.4502772245221671,4.521929953932135,3.042055236708199,True,ok,,0.4,0.18,0.084
2020-11-16 17:00:00+00:00,0.8638807484385632,0.8638807484385632,1.6427095239635037e-09,0.8638807500812727,3.042055236708199,2.160544268913747,True,ok,,0.4,0.18,0.084
2020-11-16 18:00:00+00:00,0.9415368613134436,0.9415368613134436,1.6427090798742938e-09,0.9415368629561527,2.160544268913747,1.1997923696143147,True,ok,,0.4,0.18,0.084
2020-11-16 19:00:00+00:00,0.2544493039393414,0.2544493039393414,1.6427051385825564e-09,0.25444930558204654,1.1997923696143147,0.9401502227374356,True,ok,,0.4,0.18,0.084
2020-11-16 20:00:00+00:00,-1.2723521460132405,-1.2723521460132405,1.556942118345029,0.28458997233178834,0.9401502227374356,2.1870553258304115,True,ok,,0.2,0.07,0.084
2020-11-16 21:00:00+00:00,-1.0083381814663492,-1.0083381814663492,1.1985190702277637,0.1901808887614146,2.1870553258304115,3.1752267436674337,True,ok,,0.2,0.07,0.084
2020-11-16 22:00:00+00:00,-0.9176418076434064,-0.9176418076434064,1.0729471687315235,0.15530536108811713,3.1752267436674337,4.074515715157972,True,ok,,0.2,0.07,0.084
2020-11-16 23:00:00+00:00,-0.8448919845617819,-0.8448919845617819,1.0203457902547726,0.17545380569299074,4.074515715157972,4.902509860028518,True,ok,,0.2,0.07,0.084
2020-11-17 00:00:00+00:00,-0.8196556633328522,-0.8196556633328522,0.9676294410137791,0.14797377768092684,4.902509860028518,5.705772410094713,True,ok,,0.2,0.07,0.084
2020-11-17 01:00:00+00:00,-0.7474507813004126,-0.7474507813004126,1.0363331145684713,0.28888233326805873,5.705772410094713,6.438274175769118,True,ok,,0.2,0.07,0.084
2020-11-17 02:00:00+00:00,-0.6269169979434975,-0.6269169979434975,1.3959488332293195,0.769031835285822,6.438274175769118,7.052652833753745,True,ok,,0.2,0.07,0.084
2020-11-17 03:00:00+00:00,-0.7898784462570109,-0.7898784462570109,0.9507131960563155,0.16083474979930473,7.052652833753745,7.826733711085616,True,ok,,0.2,0.07,0.084
2020-11-17 04:00:00+00:00,-0.7816754992875213,-0.7816754992875213,0.9996280824389144,0.21795258315139313,7.826733711085616,8.592775700387387,True,ok,,0.2,0.07,0.084
2020-11-17 05:00:00+00:00,0.15069018036851,0.15069018036851,4.030221497364206e-07,0.15069058339065974,8.592775700387387,8.439010210215438,True,ok,,0.3,0.1,0.084
2020-11-17 06:00:00+00:00,0.1758023964751736,0.1758023964751736,5.476260542258693e-07,0.17580294410122782,8.439010210215438,8.259620009730567,True,ok,,0.3,0.1,0.084
2020-11-17 07:00:00+00:00,0.10692851380885661,0.10692851380885661,5.475823051381834e-07,0.10692906139116175,8.259620009730567,8.150509281354182,True,ok,,0.3,0.1,0.084
2020-11-17 08:00:00+00:00,0.32143375522550915,0.32143375522550915,5.475382300335063e-07,0.3214343027637392,8.150509281354182,7.82251565357305,True,ok,,0.3,0.1,0.084
2020-11-17 09:00:00+00:00,1.0568828158327306,1.0568828158327306,5.474965834029177e-07,1.056883363329314,7.82251565357305,6.744063800682508,True,ok,,0.3,0.1,0.084
2020-11-17 10:00:00+00:00,0.7965585181490041,0.7965585181490041,5.474774028568774e-07,0.796559065626407,6.744063800682508,5.931248986244749,True,ok,,0.3,0.1,0.084
2020-11-17 11:00:00+00:00,0.014369744591309404,0.014369744591309404,5.474287174817016e-07,0.014370292020026886,5.931248986244749,5.91658598155974,True,ok,,0.3,0.1,0.084
2020-11-17 12:00:00+00:00,0.4105879056717316,0.4105879056717316,5.473942983891256e-07,0.41058845306603,5.91658598155974,5.497618730874299,True,ok,,0.3,0.1,0.084
2020-11-17 13:00:00+00:00,0.1112178517136832,0.1112178517136832,5.473408368761312e-07,0.11121839905452008,5.497618730874299,5.384131127084826,True,ok,,0.3,0.1,0.084
2020-11-17 14:00:00+00:00,1.0109046922809686,1.0109046922809686,5.472698518804719e-07,1.0109052395508205,5.384131127084826,4.352595726798124,True,ok,,0.3,0.1,0.084
2020-11-17 15:00:00+00:00,1.5077246158632636,1.5077246158632636,5.472389785765586e-07,1.5077251631022421,4.352595726798124,2.8141012208152016,True,ok,,0.3,0.1,0.084
2020-11-17 16:00:00+00:00,1.340031164868375,1.340031164868375,2.2944157684889888e-09,1.3400311671627907,2.8141012208152016,1.4467224811535946,True,ok,,0.4,0.18,0.084
2020-11-17 17:00:00+00:00,0.7024593318619223,0.7024593318619223,2.2943269506470187e-09,0.7024593341562493,1.4467224811535946,0.7299272445597963,True,ok,,0.4,0.18,0.084
2020-11-17 18:00:00+00:00,0.4968927192581538,0.4968927192581538,2.2941645805296673e-09,0.4968927215523184,0.7299272445597963,0.22289385756168012,True,ok,,0.4,0.18,0.084
2020-11-17 19:00:00+00:00,0.21843438671976478,0.21843438671976478,2.2939493915519193e-09,0.21843438901371418,0.22289385756168012,1.626214981342855e-06,True,ok,,0.4,0.18,0.084
2020-11-17 20:00:00+00:00,-0.466003398495364,-0.466003398495364,0.7908058150716433,0.32480241657627923,1.626214981342855e-06,0.456684956740438,True,ok,,0.2,0.07,0.084
2020-11-17 21:00:00+00:00,-0.32171620397010026,-0.32171620397010026,0.4638935095148472,0.14217730554474695,0.456684956740438,0.7719668366311363,True,ok,,0.2,0.07,0.084
2020-11-17 22:00:00+00:00,-0.2504720915306338,-0.2504720915306338,0.4315922579171323,0.18112016638649847,0.7719668366311363,1.0174294863311575,True,ok,,0.2,0.07,0.084
2020-11-17 23:00:00+00:00,-0.2208594697346731,-0.2208594697346731,0.38958358100557766,0.16872411127090453,1.0174294863311575,1.2338717666711372,True,ok,,0.2,0.07,0.084
2020-11-18 00:00:00+00:00,-0.20618556992536477,-0.20618556992536477,0.34661312527185356,0.1404275553464888,1.2338717666711372,1.4359336251979946,True,ok,,0.2,0.07,0.084
2020-11-18 01:00:00+00:00,-0.13521589678074225,-0.13521589678074225,1.1146708157110086,0.9794549189302663,1.4359336251979946,1.568445204043122,True,ok,,0.2,0.07,0.084
2020-11-18 02:00:00+00:00,-0.13987143091616727,-0.13987143091616727,0.6010881250804427,0.4612166941642754,1.568445204043122,1.7055192063409659,True,ok,,0.2,0.07,0.084
2020-11-18 03:00:00+00:00,-0.15769398410393407,-0.15769398410393407,0.3466124840664228,0.18891849996248875,1.7055192063409659,1.8600593107628212,True,ok,,0.2,0.07,0.084
2020-11-18 04:00:00+00:00,-0.1240741493595205,-0.1240741493595205,0.6104809002584126,0.48640675089889207,1.8600593107628212,1.9816519771351513,True,ok,,0.2,0.07,0.084
2020-11-18 05:00:00+00:00,0.520699071632136,0.520699071632136,4.018336776656639e-07,0.5206994734658137,1.9816519771351513,1.4503263938370532,True,ok,,0.3,0.1,0.084
2020-11-18 06:00:00+00:00,0.6560246818723618,0.6560246818723618,4.016695084319011e-07,0.6560250835418703,1.4503263938370532,0.7809134531509697,True,ok,,0.3,0.1,0.084
2020-11-18 07:00:00+00:00,0.3646330171491752,0.3646330171491752,4.014619157111099e-07,0.3646334186110909,0.7809134531509697,0.408838945855893,True,ok,,0.3,0.1,0.084
2020-11-18 08:00:00+00:00,-0.07907552293468662,-0.07907552293468662,-8.148731689416877e-12,-0.07907552294283535,0.408838945855893,0.48633295833188583,True,ok,,0.3,0.1,0.084
2020-11-18 09:00:00+00:00,0.4766062843684136,0.4766062843684136,4.0012231589114933e-07,0.4766066844907295,0.48633295833188583,1.5098810701719145e-08,True,ok,,0.3,0.1,0.084
2020-11-18 10:00:00+00:00,-0.04159940204174755,-0.04159940204174755,-0.018852956004322498,-0.06045235804607005,1.5098810701719145e-08,0.0407674290997233,True,ok,,0.3,0.1,0.084
2020-11-18 11:00:00+00:00,-1.639536394854856,-1.639536394854856,-0.21723226545253116,-1.8567686603073872,0.0407674290997233,1.6475130960574822,True,ok,,0.3,0.1,0.084
2020-11-18 12:00:00+00:00,-2.5918366408477813,-2.5918366408477813,-0.26472214078016965,-2.856558781627951,1.6475130960574822,4.1875130040883075,True,ok,,0.3,0.1,0.084
2020-11-18 13:00:00+00:00,-2.207759617997583,-2.207759617997583,-0.1942846145444479,-2.402044232542031,4.1875130040883075,6.351117429725939,True,ok,,0.3,0.1,0.084
2020-11-18 14:00:00+00:00,-0.6512501227610731,-0.6512501227610731,-0.1605068750251898,-0.8117569977862629,6.351117429725939,6.9893425500317905,True,ok,,0.3,0.1,0.084
2020-11-18 15:00:00+00:00,0.9889864720787321,0.9889864720787321,-5.146345238848937e-09,0.9889864669323869,6.9893425500317905,5.9801726805636966,True,ok,,0.3,0.1,0.084
2020-11-18 16:00:00+00:00,0.6479541872824106,0.6479541872824106,-2.4280331434312075e-07,0.6479539444790963,5.9801726805636966,5.318994938438788,True,ok,,0.4,0.18,0.084
2020-11-18 17:00:00+00:00,0.8099921324176721,0.8099921324176721,-2.4280314303570805e-07,0.8099918896145291,5.318994938438788,4.492472354339123,True,ok,,0.4,0.18,0.084
2020-11-18 18:00:00+00:00,0.5125170869321282,0.5125170869321282,-1.127664235323067e-07,0.5125169741657046,4.492472354339123,3.9694957350206246,True,ok,,0.4,0.18,0.084
2020-11-18 19:00:00+00:00,0.37947055842772465,0.37947055842772465,-1.1276564981788084e-07,0.37947044566207483,3.9694957350206246,3.58228087948213,True,ok,,0.4,0.18,0.084
2020-11-18 20:00:00+00:00,0.05693584726937876,0.05693584726937876,0.22696656908437665,0.2839024163537554,3.58228087948213,3.5241830761460293,True,ok,,0.2,0.07,0.084
2020-11-18 21:00:00+00:00,0.03547239028988826,0.03547239028988826,0.12528080439986256,0.1607531946897508,3.5241830761460293,3.4879867595236944,True,ok,,0.2,0.07,0.084
2020-11-18 22:00:00+00:00,0.03083887240006424,0.03083887240006424,0.13722254404047557,0.16806141644053982,3.4879867595236944,3.4565185223807715,True,ok,,0.2,0.07,0.084
2020-11-18 23:00:00+00:00,0.024153357438738955,0.024153357438738955,0.11524683686710502,0.13940019430584397,3.4565185223807715,3.4318722392800174,True,ok,,0.2,0.07,0.084
2020-11-19 00:00:00+00:00,0.021309648168504787,0.021309648168504787,0.15866651844274268,0.17997616661124746,3.4318722392800174,3.4101277003325636,True,ok,,0.2,0.07,0.084
2020-11-19 01:00:00+00:00,0.018151657537697295,0.018151657537697295,0.10445109227358133,0.12260274981127862,3.4101277003325636,3.391605600804301,True,ok,,0.2,0.07,0.084
2020-11-19 02:00:00+00:00,0.0184882377682646,0.0184882377682646,0.7176782609378106,0.7361664987060752,3.391605600804301,3.372740052061174,True,ok,,0.2,0.07,0.084
2020-11-19 03:00:00+00:00,0.014521036438349217,0.014521036438349217,0.14773138011408862,0.16225241655243783,3.372740052061174,3.3579226679404095,True,ok,,0.2,0.07,0.084
2020-11-19 04:00:00+00:00,0.013501112625186608,0.013501112625186608,0.1731103597192118,0.1866114723443984,3.3579226679404095,3.3441460224045048,True,ok,,0.2,0.07,0.084
2020-11-19 05:00:00+00:00,0.1833211942274462,0.1833211942274462,9.039990978010337e-14,0.1833211942275366,3.3441460224045048,3.157083579315274,True,ok,,0.3,0.1,0.084
2020-11-19 06:00:00+00:00,0.6998826955263443,0.6998826955263443,2.0095036745715333e-13,0.6998826955265453,3.157083579315274,2.4429175634720655,True,ok,,0.3,0.1,0.084
2020-11-19 07:00:00+00:00,0.38056188364243093,0.38056188364243093,4.020225555789736e-07,0.3805622856649865,2.4429175634720655,2.0545891107757073,True,ok,,0.3,0.1,0.084
2020-11-19 08:00:00+00:00,-2.2538170471423427,-2.2538170471423427,-4.440892098500626e-16,-2.253817047142343,2.0545891107757073,4.263329816975203,True,ok,,0.3,0.1,0.084
2020-11-19 09:00:00+00:00,-1.859549700675976,-1.859549700675976,-2.6645352591003757e-15,-1.8595497006759787,4.263329816975203,6.085688523637659,True,ok,,0.3,0.1,0.084
2020-11-19 10:00:00+00:00,-0.8527782558833935,-0.8527782558833935,-2.220446049250313e-15,-0.8527782558833957,6.085688523637659,6.921411214403385,True,ok,,0.3,0.1,0.084
2020-11-19 11:00:00+00:00,-0.3126208946038031,-0.3126208946038031,7.771561172376096e-16,-0.3126208946038023,6.921411214403385,7.227779691115112,True,ok,,0.3,0.1,0.084
2020-11-19 12:00:00+00:00,0.35923639319415096,0.35923639319415096,4.020225338186023e-07,0.3592367952166848,7.227779691115112,6.861211942957815,True,ok,,0.3,0.1,0.084
2020-11-19 13:00:00+00:00,-0.07399742549855684,-0.07399742549855684,1.4530043834781736e-14,-0.07399742549854231,6.861211942957815,6.933729419946401,True,ok,,0.3,0.1,0.084
2020-11-19 14:00:00+00:00,1.1284376108247067,1.1284376108247067,4.0202288276169895e-07,1.1284380128475895,6.933729419946401,5.782262470125271,True,ok,,0.3,0.1,0.084
2020-11-19 15:00:00+00:00,1.455858113131997,1.455858113131997,4.020229082968285e-07,1.4558585151549053,5.782262470125271,4.296692966929356,True,ok,,0.3,0.1,0.084
2020-11-19 16:00:00+00:00,1.2822849462532988,1.2822849462532988,1.642705527160615e-09,1.2822849478960043,4.296692966929356,2.988238940140276,True,ok,,0.4,0.18,0.084
2020-11-19 17:00:00+00:00,1.1899699990481738,1.1899699990481738,1.6427101900973184e-09,1.189970000690884,2.988238940140276,1.7739838390707108,True,ok,,0.4,0.18,0.084
2020-11-19 18:00:00+00:00,1.0780721619179405,1.0780721619179405,1.6427128546325775e-09,1.0780721635606534,1.7739838390707108,0.6739102044605674,True,ok,,0.4,0.18,0.084
2020-11-19 19:00:00+00:00,0.43341444471914925,0.43341444471914925,1.6427099680527135e-09,0.4334144463618592,0.6739102044605674,0.23165056699204772,True,ok,,0.4,0.18,0.084
2020-11-19 20:00:00+00:00,-0.9616343516987472,-0.9616343516987472,1.269464267264662,0.30782991556591477,0.23165056699204772,1.17405223165682,True,ok,,0.2,0.07,0.084
2020-11-19 21:00:00+00:00,-0.7078786320994495,-0.7078786320994495,0.8908217985620299,0.18294316646258052,1.17405223165682,1.8677732911142804,True,ok,,0.2,0.07,0.084
2020-11-19 22:00:00+00:00,-0.5348033785087575,-0.5348033785087575,0.8594499628844563,0.3246465843756988,1.8677732911142804,2.3918806020528627,True,ok,,0.2,0.07,0.084
2020-11-19 23:00:00+00:00,-0.40038738600575324,-0.40038738600575324,1.2642954679637828,0.8639080819580295,2.3918806020528627,2.784260240338501,True,ok,,0.2,0.07,0.084
2020-11-20 00:00:00+00:00,-0.49228051406906737,-0.49228051406906737,0.6601299026287268,0.16784938855965953,2.784260240338501,3.266695144126187,True,ok,,0.2,0.07,0.084
2020-11-20 01:00:00+00:00,-0.43336150850060867,-0.43336150850060867,0.6809662858102381,0.24760477730962946,3.266695144126187,3.6913894224567834,True,ok,,0.2,0.07,0.084
2020-11-20 02:00:00+00:00,-0.3571022812377829,-0.3571022812377829,0.9096115025107814,0.5525092212729984,3.6913894224567834,4.0413496580698105,True,ok,,0.2,0.07,0.084
2020-11-20 03:00:00+00:00,-0.4248041596233579,-0.4248041596233579,0.5867116873773996,0.16190752775404177,4.0413496580698105,4.457657734500701,True,ok,,0.2,0.07,0.084
2020-11-20 04:00:00+00:00,-0.4007979434453956,-0.4007979434453956,0.6008245820856934,0.2000266386402978,4.457657734500701,4.850439719077189,True,ok,,0.2,0.07,0.084
2020-11-20 05:00:00+00:00,0.16099040877898924,0.16099040877898924,1.4663722383567723e-07,0.16099055541621307,4.850439719077189,4.68616379175169,True,ok,,0.3,0.1,0.084
2020-11-20 06:00:00+00:00,0.7998777663668317,0.7998777663668317,5.171159356276434e-07,0.7998782834827673,4.68616379175169,3.8699619893365553,True,ok,,0.3,0.1,0.084
2020-11-20 07:00:00+00:00,0.04965315910798217,0.04965315910798217,5.170902868736893e-07,0.04965367619826904,3.8699619893365553,3.8192955004508593,True,ok,,0.3,0.1,0.084
2020-11-20 08:00:00+00:00,-0.3108726262546422,-0.3108726262546422,6.306504762854104e-10,-0.3108726256239917,3.8192955004508593,4.123950674180408,True,ok,,0.3,0.1,0.084
2020-11-20 09:00:00+00:00,-0.9856688549360444,-0.9856688549360444,6.304735622464364e-10,-0.9856688543055708,4.123950674180408,5.089906152017732,True,ok,,0.3,0.1,0.084
2020-11-20 10:00:00+00:00,-0.5019283035337622,-0.5019283035337622,1.7885204428580437e-10,-0.5019283033549101,5.089906152017732,5.581795889480818,True,ok,,0.3,0.1,0.084
2020-11-20 11:00:00+00:00,-1.064944381705537,-1.064944381705537,6.303759736425718e-10,-1.064944381075161,5.581795889480818,6.6254413835522445,True,ok,,0.3,0.1,0.084
2020-11-20 12:00:00+00:00,-1.2440902891674275,-1.2440902891674275,6.303038091459712e-10,-1.2440902885371237,6.6254413835522445,7.844649866936323,True,ok,,0.3,0.1,0.084
2020-11-20 13:00:00+00:00,0.7266202172741181,0.7266202172741181,5.169567438567668e-07,0.7266207342308619,7.844649866936323,7.103200665636202,True,ok,,0.3,0.1,0.084
2020-11-20 14:00:00+00:00,0.6396740240185912,0.6396740240185912,5.16931281224764e-07,0.6396745409498724,7.103200665636202,6.450472069698864,True,ok,,0.3,0.1,0.084
2020-11-20 15:00:00+00:00,2.2235467588015614,2.2235467588015614,5.169014212214051e-07,2.2235472757029826,6.450472069698864,4.181546805615638,True,ok,,0.3,0.1,0.084
2020-11-20 16:00:00+00:00,1.2078212190898385,1.2078212190898385,2.1876100930739995e-09,1.2078212212774486,4.181546805615638,2.949076173891313,True,ok,,0.4,0.18,0.084
2020-11-20 17:00:00+00:00,1.1659648617406186,1.1659648617406186,2.1875414812910776e-09,1.1659648639281601,2.949076173891313,1.7593161108906819,True,ok,,0.4,0.18,0.084
2020-11-20 18:00:00+00:00,0.8748386082603047,0.8748386082603047,2.187470982129014e-09,0.8748386104477757,1.7593161108906819,0.8666236534822077,True,ok,,0.4,0.18,0.084
2020-11-20 19:00:00+00:00,0.8492892740787209,0.8492892740787209,2.1873770572611306e-09,0.849289276266098,0.8666236534822077,1.9452386149643175e-06,True,ok,,0.4,0.18,0.084
2020-11-20 20:00:00+00:00,-2.175899770948295,-2.175899770948295,2.712110492027802,0.5362107210795073,1.9452386149643175e-06,2.132383720767944,True,ok,,0.2,0.07,0.084
2020-11-20 21:00:00+00:00,-1.5997834843081182,-1.5997834843081182,1.794332928297448,0.1945494439893299,2.132383720767944,3.7001715353898996,True,ok,,0.2,0.07,0.084
2020-11-20 22:00:00+00:00,-1.4121599557604947,-1.4121599557604947,1.55119751129348,0.1390375555329853,3.7001715353898996,5.084088292035185,True,ok,,0.2,0.07,0.084
2020-11-20 23:00:00+00:00,-1.3016920901424418,-1.3016920901424418,1.5018523400035235,0.20016024986108163,5.084088292035185,6.359746540374777,True,ok,,0.2,0.07,0.084
2020-11-21 00:00:00+00:00,-1.2323591097169335,-1.2323591097169335,1.5529639159334907,0.3206048062165572,6.359746540374777,7.567458467897373,True,ok,,0.2,0.07,0.084
2020-11-21 01:00:00+00:00,-1.3140825445677886,-1.3140825445677886,1.497354350434348,0.18327180586655942,7.567458467897373,8.855259361573806,True,ok,,0.2,0.07,0.084
2020-11-21 02:00:00+00:00,-1.4101075493364403,-1.4101075493364403,1.5873607436977033,0.17725319436126288,8.855259361573806,10.237164759923518,True,ok,,0.2,0.07,0.084
2020-11-21 03:00:00+00:00,-1.4401410635954168,-1.4401410635954168,2.2233344794411813,0.7831934158457645,10.237164759923518,11.648503002247026,True,ok,,0.2,0.07,0.084
2020-11-21 04:00:00+00:00,-2.195404808642093,-2.195404808642093,2.8294753915882334,0.6340705829461404,11.648503002247026,13.799999714716277,True,ok,,0.2,0.07,0.084
2020-11-21 05:00:00+00:00,0.9450457889128268,0.9450457889128268,0.45452801752138083,1.3995738064342076,13.799999714716277,12.835667277050128,True,ok,,0.3,0.1,0.084
2020-11-21 06:00:00+00:00,2.7076850175873086,2.7076850175873086,1.8423983760432692,4.550083393630578,12.835667277050128,10.072723381552874,True,ok,,0.3,0.1,0.084
2020-11-21 07:00:00+00:00,0.631525623414527,0.631525623414527,0.6202343017503198,1.2517599251648468,10.072723381552874,9.42830948010948,True,ok,,0.3,0.1,0.084
2020-11-21 08:00:00+00:00,0.6915319274148694,0.6915319274148694,0.7322384073976368,1.4237703348125061,9.42830948010948,8.722664656216756,True,ok,,0.3,0.1,0.084
2020-11-21 09:00:00+00:00,0.4718194919841805,0.4718194919841805,0.4978270245941345,0.969646516578315,8.722664656216756,8.241216195008407,True,ok,,0.3,0.1,0.084
2020-11-21 10:00:00+00:00,0.6417913080702844,0.6417913080702844,0.7520366653430928,1.3938279734133772,8.241216195008407,7.58632710514077,True,ok,,0.3,0.1,0.084
2020-11-21 11:00:00+00:00,0.42186302296983275,0.42186302296983275,0.46986362096481665,0.8917266439346494,7.58632710514077,7.155854632722573,True,ok,,0.3,0.1,0.084
2020-11-21 12:00:00+00:00,0.28786580154955677,0.28786580154955677,0.29884093552918733,0.5867067370787441,7.155854632722573,6.862114018896494,True,ok,,0.3,0.1,0.084
2020-11-21 13:00:00+00:00,0.40998037177912533,0.40998037177912533,0.45592413488823785,0.8659045066673632,6.862114018896494,6.443766700754529,True,ok,,0.3,0.1,0.084
2020-11-21 14:00:00+00:00,0.36396515136714835,0.36396515136714835,0.3921435775134795,0.7561087288806279,6.443766700754529,6.072373689155398,True,ok,,0.3,0.1,0.084
2020-11-21 15:00:00+00:00,0.34085601688147565,0.34085601688147565,0.35806595885302334,0.698921975734499,6.072373689155398,5.7245614270314436,True,ok,,0.3,0.1,0.084
2020-11-21 16:00:00+00:00,2.0153818833823833,2.0153818833823833,4.172737710916863e-09,2.015381887555121,5.7245614270314436,3.6680493011310524,True,ok,,0.4,0.18,0.084
2020-11-21 17:00:00+00:00,2.277385445597853,2.277385445597853,4.171905487737604e-09,2.2773854497697585,3.6680493011310524,1.3441866015414066,True,ok,,0.4,0.18,0.084
2020-11-21 18:00:00+00:00,0.5602345767774451,0.5602345767774451,4.171172962585956e-09,0.5602345809486181,1.3441866015414066,0.7725186660542176,True,ok,,0.4,0.18,0.084
2020-11-21 19:00:00+00:00,0.7570678858903138,0.7570678858903138,4.168309697405448e-09,0.7570678900586235,0.7725186660542176,4.1514573412282374e-07,True,ok,,0.4,0.18,0.084
2020-11-21 20:00:00+00:00,-2.2401497092852787,-2.2401497092852787,2.5064422370721697,0.26629252778689083,4.1514573412282374e-07,2.1953471302453074,True,ok,,0.2,0.07,0.084
2020-11-21 21:00:00+00:00,-1.6025664699768143,-1.6025664699768143,1.8137027757328534,0.2111363057560392,2.1953471302453074,3.765862270822585,True,ok,,0.2,0.07,0.084
2020-11-21 22:00:00+00:00,-1.1889877133705236,-1.1889877133705236,2.0536950453325797,0.8647073319620563,3.765862270822585,4.931070229925698,True,ok,,0.2,0.07,0.084
2020-11-21 23:00:00+00:00,-1.3198629181936241,-1.3198629181936241,1.4860504181035548,0.16618749990993056,4.931070229925698,6.224535889755449,True,ok,,0.2,0.07,0.084
2020-11-22 00:00:00+00:00,-1.2824029628672613,-1.2824029628672613,1.471936657153078,0.18953369428581668,6.224535889755449,7.481290793365366,True,ok,,0.2,0.07,0.084
2020-11-22 01:00:00+00:00,-1.3157237969682591,-1.3157237969682591,1.4822960749645344,0.16657227799627525,7.481290793365366,8.77070011439426,True,ok,,0.2,0.07,0.084
2020-11-22 02:00:00+00:00,-1.3917859329982396,-1.3917859329982396,1.5866413498736551,0.1948554168754155,8.77070011439426,10.134650328732533,True,ok,,0.2,0.07,0.084
2020-11-22 03:00:00+00:00,-1.5922038342552463,-1.5922038342552463,1.8261706668691908,0.23396683261394466,10.134650328732533,11.695010086302675,True,ok,,0.2,0.07,0.084
2020-11-22 04:00:00+00:00,-2.1479486004233563,-2.1479486004233563,2.8925612386928865,0.7446126382695304,11.695010086302675,13.799999714717565,True,ok,,0.2,0.07,0.084
2020-11-22 05:00:00+00:00,0.1291032841543089,0.1291032841543089,0.049260660352336394,0.1783639445066453,13.799999714717565,13.668261669662147,True,ok,,0.3,0.1,0.084
2020-11-22 06:00:00+00:00,0.4462506701857672,0.4462506701857672,0.1538844676583186,0.6001351378440858,13.668261669662147,13.212903842941977,True,ok,,0.3,0.1,0.084
2020-11-22 07:00:00+00:00,1.9777073978309634,1.9777073978309634,0.3295461547626184,2.307253552593582,13.212903842941977,11.194835069645075,True,ok,,0.3,0.1,0.084
2020-11-22 08:00:00+00:00,1.3575249663620539,1.3575249663620539,0.3341707854344087,1.6916957517964626,11.194835069645075,9.809605512132775,True,ok,,0.3,0.1,0.084
2020-11-22 09:00:00+00:00,1.1267759300319402,1.1267759300319402,0.33448133342889586,1.461257263460836,9.809605512132775,8.659834154957325,True,ok,,0.3,0.1,0.084
2020-11-22 10:00:00+00:00,0.4641814999153034,0.4641814999153034,0.23768225165617501,0.7018637515714784,8.659834154957325,8.186179563207016,True,ok,,0.3,0.1,0.084
2020-11-22 11:00:00+00:00,1.2706630728481776,1.2706630728481776,0.36253867284370633,1.633201745691884,8.186179563207016,6.889584590912957,True,ok,,0.3,0.1,0.084
2020-11-22 12:00:00+00:00,-0.03458880153245318,-0.03458880153245318,2.916694705201728e-09,-0.034588798615758476,6.889584590912957,6.923481616414761,True,ok,,0.3,0.1,0.084
2020-11-22 13:00:00+00:00,0.9749465153678779,0.9749465153678779,0.334949751608108,1.309896266975986,6.923481616414761,5.928638233386314,True,ok,,0.3,0.1,0.084
2020-11-22 14:00:00+00:00,0.8989512874107843,0.8989512874107843,0.3215137671704811,1.2204650545812654,5.928638233386314,5.011341001334493,True,ok,,0.3,0.1,0.084
2020-11-22 15:00:00+00:00,0.5814534614626021,0.5814534614626021,0.26254142140455916,0.8439948828671613,5.011341001334493,4.418021142699185,True,ok,,0.3,0.1,0.084
2020-11-22 16:00:00+00:00,1.9655913322090022,1.9655913322090022,4.173755785430444e-09,1.965591336382758,4.418021142699185,2.4123157016695913,True,ok,,0.4,0.18,0.084
2020-11-22 17:00:00+00:00,0.6816331867583177,0.6816331867583177,4.172897138943199e-09,0.6816331909312149,2.4123157016695913,1.7167716335488588,True,ok,,0.4,0.18,0.084
2020-11-22 18:00:00+00:00,1.1884357693081689,1.1884357693081689,4.170445100371012e-09,1.188435773478614,1.7167716335488588,0.504082073030319,True,ok,,0.4,0.18,0.084
2020-11-22 19:00:00+00:00,0.49400002469293,0.49400002469293,4.16896306365544e-09,0.49400002886189304,0.504082073030319,4.1518039051169353e-07,True,ok,,0.4,0.18,0.084
2020-11-22 20:00:00+00:00,-0.26963670370505105,-0.26963670370505105,0.5605389815985411,0.2909022778934901,4.1518039051169353e-07,0.26424438481134055,True,ok,,0.2,0.07,0.084
2020-11-22 21:00:00+00:00,-0.16877981628973382,-0.16877981628973382,0.35491267728407244,0.18613286099433862,0.26424438481134055,0.42964860477527966,True,ok,,0.2,0.07,0.084
2020-11-22 22:00:00+00:00,-0.13252490124811114,-0.13252490124811114,0.3089912067636125,0.17646630551550138,0.42964860477527966,0.5595230079984286,True,ok,,0.2,0.07,0.084
2020-11-22 23:00:00+00:00,-0.10984050719918596,-0.10984050719918596,0.3057803959281756,0.1959398887289896,0.5595230079984286,0.6671667050536308,True,ok,,0.2,0.07,0.084
2020-11-23 00:00:00+00:00,-0.10170504080885068,-0.10170504080885068,0.25937573499315403,0.15767069418430335,0.6671667050536308,0.7668376450463045,True,ok,,0.2,0.07,0.084
2020-11-23 01:00:00+00:00,-0.07943358200938004,-0.07943358200938004,0.4215439700154851,0.34211038800610505,0.7668376450463045,0.8446825554154969,True,ok,,0.2,0.07,0.084
2020-11-23 02:00:00+00:00,-0.0668990738367154,-0.0668990738367154,0.8515696880209884,0.7846706141842731,0.8446825554154969,0.910243647775478,True,ok,,0.2,0.07,0.084
2020-11-23 03:00:00+00:00,-0.06483546958817134,-0.06483546958817134,0.6038864436870129,0.5390509740988416,0.910243647775478,0.9737824079718859,True,ok,,0.2,0.07,0.084
2020-11-23 04:00:00+00:00,-0.05969778412473495,-0.05969778412473495,0.7855353720588052,0.7258375879340703,0.9737824079718859,1.032286236414126,True,ok,,0.2,0.07,0.084
2020-11-23 05:00:00+00:00,0.15683532073209017,0.15683532073209017,4.01656071208345e-07,0.15683572238816137,1.032286236414126,0.8722501948507688,True,ok,,0.3,0.1,0.084
2020-11-23 06:00:00+00:00,0.854805176350952,0.854805176350952,4.0091101727313116e-07,0.8548055772619693,0.8722501948507688,1.490081780186614e-08,True,ok,,0.3,0.1,0.084
2020-11-23 07:00:00+00:00,-0.1437772959531213,-0.1437772959531213,-0.06601942029235094,-0.20979671624547225,1.490081780186614e-08,0.1409017649348767,True,ok,,0.3,0.1,0.084
2020-11-23 08:00:00+00:00,-1.37109459502879,-1.37109459502879,-0.5920512912350204,-1.9631458862638105,0.1409017649348767,1.484574468063091,True,ok,,0.3,0.1,0.084
2020-11-23 09:00:00+00:00,-2.169568250232703,-2.169568250232703,-1.1456096530249558,-3.3151779032576587,1.484574468063091,3.61075135329114,True,ok,,0.3,0.1,0.084
2020-11-23 10:00:00+00:00,-2.356111666312277,-2.356111666312277,-1.5237552481871228,-3.8798669144994,3.61075135329114,5.919740786277171,True,ok,,0.3,0.1,0.084
2020-11-23 11:00:00+00:00,-2.166861907162689,-2.166861907162689,-1.43110318135495,-3.597965088517639,5.919740786277171,8.043265455296606,True,ok,,0.3,0.1,0.084
2020-11-23 12:00:00+00:00,-1.5636358842513414,-1.5636358842513414,-1.060070804208831,-2.6237066884601723,8.043265455296606,9.57562862186292,True,ok,,0.3,0.1,0.084
2020-11-23 13:00:00+00:00,-0.7642300974700065,-0.7642300974700065,-0.602686045686919,-1.3669161431569254,9.57562862186292,10.324574117383527,True,ok,,0.3,0.1,0.084
2020-11-23 14:00:00+00:00,0.18858802488546744,0.18858802488546744,-1.866996751642702e-09,0.1885880230184707,10.324574117383527,10.132137357296315,True,ok,,0.3,0.1,0.084
2020-11-23 15:00:00+00:00,1.466199025158156,1.466199025158156,-1.8669952250860433e-09,1.4661990232911608,10.132137357296315,8.636015903053298,True,ok,,0.3,0.1,0.084
2020-11-23 16:00:00+00:00,1.466369049657866,1.466369049657866,-2.428003329502104e-07,1.4663688068575331,8.636015903053298,7.139720954422823,True,ok,,0.4,0.18,0.084
2020-11-23 17:00:00+00:00,0.8786465128338398,0.8786465128338398,-4.090958782843046e-08,0.8786464719242519,7.139720954422823,6.243142880102578,True,ok,,0.4,0.18,0.084
2020-11-23 18:00:00+00:00,1.1539125608169412,1.1539125608169412,-1.1276569900076083e-07,1.1539124480512422,6.243142880102578,5.065681083350597,True,ok,,0.4,0.18,0.084
2020-11-23 19:00:00+00:00,0.7531726121943438,0.7531726121943438,-1.1276548794736385e-07,0.7531724994288559,5.065681083350597,4.297137601519634,True,ok,,0.4,0.18,0.084
2020-11-23 20:00:00+00:00,-0.01978672385833058,-0.01978672385833058,0.7004357792280262,0.6806490553696957,4.297137601519634,4.316528590900798,True,ok,,0.2,0.07,0.084
2020-11-23 21:00:00+00:00,-0.021344598822652067,-0.021344598822652067,0.20322576513508162,0.18188116631242954,4.316528590900798,4.337446297746998,True,ok,,0.2,0.07,0.084
2020-11-23 22:00:00+00:00,-0.021402099475929914,-0.021402099475929914,0.19390162697798977,0.17249952750205985,4.337446297746998,4.358420355233409,True,ok,,0.2,0.07,0.084
2020-11-23 23:00:00+00:00,-0.020408555596465223,-0.020408555596465223,0.3179118344161846,0.2975032788197194,4.358420355233409,4.378420739717945,True,ok,,0.2,0.07,0.084
2020-11-24 00:00:00+00:00,-0.021217548958255047,-0.021217548958255047,0.20004746549638774,0.17882991653813268,4.378420739717945,4.399213937697035,True,ok,,0.2,0.07,0.084
2020-11-24 01:00:00+00:00,-0.022488536917967802,-0.022488536917967802,0.1299018701962,0.1074133332782322,4.399213937697035,4.421252703876644,True,ok,,0.2,0.07,0.084
2020-11-24 02:00:00+00:00,-0.01942174643303527,-0.01942174643303527,0.8240969112014653,0.80467516476843,4.421252703876644,4.440286015381019,True,ok,,0.2,0.07,0.084
2020-11-24 03:00:00+00:00,-0.020291388442915278,-0.020291388442915278,0.30148383381909943,0.28119244537618415,4.440286015381019,4.4601715760550755,True,ok,,0.2,0.07,0.084
2020-11-24 04:00:00+00:00,-0.02002381787971634,-0.02002381787971634,0.3541513186945781,0.33412750081486176,4.4601715760550755,4.479794917577197,True,ok,,0.2,0.07,0.084
2020-11-24 05:00:00+00:00,0.17443051346506758,0.17443051346506758,4.032760916039546e-07,0.17443091674115918,4.479794917577197,4.3018045977148835,True,ok,,0.3,0.1,0.084
2020-11-24 06:00:00+00:00,0.7600921831957993,0.7600921831957993,5.952617364579638e-07,0.7600927784575358,4.3018045977148835,3.5262003291477413,True,ok,,0.3,0.1,0.084
2020-11-24 07:00:00+00:00,0.16981772638416992,0.16981772638416992,5.952235913597725e-07,0.16981832160776128,3.5262003291477413,3.35291693487818,True,ok,,0.3,0.1,0.084
2020-11-24 08:00:00+00:00,0.00805544318411853,0.00805544318411853,5.950936061670242e-07,0.008056038277724697,3.35291693487818,3.3446970948943857,True,ok,,0.3,0.1,0.084
2020-11-24 09:00:00+00:00,-0.13277143295224741,-0.13277143295224741,9.228226793833727e-10,-0.13277143202942474,3.3446970948943857,3.474813099187588,True,ok,,0.3,0.1,0.084
2020-11-24 10:00:00+00:00,0.08119187636147972,0.08119187636147972,5.949489816775566e-07,0.0811924713104614,3.474813099187588,3.3919642457575065,True,ok,,0.3,0.1,0.084
2020-11-24 11:00:00+00:00,-0.8770697884125422,-0.8770697884125422,9.221290397931625e-10,-0.8770697874904132,3.3919642457575065,4.251492638401798,True,ok,,0.3,0.1,0.084
2020-11-24 12:00:00+00:00,-0.7494741450086781,-0.7494741450086781,9.21969278699919e-10,-0.7494741440867089,4.251492638401798,4.985977300510303,True,ok,,0.3,0.1,0.084
2020-11-24 13:00:00+00:00,-1.6303108959695767,-1.6303108959695767,9.217857588339484e-10,-1.630310895047791,4.985977300510303,6.583681978560488,True,ok,,0.3,0.1,0.084
2020-11-24 14:00:00+00:00,0.008802306183085985,0.008802306183085985,5.946691927060516e-07,0.008802900852278691,6.583681978560488,6.574700033475707,True,ok,,0.3,0.1,0.084
2020-11-24 15:00:00+00:00,1.8065823818049942,1.8065823818049942,5.945926142558733e-07,1.8065829763976085,6.574700033475707,4.73124862347061,True,ok,,0.3,0.1,0.084
2020-11-24 16:00:00+00:00,1.4558708836659757,1.4558708836659757,2.4399842146749506e-09,1.45587088610596,4.73124862347061,3.2456660891175737,True,ok,,0.4,0.18,0.084
2020-11-24 17:00:00+00:00,1.0944389672464323,1.0944389672464323,2.439864754677501e-09,1.094438969686297,3.2456660891175737,2.128891632743663,True,ok,,0.4,0.18,0.084
2020-11-24 18:00:00+00:00,1.3454018599670268,1.3454018599670268,2.439704438472745e-09,1.3454018624067312,2.128891632743663,0.7560325919609827,True,ok,,0.4,0.18,0.084
2020-11-24 19:00:00+00:00,0.7409106390823053,0.7409106390823053,2.439572654999722e-09,0.7409106415218779,0.7560325919609827,1.3275912834620485e-06,True,ok,,0.4,0.18,0.084
2020-11-24 20:00:00+00:00,-0.474231262465395,-0.474231262465395,1.167399650972496,0.693168388507101,1.3275912834620485e-06,0.4647479648073705,True,ok,,0.2,0.07,0.084
2020-11-24 21:00:00+00:00,-0.27296557384115494,-0.27296557384115494,0.8930155189174602,0.6200499450763053,0.4647479648073705,0.7322542271717023,True,ok,,0.2,0.07,0.084
2020-11-24 22:00:00+00:00,-0.28162421821544137,-0.28162421821544137,0.4185948015218599,0.13697058330641854,0.7322542271717023,1.0082459610228347,True,ok,,0.2,0.07,0.084
2020-11-24 23:00:00+00:00,-0.22398077593431912,-0.22398077593431912,0.4426607758871651,0.21867999995284598,1.0082459610228347,1.2277471214384674,True,ok,,0.2,0.07,0.084
2020-11-25 00:00:00+00:00,-0.2271150083642297,-0.2271150083642297,0.3370247031802363,0.10990969481600658,1.2277471214384674,1.4503198296354125,True,ok,,0.2,0.07,0.084
2020-11-25 01:00:00+00:00,-0.19157267673700468,-0.19157267673700468,0.3730782043313591,0.1815055275943544,1.4503198296354125,1.6380610528376771,True,ok,,0.2,0.07,0.084
2020-11-25 02:00:00+00:00,-0.13661595410107064,-0.13661595410107064,0.9290662613034095,0.7924503072023389,1.6380610528376771,1.7719446878567262,True,ok,,0.2,0.07,0.084
2020-11-25 03:00:00+00:00,-0.13327106930392718,-0.13327106930392718,0.7461508204802308,0.6128797511763037,1.7719446878567262,1.9025503357745748,True,ok,,0.2,0.07,0.084
2020-11-25 04:00:00+00:00,-0.12281140800682556,-0.12281140800682556,0.902732462452198,0.7799210544453724,1.9025503357745748,2.0229055156212636,True,ok,,0.2,0.07,0.084
2020-11-25 05:00:00+00:00,0.282688124123365,0.282688124123365,4.017705882986e-07,0.2826885258939533,2.0229055156212636,1.7344482461076258,True,ok,,0.3,0.1,0.084
2020-11-25 06:00:00+00:00,1.5616087151603681,1.5616087151603681,4.014347250169692e-07,1.5616091165950932,1.7344482461076258,0.14096996533174,True,ok,,0.3,0.1,0.084
2020-11-25 07:00:00+00:00,0.13815055100401835,0.13815055100401835,4.0125065745022503e-07,0.1381509522546758,0.14096996533174,1.532763962974748e-08,True,ok,,0.3,0.1,0.084
2020-11-25 08:00:00+00:00,-1.2547986009385332,-1.2547986009385332,-0.280331582009433,-1.5351301829479662,1.532763962974748e-08,1.2297026442474022,True,ok,,0.3,0.1,0.084
2020-11-25 09:00:00+00:00,-2.1756953485587203,-2.1756953485587203,-0.40134341880684854,-2.577038767365569,1.2297026442474022,3.361884085834948,True,ok,,0.3,0.1,0.084
2020-11-25 10:00:00+00:00,-3.055238908779471,-3.055238908779471,-0.46452984288489185,-3.5197687516643628,3.361884085834948,6.356018216438829,True,ok,,0.3,0.1,0.084
2020-11-25 11:00:00+00:00,-3.1762970403218906,-3.1762970403218906,-0.47911759764072137,-3.655414637962612,6.356018216438829,9.468789315954282,True,ok,,0.3,0.1,0.084
2020-11-25 12:00:00+00:00,-1.9115274108570768,-1.9115274108570768,-0.3840779241177188,-2.2956053349747956,9.468789315954282,11.342086178594217,True,ok,,0.3,0.1,0.084
2020-11-25 13:00:00+00:00,-1.7113586585279943,-1.7113586585279943,-2.435818169388426e-07,-1.7113589021098112,11.342086178594217,13.01921766395165,True,ok,,0.3,0.1,0.084
2020-11-25 14:00:00+00:00,0.31498276623593474,0.31498276623593474,-9.43689570931383e-15,0.3149827662359253,13.01921766395165,12.697806677996615,True,ok,,0.3,0.1,0.084
2020-11-25 15:00:00+00:00,1.7923022753616762,1.7923022753616762,8.43769498715119e-15,1.7923022753616846,12.697806677996615,10.868926805178578,True,ok,,0.3,0.1,0.084
2020-11-25 16:00:00+00:00,1.3197145540076003,1.3197145540076003,1.6426866533691964e-09,1.319714555650287,10.868926805178578,9.52227930108919,True,ok,,0.4,0.18,0.084
2020-11-25 17:00:00+00:00,1.276492859731516,1.276492859731516,1.642702862625356e-09,1.2764928613742188,9.52227930108919,8.219735566669275,True,ok,,0.4,0.18,0.084
2020-11-25 18:00:00+00:00,1.2911613304426937,1.2911613304426937,1.6427046389821953e-09,1.2911613320853983,8.219735566669275,6.902224004993057,True,ok,,0.4,0.18,0.084
2020-11-25 19:00:00+00:00,0.3922333606372942,0.3922333606372942,1.642703584270322e-09,0.3922333622799978,6.902224004993057,6.501985881893777,True,ok,,0.4,0.18,0.084
2020-11-25 20:00:00+00:00,-0.4313443869728432,-0.4313443869728432,1.0922401654487106,0.6608957784758673,6.501985881893777,6.924703381127164,True,ok,,0.2,0.07,0.084
2020-11-25 21:00:00+00:00,-0.5590453327846169,-0.5590453327846169,0.6788261661958335,0.11978083341121656,6.924703381127164,7.472567807256088,True,ok,,0.2,0.07,0.084
2020-11-25 22:00:00+00:00,-0.5384875945655931,-0.5384875945655931,0.722985761158509,0.18449816659291585,7.472567807256088,8.000285649930369,True,ok,,0.2,0.07,0.084
2020-11-25 23:00:00+00:00,-0.5622067500348343,-0.5622067500348343,0.6889761110407233,0.12676936100588895,8.000285649930369,8.551248264964507,True,ok,,0.2,0.07,0.084
2020-11-26 00:00:00+00:00,-0.5706546991890074,-0.5706546991890074,0.7294009215207959,0.15874622233178856,8.551248264964507,9.110489870169733,True,ok,,0.2,0.07,0.084
2020-11-26 01:00:00+00:00,-0.5908750788926196,-0.5908750788926196,0.7486945514466146,0.15781947255399492,9.110489870169733,9.6895474474845,True,ok,,0.2,0.07,0.084
2020-11-26 02:00:00+00:00,-0.4748537316856767,-0.4748537316856767,1.3178395101101512,0.8429857784244746,9.6895474474845,10.154904104536463,True,ok,,0.2,0.07,0.084
2020-11-26 03:00:00+00:00,-0.6599121586062187,-0.6599121586062187,0.8211733253085951,0.16126116670237642,10.154904104536463,10.801618019970558,True,ok,,0.2,0.07,0.084
2020-11-26 04:00:00+00:00,-0.6157086920396387,-0.6157086920396387,1.1444818299057649,0.5287731378661261,10.801618019970558,11.405012538169403,True,ok,,0.2,0.07,0.084
2020-11-26 05:00:00+00:00,0.7951593900760779,0.7951593900760779,3.8976131966350636e-07,0.7951597798373976,11.405012538169403,10.593625405438711,True,ok,,0.3,0.1,0.084
2020-11-26 06:00:00+00:00,1.8867108951193738,1.8867108951193738,5.804595708536198e-07,1.8867114755789447,10.593625405438711,8.66841020633731,True,ok,,0.3,0.1,0.084
2020-11-26 07:00:00+00:00,0.35846625102343727,0.35846625102343727,5.804480170401582e-07,0.3584668314714543,8.66841020633731,8.302628317537884,True,ok,,0.3,0.1,0.084
2020-11-26 08:00:00+00:00,-0.1200507362703784,-0.1200507362703784,8.737524592739021e-10,-0.12005073539662595,8.302628317537884,8.420278039082856,True,ok,,0.3,0.1,0.084
2020-11-26 09:00:00+00:00,0.12396106777584512,0.12396106777584512,5.803154750211315e-07,0.12396164809132014,8.420278039082856,8.2937871535973,True,ok,,0.3,0.1,0.084
2020-11-26 10:00:00+00:00,-0.10353636718485174,-0.10353636718485174,8.732346790107925e-10,-0.10353636631161706,8.2937871535973,8.395252793438456,True,ok,,0.3,0.1,0.084
2020-11-26 11:00:00+00:00,-0.0873115046003736,-0.0873115046003736,8.729650335936867e-10,-0.08731150372740856,8.395252793438456,8.48081806794682,True,ok,,0.3,0.1,0.084
2020-11-26 12:00:00+00:00,0.8576508404171423,0.8576508404171423,5.800807524325435e-07,0.8576514204978948,8.48081806794682,7.605664149153818,True,ok,,0.3,0.1,0.084
2020-11-26 13:00:00+00:00,0.726887101335404,0.726887101335404,5.800414831780287e-07,0.7268876813768872,7.605664149153818,6.863942617178916,True,ok,,0.3,0.1,0.084
2020-11-26 14:00:00+00:00,1.2542271888238337,1.2542271888238337,5.799903197711842e-07,1.2542277688141534,6.863942617178916,5.584118955113779,True,ok,,0.3,0.1,0.084
2020-11-26 15:00:00+00:00,1.2235431810388893,1.2235431810388893,5.799547655449544e-07,1.2235437609936548,5.584118955113779,4.3356055050740965,True,ok,,0.3,0.1,0.084
2020-11-26 16:00:00+00:00,1.538592414527483,1.538592414527483,2.397415377330958e-09,1.5385924169248983,4.3356055050740965,2.765613245352175,True,ok,,0.4,0.18,0.084
2020-11-26 17:00:00+00:00,1.611780415111238,1.611780415111238,2.3973130147680877e-09,1.611780417508551,2.765613245352175,1.120939352381524,True,ok,,0.4,0.18,0.084
2020-11-26 18:00:00+00:00,0.8438610263932582,0.8438610263932582,2.3972157592311305e-09,0.843861028790474,1.120939352381524,0.2598566723884035,True,ok,,0.4,0.18,0.084
2020-11-26 19:00:00+00:00,0.2546581638552169,0.2546581638552169,2.3970250229155e-09,0.2546581662522419,0.2598566723884035,1.403148386258657e-06,True,ok,,0.4,0.18,0.084
2020-11-26 20:00:00+00:00,-0.4629175404313682,-0.4629175404313682,1.1233927363611094,0.6604751959297412,1.403148386258657e-06,0.4536605927711271,True,ok,,0.2,0.07,0.084
2020-11-26 21:00:00+00:00,-0.2652597727282521,-0.2652597727282521,0.8780866322766081,0.612826859548356,0.4536605927711271,0.7136151700448141,True,ok,,0.2,0.07,0.084
2020-11-26 22:00:00+00:00,-0.2674290650389154,-0.2674290650389154,0.4248538706059152,0.15742480556699975,0.7136151700448141,0.9756956537829512,True,ok,,0.2,0.07,0.084
2020-11-26 23:00:00+00:00,-0.22655818765381136,-0.22655818765381136,0.4004709100135745,0.17391272235976316,0.9756956537829512,1.1977226776836862,True,ok,,0.2,0.07,0.084
2020-11-27 00:00:00+00:00,-0.2102209804246928,-0.2102209804246928,0.3552713967988991,0.14505041637420624,1.1977226776836862,1.4037392384998852,True,ok,,0.2,0.07,0.084
2020-11-27 01:00:00+00:00,-0.16960303604858082,-0.16960303604858082,0.44640231275548914,0.27679927670690835,1.4037392384998852,1.5699502138274943,True,ok,,0.2,0.07,0.084
2020-11-27 02:00:00+00:00,-0.13605988623910917,-0.13605988623910917,0.7618271653024377,0.6257672790633285,1.5699502138274943,1.7032889023418214,True,ok,,0.2,0.07,0.084
2020-11-27 03:00:00+00:00,-0.12252102208705011,-0.12252102208705011,1.0439424652871596,0.9214214432001095,1.7032889023418214,1.8233595039871304,True,ok,,0.2,0.07,0.084
2020-11-27 04:00:00+00:00,-0.13615433141942954,-0.13615433141942954,0.4588798317885021,0.32272550036907255,1.8233595039871304,1.9567907487781713,True,ok,,0.2,0.07,0.084
2020-11-27 05:00:00+00:00,0.22630903818254175,0.22630903818254175,4.0593235545172135e-07,0.2263094441148972,1.9567907487781713,1.7258631587959858,True,ok,,0.3,0.1,0.084
2020-11-27 06:00:00+00:00,1.0427223586368355,1.0427223586368355,4.1914836068635e-07,1.0427227777851962,1.7258631587959858,0.6618607520237048,True,ok,,0.3,0.1,0.084
2020-11-27 07:00:00+00:00,0.21869452504397843,0.21869452504397843,6.426435911477402e-07,0.21869516768756958,0.6618607520237048,0.4387030734074002,True,ok,,0.3,0.1,0.084
2020-11-27 08:00:00+00:00,0.0778745401065344,0.0778745401065344,6.425203617349551e-07,0.07787518262689613,0.4387030734074002,0.359239256972161,True,ok,,0.3,0.1,0.084
2020-11-27 09:00:00+00:00,-0.13362217982122954,-0.13362217982122954,1.0662764560187554e-09,-0.13362217875495308,0.359239256972161,0.49018899319696596,True,ok,,0.3,0.1,0.084
2020-11-27 10:00:00+00:00,-0.6354525429948479,-0.6354525429948479,1.0658438576172102e-09,-0.635452541929004,0.49018899319696596,1.112932485331917,True,ok,,0.3,0.1,0.084
2020-11-27 11:00:00+00:00,-3.404061110167967,-3.404061110167967,1.0656009408194222e-09,-3.4040611091023663,1.112932485331917,4.448912373296524,True,ok,,0.3,0.1,0.084
2020-11-27 12:00:00+00:00,-1.4076716817756094,-1.4076716817756094,4.4704084878333106e-10,-1.4076716813285686,4.448912373296524,5.828430621436621,True,ok,,0.3,0.1,0.084
2020-11-27 13:00:00+00:00,-1.3542801632629242,-1.3542801632629242,1.065779242637177e-09,-1.354280162197145,5.828430621436621,7.155625181434287,True,ok,,0.3,0.1,0.084
2020-11-27 14:00:00+00:00,0.31628988537841174,0.31628988537841174,6.421610049822668e-07,0.3162905275394167,7.155625181434287,6.832880400435908,True,ok,,0.3,0.1,0.084
2020-11-27 15:00:00+00:00,1.5131568790581214,1.5131568790581214,6.420005589369282e-07,1.5131575210586803,6.832880400435908,5.288842768743947,True,ok,,0.3,0.1,0.084
2020-11-27 16:00:00+00:00,1.300660662708943,1.300660662708943,2.5647224344282904e-09,1.3006606652736654,5.288842768743947,3.961638010877679,True,ok,,0.4,0.18,0.084
2020-11-27 17:00:00+00:00,1.704941749728835,1.704941749728835,2.5645414680752765e-09,1.7049417522933765,3.961638010877679,2.2219015315625414,True,ok,,0.4,0.18,0.084
2020-11-27 18:00:00+00:00,1.201144326273517,1.201144326273517,2.564406464955482e-09,1.2011443288379235,2.2219015315625414,0.9962440557732384,True,ok,,0.4,0.18,0.084
2020-11-27 19:00:00+00:00,0.9763180504958977,0.9763180504958977,2.5642101775247284e-09,0.9763180530601079,0.9962440557732384,1.1471039549348916e-06,True,ok,,0.4,0.18,0.084
2020-11-27 20:00:00+00:00,-2.2624183246155893,-2.2624183246155893,2.480099491293594,0.21768116667800472,1.1471039549348916e-06,2.2171711052272323,True,ok,,0.2,0.07,0.084
2020-11-27 21:00:00+00:00,-1.5079438041813886,-1.5079438041813886,2.0132548039430755,0.5053109997616871,2.2171711052272323,3.694956033324993,True,ok,,0.2,0.07,0.084
2020-11-27 22:00:00+00:00,-1.278472421300538,-1.278472421300538,1.822820280548064,0.544347859247526,3.694956033324993,4.94785900619952,True,ok,,0.2,0.07,0.084
2020-11-27 23:00:00+00:00,-1.3208144790925294,-1.3208144790925294,1.491576090122366,0.17076161102983659,4.94785900619952,6.242257195710199,True,ok,,0.2,0.07,0.084
2020-11-28 00:00:00+00:00,-1.304172746306744,-1.304172746306744,1.4506870238656004,0.14651427755885646,6.242257195710199,7.520346487090808,True,ok,,0.2,0.07,0.084
2020-11-28 01:00:00+00:00,-1.3347981677377492,-1.3347981677377492,1.4692439731416704,0.13444580540392123,7.520346487090808,8.828448691473803,True,ok,,0.2,0.07,0.084
2020-11-28 02:00:00+00:00,-1.3991918094226599,-1.3991918094226599,1.598677892726217,0.19948608330355716,8.828448691473803,10.199656664708009,True,ok,,0.2,0.07,0.084
2020-11-28 03:00:00+00:00,-1.445731150457569,-1.445731150457569,2.182826984484965,0.7370958340273959,10.199656664708009,11.616473192156427,True,ok,,0.2,0.07,0.084
2020-11-28 04:00:00+00:00,-2.2280882883230593,-2.2280882883230593,2.6468175084882057,0.41872922016514663,11.616473192156427,13.799999714713024,True,ok,,0.2,0.07,0.084
2020-11-28 05:00:00+00:00,0.28499713181866465,0.28499713181866465,0.0878882286077094,0.37288536042637405,13.799999714713024,13.509186314898061,True,ok,,0.3,0.1,0.084
2020-11-28 06:00:00+00:00,0.08589009039618332,0.08589009039618332,0.05999296519010171,0.14588305558628503,13.509186314898061,13.4215433655142,True,ok,,0.3,0.1,0.084
2020-11-28 07:00:00+00:00,0.7810101694013876,0.7810101694013876,0.3104258684219541,1.0914360378233416,13.4215433655142,12.624594213063805,True,ok,,0.3,0.1,0.084
2020-11-28 08:00:00+00:00,3.902471382107519,3.902471382107519,1.7749497990358645,5.677421181143384,12.624594213063805,8.64248055785205,True,ok,,0.3,0.1,0.084
2020-11-28 09:00:00+00:00,1.2113618728669378,1.2113618728669378,0.6398418680550351,1.8512037409219728,8.64248055785205,7.406397014110277,True,ok,,0.3,0.1,0.084
2020-11-28 10:00:00+00:00,0.6858581302920013,0.6858581302920013,0.46959507101318065,1.155453201305182,7.406397014110277,6.706541779118439,True,ok,,0.3,0.1,0.084
2020-11-28 11:00:00+00:00,0.48101091057330136,0.48101091057330136,0.360062209638797,0.8410731202120983,6.706541779118439,6.215714319349764,True,ok,,0.3,0.1,0.084
2020-11-28 12:00:00+00:00,0.7673124549544024,0.7673124549544024,0.49590666348205015,1.2632191184364525,6.215714319349764,5.432742426539149,True,ok,,0.3,0.1,0.084
2020-11-28 13:00:00+00:00,0.5029608850400645,0.5029608850400645,0.3605907076894026,0.8635515927294671,5.432742426539149,4.9195170336411245,True,ok,,0.3,0.1,0.084
2020-11-28 14:00:00+00:00,0.4094759029945531,0.4094759029945531,0.30067312538652585,0.710149028381079,4.9195170336411245,4.50168447956505,True,ok,,0.3,0.1,0.084
2020-11-28 15:00:00+00:00,0.5391048655447642,0.5391048655447642,0.34965696297205384,0.8887618285168181,4.50168447956505,3.951577473907127,True,ok,,0.3,0.1,0.084
2020-11-28 16:00:00+00:00,0.8886163015670726,0.8886163015670726,4.173602574653046e-09,0.8886163057406752,3.951577473907127,3.0448261457774612,True,ok,,0.4,0.18,0.084
2020-11-28 17:00:00+00:00,1.4898921404023944,1.4898921404023944,4.1716663456980996e-09,1.4898921445740607,3.0448261457774612,1.5245280433260384,True,ok,,0.4,0.18,0.084
2020-11-28 18:00:00+00:00,1.2646507463738361,1.2646507463738361,4.170500389477638e-09,1.2646507505443365,1.5245280433260384,0.23406809804661388,True,ok,,0.4,0.18,0.084
2020-11-28 19:00:00+00:00,0.22938632903156272,0.22938632903156272,4.169103562379206e-09,0.2293863332006663,0.23406809804661388,4.1536134579023276e-07,True,ok,,0.4,0.18,0.084
2020-11-28 20:00:00+00:00,-1.7138018530562775,-1.7138018530562775,2.402782740755405,0.6889808876991278,4.1536134579023276e-07,1.6795262313564978,True,ok,,0.2,0.07,0.084
2020-11-28 21:00:00+00:00,-1.206118936949137,-1.206118936949137,1.4540098808339867,0.24789094388484975,1.6795262313564978,2.861522789566652,True,ok,,0.2,0.07,0.084
2020-11-28 22:00:00+00:00,-0.8835678606919773,-0.8835678606919773,1.5540515559923975,0.6704836953004202,2.861522789566652,3.7274192930447896,True,ok,,0.2,0.07,0.084
2020-11-28 23:00:00+00:00,-0.9320175535177977,-0.9320175535177977,1.1397236648032192,0.2077061112854216,3.7274192930447896,4.640796495492231,True,ok,,0.2,0.07,0.084
2020-11-29 00:00:00+00:00,-0.9213708770710303,-0.9213708770710303,1.0304424325424506,0.10907155547142039,4.640796495492231,5.543739955021841,True,ok,,0.2,0.07,0.084
2020-11-29 01:00:00+00:00,-0.8753848263527987,-0.8753848263527987,1.0278992706722059,0.15251444431940717,5.543739955021841,6.401617084847583,True,ok,,0.2,0.07,0.084
2020-11-29 02:00:00+00:00,-0.8434951893555965,-0.8434951893555965,1.039190078339429,0.19569488898383247,6.401617084847583,7.228242370416067,True,ok,,0.2,0.07,0.084
2020-11-29 03:00:00+00:00,-0.7743477202151204,-0.7743477202151204,1.213470358657902,0.4391226384427816,7.228242370416067,7.987103136226885,True,ok,,0.2,0.07,0.084
2020-11-29 04:00:00+00:00,-0.6830614030990817,-0.6830614030990817,1.6946330435216912,1.0115716404226094,7.987103136226885,8.656503311263986,True,ok,,0.2,0.07,0.084
2020-11-29 05:00:00+00:00,0.40723540804765723,0.40723540804765723,1.463110367305731e-07,0.40723555435869396,8.656503311263986,8.24095697652148,True,ok,,0.3,0.1,0.084
2020-11-29 06:00:00+00:00,1.4274639880157811,1.4274639880157811,2.1022651242041945e-07,1.4274641982422935,8.24095697652148,6.784361070382927,True,ok,,0.3,0.1,0.084
2020-11-29 07:00:00+00:00,1.4027567177493383,1.4027567177493383,4.97194321047445e-07,1.4027572149436593,6.784361070382927,5.352976664516255,True,ok,,0.3,0.1,0.084
2020-11-29 08:00:00+00:00,0.8452244788301272,0.8452244788301272,4.971856957247667e-07,0.8452249760158229,5.352976664516255,4.490502706526329,True,ok,,0.3,0.1,0.084
2020-11-29 09:00:00+00:00,0.20476020540243392,0.20476020540243392,4.97170037361272e-07,0.20476070257247128,4.490502706526329,4.281563721421805,True,ok,,0.3,0.1,0.084
2020-11-29 10:00:00+00:00,0.05466831144712093,0.05466831144712093,4.971334186046339e-07,0.05466880858053953,4.281563721421805,4.225779730149233,True,ok,,0.3,0.1,0.084
2020-11-29 11:00:00+00:00,-0.3412028038128381,-0.3412028038128381,5.416274095892959e-10,-0.34120280327121066,4.225779730149233,4.560158477885814,True,ok,,0.3,0.1,0.084
2020-11-29 12:00:00+00:00,-1.452311279580302,-1.452311279580302,5.414859671759586e-10,-1.452311279038816,4.560158477885814,5.98342353187451,True,ok,,0.3,0.1,0.084
2020-11-29 13:00:00+00:00,-0.04913116425933772,-0.04913116425933772,5.414688836191672e-10,-0.04913116371786884,5.98342353187451,6.031572072848661,True,ok,,0.3,0.1,0.084
2020-11-29 14:00:00+00:00,0.246636244445653,0.246636244445653,4.970299317674787e-07,0.24663674147558476,6.031572072848661,5.779902435659219,True,ok,,0.3,0.1,0.084
2020-11-29 15:00:00+00:00,0.924503197546664,0.924503197546664,4.969959492839848e-07,0.9245036945426133,5.779902435659219,4.836531825917725,True,ok,,0.3,0.1,0.084
2020-11-29 16:00:00+00:00,1.8083811411732242,1.8083811411732242,2.110618346762294e-09,1.8083811432838426,4.836531825917725,2.9912449471695375,True,ok,,0.4,0.18,0.084
2020-11-29 17:00:00+00:00,1.1886248029292439,1.1886248029292439,2.11058570620537e-09,1.1886248050398296,2.9912449471695375,1.7783624952009212,True,ok,,0.4,0.18,0.084
2020-11-29 18:00:00+00:00,1.0523652476821932,1.0523652476821932,2.1105397429721506e-09,1.052365249792733,1.7783624952009212,0.7045204057292955,True,ok,,0.4,0.18,0.084
2020-11-29 19:00:00+00:00,0.6904277767719694,0.6904277767719694,2.110480790129543e-09,0.6904277788824502,0.7045204057292955,2.2661660613598755e-06,True,ok,,0.4,0.18,0.084
2020-11-29 20:00:00+00:00,-1.898592898795769,-1.898592898795769,2.408962313196823,0.5103694144010539,2.2661660613598755e-06,1.8606233069859148,True,ok,,0.2,0.07,0.084
2020-11-29 21:00:00+00:00,-1.2145210691925485,-1.2145210691925485,1.7964191237552227,0.5818980545626743,1.8606233069859148,3.0508539547946123,True,ok,,0.2,0.07,0.084
2020-11-29 22:00:00+00:00,-1.1536808981763034,-1.1536808981763034,1.3191391481134667,0.16545824993716338,3.0508539547946123,4.18146123500739,True,ok,,0.2,0.07,0.084
2020-11-29 23:00:00+00:00,-1.0515556354365778,-1.0515556354365778,1.2329646356505188,0.1814090002139409,4.18146123500739,5.211985757735237,True,ok,,0.2,0.07,0.084
2020-11-30 00:00:00+00:00,-1.0202580122727742,-1.0202580122727742,1.165310845745132,0.14505283347235784,5.211985757735237,6.211838609762555,True,ok,,0.2,0.07,0.084
2020-11-30 01:00:00+00:00,-0.9858406497886797,-0.9858406497886797,1.1716683718851229,0.1858277220964431,6.211838609762555,7.177962446555461,True,ok,,0.2,0.07,0.084
2020-11-30 02:00:00+00:00,-0.8186847825083248,-0.8186847825083248,1.5921931714753088,0.773508388966984,7.177962446555461,7.9802735334136194,True,ok,,0.2,0.07,0.084
2020-11-30 03:00:00+00:00,-0.7927059473273383,-0.7927059473273383,1.8689588403407615,1.0762528930134232,7.9802735334136194,8.757125361794412,True,ok,,0.2,0.07,0.084
2020-11-30 04:00:00+00:00,-0.919003410638675,-0.919003410638675,1.584601661088704,0.665598250450029,8.757125361794412,9.657748704220314,True,ok,,0.2,0.07,0.084
2020-11-30 05:00:00+00:00,0.1158955701285805,0.1158955701285805,4.019193313303804e-07,0.11589597204791183,9.657748704220314,9.539487918374823,True,ok,,0.3,0.1,0.084
2020-11-30 06:00:00+00:00,0.7240910152253002,0.7240910152253002,4.015522039324537e-07,0.7240914167775041,9.539487918374823,8.800619535491863,True,ok,,0.3,0.1,0.084
2020-11-30 07:00:00+00:00,-0.12126464925685466,-0.12126464925685466,-5.8835991634254015e-12,-0.12126464926273826,8.800619535491863,8.91945889176358,True,ok,,0.3,0.1,0.084
2020-11-30 08:00:00+00:00,-1.6574354854498208,-1.6574354854498208,-1.1019629653219454e-11,-1.6574354854608404,8.91945889176358,10.543745667504405,True,ok,,0.3,0.1,0.084
2020-11-30 09:00:00+00:00,-1.4779975184399048,-1.4779975184399048,-1.219380152406302e-11,-1.4779975184520986,10.543745667504405,11.992183235575512,True,ok,,0.3,0.1,0.084
2020-11-30 10:00:00+00:00,-0.4730516993193689,-0.4730516993193689,-1.3529788400745701e-11,-0.4730516993328987,11.992183235575512,12.455773900908493,True,ok,,0.3,0.1,0.084
2020-11-30 11:00:00+00:00,-0.6402256253757379,-0.6402256253757379,-1.72046821234062e-11,-0.6402256253929426,12.455773900908493,13.083195013776717,True,ok,,0.3,0.1,0.084
2020-11-30 12:00:00+00:00,-0.7314333715383047,-0.7314333715383047,-2.0195178862536523e-11,-0.7314333715584999,13.083195013776717,13.799999717884255,True,ok,,0.3,0.1,0.084
2020-11-30 13:00:00+00:00,0.03844633230322608,0.03844633230322608,0.009016169573795398,0.04746250187702148,13.799999717884255,13.760768766554433,True,ok,,0.3,0.1,0.084
2020-11-30 14:00:00+00:00,0.8913594824101639,0.8913594824101639,0.0169176912333856,0.9082771736435495,13.760768766554433,12.851218274299164,True,ok,,0.3,0.1,0.084
2020-11-30 15:00:00+00:00,1.6692144108539708,1.6692144108539708,0.01736364343254082,1.6865780542865116,12.851218274299164,11.147938263223683,True,ok,,0.3,0.1,0.084
2020-11-30 16:00:00+00:00,1.481706936894077,1.481706936894077,4.175420675878172e-09,1.4817069410694976,11.147938263223683,9.635992409250134,True,ok,,0.4,0.18,0.084
2020-11-30 17:00:00+00:00,5.0000000249422945,5.0000000249422945,1.187999969717131,6.1879999946594255,9.635992409250134,4.533951567472283,True,ok,,0.4,0.18,0.084
2020-11-30 18:00:00+00:00,2.937772433936292,2.937772433936292,4.173953627173432e-09,2.9377724381102457,4.533951567472283,1.5362245940679027,True,ok,,0.4,0.18,0.084
2020-11-30 19:00:00+00:00,1.5054996995956664,1.5054996995956664,9.294058855857656e-10,1.5054997005250723,1.5362245940679027,4.1080701862483693e-07,True,ok,,0.4,0.18,0.084
2020-11-30 20:00:00+00:00,-2.348985579800319,-2.348985579800319,2.5450843022740997,0.1960987224737803,4.1080701862483693e-07,2.3020062790113314,True,ok,,0.2,0.07,0.084
2020-11-30 21:00:00+00:00,-1.3778015851899748,-1.3778015851899748,2.6783882160933246,1.30058663090335,2.3020062790113314,3.6522518324975066,True,ok,,0.2,0.07,0.084
2020-11-30 22:00:00+00:00,-1.476493298479431,-1.476493298479431,1.6452745205818085,0.16878122210237756,3.6522518324975066,5.099215265007349,True,ok,,0.2,0.07,0.084
2020-11-30 23:00:00+00:00,-1.401961000095877,-1.401961000095877,1.5299129443676007,0.12795194427172354,5.099215265007349,6.473137045101308,True,ok,,0.2,0.07,0.084
2020-12-01 00:00:00+00:00,-1.293760051207867,-1.293760051207867,1.7749411917393014,0.48118114053143424,6.473137045101308,7.741021895285018,True,ok,,0.2,0.07,0.084
2020-12-01 01:00:00+00:00,-1.409768366131024,-1.409768366131024,1.5323012830106781,0.12253291687965412,7.741021895285018,9.122594894093421,True,ok,,0.2,0.07,0.084
2020-12-01 02:00:00+00:00,-1.0921413497083854,-1.0921413497083854,3.171272294453133,2.0791309447447475,9.122594894093421,10.192893416807639,True,ok,,0.2,0.07,0.084
2020-12-01 03:00:00+00:00,-1.5420193804946598,-1.5420193804946598,2.3955592961623005,0.8535399156676405,10.192893416807639,11.704072409692404,True,ok,,0.2,0.07,0.084
2020-12-01 04:00:00+00:00,-2.138701331681654,-2.138701331681654,4.2680419221454,2.129340590463746,11.704072409692404,13.799999714740425,True,ok,,0.2,0.07,0.084
2020-12-01 05:00:00+00:00,0.008746473554599076,0.008746473554599076,1.2671082271961767,1.2758547007507757,13.799999714740425,13.791074741725527,True,ok,,0.3,0.1,0.084
2020-12-01 06:00:00+00:00,0.004376053471674824,0.004376053471674824,1.3704263577560805,1.3748024112277553,13.791074741725527,13.786609381040146,True,ok,,0.3,0.1,0.084
2020-12-01 07:00:00+00:00,0.00328530189752656,0.00328530189752656,2.0633479427494863,2.066633244647013,13.786609381040146,13.78325703216512,True,ok,,0.3,0.1,0.084
2020-12-01 08:00:00+00:00,0.0027274616014430083,0.0027274616014430083,0.5347956526517434,0.5375231142531864,13.78325703216512,13.780473908082014,True,ok,,0.3,0.1,0.084
2020-12-01 09:00:00+00:00,0.002386235653644257,0.002386235653644257,0.509106954925205,0.5114931905788492,13.780473908082014,13.77803897374156,True,ok,,0.3,0.1,0.084
2020-12-01 10:00:00+00:00,0.0021380592649443814,0.0021380592649443814,0.23979575991420746,0.24193381917915183,13.77803897374156,13.775857280614067,True,ok,,0.3,0.1,0.084
2020-12-01 11:00:00+00:00,0.0019681268731470023,0.0019681268731470023,0.4186083887074475,0.4205765155805945,13.775857280614067,13.773848987886366,True,ok,,0.3,0.1,0.084
2020-12-01 12:00:00+00:00,0.0018332404744482542,0.0018332404744482542,1.0740115708067592,1.0758448112812076,13.773848987886366,13.77197833434101,True,ok,,0.3,0.1,0.084
2020-12-01 13:00:00+00:00,0.001718501385128604,0.001718501385128604,0.9967861584769522,0.9985046598620808,13.77197833434101,13.770224761499042,True,ok,,0.3,0.1,0.084
2020-12-01 14:00:00+00:00,0.0016248336502666964,0.0016248336502666964,2.5687746188718013,2.570399452522068,13.770224761499042,13.768566767978362,True,ok,,0.3,0.1,0.084
2020-12-01 15:00:00+00:00,0.0015440501671765338,0.0015440501671765338,5.014622563100854,5.01616661326803,13.768566767978362,13.766991206583283,True,ok,,0.3,0.1,0.084
2020-12-01 16:00:00+00:00,5.000000024942888,5.000000024942888,0.6733668653551073,5.673366890297995,13.766991206583283,8.664950364804826,True,ok,,0.4,0.18,0.084
2020-12-01 17:00:00+00:00,4.759984961315692,4.759984961315692,4.17295265009443e-09,4.759984965488645,8.664950364804826,3.807822853258201,True,ok,,0.4,0.18,0.084
2020-12-01 18:00:00+00:00,2.9067290202905935,2.9067290202905935,4.172635570398597e-09,2.906729024463229,3.807822853258201,0.8417728325535134,True,ok,,0.4,0.18,0.084
2020-12-01 19:00:00+00:00,0.8249369696990484,0.8249369696990484,4.172077350261816e-09,0.8249369738711257,0.8417728325535134,4.144932599370321e-07,True,ok,,0.4,0.18,0.084
2020-12-01 20:00:00+00:00,-2.2889793322038083,-2.2889793322038083,3.080487111444418,0.7915077792406097,4.144932599370321e-07,2.243200160052992,True,ok,,0.2,0.07,0.084
2020-12-01 21:00:00+00:00,-1.2901616976122119,-1.2901616976122119,3.6187147736065963,2.3285530759943844,2.243200160052992,3.50755862371296,True,ok,,0.2,0.07,0.084
2020-12-01 22:00:00+00:00,-1.4745684876842162,-1.4745684876842162,1.6967026546825497,0.22213416699833347,3.50755862371296,4.952635741643492,True,ok,,0.2,0.07,0.084
2020-12-01 23:00:00+00:00,-1.409361331614389,-1.409361331614389,1.5416918871725935,0.13233055555820453,4.952635741643492,6.333809846625593,True,ok,,0.2,0.07,0.084
2020-12-02 00:00:00+00:00,-1.3754486735118474,-1.3754486735118474,1.5273496458040057,0.15190097229215824,6.333809846625593,7.681749546667204,True,ok,,0.2,0.07,0.084
2020-12-02 01:00:00+00:00,-1.2840426343481655,-1.2840426343481655,1.7759190799833253,0.4918764456351599,7.681749546667204,8.940111328328406,True,ok,,0.2,0.07,0.084
2020-12-02 02:00:00+00:00,-1.1165736928703593,-1.1165736928703593,2.992987688478055,1.8764139956076955,8.940111328328406,10.034353547341357,True,ok,,0.2,0.07,0.084
2020-12-02 03:00:00+00:00,-1.4795136813210665,-1.4795136813210665,2.5200155112154494,1.040501829894383,10.034353547341357,11.484276955036002,True,ok,,0.2,0.07,0.084
2020-12-02 04:00:00+00:00,-2.362982792499437,-2.362982792499437,2.6719053183318255,0.30892252583238844,11.484276955036002,13.8,True,ok,,0.2,0.07,0.084
2020-12-02 05:00:00+00:00,1.41585309874693e-07,1.41585309874693e-07,0.49056835936529175,0.4905685009506016,13.8,13.799999855525195,True,ok,,0.3,0.1,0.084
2020-12-02 06:00:00+00:00,7.177534750668864e-08,7.177534750668864e-08,2.0001111456969425,2.00011121747229,13.799999855525195,13.799999782285045,True,ok,,0.3,0.1,0.084
2020-12-02 07:00:00+00:00,4.33042735325508e-08,4.33042735325508e-08,0.6551491049247996,0.6551491482290731,13.799999782285045,13.79999973809701,True,ok,,0.3,0.1,0.084
2020-12-02 08:00:00+00:00,-1.6442902398522257e-08,-1.6442902398522257e-08,1.4830781434998777,1.4830781270569753,13.79999973809701,13.799999754211056,True,ok,,0.3,0.1,0.084
2020-12-02 09:00:00+00:00,1.8303638717734526e-08,1.8303638717734526e-08,0.5208311430966376,0.5208311614002763,13.799999754211056,13.799999735533873,True,ok,,0.3,0.1,0.084
2020-12-02 10:00:00+00:00,4.420688099487001e-09,4.420688099487001e-09,0.27360251375497435,0.27360251817566245,13.799999735533873,13.799999731022968,True,ok,,0.3,0.1,0.084
2020-12-02 11:00:00+00:00,-8.687538171293357e-09,-8.687538171293357e-09,0.4028095416208471,0.4028095329333089,13.799999731022968,13.799999739536755,True,ok,,0.3,0.1,0.084
2020-12-02 12:00:00+00:00,-2.2847023957270414e-08,-2.2847023957270414e-08,2.327893383202554,2.3278933603555303,13.799999739536755,13.799999761926838,True,ok,,0.3,0.1,0.084
2020-12-02 13:00:00+00:00,-4.057289027165195e-08,-4.057289027165195e-08,1.8308610459903958,1.8308610054175054,13.799999761926838,13.799999801688271,True,ok,,0.3,0.1,0.084
2020-12-02 14:00:00+00:00,-6.782589514412913e-08,-6.782589514412913e-08,2.6229376802190605,2.6229376123931654,13.799999801688271,13.799999868157649,True,ok,,0.3,0.1,0.084
2020-12-02 15:00:00+00:00,-1.3142450618209145e-07,-1.3142450618209145e-07,5.493159979785868,5.493159848361362,13.799999868157649,13.799999996953664,True,ok,,0.3,0.1,0.084
2020-12-02 16:00:00+00:00,4.549729211230694,4.549729211230694,0.11970884531774129,4.669438056548436,13.799999996953664,9.157419169167241,True,ok,,0.4,0.18,0.084
2020-12-02 17:00:00+00:00,4.895242233520763,4.895242233520763,1.041091123100765,5.936333356621528,9.157419169167241,4.162274032921564,True,ok,,0.4,0.18,0.084
2020-12-02 18:00:00+00:00,3.4098206732668856,3.4098206732668856,0.09941822725683114,3.509238900523717,4.162274032921564,0.6828651826492318,True,ok,,0.4,0.18,0.084
2020-12-02 19:00:00+00:00,0.6692078647645864,0.6692078647645864,0.076909551988122,0.7461174167527084,0.6828651826492318,1.4522102853575802e-08,True,ok,,0.4,0.18,0.084
2020-12-02 20:00:00+00:00,-2.183037203045496,-2.183037203045496,3.2575787805197716,1.0745415774742755,1.4522102853575802e-08,2.1393764735066894,True,ok,,0.2,0.07,0.084
2020-12-02 21:00:00+00:00,-1.6985841515147648,-1.6985841515147648,1.8634741237591335,0.1648899722443686,2.1393764735066894,3.803988941991159,True,ok,,0.2,0.07,0.084
2020-12-02 22:00:00+00:00,-1.488409881439058,-1.488409881439058,1.6332116866306279,0.14480180519156985,3.803988941991159,5.262630625801435,True,ok,,0.2,0.07,0.084
2020-12-02 23:00:00+00:00,-1.2774000381837252,-1.2774000381837252,1.7624480365935256,0.48504799840980034,5.262630625801435,6.514482663221486,True,ok,,0.2,0.07,0.084
2020-12-03 00:00:00+00:00,-1.2862105821944745,-1.2862105821944745,1.6932664150016972,0.40705583280722263,6.514482663221486,7.774969033772071,True,ok,,0.2,0.07,0.084
2020-12-03 01:00:00+00:00,-1.4160144669510517,-1.4160144669510517,1.5905081612511733,0.17449369430012157,7.774969033772071,9.162663211384102,True,ok,,0.2,0.07,0.084
2020-12-03 02:00:00+00:00,-1.1318305687098207,-1.1318305687098207,3.1322495473002565,2.0004189785904356,9.162663211384102,10.271857168719725,True,ok,,0.2,0.07,0.084
2020-12-03 03:00:00+00:00,-1.2950994761103496,-1.2950994761103496,4.19400930185392,2.89890982574357,10.271857168719725,11.541054655307867,True,ok,,0.2,0.07,0.084
2020-12-03 04:00:00+00:00,-2.305046281153687,-2.305046281153687,3.422438310674888,1.117392029521201,11.541054655307867,13.8,True,ok,,0.2,0.07,0.084
2020-12-03 05:00:00+00:00,1.415852159138337e-07,1.415852159138337e-07,0.11113788623643091,0.11113802782164682,13.8,13.799999855525291,True,ok,,0.3,0.1,0.084
2020-12-03 06:00:00+00:00,7.177538006571617e-08,7.177538006571617e-08,1.6723983248570256,1.6723983966324056,13.799999855525291,13.799999782285107,True,ok,,0.3,0.1,0.084
2020-12-03 07:00:00+00:00,4.330424847921282e-08,4.330424847921282e-08,0.1497794355529125,0.149779478857161,13.799999782285107,13.7999997380971,True,ok,,0.3,0.1,0.084
2020-12-03 08:00:00+00:00,2.533442945367548e-08,2.533442945367548e-08,0.8132906056140693,0.8132906309484987,13.7999997380971,13.799999712245642,True,ok,,0.3,0.1,0.084
2020-12-03 09:00:00+00:00,1.1422444439764771e-08,1.1422444439764771e-08,0.42498033769760823,0.42498034912005267,13.799999712245642,13.799999700590087,True,ok,,0.3,0.1,0.084
2020-12-03 10:00:00+00:00,-9.339094790223127e-10,-9.339094790223127e-10,0.5124134193487669,0.5124134184148574,13.799999700590087,13.799999701505318,True,ok,,0.3,0.1,0.084
2020-12-03 11:00:00+00:00,-3.801610202612921e-08,-3.801610202612921e-08,0.4695878450003933,0.46958780698429126,13.799999701505318,13.799999738761098,True,ok,,0.3,0.1,0.084
2020-12-03 12:00:00+00:00,-4.519007373300807e-08,-4.519007373300807e-08,1.1199085552330466,1.1199085100429729,13.799999738761098,13.79999978304737,True,ok,,0.3,0.1,0.084
2020-12-03 13:00:00+00:00,-3.6189342287399864e-08,-3.6189342287399864e-08,0.5975752224167243,0.597575186227382,13.79999978304737,13.799999818512926,True,ok,,0.3,0.1,0.084
2020-12-03 14:00:00+00:00,-6.295607156206428e-08,-6.295607156206428e-08,1.9649009561344601,1.9649008931783887,13.799999818512926,13.799999880209876,True,ok,,0.3,0.1,0.084
2020-12-03 15:00:00+00:00,-1.2449075149312246e-07,-1.2449075149312246e-07,5.978048603123714,5.978048478632962,13.799999880209876,13.8,True,ok,,0.3,0.1,0.084
2020-12-03 16:00:00+00:00,2.574763833334217,2.574763833334217,0.4320997205143149,3.006863553848532,13.8,11.172689965985494,True,ok,,0.4,0.18,0.084
2020-12-03 17:00:00+00:00,4.4551854858321045,4.4551854858321045,1.8676903846394266,6.322875870471531,11.172689965985494,6.626582327381306,True,ok,,0.4,0.18,0.084
2020-12-03 18:00:00+00:00,4.070952564213634,4.070952564213634,0.7880469646765516,4.858999528890186,6.626582327381306,2.472549098591883,True,ok,,0.4,0.18,0.084
2020-12-03 19:00:00+00:00,2.4230981026773173,2.4230981026773173,0.4171556219480599,2.840253724625377,2.472549098591883,1.422727358146858e-08,True,ok,,0.4,0.18,0.084
2020-12-03 20:00:00+00:00,-2.2604671482472645,-2.2604671482472645,3.1794261749124217,0.918959026665157,1.422727358146858e-08,2.215257819509593,True,ok,,0.2,0.07,0.084
2020-12-03 21:00:00+00:00,-1.517141674234653,-1.517141674234653,2.414687340590209,0.8975456663555563,2.215257819509593,3.7020566602595526,True,ok,,0.2,0.07,0.084
2020-12-03 22:00:00+00:00,-1.5072954708563493,-1.5072954708563493,1.6830945265041992,0.17579905564785,3.7020566602595526,5.179206221698775,True,ok,,0.2,0.07,0.084
2020-12-03 23:00:00+00:00,-1.3141938617710067,-1.3141938617710067,1.7611850863698906,0.44699122459888385,5.179206221698775,6.467116206234361,True,ok,,0.2,0.07,0.084
2020-12-04 00:00:00+00:00,-1.2816123230247085,-1.2816123230247085,1.7658252684912794,0.484212945466571,6.467116206234361,7.723096282798576,True,ok,,0.2,0.07,0.084
2020-12-04 01:00:00+00:00,-1.2304284203670766,-1.2304284203670766,2.0275580612509465,0.7971296408838698,7.723096282798576,8.92891613475831,True,ok,,0.2,0.07,0.084
2020-12-04 02:00:00+00:00,-1.256016254087655,-1.256016254087655,2.440512090210486,1.1844958361228315,8.92891613475831,10.159812063764212,True,ok,,0.2,0.07,0.084
2020-12-04 03:00:00+00:00,-1.538700923721122,-1.538700923721122,2.6089800682519493,1.0702791445308273,10.159812063764212,11.667738969010912,True,ok,,0.2,0.07,0.084
2020-12-04 04:00:00+00:00,-2.175776271129595,-2.175776271129595,4.459665995355062,2.283889724225466,11.667738969010912,13.799999714717917,True,ok,,0.2,0.07,0.084
2020-12-04 05:00:00+00:00,0.5760415927504287,0.5760415927504287,1.0797874344281246,1.6558290271785532,13.799999714717917,13.21220217109503,True,ok,,0.3,0.1,0.084
2020-12-04 06:00:00+00:00,0.36749709838997363,0.36749709838997363,2.5452459310640454,2.912743029454019,13.21220217109503,12.837205131921587,True,ok,,0.3,0.1,0.084
2020-12-04 07:00:00+00:00,0.28227153243887465,0.28227153243887465,2.812665857974721,3.0949373904135955,12.837205131921587,12.549172955963552,True,ok,,0.3,0.1,0.084
2020-12-04 08:00:00+00:00,0.10876685622866589,0.10876685622866589,0.1783734809118674,0.2871403371405333,12.549172955963552,12.438186367975117,True,ok,,0.3,0.1,0.084
2020-12-04 09:00:00+00:00,0.11493671107899321,0.11493671107899321,0.22608214574504465,0.3410188568240379,12.438186367975117,12.320904009731246,True,ok,,0.3,0.1,0.084
2020-12-04 10:00:00+00:00,0.006769317233753934,0.006769317233753934,0.006982937929676357,0.013752255163430292,12.320904009731246,12.31399654316619,True,ok,,0.3,0.1,0.084
2020-12-04 11:00:00+00:00,-0.5714141302091558,-0.5714141302091558,2.916668684349588e-09,-0.5714141272924871,12.31399654316619,12.873982390771163,True,ok,,0.3,0.1,0.084
2020-12-04 12:00:00+00:00,0.13108691290137317,0.13108691290137317,0.8551277149853593,0.9862146278867325,12.873982390771163,12.740220234749353,True,ok,,0.3,0.1,0.084
2020-12-04 13:00:00+00:00,0.1308265477942837,0.1308265477942837,2.8068141466265377,2.9376406944208213,12.740220234749353,12.606723757408247,True,ok,,0.3,0.1,0.084
2020-12-04 14:00:00+00:00,0.11861041046021345,0.11861041046021345,2.3191866165799544,2.4377970270401677,12.606723757408247,12.485692726326397,True,ok,,0.3,0.1,0.084
2020-12-04 15:00:00+00:00,0.11195309129132902,0.11195309129132902,4.510580225904449,4.622533317195778,12.485692726326397,12.371454878069938,True,ok,,0.3,0.1,0.084
2020-12-04 16:00:00+00:00,4.318990136470047,4.318990136470047,4.172013845504807e-09,4.318990140642061,12.371454878069938,7.9643220857535635,True,ok,,0.4,0.18,0.084
2020-12-04 17:00:00+00:00,4.591173501012721,4.591173501012721,4.1716665677427045e-09,4.591173505184387,7.9643220857535635,3.2794511663528283,True,ok,,0.4,0.18,0.084
2020-12-04 18:00:00+00:00,2.3344978019379847,2.3344978019379847,4.171336609459786e-09,2.3344978061093213,3.2794511663528283,0.8973105521303948,True,ok,,0.4,0.18,0.084
2020-12-04 19:00:00+00:00,0.8793639346669606,0.8793639346669606,4.17062129276502e-09,0.8793639388375819,0.8973105521303948,4.1471512879365235e-07,True,ok,,0.4,0.18,0.084
2020-12-04 20:00:00+00:00,-2.267786838736898,-2.267786838736898,3.4062942733196087,1.1385074345827109,4.1471512879365235e-07,2.2224315166772888,True,ok,,0.2,0.07,0.084
2020-12-04 21:00:00+00:00,-1.5447771666915309,-1.5447771666915309,2.482077336003159,0.937300169311628,2.2224315166772888,3.736313140034989,True,ok,,0.2,0.07,0.084
2020-12-04 22:00:00+00:00,-1.1683200518135626,-1.1683200518135626,2.839266464726567,1.6709464129130043,3.736313140034989,4.88126679081228,True,ok,,0.2,0.07,0.084
2020-12-04 23:00:00+00:00,-1.154741448688836,-1.154741448688836,2.2596407259308586,1.1048992772420227,4.88126679081228,6.012913410527339,True,ok,,0.2,0.07,0.084
2020-12-05 00:00:00+00:00,-1.4063061025144503,-1.4063061025144503,1.5342726301698402,0.12796652765538993,6.012913410527339,7.3910933909915,True,ok,,0.2,0.07,0.084
2020-12-05 01:00:00+00:00,-1.424541400170403,-1.424541400170403,1.5626672890663913,0.13812588889598823,7.3910933909915,8.787143963158496,True,ok,,0.2,0.07,0.084
2020-12-05 02:00:00+00:00,-1.4907604788682207,-1.4907604788682207,1.7125218950650438,0.22176141619682305,8.787143963158496,10.248089232449352,True,ok,,0.2,0.07,0.084
2020-12-05 03:00:00+00:00,-1.4146172635123253,-1.4146172635123253,2.9163669259672487,1.5017496624549236,10.248089232449352,11.63441415069143,True,ok,,0.2,0.07,0.084
2020-12-05 04:00:00+00:00,-2.209781187779483,-2.209781187779483,3.709725553781565,1.4999443660020821,11.63441415069143,13.799999714715323,True,ok,,0.2,0.07,0.084
2020-12-05 05:00:00+00:00,0.45683775743149974,0.45683775743149974,0.29710229978789954,0.7539400572193993,13.799999714715323,13.333838737744404,True,ok,,0.3,0.1,0.084
2020-12-05 06:00:00+00:00,0.43280627246532954,0.43280627246532954,0.6821760899242347,1.1149823623895643,13.333838737744404,12.892199684208354,True,ok,,0.3,0.1,0.084
2020-12-05 07:00:00+00:00,0.4717749189396996,0.4717749189396996,3.4663782707092796,3.938153189648979,12.892199684208354,12.410796705698456,True,ok,,0.3,0.1,0.084
2020-12-05 08:00:00+00:00,0.31950918635069575,0.31950918635069575,1.3073461215121622,1.626855307862858,12.410796705698456,12.08476692370795,True,ok,,0.3,0.1,0.084
2020-12-05 09:00:00+00:00,0.23756486588377337,0.23756486588377337,0.6991981630190701,0.9367630289028435,12.08476692370795,11.84235379525512,True,ok,,0.3,0.1,0.084
2020-12-05 10:00:00+00:00,0.2565205856492984,0.2565205856492984,1.4187079495936215,1.67522853524292,11.84235379525512,11.580598095612979,True,ok,,0.3,0.1,0.084
2020-12-05 11:00:00+00:00,0.326594135478611,0.326594135478611,2.2445976083005723,2.5711917437791834,11.580598095612979,11.247338773696029,True,ok,,0.3,0.1,0.084
2020-12-05 12:00:00+00:00,0.22266703634117196,0.22266703634117196,4.5624887864659,4.785155822807072,11.247338773696029,11.020127512123405,True,ok,,0.3,0.1,0.084
2020-12-05 13:00:00+00:00,0.20789751566410225,0.20789751566410225,3.29104558873794,3.4989431044020423,11.020127512123405,10.80798719001718,True,ok,,0.3,0.1,0.084
2020-12-05 14:00:00+00:00,0.1886388416597582,0.1886388416597582,1.6753852512539218,1.86402409291368,10.80798719001718,10.61549857607865,True,ok,,0.3,0.1,0.084
2020-12-05 15:00:00+00:00,0.18998155464749059,0.18998155464749059,2.9577926216536796,3.14777417630117,10.61549857607865,10.421639846846517,True,ok,,0.3,0.1,0.084
2020-12-05 16:00:00+00:00,1.635609021083743,1.635609021083743,4.1720960020086295e-09,1.635609025255839,10.421639846846517,8.75265104982229,True,ok,,0.4,0.18,0.084
2020-12-05 17:00:00+00:00,4.250238775299606,4.250238775299606,4.171051060097852e-09,4.250238779470657,8.75265104982229,4.415672707679835,True,ok,,0.4,0.18,0.084
2020-12-05 18:00:00+00:00,2.646048157706833,2.646048157706833,4.170692680105503e-09,2.6460481618775256,4.415672707679835,1.715623567162659,True,ok,,0.4,0.18,0.084
2020-12-05 19:00:00+00:00,1.681310689464808,1.681310689464808,4.1700731756577625e-09,1.6813106936348812,1.715623567162659,4.146475487409873e-07,True,ok,,0.4,0.18,0.084
2020-12-05 20:00:00+00:00,-2.2008371522582704,-2.2008371522582704,3.1296990380443277,0.9288618857860572,4.146475487409873e-07,2.1568208238606537,True,ok,,0.2,0.07,0.084
2020-12-05 21:00:00+00:00,-1.4657944992578542,-1.4657944992578542,2.343491336868523,0.8776968376106689,2.1568208238606537,3.5932994331333505,True,ok,,0.2,0.07,0.084
2020-12-05 22:00:00+00:00,-1.4601667361333444,-1.4601667361333444,1.6176092917198415,0.15744255558649706,3.5932994331333505,5.024262834544028,True,ok,,0.2,0.07,0.084
2020-12-05 23:00:00+00:00,-1.3616425544883655,-1.3616425544883655,1.5302634988611783,0.16862094437281291,5.024262834544028,6.358672537942626,True,ok,,0.2,0.07,0.084
2020-12-06 00:00:00+00:00,-1.2637450166748139,-1.2637450166748139,1.7464207144094348,0.482675697734621,6.358672537942626,7.597142654283943,True,ok,,0.2,0.07,0.084
2020-12-06 01:00:00+00:00,-1.3656523993223852,-1.3656523993223852,1.5115276770402934,0.14587527771790817,7.597142654283943,8.935482005619882,True,ok,,0.2,0.07,0.084
2020-12-06 02:00:00+00:00,-1.3206563913829272,-1.3206563913829272,1.870737504289596,0.5500811129066687,8.935482005619882,10.22972526917515,True,ok,,0.2,0.07,0.084
2020-12-06 03:00:00+00:00,-1.4740863310337033,-1.4740863310337033,2.3497422222958644,0.8756558912621611,10.22972526917515,11.67432987358818,True,ok,,0.2,0.07,0.084
2020-12-06 04:00:00+00:00,-2.169050858296021,-2.169050858296021,3.3875367745025926,1.2184859162065718,11.67432987358818,13.79999971471828,True,ok,,0.2,0.07,0.084
2020-12-06 05:00:00+00:00,0.573574214458784,0.573574214458784,0.6928151773873436,1.2663893918461275,13.79999971471828,13.214719904046053,True,ok,,0.3,0.1,0.084
2020-12-06 06:00:00+00:00,0.38395332658840786,0.38395332658840786,1.2660787038085826,1.6500320303969904,13.214719904046053,12.822930795282371,True,ok,,0.3,0.1,0.084
2020-12-06 07:00:00+00:00,0.33870223434840246,0.33870223434840246,4.130370103876974,4.469072338225376,12.822930795282371,12.477316270437063,True,ok,,0.3,0.1,0.084
2020-12-06 08:00:00+00:00,0.27564987445093725,0.27564987445093725,3.046907607146271,3.3225574815972085,12.477316270437063,12.19604088834427,True,ok,,0.3,0.1,0.084
2020-12-06 09:00:00+00:00,0.23740284934869116,0.23740284934869116,2.267026130873459,2.5044289802221504,12.19604088834427,11.95379308288642,True,ok,,0.3,0.1,0.084
2020-12-06 10:00:00+00:00,0.20510408776264996,0.20510408776264996,1.4114570017896664,1.6165610895523164,11.95379308288642,11.744503197414328,True,ok,,0.3,0.1,0.084
2020-12-06 11:00:00+00:00,0.20675927187449697,0.20675927187449697,3.719667645890013,3.92642691776451,11.744503197414328,11.533524348562802,True,ok,,0.3,0.1,0.084
2020-12-06 12:00:00+00:00,0.17442850139199276,0.17442850139199276,1.1447131335037999,1.3191416348957927,11.533524348562802,11.355536081836279,True,ok,,0.3,0.1,0.084
2020-12-06 13:00:00+00:00,0.1768452796323055,0.1768452796323055,1.9990116710855612,2.1758569507178667,11.355536081836279,11.175081714864538,True,ok,,0.3,0.1,0.084
2020-12-06 14:00:00+00:00,0.16984125913735543,0.16984125913735543,2.305182179557479,2.4750234386948344,11.175081714864538,11.001774307581522,True,ok,,0.3,0.1,0.084
2020-12-06 15:00:00+00:00,0.15769879988661814,0.15769879988661814,1.5467220703602136,1.7044208702468318,11.001774307581522,10.840857164840076,True,ok,,0.3,0.1,0.084
2020-12-06 16:00:00+00:00,2.590033837967748,2.590033837967748,4.172024503645844e-09,2.5900338421397726,10.840857164840076,8.197965493444414,True,ok,,0.4,0.18,0.084
2020-12-06 17:00:00+00:00,3.473708285080755,3.473708285080755,9.34436972244157e-10,3.4737082860151918,8.197965493444414,4.653365202545684,True,ok,,0.4,0.18,0.084
2020-12-06 18:00:00+00:00,2.771784885886075,2.771784885886075,4.1907735059965034e-09,2.7717848900768485,4.653365202545684,1.8250132781721384,True,ok,,0.4,0.18,0.084
2020-12-06 19:00:00+00:00,1.7885126095089934,1.7885126095089934,4.1901777603214896e-09,1.7885126136991711,1.8250132781721384,4.1132622685680076e-07,True,ok,,0.4,0.18,0.084
2020-12-06 20:00:00+00:00,-2.2128230321247906,-2.2128230321247906,2.4440657263569894,0.23124269423219868,4.1132622685680076e-07,2.1685669828085214,True,ok,,0.2,0.07,0.084
2020-12-06 21:00:00+00:00,-1.4973844580417188,-1.4973844580417188,2.2103955967669995,0.7130111387252807,2.1685669828085214,3.636003751689406,True,ok,,0.2,0.07,0.084
2020-12-06 22:00:00+00:00,-1.4805571582258998,-1.4805571582258998,1.638896269024206,0.158339110798306,3.636003751689406,5.086949766750788,True,ok,,0.2,0.07,0.084
2020-12-06 23:00:00+00:00,-1.3987111081109211,-1.3987111081109211,1.5650080252553786,0.16629691714445755,5.086949766750788,6.457686652699491,True,ok,,0.2,0.07,0.084
2020-12-07 00:00:00+00:00,-1.3791979252032296,-1.3791979252032296,1.5519660641787971,0.17276813897556748,6.457686652699491,7.809300619398655,True,ok,,0.2,0.07,0.084
2020-12-07 01:00:00+00:00,-1.3124280038891494,-1.3124280038891494,1.783136615435772,0.4707086115466227,7.809300619398655,9.095480063210022,True,ok,,0.2,0.07,0.084
2020-12-07 02:00:00+00:00,-1.1386442525168425,-1.1386442525168425,3.0195220899548962,1.8808778374380537,9.095480063210022,10.211351430676528,True,ok,,0.2,0.07,0.084
2020-12-07 03:00:00+00:00,-1.4452806625983325,-1.4452806625983325,2.3747921040940154,0.9295114414956831,10.211351430676528,11.627726480022893,True,ok,,0.2,0.07,0.084
2020-12-07 04:00:00+00:00,-2.2166056167813397,-2.2166056167813397,2.9915208681290943,0.7749152513477549,11.627726480022893,13.799999984468606,True,ok,,0.2,0.07,0.084
2020-12-07 05:00:00+00:00,0.09646428129630917,0.09646428129630917,0.050014829487691606,0.14647911078400078,13.799999984468606,13.70156704437033,True,ok,,0.3,0.1,0.084
2020-12-07 06:00:00+00:00,0.6794250677422046,0.6794250677422046,1.9230418485884502,2.6024669163306546,13.70156704437033,13.0082761589191,True,ok,,0.3,0.1,0.084
2020-12-07 07:00:00+00:00,0.2367103540192022,0.2367103540192022,0.43966044186441805,0.6763707958836203,13.0082761589191,12.766734981348486,True,ok,,0.3,0.1,0.084
2020-12-07 08:00:00+00:00,0.16072319038267838,0.16072319038267838,0.2813408286045611,0.44206401898723946,12.766734981348486,12.602731725855957,True,ok,,0.3,0.1,0.084
2020-12-07 09:00:00+00:00,0.1262040262850021,0.1262040262850021,0.21740188102437308,0.3436059073093752,12.602731725855957,12.47395210719779,True,ok,,0.3,0.1,0.084
2020-12-07 10:00:00+00:00,-0.0214005337854269,-0.0214005337854269,1.0581132116327385e-09,-0.02140053272731369,12.47395210719779,12.494924630307509,True,ok,,0.3,0.1,0.084
2020-12-07 11:00:00+00:00,-0.03541267006365653,-0.03541267006365653,2.9167026502352478e-09,-0.03541266714695388,12.494924630307509,12.529629046969893,True,ok,,0.3,0.1,0.084
2020-12-07 12:00:00+00:00,0.1555547708532063,0.1555547708532063,0.9833889768566044,1.1389437477098108,12.529629046969893,12.370899688956417,True,ok,,0.3,0.1,0.084
2020-12-07 13:00:00+00:00,0.13965976588035256,0.13965976588035256,0.8632941630775103,1.0029539289578628,12.370899688956417,12.228389723772384,True,ok,,0.3,0.1,0.084
2020-12-07 14:00:00+00:00,0.1443147984435278,0.1443147984435278,2.5161631247774396,2.6604779232209674,12.228389723772384,12.081129725360622,True,ok,,0.3,0.1,0.084
2020-12-07 15:00:00+00:00,0.1383805788096068,0.1383805788096068,4.859477752001421,4.997858330811028,12.081129725360622,11.939925053105922,True,ok,,0.3,0.1,0.084
2020-12-07 16:00:00+00:00,3.3673299549814484,3.3673299549814484,7.772800625360787e-09,3.367329962754249,11.939925053105922,8.503874078635057,True,ok,,0.4,0.18,0.084
2020-12-07 17:00:00+00:00,4.33886462254477,4.33886462254477,7.770266208240173e-09,4.338864630315036,8.503874078635057,4.076461198487333,True,ok,,0.4,0.18,0.084
2020-12-07 18:00:00+00:00,2.658048096226481,2.658048096226481,7.768313103895252e-09,2.658048103994794,4.076461198487333,1.3641672227460262,True,ok,,0.4,0.18,0.084
2020-12-07 19:00:00+00:00,1.3368837122782105,1.3368837122782105,7.764759057948822e-09,1.3368837200429695,1.3641672227460262,1.694009135189134e-07,True,ok,,0.4,0.18,0.084
2020-12-07 20:00:00+00:00,-2.1686141401882715,-2.1686141401882715,4.945370936752268,2.7767567965639968,1.694009135189134e-07,2.1252420267854193,True,ok,,0.2,0.07,0.084
2020-12-07 21:00:00+00:00,-1.5451644125126107,-1.5451644125126107,2.580105244457288,1.0349408319446771,2.1252420267854193,3.6395031510477778,True,ok,,0.2,0.07,0.084
2020-12-07 22:00:00+00:00,-1.310861695348038,-1.310861695348038,2.3830487791539703,1.072187083805932,3.6395031510477778,4.924147612488855,True,ok,,0.2,0.07,0.084
2020-12-07 23:00:00+00:00,-1.3536730545990403,-1.3536730545990403,1.8364711645860874,0.48279810998704714,4.924147612488855,6.250747205995914,True,ok,,0.2,0.07,0.084
2020-12-08 00:00:00+00:00,-1.3568840087308112,-1.3568840087308112,1.736163841806547,0.3792798330757359,6.250747205995914,7.580493534552109,True,ok,,0.2,0.07,0.084
2020-12-08 01:00:00+00:00,-1.224219981105373,-1.224219981105373,2.1867957643527904,0.9625757832474177,7.580493534552109,8.780229116035374,True,ok,,0.2,0.07,0.084
2020-12-08 02:00:00+00:00,-1.1742301130084845,-1.1742301130084845,3.065376421465011,1.8911463084565263,8.780229116035374,9.930974626783689,True,ok,,0.2,0.07,0.084
2020-12-08 03:00:00+00:00,-1.5520489431519697,-1.5520489431519697,2.582027970258996,1.0299790271070264,9.930974626783689,11.45198259107262,True,ok,,0.2,0.07,0.084
2020-12-08 04:00:00+00:00,-2.395935840438668,-2.395935840438668,2.8937715055427926,0.4978356651041245,11.45198259107262,13.799999714702514,True,ok,,0.2,0.07,0.084
2020-12-08 05:00:00+00:00,0.11065021391185331,0.11065021391185331,0.04819220283820719,0.1588424167500605,13.799999714702514,13.687091333159806,True,ok,,0.3,0.1,0.084
2020-12-08 06:00:00+00:00,1.0966172751051773,1.0966172751051773,0.34156650267482647,1.4381837777800037,13.687091333159806,12.568094113664728,True,ok,,0.3,0.1,0.084
2020-12-08 07:00:00+00:00,0.46612575083402663,0.46612575083402663,0.28996457718320356,0.7560903280172302,12.568094113664728,12.092455592405518,True,ok,,0.3,0.1,0.084
2020-12-08 08:00:00+00:00,0.23851403922891423,0.23851403922891423,0.18996687183496008,0.4284809110638743,12.092455592405518,11.849073919722953,True,ok,,0.3,0.1,0.084
2020-12-08 09:00:00+00:00,0.5483042816879116,0.5483042816879116,0.4590348995734983,1.0073391812614099,11.849073919722953,11.289579754735287,True,ok,,0.3,0.1,0.084
2020-12-08 10:00:00+00:00,0.5991286457459868,0.5991286457459868,0.5800814702562171,1.179210116002204,11.289579754735287,10.678223993769995,True,ok,,0.3,0.1,0.084
2020-12-08 11:00:00+00:00,-0.038245166749556046,-0.038245166749556046,2.916693754573263e-09,-0.03824516383286229,10.678223993769995,10.71570425718456,True,ok,,0.3,0.1,0.084
2020-12-08 12:00:00+00:00,-1.3706303792004575,-1.3706303792004575,1.0581044929125483e-09,-1.370630378142353,10.71570425718456,12.058922028801009,True,ok,,0.3,0.1,0.084
2020-12-08 13:00:00+00:00,-1.1216083883509402,-1.1216083883509402,2.9166611348330207e-09,-1.121608385434279,12.058922028801009,13.15809824938493,True,ok,,0.3,0.1,0.084
2020-12-08 14:00:00+00:00,0.3565872739860499,0.3565872739860499,1.6737346177039816,2.0303218916900314,13.15809824938493,12.794233684093042,True,ok,,0.3,0.1,0.084
2020-12-08 15:00:00+00:00,0.3048061001793279,0.3048061001793279,4.634353601876794,4.939159702056122,12.794233684093042,12.483207051256993,True,ok,,0.3,0.1,0.084
2020-12-08 16:00:00+00:00,3.939389053067066,3.939389053067066,9.372844722577156e-10,3.9393890540043506,12.483207051256993,8.463422303229375,True,ok,,0.4,0.18,0.084
2020-12-08 17:00:00+00:00,3.886624377450976,3.886624377450976,4.1918957194297946e-09,3.886624381642872,8.463422303229375,4.497479060932461,True,ok,,0.4,0.18,0.084
2020-12-08 18:00:00+00:00,2.968634558102196,2.968634558102196,4.191492486427251e-09,2.9686345622936883,4.497479060932461,1.4682601240934856,True,ok,,0.4,0.18,0.084
2020-12-08 19:00:00+00:00,1.438894518592552,1.438894518592552,4.190940483539407e-09,1.4388945227834924,1.4682601240934856,4.1124394289937527e-07,True,ok,,0.4,0.18,0.084
2020-12-08 20:00:00+00:00,-2.0438740305926593,-2.0438740305926593,3.4451114734251806,1.4012374428325216,4.1124394289937527e-07,2.002996961224749,True,ok,,0.2,0.07,0.084
2020-12-08 21:00:00+00:00,-1.7204086646924142,-1.7204086646924142,1.9169445809546168,0.1965359162622026,2.002996961224749,3.688997452623315,True,ok,,0.2,0.07,0.084
2020-12-08 22:00:00+00:00,-1.3888451511879203,-1.3888451511879203,1.8774927049232297,0.48864755373530955,3.688997452623315,5.050065700787477,True,ok,,0.2,0.07,0.084
2020-12-08 23:00:00+00:00,-1.4224565542260819,-1.4224565542260819,1.575771915166909,0.15331536094082718,5.050065700787477,6.444073123929037,True,ok,,0.2,0.07,0.084
2020-12-09 00:00:00+00:00,-1.2374437041986541,-1.2374437041986541,1.7609225403827318,0.5234788361840776,6.444073123929037,7.656767954043718,True,ok,,0.2,0.07,0.084
2020-12-09 01:00:00+00:00,-0.1863734440711316,-0.1863734440711316,0.2986737497369955,0.11230030566586392,7.656767954043718,7.8394139292334275,True,ok,,0.2,0.07,0.084
2020-12-09 02:00:00+00:00,-1.4101334487448132,-1.4101334487448132,4.666553976632155,3.256420527887342,7.8394139292334275,9.221344709003345,True,ok,,0.2,0.07,0.084
2020-12-09 03:00:00+00:00,-1.8707813274341467,-1.8707813274341467,3.244713050652641,1.3739317232184944,9.221344709003345,11.05471040988881,True,ok,,0.2,0.07,0.084
2020-12-09 04:00:00+00:00,-2.801315617141281,-2.801315617141281,2.9476707561318953,0.14635513899061425,11.05471040988881,13.799999714687264,True,ok,,0.2,0.07,0.084
2020-12-09 05:00:00+00:00,0.09093607776543217,0.09093607776543217,0.5187461975324748,0.6096822752979069,13.799999714687264,13.707207798600088,True,ok,,0.3,0.1,0.084
2020-12-09 06:00:00+00:00,0.04861389817258007,0.04861389817258007,1.230749960302045,1.2793638584746252,13.707207798600088,13.65760178005664,True,ok,,0.3,0.1,0.084
2020-12-09 07:00:00+00:00,0.034818765200353353,0.034818765200353353,0.4842559565042351,0.5190747217045885,13.65760178005664,13.62207242781138,True,ok,,0.3,0.1,0.084
2020-12-09 08:00:00+00:00,0.029377519215801007,0.029377519215801007,0.6972160855006873,0.7265936047164883,13.62207242781138,13.592095367387094,True,ok,,0.3,0.1,0.084
2020-12-09 09:00:00+00:00,0.025578923574524338,0.025578923574524338,0.6064908735425183,0.6320697971170426,13.592095367387094,13.56599442496411,True,ok,,0.3,0.1,0.084
2020-12-09 10:00:00+00:00,0.023833558277550154,0.023833558277550154,3.0722384014842747,3.096071959761825,13.56599442496411,13.541674467538039,True,ok,,0.3,0.1,0.084
2020-12-09 11:00:00+00:00,0.021810037212569442,0.021810037212569442,2.8702433604041855,2.892053397616755,13.541674467538039,13.519419327525213,True,ok,,0.3,0.1,0.084
2020-12-09 12:00:00+00:00,0.020262103362285,0.020262103362285,3.406174965767843,3.4264370691301282,13.519419327525213,13.498743711849412,True,ok,,0.3,0.1,0.084
2020-12-09 13:00:00+00:00,0.018956713694990496,0.018956713694990496,2.6090780030512795,2.62803471674627,13.498743711849412,13.479400126446361,True,ok,,0.3,0.1,0.084
2020-12-09 14:00:00+00:00,0.01790548854495986,0.01790548854495986,2.6616478488424224,2.6795533373873823,13.479400126446361,13.46112921976783,True,ok,,0.3,0.1,0.084
2020-12-09 15:00:00+00:00,0.017055846067598694,0.017055846067598694,4.4633586086702435,4.480414454737843,13.46112921976783,13.443725295209056,True,ok,,0.3,0.1,0.084
2020-12-09 16:00:00+00:00,4.875461910862234,4.875461910862234,4.172484580067248e-09,4.875461915034719,13.443725295209056,8.468764161676164,True,ok,,0.4,0.18,0.084
2020-12-09 17:00:00+00:00,4.300950587898452,4.300950587898452,9.345102469637823e-10,4.300950588832962,8.468764161676164,4.080039071983866,True,ok,,0.4,0.18,0.084
2020-12-09 18:00:00+00:00,2.665809059362145,2.665809059362145,4.191665681219092e-09,2.6658090635538105,4.080039071983866,1.3598257461041263,True,ok,,0.4,0.18,0.084
2020-12-09 19:00:00+00:00,1.3326288281624445,1.3326288281624445,4.191041513834648e-09,1.332628832353486,1.3598257461041263,4.112444889070588e-07,True,ok,,0.4,0.18,0.084
2020-12-09 20:00:00+00:00,-2.1486576344973254,-2.1486576344973254,3.302429157125262,1.1537715226279368,4.112444889070588e-07,2.105684893051868,True,ok,,0.2,0.07,0.084
2020-12-09 21:00:00+00:00,-1.682471211323048,-1.682471211323048,1.8323552667971175,0.14988405547406936,2.105684893051868,3.754506680148455,True,ok,,0.2,0.07,0.084
2020-12-09 22:00:00+00:00,-1.4639892648442332,-1.4639892648442332,1.6136080979569498,0.14961883311271654,3.754506680148455,5.189216159695803,True,ok,,0.2,0.07,0.084
2020-12-09 23:00:00+00:00,-1.2552181438373602,-1.2552181438373602,1.7341326421956629,0.47891449835830263,5.189216159695803,6.419329940656416,True,ok,,0.2,0.07,0.084
2020-12-10 00:00:00+00:00,-1.3663096641934083,-1.3663096641934083,1.4967357756822803,0.13042611148887218,6.419329940656416,7.758313411565956,True,ok,,0.2,0.07,0.084
2020-12-10 01:00:00+00:00,-1.2609859719253151,-1.2609859719253151,1.7758970009621557,0.5149110290368405,7.758313411565956,8.994079664052764,True,ok,,0.2,0.07,0.084
2020-12-10 02:00:00+00:00,-1.1199594013831295,-1.1199594013831295,2.861162702667178,1.7412033012840482,8.994079664052764,10.09163987740823,True,ok,,0.2,0.07,0.084
2020-12-10 03:00:00+00:00,-1.515946286932927,-1.515946286932927,2.362941339816287,0.8469950528833599,10.09163987740823,11.577267238602499,True,ok,,0.2,0.07,0.084
2020-12-10 04:00:00+00:00,-2.2680943633755493,-2.2680943633755493,3.043794916848387,0.7757005534728377,11.577267238602499,13.799999714710538,True,ok,,0.2,0.07,0.084
2020-12-10 05:00:00+00:00,0.09771317024263028,0.09771317024263028,0.053926051820328294,0.15163922206295857,13.799999714710538,13.700292398136424,True,ok,,0.3,0.1,0.084
2020-12-10 06:00:00+00:00,0.35604182458126316,0.35604182458126316,2.1882754852963466,2.5443173098776097,13.700292398136424,13.33698441386983,True,ok,,0.3,0.1,0.084
2020-12-10 07:00:00+00:00,0.18201367328836665,0.18201367328836665,0.7659009603274436,0.9479146336158103,13.33698441386983,13.151256175820476,True,ok,,0.3,0.1,0.084
2020-12-10 08:00:00+00:00,0.16743386412992597,0.16743386412992597,2.4962074991464487,2.6636413632763745,13.151256175820476,12.980405294055245,True,ok,,0.3,0.1,0.084
2020-12-10 09:00:00+00:00,0.13873552937754124,0.13873552937754124,1.7794041509080198,1.918139680285561,12.980405294055245,12.838838427343468,True,ok,,0.3,0.1,0.084
2020-12-10 10:00:00+00:00,0.11771013644027493,0.11771013644027493,1.0903531837455798,1.2080633201858546,12.838838427343468,12.71872604322074,True,ok,,0.3,0.1,0.084
2020-12-10 11:00:00+00:00,0.11200542871772773,0.11200542871772773,1.8759886567810606,1.9879940854987883,12.71872604322074,12.60443478942714,True,ok,,0.3,0.1,0.084
2020-12-10 12:00:00+00:00,0.1031465340299853,0.1031465340299853,1.5884612950064885,1.6916078290364738,12.60443478942714,12.49918322409042,True,ok,,0.3,0.1,0.084
2020-12-10 13:00:00+00:00,0.09643571390988771,0.09643571390988771,1.9065078997858453,2.002943613695733,12.49918322409042,12.400779434386452,True,ok,,0.3,0.1,0.084
2020-12-10 14:00:00+00:00,0.0931376575304679,0.0931376575304679,3.8446388791407604,3.9377765366712283,12.400779434386452,12.305741008334953,True,ok,,0.3,0.1,0.084
2020-12-10 15:00:00+00:00,0.0881490039500018,0.0881490039500018,3.500488699403871,3.5886377033538728,12.305741008334953,12.215793045120666,True,ok,,0.3,0.1,0.084
2020-12-10 16:00:00+00:00,4.6726928678223825,4.6726928678223825,4.172060918961051e-09,4.672692871994443,12.215793045120666,7.447739098363133,True,ok,,0.4,0.18,0.084
2020-12-10 17:00:00+00:00,3.4649904182095552,3.4649904182095552,4.17173895428391e-09,3.464990422381294,7.447739098363133,3.912034589986036,True,ok,,0.4,0.18,0.084
2020-12-10 18:00:00+00:00,2.825306889121548,2.825306889121548,9.316694082883714e-10,2.8253068900532172,3.912034589986036,1.029068376596701,True,ok,,0.4,0.18,0.084
2020-12-10 19:00:00+00:00,1.0084866059172772,1.0084866059172772,4.190674030013497e-09,1.0084866101079513,1.029068376596701,4.1137498962839913e-07,True,ok,,0.4,0.18,0.084
2020-12-10 20:00:00+00:00,-2.304460756316663,-2.304460756316663,3.224271924184641,0.9198111678679783,4.1137498962839913e-07,2.258371952565319,True,ok,,0.2,0.07,0.084
2020-12-10 21:00:00+00:00,-1.2837839538378457,-1.2837839538378457,4.014272892021098,2.7304889381832522,2.258371952565319,3.516480227326408,True,ok,,0.2,0.07,0.084
2020-12-10 22:00:00+00:00,-1.5429983198308754,-1.5429983198308754,1.6657593475431673,0.12276102771229196,3.516480227326408,5.028618580760666,True,ok,,0.2,0.07,0.084
2020-12-10 23:00:00+00:00,-1.4314517005878795,-1.4314517005878795,1.5793741727707893,0.14792247218290974,5.028618580760666,6.431441247336788,True,ok,,0.2,0.07,0.084
2020-12-11 00:00:00+00:00,-1.3883346666524923,-1.3883346666524923,1.586966833345438,0.19863216669294573,6.431441247336788,7.79200922065623,True,ok,,0.2,0.07,0.084
2020-12-11 01:00:00+00:00,-1.2221033218197053,-1.2221033218197053,2.0736086552883526,0.8515053334686473,7.79200922065623,8.989670476039542,True,ok,,0.2,0.07,0.084
2020-12-11 02:00:00+00:00,-1.254168910987788,-1.254168910987788,2.5010093524584645,1.2468404414706764,8.989670476039542,10.218756008807574,True,ok,,0.2,0.07,0.084
2020-12-11 03:00:00+00:00,-1.5215169085525482,-1.5215169085525482,2.7745665185659805,1.253049610013432,10.218756008807574,11.709842579189072,True,ok,,0.2,0.07,0.084
2020-12-11 04:00:00+00:00,-2.132813403603449,-2.132813403603449,5.400900062711715,3.2680866591082656,11.709842579189072,13.799999714720451,True,ok,,0.2,0.07,0.084
2020-12-11 05:00:00+00:00,0.561933016936735,0.561933016936735,0.3294335671549813,0.8913665840917163,13.799999714720451,13.226598677029905,True,ok,,0.3,0.1,0.084
2020-12-11 06:00:00+00:00,0.8877382150576419,0.8877382150576419,1.255177869112699,2.142916084170341,13.226598677029905,12.320743355542515,True,ok,,0.3,0.1,0.084
2020-12-11 07:00:00+00:00,0.5172130648341458,0.5172130648341458,0.9940740277011944,1.51128709253534,12.320743355542515,11.792974922038285,True,ok,,0.3,0.1,0.084
2020-12-11 08:00:00+00:00,0.28801925537724005,0.28801925537724005,0.44698681140849505,0.7350060667857351,11.792974922038285,11.499077722673753,True,ok,,0.3,0.1,0.084
2020-12-11 09:00:00+00:00,0.3584247320475668,0.3584247320475668,0.8513056630344735,1.2097303950820404,11.499077722673753,11.133338200176237,True,ok,,0.3,0.1,0.084
2020-12-11 10:00:00+00:00,0.264034468898672,0.264034468898672,0.5085480369987814,0.7725825058974534,11.133338200176237,10.863915272728612,True,ok,,0.3,0.1,0.084
2020-12-11 11:00:00+00:00,0.306222114546095,0.306222114546095,0.850548591733429,1.156770706279524,10.863915272728612,10.551443727273412,True,ok,,0.3,0.1,0.084
2020-12-11 12:00:00+00:00,0.28031021691301156,0.28031021691301156,0.7728217607291634,1.053131977642175,10.551443727273412,10.265412893688707,True,ok,,0.3,0.1,0.084
2020-12-11 13:00:00+00:00,0.36006443054526777,0.36006443054526777,3.806189402432677,4.166253832977945,10.265412893688707,9.898000209458841,True,ok,,0.3,0.1,0.084
2020-12-11 14:00:00+00:00,0.33617219911704077,0.33617219911704077,3.0242960409077195,3.36046824002476,9.898000209458841,9.554967353216963,True,ok,,0.3,0.1,0.084
2020-12-11 15:00:00+00:00,0.33515935889711657,0.33515935889711657,4.8406394858850295,5.175798844782146,9.554967353216963,9.212968007403578,True,ok,,0.3,0.1,0.084
2020-12-11 16:00:00+00:00,3.2280314429623633,3.2280314429623633,4.172712397831901e-09,3.2280314471350757,9.212968007403578,5.919058371727697,True,ok,,0.4,0.18,0.084
2020-12-11 17:00:00+00:00,2.580322420303126,2.580322420303126,4.172227452414745e-09,2.5803224244753533,5.919058371727697,3.2860763101938955,True,ok,,0.4,0.18,0.084
2020-12-11 18:00:00+00:00,1.8085258562625157,1.8085258562625157,4.171593293023079e-09,1.808525860434109,3.2860763101938955,1.4406417629872468,True,ok,,0.4,0.18,0.084
2020-12-11 19:00:00+00:00,1.411828521430851,1.411828521430851,4.17064205393558e-09,1.411828525601493,1.4406417629872468,4.145884191508742e-07,True,ok,,0.4,0.18,0.084
2020-12-11 20:00:00+00:00,-2.1398904691898113,-2.1398904691898113,2.9898284411526346,0.8499379719628231,4.145884191508742e-07,2.0970930743944343,True,ok,,0.2,0.07,0.084
2020-12-11 21:00:00+00:00,-1.5598130052963837,-1.5598130052963837,2.295544808051315,0.7357318027549317,2.0970930743944343,3.6257098195848902,True,ok,,0.2,0.07,0.084
2020-12-11 22:00:00+00:00,-1.3423790209799917,-1.3423790209799917,1.9630477755814701,0.6206687546014785,3.6257098195848902,4.941241260145282,True,ok,,0.2,0.07,0.084
2020-12-11 23:00:00+00:00,-1.4457592761117277,-1.4457592761117277,1.5570651647645293,0.11130588865280146,4.941241260145282,6.358085350734775,True,ok,,0.2,0.07,0.084
2020-12-12 00:00:00+00:00,-1.2418392916198109,-1.2418392916198109,1.7516016238817447,0.5097623322619338,6.358085350734775,7.57508785652219,True,ok,,0.2,0.07,0.084
2020-12-12 01:00:00+00:00,-0.5831984478645694,-0.5831984478645694,0.7047820035735606,0.12158355570899118,7.57508785652219,8.146622335429468,True,ok,,0.2,0.07,0.084
2020-12-12 02:00:00+00:00,-1.6812213222019654,-1.6812213222019654,2.1672778201678837,0.48605649796591843,8.146622335429468,9.794219231187395,True,ok,,0.2,0.07,0.084
2020-12-12 03:00:00+00:00,-1.5718380717818856,-1.5718380717818856,3.9997608209568503,2.427922749174965,9.794219231187395,11.334620541533642,True,ok,,0.2,0.07,0.084
2020-12-12 04:00:00+00:00,-2.51569333601375,-2.51569333601375,3.8081437213749982,1.2924503853612481,11.334620541533642,13.8,True,ok,,0.2,0.07,0.084
2020-12-12 05:00:00+00:00,1.4158533815155888e-07,1.4158533815155888e-07,1.9297018291137586,1.9297019706990968,13.8,13.799999855525165,True,ok,,0.3,0.1,0.084
2020-12-12 06:00:00+00:00,7.177532983485372e-08,7.177532983485372e-08,0.6842701788179614,0.6842702505932912,13.799999855525165,13.799999782285033,True,ok,,0.3,0.1,0.084
2020-12-12 07:00:00+00:00,4.330428028486266e-08,4.330428028486266e-08,1.9733390464979357,1.973339089802216,13.799999782285033,13.799999738096991,True,ok,,0.3,0.1,0.084
2020-12-12 08:00:00+00:00,2.5334420169102143e-08,2.5334420169102143e-08,1.1484487834366561,1.1484488087710762,13.799999738096991,13.799999712245542,True,ok,,0.3,0.1,0.084
2020-12-12 09:00:00+00:00,1.1422440797009232e-08,1.1422440797009232e-08,0.6002407106835289,0.6002407221059697,13.799999712245542,13.799999700589991,True,ok,,0.3,0.1,0.084
2020-12-12 10:00:00+00:00,-9.339049736927316e-10,-9.339049736927316e-10,2.2425051779616023,2.2425051770276974,13.799999700589991,13.799999701505218,True,ok,,0.3,0.1,0.084
2020-12-12 11:00:00+00:00,-1.3248140036661908e-08,-1.3248140036661908e-08,1.84626500040573,1.8462649871575898,13.799999701505218,13.799999714488395,True,ok,,0.3,0.1,0.084
2020-12-12 12:00:00+00:00,-2.707566040681886e-08,-2.707566040681886e-08,2.7868917452915283,2.786891718215868,13.799999714488395,13.799999741022543,True,ok,,0.3,0.1,0.084
2020-12-12 13:00:00+00:00,-4.483603486522658e-08,-4.483603486522658e-08,2.1129032793124574,2.1129032344764225,13.799999741022543,13.799999784961857,True,ok,,0.3,0.1,0.084
2020-12-12 14:00:00+00:00,-7.263791152438976e-08,-7.263791152438976e-08,3.6691850677159485,3.669184995078037,13.799999784961857,13.79999985614701,True,ok,,0.3,0.1,0.084
2020-12-12 15:00:00+00:00,-1.3835059539729917e-07,-1.3835059539729917e-07,5.0201882557286535,5.0201881173780585,13.79999985614701,13.799999991730594,True,ok,,0.3,0.1,0.084
2020-12-12 16:00:00+00:00,4.540089779529382,4.540089779529382,0.058407715221169276,4.598497494750552,13.799999991730594,9.167255318741429,True,ok,,0.4,0.18,0.084
2020-12-12 17:00:00+00:00,4.161577364550937,4.161577364550937,0.055505494774473085,4.21708285932541,9.167255318741429,4.9207478038935335,True,ok,,0.4,0.18,0.084
2020-12-12 18:00:00+00:00,2.8788595215139976,2.8788595215139976,0.05280064860401623,2.931660170118014,4.9207478038935335,1.9831360472465973,True,ok,,0.4,0.18,0.084
2020-12-12 19:00:00+00:00,1.9434733123279557,1.9434733123279557,0.05084757242696836,1.994320884754924,1.9831360472465973,1.4258887404139386e-08,True,ok,,0.4,0.18,0.084
2020-12-12 20:00:00+00:00,-2.1197588766405735,-2.1197588766405735,2.8538589319616308,0.7341000553210574,1.4258887404139386e-08,2.0773637133666494,True,ok,,0.2,0.07,0.084
2020-12-12 21:00:00+00:00,-1.465110998770935,-1.465110998770935,2.4094178319586734,0.9443068331877386,2.0773637133666494,3.5131724921621656,True,ok,,0.2,0.07,0.084
2020-12-12 22:00:00+00:00,-1.4539946493096936,-1.4539946493096936,1.635378205047825,0.18138355573813145,3.5131724921621656,4.938087248485665,True,ok,,0.2,0.07,0.084
2020-12-12 23:00:00+00:00,-1.3629791170518948,-1.3629791170518948,1.5251638948680315,0.16218477781613672,4.938087248485665,6.273806783196522,True,ok,,0.2,0.07,0.084
2020-12-13 00:00:00+00:00,-1.356323000265041,-1.356323000265041,1.4713897504126485,0.11506675014760752,6.273806783196522,7.603003323456262,True,ok,,0.2,0.07,0.084
2020-12-13 01:00:00+00:00,-1.344132618033857,-1.344132618033857,1.560035284798646,0.21590266676478906,7.603003323456262,8.920253289129441,True,ok,,0.2,0.07,0.084
2020-12-13 02:00:00+00:00,-1.351580098648731,-1.351580098648731,1.8297647368442984,0.4781846381955674,8.920253289129441,10.244801785805198,True,ok,,0.2,0.07,0.084
2020-12-13 03:00:00+00:00,-1.5103150018885927,-1.5103150018885927,2.5202160587849085,1.0099010568963158,10.244801785805198,11.724910487656018,True,ok,,0.2,0.07,0.084
2020-12-13 04:00:00+00:00,-2.1174382620561416,-2.1174382620561416,3.397740484376911,1.280302222320769,11.724910487656018,13.799999984471036,True,ok,,0.2,0.07,0.084
2020-12-13 05:00:00+00:00,0.5832153513010513,0.5832153513010513,0.40182617930013254,0.9850415306011838,13.799999984471036,13.204882279061799,True,ok,,0.3,0.1,0.084
2020-12-13 06:00:00+00:00,0.42998093206889915,0.42998093206889915,0.9466240404499153,1.3766049725188145,13.204882279061799,12.76612622593027,True,ok,,0.3,0.1,0.084
2020-12-13 07:00:00+00:00,0.4235867134977346,0.4235867134977346,4.323127430811628,4.746714144309363,12.76612622593027,12.333894885626458,True,ok,,0.3,0.1,0.084
2020-12-13 08:00:00+00:00,0.32973694285186617,0.32973694285186617,2.604652138443922,2.934389081295788,12.333894885626458,11.997428617410268,True,ok,,0.3,0.1,0.084
2020-12-13 09:00:00+00:00,0.28718657085653915,0.28718657085653915,2.3894148987914816,2.6766014696480207,11.997428617410268,11.704381096128085,True,ok,,0.3,0.1,0.084
2020-12-13 10:00:00+00:00,0.24378215160179834,0.24378215160179834,1.4001936178961771,1.6439757694979755,11.704381096128085,11.45562379857523,True,ok,,0.3,0.1,0.084
2020-12-13 11:00:00+00:00,0.2457644404518531,0.2457644404518531,2.9033681570930647,3.149132597544918,11.45562379857523,11.204843757297828,True,ok,,0.3,0.1,0.084
2020-12-13 12:00:00+00:00,0.23223405734609417,0.23223405734609417,2.995013998219764,3.227248055565858,11.204843757297828,10.96787022939365,True,ok,,0.3,0.1,0.084
2020-12-13 13:00:00+00:00,0.2119199343792078,0.2119199343792078,2.01356781725982,2.2254877516390277,10.96787022939365,10.75162539839446,True,ok,,0.3,0.1,0.084
2020-12-13 14:00:00+00:00,0.19459100908670718,0.19459100908670718,1.399266322967701,1.593857332054408,10.75162539839446,10.55306314422435,True,ok,,0.3,0.1,0.084
2020-12-13 15:00:00+00:00,0.19812372184697996,0.19812372184697996,2.4472913823186815,2.6454151041656613,10.55306314422435,10.350896081115186,True,ok,,0.3,0.1,0.084
2020-12-13 16:00:00+00:00,3.7597338834128817,3.7597338834128817,4.17212309145043e-09,3.759733887585005,10.350896081115186,6.514432934775511,True,ok,,0.4,0.18,0.084
2020-12-13 17:00:00+00:00,2.367789775178779,2.367789775178779,4.171711864842109e-09,2.367789779350491,6.514432934775511,4.098320919286961,True,ok,,0.4,0.18,0.084
2020-12-13 18:00:00+00:00,2.8423509335636967,2.8423509335636967,4.171013312515015e-09,2.84235093773471,4.098320919286961,1.1979628238138016,True,ok,,0.4,0.18,0.084
2020-12-13 19:00:00+00:00,1.1740031609660022,1.1740031609660022,4.170441769701938e-09,1.174003165136444,1.1979628238138016,4.146648198144476e-07,True,ok,,0.4,0.18,0.084
2020-12-13 20:00:00+00:00,-2.403622453840512,-2.403622453840512,2.631242398227524,0.22761994438701189,4.146648198144476e-07,2.3555504194285217,True,ok,,0.2,0.07,0.084
2020-12-13 21:00:00+00:00,-1.4293679919859184,-1.4293679919859184,2.8328396859387968,1.4034716939528784,2.3555504194285217,3.7563310515747217,True,ok,,0.2,0.07,0.084
2020-12-13 22:00:00+00:00,-1.3498339252036078,-1.3498339252036078,2.048772951977909,0.6989390267743013,3.7563310515747217,5.079168298274257,True,ok,,0.2,0.07,0.084
2020-12-13 23:00:00+00:00,-1.301357419913439,-1.301357419913439,1.8299367511498543,0.5285793312364152,5.079168298274257,6.354498569789428,True,ok,,0.2,0.07,0.084
2020-12-14 00:00:00+00:00,-1.3255828187130292,-1.3255828187130292,1.8200910125370546,0.4945081938240254,6.354498569789428,7.653569732128196,True,ok,,0.2,0.07,0.084
2020-12-14 01:00:00+00:00,-1.2823111591143366,-1.2823111591143366,1.8656723866717315,0.5833612275573951,7.653569732128196,8.910234668060246,True,ok,,0.2,0.07,0.084
2020-12-14 02:00:00+00:00,-1.1163892869501375,-1.1163892869501375,3.231785288930176,2.1153960019800384,8.910234668060246,10.004296169271381,True,ok,,0.2,0.07,0.084
2020-12-14 03:00:00+00:00,-1.5357169476054717,-1.5357169476054717,2.47573692339751,0.940019975792038,10.004296169271381,11.509298777924743,True,ok,,0.2,0.07,0.084
2020-12-14 04:00:00+00:00,-2.337449935492595,-2.337449935492595,2.956791489236276,0.6193415537436809,11.509298777924743,13.799999714707486,True,ok,,0.2,0.07,0.084
2020-12-14 05:00:00+00:00,0.7898044720426236,0.7898044720426236,0.3747433606662651,1.1645478327088887,13.799999714707486,12.994076784051748,True,ok,,0.3,0.1,0.084
2020-12-14 06:00:00+00:00,0.6572145710836751,0.6572145710836751,0.5617803698515663,1.2189949409352414,12.994076784051748,12.32344967070106,True,ok,,0.3,0.1,0.084
2020-12-14 07:00:00+00:00,1.1676714795634011,1.1676714795634011,1.643004467708873,2.810675947272274,12.32344967070106,11.131948160942487,True,ok,,0.3,0.1,0.084
2020-12-14 08:00:00+00:00,0.6662300782120417,0.6662300782120417,1.0727663095679008,1.7389963877799426,11.131948160942487,10.452121550522037,True,ok,,0.3,0.1,0.084
2020-12-14 09:00:00+00:00,-0.38205238663594016,-0.38205238663594016,2.9166635218125236e-09,-0.38205238371927663,10.452121550522037,10.826532889425259,True,ok,,0.3,0.1,0.084
2020-12-14 10:00:00+00:00,0.3775248300335648,0.3775248300335648,0.598809463458156,0.9763342934917207,10.826532889425259,10.441303471023662,True,ok,,0.3,0.1,0.084
2020-12-14 11:00:00+00:00,0.2986821603304517,0.2986821603304517,0.4478406775120183,0.74652283784247,10.441303471023662,10.136525756400752,True,ok,,0.3,0.1,0.084
2020-12-14 12:00:00+00:00,0.3418973337870725,0.3418973337870725,0.6224987529454744,0.9643960867325468,10.136525756400752,9.78765092600578,True,ok,,0.3,0.1,0.084
2020-12-14 13:00:00+00:00,0.33964571955504613,0.33964571955504613,0.6720134538086071,1.0116591733636533,9.78765092600578,9.441073661153691,True,ok,,0.3,0.1,0.084
2020-12-14 14:00:00+00:00,0.49534320990317016,0.49534320990317016,2.473246979427069,2.968590189330239,9.441073661153691,8.935621406150457,True,ok,,0.3,0.1,0.084
2020-12-14 15:00:00+00:00,0.47884678062990627,0.47884678062990627,2.6697744146133275,3.148621195243234,8.935621406150457,8.44700224224239,True,ok,,0.3,0.1,0.084
2020-12-14 16:00:00+00:00,2.5343483829620306,2.5343483829620306,4.1733696498624795e-09,2.5343483871354002,8.44700224224239,5.860932463709705,True,ok,,0.4,0.18,0.084
2020-12-14 17:00:00+00:00,3.2413333575854018,3.2413333575854018,4.172725720508197e-09,3.2413333617581275,5.860932463709705,2.5534494457654175,True,ok,,0.4,0.18,0.084
2020-12-14 18:00:00+00:00,1.826418084253294,1.826418084253294,4.172237000332757e-09,1.826418088425531,2.5534494457654175,0.6897575230579747,True,ok,,0.4,0.18,0.084
2020-12-14 19:00:00+00:00,0.6759619662030253,0.6759619662030253,4.171294198940245e-09,0.6759619703743195,0.6897575230579747,4.1468754063966884e-07,True,ok,,0.4,0.18,0.084
2020-12-14 20:00:00+00:00,-2.2698371389812873,-2.2698371389812873,2.709606888741915,0.4397697497606278,4.1468754063966884e-07,2.2244408108892024,True,ok,,0.2,0.07,0.084
2020-12-14 21:00:00+00:00,-1.669374157544408,-1.669374157544408,1.867625934803917,0.19825177725950885,2.2244408108892024,3.860427485282722,True,ok,,0.2,0.07,0.084
2020-12-14 22:00:00+00:00,-1.0035350170658461,-1.0035350170658461,3.784653826225445,2.7811188091595986,3.860427485282722,4.843891802007251,True,ok,,0.2,0.07,0.084
2020-12-14 23:00:00+00:00,-1.388713424877506,-1.388713424877506,1.5025289527537242,0.11381552787621829,4.843891802007251,6.204830958387207,True,ok,,0.2,0.07,0.084
2020-12-15 00:00:00+00:00,-1.3419342733022184,-1.3419342733022184,1.4940038564321014,0.152069583129883,6.204830958387207,7.519926546223381,True,ok,,0.2,0.07,0.084
2020-12-15 01:00:00+00:00,-1.3630328620681835,-1.3630328620681835,1.528575779134334,0.16554291706615043,7.519926546223381,8.855698751050202,True,ok,,0.2,0.07,0.084
2020-12-15 02:00:00+00:00,-1.0765323250777017,-1.0765323250777017,2.8872083376175652,1.8106760125398635,8.855698751050202,9.910700429626349,True,ok,,0.2,0.07,0.084
2020-12-15 03:00:00+00:00,-1.6520890024423092,-1.6520890024423092,1.8535280578056463,0.2014390553633372,9.910700429626349,11.529747652019811,True,ok,,0.2,0.07,0.084
2020-12-15 04:00:00+00:00,-2.3165837374374965,-2.3165837374374965,2.4546994878006343,0.13811575036313797,11.529747652019811,13.799999714708557,True,ok,,0.2,0.07,0.084
2020-12-15 05:00:00+00:00,0.3471756174507338,0.3471756174507338,0.18860946736906026,0.535785084819794,13.799999714708557,13.445738880575155,True,ok,,0.3,0.1,0.084
2020-12-15 06:00:00+00:00,1.235096690387905,1.235096690387905,2.212700509314357,3.447797199702262,13.445738880575155,12.185436135281375,True,ok,,0.3,0.1,0.084
2020-12-15 07:00:00+00:00,0.5620407376791534,0.5620407376791534,1.1674465270648307,1.729487264743984,12.185436135281375,11.611925178465912,True,ok,,0.3,0.1,0.084
2020-12-15 08:00:00+00:00,0.24436387737503035,0.24436387737503035,0.3365231709058934,0.5808870482809237,11.611925178465912,11.362574283185268,True,ok,,0.3,0.1,0.084
2020-12-15 09:00:00+00:00,-0.12918162286575657,-0.12918162286575657,2.916672015018662e-09,-0.12918161994908456,11.362574283185268,11.48917227359371,True,ok,,0.3,0.1,0.084
2020-12-15 10:00:00+00:00,0.35142219792446444,0.35142219792446444,1.0235291282599726,1.374951326184437,11.48917227359371,11.13057819407895,True,ok,,0.3,0.1,0.084
2020-12-15 11:00:00+00:00,0.2545786818851497,0.2545786818851497,0.5392401007307863,0.793818782615936,11.13057819407895,10.870804028890023,True,ok,,0.3,0.1,0.084
2020-12-15 12:00:00+00:00,0.3455989756948629,0.3455989756948629,1.9269718384884325,2.2725708141832954,10.870804028890023,10.518152012874856,True,ok,,0.3,0.1,0.084
2020-12-15 13:00:00+00:00,0.32648854355322043,0.32648854355322043,1.9998888408634996,2.32637738441672,10.518152012874856,10.185000437820548,True,ok,,0.3,0.1,0.084
2020-12-15 14:00:00+00:00,0.3117350863103814,0.3117350863103814,2.0620871525350983,2.3738222388454795,10.185000437820548,9.86690341097322,True,ok,,0.3,0.1,0.084
2020-12-15 15:00:00+00:00,0.31715081258012395,0.31715081258012395,3.727576844107963,4.044727656688087,9.86690341097322,9.543280132830237,True,ok,,0.3,0.1,0.084
2020-12-15 16:00:00+00:00,3.842170612239535,3.842170612239535,4.17262802088203e-09,3.842170616412163,9.543280132830237,5.622697875442956,True,ok,,0.4,0.18,0.084
2020-12-15 17:00:00+00:00,2.998353434035608,2.998353434035608,4.172227896503955e-09,2.998353438207836,5.622697875442956,2.5631535549984577,True,ok,,0.4,0.18,0.084
2020-12-15 18:00:00+00:00,1.725014832899939,1.725014832899939,4.171693657184505e-09,1.7250148370716327,2.5631535549984577,0.8029343377536218,True,ok,,0.4,0.18,0.084
2020-12-15 19:00:00+00:00,0.786875244555518,0.786875244555518,4.1706920139716885e-09,0.7868752487262101,0.8029343377536218,4.14737787002295e-07,True,ok,,0.4,0.18,0.084
2020-12-15 20:00:00+00:00,-2.2067311720789204,-2.2067311720789204,2.8427565085458153,0.6360253364668949,4.14737787002295e-07,2.1625969633751287,True,ok,,0.2,0.07,0.084
2020-12-15 21:00:00+00:00,-1.6260534612219986,-1.6260534612219986,1.8696851835742383,0.2436317223522397,2.1625969633751287,3.7561293553726873,True,ok,,0.2,0.07,0.084
2020-12-15 22:00:00+00:00,-1.4197761837657281,-1.4197761837657281,1.6394885732534186,0.21971238948769045,3.7561293553726873,5.147510015463101,True,ok,,0.2,0.07,0.084
2020-12-15 23:00:00+00:00,-1.3458921073835843,-1.3458921073835843,1.536432829674259,0.19054072229067484,5.147510015463101,6.466484280699014,True,ok,,0.2,0.07,0.084
2020-12-16 00:00:00+00:00,-1.3426501083021714,-1.3426501083021714,1.4966519692677942,0.1540018609656229,6.466484280699014,7.782281386835142,True,ok,,0.2,0.07,0.084
2020-12-16 01:00:00+00:00,-1.3207634273637976,-1.3207634273637976,1.7678995939522626,0.44713616658846495,7.782281386835142,9.076629545651663,True,ok,,0.2,0.07,0.084
2020-12-16 02:00:00+00:00,-1.0596537839486813,-1.0596537839486813,3.1084449733145982,2.048791189365917,9.076629545651663,10.115090253921371,True,ok,,0.2,0.07,0.084
2020-12-16 03:00:00+00:00,-1.706940746351798,-1.706940746351798,1.8606528852562636,0.15371213890446564,10.115090253921371,11.787892185346134,True,ok,,0.2,0.07,0.084
2020-12-16 04:00:00+00:00,-2.053170948345658,-2.053170948345658,4.437982724581028,2.3848117762353693,11.787892185346134,13.79999971472488,True,ok,,0.2,0.07,0.084
2020-12-16 05:00:00+00:00,0.12869288279266147,0.12869288279266147,0.05931072806731538,0.18800361085997686,13.79999971472488,13.668680446569104,True,ok,,0.3,0.1,0.084
2020-12-16 06:00:00+00:00,0.5579784267410166,0.5579784267410166,0.33310548877075097,0.8910839155117676,13.668680446569104,13.099314704996639,True,ok,,0.3,0.1,0.084
2020-12-16 07:00:00+00:00,0.5929199017532181,0.5929199017532181,0.6354032034999875,1.2283231052532055,13.099314704996639,12.494294397085191,True,ok,,0.3,0.1,0.084
2020-12-16 08:00:00+00:00,0.5630975257979682,0.5630975257979682,0.981856345797298,1.5449538715952662,12.494294397085191,11.919705085046449,True,ok,,0.3,0.1,0.084
2020-12-16 09:00:00+00:00,0.6061637324709791,0.6061637324709791,2.149701972670458,2.755865705141437,11.919705085046449,11.301170664157695,True,ok,,0.3,0.1,0.084
2020-12-16 10:00:00+00:00,0.4371316421830574,0.4371316421830574,1.011982753858323,1.4491143960413804,11.301170664157695,10.855117968052534,True,ok,,0.3,0.1,0.084
2020-12-16 11:00:00+00:00,0.4350916643218175,0.4350916643218175,1.8058906113674236,2.240982275689241,10.855117968052534,10.411146882009863,True,ok,,0.3,0.1,0.084
2020-12-16 12:00:00+00:00,0.3975570784107444,0.3975570784107444,1.6849107419072484,2.082467820317993,10.411146882009863,10.005476393835634,True,ok,,0.3,0.1,0.084
2020-12-16 13:00:00+00:00,0.31372491875188546,0.31372491875188546,0.8691909703333202,1.1829158890852056,10.005476393835634,9.685348925721465,True,ok,,0.3,0.1,0.084
2020-12-16 14:00:00+00:00,0.38336884998155196,0.38336884998155196,2.525035791473335,2.908404641454887,9.685348925721465,9.294156221658657,True,ok,,0.3,0.1,0.084
2020-12-16 15:00:00+00:00,0.3767378128040785,0.3767378128040785,3.010754877432556,3.3874926902366345,9.294156221658657,8.909729882062658,True,ok,,0.3,0.1,0.084
2020-12-16 16:00:00+00:00,3.6919825605878476,3.6919825605878476,9.368616993299383e-10,3.6919825615247093,8.909729882062658,5.142400738605671,True,ok,,0.4,0.18,0.084
2020-12-16 17:00:00+00:00,3.7211859960171636,3.7211859960171636,4.192219904552985e-09,3.7211860002093835,5.142400738605671,1.3452721712412186,True,ok,,0.4,0.18,0.084
2020-12-16 18:00:00+00:00,0.8445657186234019,0.8445657186234019,4.191793800956134e-09,0.8445657228151957,1.3452721712412186,0.48347041754386966,True,ok,,0.4,0.18,0.084
2020-12-16 19:00:00+00:00,0.4738006089090131,0.4738006089090131,9.312740023581512e-10,0.4738006098402871,0.48347041754386966,4.084530399461883e-07,True,ok,,0.4,0.18,0.084
2020-12-16 20:00:00+00:00,-2.1766637301226783,-2.1766637301226783,2.876756116535298,0.7000923864126196,4.084530399461883e-07,2.1331308639732645,True,ok,,0.2,0.07,0.084
2020-12-16 21:00:00+00:00,-1.6054693674974638,-1.6054693674974638,1.8561859783344463,0.25071661083698243,2.1331308639732645,3.706490844120779,True,ok,,0.2,0.07,0.084
2020-12-16 22:00:00+00:00,-1.4092352336180898,-1.4092352336180898,1.6087292613306998,0.19949402771261,3.706490844120779,5.087541373066507,True,ok,,0.2,0.07,0.084
2020-12-16 23:00:00+00:00,-1.3586487161239098,-1.3586487161239098,1.4728357438458446,0.11418702772193488,5.087541373066507,6.419017114867939,True,ok,,0.2,0.07,0.084
2020-12-17 00:00:00+00:00,-1.191770229955621,-1.191770229955621,1.694373866241615,0.5026036362859939,6.419017114867939,7.586951940224448,True,ok,,0.2,0.07,0.084
2020-12-17 01:00:00+00:00,-1.3595889713757054,-1.3595889713757054,1.4920046936663802,0.13241572229067486,7.586951940224448,8.91934913217264,True,ok,,0.2,0.07,0.084
2020-12-17 02:00:00+00:00,-1.091934545524067,-1.091934545524067,3.130991823373053,2.039057277848986,8.91934913217264,9.989444986786225,True,ok,,0.2,0.07,0.084
2020-12-17 03:00:00+00:00,-1.6128655493464104,-1.6128655493464104,1.8051298549565375,0.19226430561012722,9.989444986786225,11.570053225145706,True,ok,,0.2,0.07,0.084
2020-12-17 04:00:00+00:00,-2.2754556015972947,-2.2754556015972947,2.3981264903073165,0.12267088871002192,11.570053225145706,13.799999714711054,True,ok,,0.2,0.07,0.084
2020-12-17 05:00:00+00:00,0.49719424352003916,0.49719424352003916,0.24247314526352093,0.7396673887835601,13.799999714711054,13.292658649894689,True,ok,,0.3,0.1,0.084
2020-12-17 06:00:00+00:00,1.696842792917835,1.696842792917835,1.150716018370576,2.847558811288411,13.292658649894689,11.561186412223428,True,ok,,0.3,0.1,0.084
2020-12-17 07:00:00+00:00,1.0519916586422584,1.0519916586422584,1.1521557684680304,2.2041474271102888,11.561186412223428,10.487725536057859,True,ok,,0.3,0.1,0.084
2020-12-17 08:00:00+00:00,0.6675874971348076,0.6675874971348076,0.8525937072203659,1.5201812043551735,10.487725536057859,9.806513804287647,True,ok,,0.3,0.1,0.084
2020-12-17 09:00:00+00:00,0.33549674008554375,0.33549674008554375,0.3883018947513225,0.7237986348368662,9.806513804287647,9.464170191955459,True,ok,,0.3,0.1,0.084
2020-12-17 10:00:00+00:00,0.3326425614584409,0.3326425614584409,0.40319922164199323,0.7358417831004341,9.464170191955459,9.124739006793785,True,ok,,0.3,0.1,0.084
2020-12-17 11:00:00+00:00,0.07307824498494432,0.07307824498494432,0.07276138533173863,0.14583963031668296,9.124739006793785,9.050169369054046,True,ok,,0.3,0.1,0.084
2020-12-17 12:00:00+00:00,0.21431897316429777,0.21431897316429777,0.24152618076441884,0.4558451539287166,9.050169369054046,8.83147653929456,True,ok,,0.3,0.1,0.084
2020-12-17 13:00:00+00:00,0.31741958688561006,0.31741958688561006,0.4251703317387859,0.7425899186243959,8.83147653929456,8.507579001656183,True,ok,,0.3,0.1,0.084
2020-12-17 14:00:00+00:00,0.6694848968827108,0.6694848968827108,1.7646085568938052,2.434093453776516,8.507579001656183,7.8244311476942325,True,ok,,0.3,0.1,0.084
2020-12-17 15:00:00+00:00,0.793621941518569,0.793621941518569,3.384515974301978,4.178137915820547,7.8244311476942325,7.014612840022223,True,ok,,0.3,0.1,0.084
2020-12-17 16:00:00+00:00,2.2778213572190293,2.2778213572190293,4.174370182852272e-09,2.2778213613933995,7.014612840022223,4.690305332655866,True,ok,,0.4,0.18,0.084
2020-12-17 17:00:00+00:00,1.5817898568007742,1.5817898568007742,4.173642986771142e-09,1.5817898609744172,4.690305332655866,3.0762340502060965,True,ok,,0.4,0.18,0.084
2020-12-17 18:00:00+00:00,1.58009810972721,1.58009810972721,4.1725494170918864e-09,1.5800981138997594,3.0762340502060965,1.463889040280372,True,ok,,0.4,0.18,0.084
2020-12-17 19:00:00+00:00,1.4346108565549351,1.4346108565549351,9.291409863720901e-10,1.4346108574840761,1.463889040280372,4.111426830100129e-07,True,ok,,0.4,0.18,0.084
2020-12-17 20:00:00+00:00,-1.7711982590832984,-1.7711982590832984,4.468175732307833,2.6969774732245337,4.111426830100129e-07,1.7357747050443155,True,ok,,0.2,0.07,0.084
2020-12-17 21:00:00+00:00,-1.5432580735472199,-1.5432580735472199,1.8752026839919245,0.3319446104447046,1.7357747050443155,3.2481676171205907,True,ok,,0.2,0.07,0.084
2020-12-17 22:00:00+00:00,-1.3163109489168519,-1.3163109489168519,1.5730361154707735,0.2567251665539216,3.2481676171205907,4.538152347059105,True,ok,,0.2,0.07,0.084
2020-12-17 23:00:00+00:00,-1.2018938260505283,-1.2018938260505283,1.4765556867311085,0.2746618606805801,4.538152347059105,5.7160082965886225,True,ok,,0.2,0.07,0.084
2020-12-18 00:00:00+00:00,-1.2101318446391605,-1.2101318446391605,1.3577795944843474,0.14764774984518694,5.7160082965886225,6.901937504335,True,ok,,0.2,0.07,0.084
2020-12-18 01:00:00+00:00,-1.0046069785993408,-1.0046069785993408,1.8778468396240915,0.8732398610247508,6.901937504335,7.886452343362354,True,ok,,0.2,0.07,0.084
2020-12-18 02:00:00+00:00,-0.9756914285653162,-0.9756914285653162,2.1718186554398793,1.1961272268745629,7.886452343362354,8.842629943356364,True,ok,,0.2,0.07,0.084
2020-12-18 03:00:00+00:00,-1.201721680334174,-1.201721680334174,1.6800769849912625,0.4783553046570886,8.842629943356364,10.020317190083855,True,ok,,0.2,0.07,0.084
2020-12-18 04:00:00+00:00,-1.447309395855354,-1.447309395855354,1.6387277844657702,0.19141838861041618,10.020317190083855,11.438680398022102,True,ok,,0.2,0.07,0.084
2020-12-18 05:00:00+00:00,0.1369362404008919,0.1369362404008919,1.484122326145254e-07,0.1369363888131245,11.438680398022102,11.298949540470172,True,ok,,0.3,0.1,0.084
2020-12-18 06:00:00+00:00,2.072000933459456,2.072000933459456,1.4817411342349374e-07,2.0720010816335694,11.298949540470172,9.184662873674808,True,ok,,0.3,0.1,0.084
2020-12-18 07:00:00+00:00,1.9642200688069442,1.9642200688069442,1.4811259974045754e-07,1.964220216919544,9.184662873674808,7.180356681014661,True,ok,,0.3,0.1,0.084
2020-12-18 08:00:00+00:00,-0.31339386657047796,-0.31339386657047796,-4.596310498872214e-09,-0.31339387116678846,7.180356681014661,7.48748267025373,True,ok,,0.3,0.1,0.084
2020-12-18 09:00:00+00:00,-2.107084346999806,-2.107084346999806,-4.623572191775338e-09,-2.1070843516233784,7.48748267025373,9.55242533031354,True,ok,,0.3,0.1,0.084
2020-12-18 10:00:00+00:00,-2.2117558022220765,-2.2117558022220765,-4.629310268455811e-09,-2.2117558068513867,9.55242533031354,11.719946016491175,True,ok,,0.3,0.1,0.084
2020-12-18 11:00:00+00:00,-2.122504038364141,-2.122504038364141,-4.634991057628213e-09,-2.122504042999132,11.719946016491175,13.799999974088033,True,ok,,0.3,0.1,0.084
2020-12-18 12:00:00+00:00,1.892069497120562,1.892069497120562,0.015406957016913525,1.9074764541374756,13.799999974088033,11.869316813760928,True,ok,,0.3,0.1,0.084
2020-12-18 13:00:00+00:00,-0.23580700052992892,-0.23580700052992892,2.9165861392677073e-09,-0.23580699761334278,11.869316813760928,12.100407674280259,True,ok,,0.3,0.1,0.084
2020-12-18 14:00:00+00:00,1.0718848099519496,1.0718848099519496,0.0155355316955883,1.0874203416475379,12.100407674280259,11.006647664125207,True,ok,,0.3,0.1,0.084
2020-12-18 15:00:00+00:00,2.8087012086942127,2.8087012086942127,0.01577706837856674,2.8244782770727794,11.006647664125207,8.1406260226005,True,ok,,0.3,0.1,0.084
2020-12-18 16:00:00+00:00,2.2803441077647273,2.2803441077647273,4.175867207578676e-09,2.2803441119405945,8.1406260226005,5.813744279983432,True,ok,,0.4,0.18,0.084
2020-12-18 17:00:00+00:00,2.9108666313328655,2.9108666313328655,4.175142009898991e-09,2.9108666355080075,5.813744279983432,2.8434722071947935,True,ok,,0.4,0.18,0.084
2020-12-18 18:00:00+00:00,2.2036674754199597,2.2036674754199597,4.174588674743518e-09,2.2036674795945483,2.8434722071947935,0.5948319261540185,True,ok,,0.4,0.18,0.084
2020-12-18 19:00:00+00:00,0.5829348848428277,0.5829348848428277,9.292411284889113e-10,0.5829348857720689,0.5948319261540185,4.110082758579381e-07,True,ok,,0.4,0.18,0.084
2020-12-18 20:00:00+00:00,-0.953598142964267,-0.953598142964267,1.9928776206082326,1.0392794776439656,4.110082758579381e-07,0.9345265911132575,True,ok,,0.2,0.07,0.084
2020-12-18 21:00:00+00:00,-0.6714068534112203,-0.6714068534112203,0.9451481032533342,0.27374124984211384,0.9345265911132575,1.5925053074562534,True,ok,,0.2,0.07,0.084
2020-12-18 22:00:00+00:00,-0.543040854139938,-0.543040854139938,0.8216371313768769,0.2785962772369389,1.5925053074562534,2.1246853445133924,True,ok,,0.2,0.07,0.084
2020-12-18 23:00:00+00:00,-0.48928030029956737,-0.48928030029956737,0.7324149392633726,0.24313463896380524,2.1246853445133924,2.6041800388069682,True,ok,,0.2,0.07,0.084
2020-12-19 00:00:00+00:00,-0.4665963414930561,-0.4665963414930561,0.6531622859871978,0.1865659444941417,2.6041800388069682,3.0614444534701635,True,ok,,0.2,0.07,0.084
2020-12-19 01:00:00+00:00,-0.45210558824021563,-0.45210558824021563,0.5987812272284987,0.14667563898828304,3.0614444534701635,3.504507929945575,True,ok,,0.2,0.07,0.084
2020-12-19 02:00:00+00:00,-0.41872324029791075,-0.41872324029791075,0.6030842957886164,0.18436105549070567,3.504507929945575,3.9148567054375274,True,ok,,0.2,0.07,0.084
2020-12-19 03:00:00+00:00,-0.28125554181622775,-0.28125554181622775,2.040724351903008,1.7594688100867804,3.9148567054375274,4.19048713641743,True,ok,,0.2,0.07,0.084
2020-12-19 04:00:00+00:00,-0.26290263950514087,-0.26290263950514087,3.121226880748605,2.8583242412434644,4.19048713641743,4.448131723132469,True,ok,,0.2,0.07,0.084
2020-12-19 05:00:00+00:00,0.16149715850198632,0.16149715850198632,3.9710888249944176e-07,0.16149755561086881,4.448131723132469,4.283338704252891,True,ok,,0.3,0.1,0.084
2020-12-19 06:00:00+00:00,0.13337908979189222,0.13337908979189222,7.156643752059821e-07,0.13337980545626743,4.283338704252891,4.147237592220348,True,ok,,0.3,0.1,0.084
2020-12-19 07:00:00+00:00,2.3020643432860926,2.3020643432860926,7.154853109980763e-07,2.3020650587714035,4.147237592220348,1.7981923439692329,True,ok,,0.3,0.1,0.084
2020-12-19 08:00:00+00:00,1.7622275421376326,1.7622275421376326,7.154452943414213e-07,1.762228257582927,1.7981923439692329,9.744410363055067e-07,True,ok,,0.3,0.1,0.084
2020-12-19 09:00:00+00:00,-0.6669386432125239,-0.6669386432125239,6.328271240363392e-15,-0.6669386432125176,9.744410363055067e-07,0.6536008447893098,True,ok,,0.3,0.1,0.084
2020-12-19 10:00:00+00:00,-1.1580765427870787,-1.1580765427870787,4.440892098500626e-16,-1.1580765427870783,0.6536008447893098,1.788515856720647,True,ok,,0.3,0.1,0.084
2020-12-19 11:00:00+00:00,-2.3588136792858907,-2.3588136792858907,2.220446049250313e-15,-2.3588136792858885,1.788515856720647,4.10015326242082,True,ok,,0.3,0.1,0.084
2020-12-19 12:00:00+00:00,-2.780007249957028,-2.780007249957028,2.220446049250313e-15,-2.7800072499570256,4.10015326242082,6.824560367378707,True,ok,,0.3,0.1,0.084
2020-12-19 13:00:00+00:00,-2.252848204590263,-2.252848204590263,2.220446049250313e-15,-2.252848204590261,6.824560367378707,9.032351607877164,True,ok,,0.3,0.1,0.084
2020-12-19 14:00:00+00:00,0.518427442455329,0.518427442455329,4.020234705137682e-07,0.5184278444787995,9.032351607877164,8.503344013534992,True,ok,,0.3,0.1,0.084
2020-12-19 15:00:00+00:00,0.8264922327803353,0.8264922327803353,4.020236115120923e-07,0.8264926348039469,8.503344013534992,7.659984592330568,True,ok,,0.3,0.1,0.084
2020-12-19 16:00:00+00:00,0.2944476099408958,0.2944476099408958,1.6427081361847229e-09,0.29444761158360394,7.659984592330568,7.359527847492919,True,ok,,0.4,0.18,0.084
2020-12-19 17:00:00+00:00,5.000000041426837,5.000000041426837,1.849255136473686,6.849255177900523,7.359527847492919,2.2574869888941063,True,ok,,0.4,0.18,0.084
2020-12-19 18:00:00+00:00,1.2308736135321103,1.2308736135321103,1.642711522364948e-09,1.2308736151748219,2.2574869888941063,1.0014935056980754,True,ok,,0.4,0.18,0.084
2020-12-19 19:00:00+00:00,0.594001720142094,0.594001720142094,1.6427097460081086e-09,0.5940017217848037,1.0014935056980754,0.3953693014714489,True,ok,,0.4,0.18,0.084
2020-12-19 20:00:00+00:00,-1.71102837555526,-1.71102837555526,2.0448487654697725,0.33382038991451246,0.3953693014714489,2.0721771095156036,True,ok,,0.2,0.07,0.084
2020-12-19 21:00:00+00:00,-1.2392307286999384,-1.2392307286999384,1.512509006165971,0.27327827746603256,2.0721771095156036,3.286623223641543,True,ok,,0.2,0.07,0.084
2020-12-19 22:00:00+00:00,-1.064075786381248,-1.064075786381248,1.3486395360257397,0.2845637496444917,3.286623223641543,4.329417494295166,True,ok,,0.2,0.07,0.084
2020-12-19 23:00:00+00:00,-0.9956308592925635,-0.9956308592925635,1.242892858465198,0.24726199917263453,4.329417494295166,5.305135736401878,True,ok,,0.2,0.07,0.084
2020-12-20 00:00:00+00:00,-1.056794096847399,-1.056794096847399,1.1883738744139913,0.13157977756659223,5.305135736401878,6.340793951312329,True,ok,,0.2,0.07,0.084
2020-12-20 01:00:00+00:00,-0.8714592497362527,-0.8714592497362527,1.0842481107222206,0.21278886098596786,6.340793951312329,7.194824016053857,True,ok,,0.2,0.07,0.084
2020-12-20 02:00:00+00:00,-0.9381320766716656,-0.9381320766716656,1.2328758817172176,0.2947438050455519,7.194824016053857,8.114193451192088,True,ok,,0.2,0.07,0.084
2020-12-20 03:00:00+00:00,-0.9805259051358896,-0.9805259051358896,1.2437558219760192,0.26322991684012964,8.114193451192088,9.07510883822526,True,ok,,0.2,0.07,0.084
